district,sector,trade,priority,recommendation_type,recommendation,reason,supporting_metrics,confidence_score,data_availability
beed,,operator advance machine tool,Insufficient Data,Data Ingestion Required,Collect further supply and demand data for operator advance machine tool in beed before allocating government training resources.,Confidence rating (0.4) is below the required operational threshold (0.5).,"{'supply_score': 0.0, 'current_demand_score': 50.0, 'current_gap': 50.0, 'priority_score': 50.0, 'future_demand_score': None, 'future_gap': None, 'growth_trend': None}",0.4,"{'has_supply': True, 'has_current_demand': False, 'has_future_demand': False}"
chhatrapati sambhajinagar,,operator advance machine tool,Insufficient Data,Data Ingestion Required,Collect further supply and demand data for operator advance machine tool in chhatrapati sambhajinagar before allocating government training resources.,Confidence rating (0.4) is below the required operational threshold (0.5).,"{'supply_score': 0.0, 'current_demand_score': 50.0, 'current_gap': 50.0, 'priority_score': 50.0, 'future_demand_score': None, 'future_gap': None, 'growth_trend': None}",0.4,"{'has_supply': True, 'has_current_demand': False, 'has_future_demand': False}"
dhule,,operator advance machine tool,Insufficient Data,Data Ingestion Required,Collect further supply and demand data for operator advance machine tool in dhule before allocating government training resources.,Confidence rating (0.4) is below the required operational threshold (0.5).,"{'supply_score': 0.0, 'current_demand_score': 50.0, 'current_gap': 50.0, 'priority_score': 50.0, 'future_demand_score': None, 'future_gap': None, 'growth_trend': None}",0.4,"{'has_supply': True, 'has_current_demand': False, 'has_future_demand': False}"
jalgaon,,operator advance machine tool,Insufficient Data,Data Ingestion Required,Collect further supply and demand data for operator advance machine tool in jalgaon before allocating government training resources.,Confidence rating (0.4) is below the required operational threshold (0.5).,"{'supply_score': 0.0, 'current_demand_score': 50.0, 'current_gap': 50.0, 'priority_score': 50.0, 'future_demand_score': None, 'future_gap': None, 'growth_trend': None}",0.4,"{'has_supply': True, 'has_current_demand': False, 'has_future_demand': False}"
latur,,operator advance machine tool,Insufficient Data,Data Ingestion Required,Collect further supply and demand data for operator advance machine tool in latur before allocating government training resources.,Confidence rating (0.4) is below the required operational threshold (0.5).,"{'supply_score': 0.0, 'current_demand_score': 50.0, 'current_gap': 50.0, 'priority_score': 50.0, 'future_demand_score': None, 'future_gap': None, 'growth_trend': None}",0.4,"{'has_supply': True, 'has_current_demand': False, 'has_future_demand': False}"
pune,,operator advance machine tool,Insufficient Data,Data Ingestion Required,Collect further supply and demand data for operator advance machine tool in pune before allocating government training resources.,Confidence rating (0.4) is below the required operational threshold (0.5).,"{'supply_score': 0.0, 'current_demand_score': 50.0, 'current_gap': 50.0, 'priority_score': 50.0, 'future_demand_score': None, 'future_gap': None, 'growth_trend': None}",0.4,"{'has_supply': True, 'has_current_demand': False, 'has_future_demand': False}"
sangli,,operator advance machine tool,Insufficient Data,Data Ingestion Required,Collect further supply and demand data for operator advance machine tool in sangli before allocating government training resources.,Confidence rating (0.4) is below the required operational threshold (0.5).,"{'supply_score': 0.0, 'current_demand_score': 50.0, 'current_gap': 50.0, 'priority_score': 50.0, 'future_demand_score': None, 'future_gap': None, 'growth_trend': None}",0.4,"{'has_supply': True, 'has_current_demand': False, 'has_future_demand': False}"
wardha,,operator advance machine tool,Insufficient Data,Data Ingestion Required,Collect further supply and demand data for operator advance machine tool in wardha before allocating government training resources.,Confidence rating (0.4) is below the required operational threshold (0.5).,"{'supply_score': 0.0, 'current_demand_score': 50.0, 'current_gap': 50.0, 'priority_score': 50.0, 'future_demand_score': None, 'future_gap': None, 'growth_trend': None}",0.4,"{'has_supply': True, 'has_current_demand': False, 'has_future_demand': False}"
ahmednagar,,electrician under dual system training,Insufficient Data,Data Ingestion Required,Collect further supply and demand data for electrician under dual system training in ahmednagar before allocating government training resources.,Confidence rating (0.4) is below the required operational threshold (0.5).,"{'supply_score': 0.17, 'current_demand_score': 50.0, 'current_gap': 49.83, 'priority_score': 49.9, 'future_demand_score': None, 'future_gap': None, 'growth_trend': None}",0.4,"{'has_supply': True, 'has_current_demand': False, 'has_future_demand': False}"
ahmednagar,,electroplater,Insufficient Data,Data Ingestion Required,Collect further supply and demand data for electroplater in ahmednagar before allocating government training resources.,Confidence rating (0.4) is below the required operational threshold (0.5).,"{'supply_score': 0.17, 'current_demand_score': 50.0, 'current_gap': 49.83, 'priority_score': 49.9, 'future_demand_score': None, 'future_gap': None, 'growth_trend': None}",0.4,"{'has_supply': True, 'has_current_demand': False, 'has_future_demand': False}"
ahmednagar,,fashion design and technology,Insufficient Data,Data Ingestion Required,Collect further supply and demand data for fashion design and technology in ahmednagar before allocating government training resources.,Confidence rating (0.4) is below the required operational threshold (0.5).,"{'supply_score': 0.17, 'current_demand_score': 50.0, 'current_gap': 49.83, 'priority_score': 49.9, 'future_demand_score': None, 'future_gap': None, 'growth_trend': None}",0.4,"{'has_supply': True, 'has_current_demand': False, 'has_future_demand': False}"
ahmednagar,,fitter under dual training system,Insufficient Data,Data Ingestion Required,Collect further supply and demand data for fitter under dual training system in ahmednagar before allocating government training resources.,Confidence rating (0.4) is below the required operational threshold (0.5).,"{'supply_score': 0.17, 'current_demand_score': 50.0, 'current_gap': 49.83, 'priority_score': 49.9, 'future_demand_score': None, 'future_gap': None, 'growth_trend': None}",0.4,"{'has_supply': True, 'has_current_demand': False, 'has_future_demand': False}"
ahmednagar,,maintenance mechanic (chemical plant),Insufficient Data,Data Ingestion Required,Collect further supply and demand data for maintenance mechanic (chemical plant) in ahmednagar before allocating government training resources.,Confidence rating (0.4) is below the required operational threshold (0.5).,"{'supply_score': 0.17, 'current_demand_score': 50.0, 'current_gap': 49.83, 'priority_score': 49.9, 'future_demand_score': None, 'future_gap': None, 'growth_trend': None}",0.4,"{'has_supply': True, 'has_current_demand': False, 'has_future_demand': False}"
ahmednagar,,mechanic auto electrical and electronics,Insufficient Data,Data Ingestion Required,Collect further supply and demand data for mechanic auto electrical and electronics in ahmednagar before allocating government training resources.,Confidence rating (0.4) is below the required operational threshold (0.5).,"{'supply_score': 0.17, 'current_demand_score': 50.0, 'current_gap': 49.83, 'priority_score': 49.9, 'future_demand_score': None, 'future_gap': None, 'growth_trend': None}",0.4,"{'has_supply': True, 'has_current_demand': False, 'has_future_demand': False}"
ahmednagar,,sewing technology,Insufficient Data,Data Ingestion Required,Collect further supply and demand data for sewing technology in ahmednagar before allocating government training resources.,Confidence rating (0.4) is below the required operational threshold (0.5).,"{'supply_score': 0.17, 'current_demand_score': 50.0, 'current_gap': 49.83, 'priority_score': 49.9, 'future_demand_score': None, 'future_gap': None, 'growth_trend': None}",0.4,"{'has_supply': True, 'has_current_demand': False, 'has_future_demand': False}"
ahmednagar,,sewing technology under dual training system,Insufficient Data,Data Ingestion Required,Collect further supply and demand data for sewing technology under dual training system in ahmednagar before allocating government training resources.,Confidence rating (0.4) is below the required operational threshold (0.5).,"{'supply_score': 0.17, 'current_demand_score': 50.0, 'current_gap': 49.83, 'priority_score': 49.9, 'future_demand_score': None, 'future_gap': None, 'growth_trend': None}",0.4,"{'has_supply': True, 'has_current_demand': False, 'has_future_demand': False}"
ahmednagar,,sheet metal worker under dual system training,Insufficient Data,Data Ingestion Required,Collect further supply and demand data for sheet metal worker under dual system training in ahmednagar before allocating government training resources.,Confidence rating (0.4) is below the required operational threshold (0.5).,"{'supply_score': 0.17, 'current_demand_score': 50.0, 'current_gap': 49.83, 'priority_score': 49.9, 'future_demand_score': None, 'future_gap': None, 'growth_trend': None}",0.4,"{'has_supply': True, 'has_current_demand': False, 'has_future_demand': False}"
akola,,draughtsman mechanical,Insufficient Data,Data Ingestion Required,Collect further supply and demand data for draughtsman mechanical in akola before allocating government training resources.,Confidence rating (0.4) is below the required operational threshold (0.5).,"{'supply_score': 0.17, 'current_demand_score': 50.0, 'current_gap': 49.83, 'priority_score': 49.9, 'future_demand_score': None, 'future_gap': None, 'growth_trend': None}",0.4,"{'has_supply': True, 'has_current_demand': False, 'has_future_demand': False}"
akola,,painter general,Insufficient Data,Data Ingestion Required,Collect further supply and demand data for painter general in akola before allocating government training resources.,Confidence rating (0.4) is below the required operational threshold (0.5).,"{'supply_score': 0.17, 'current_demand_score': 50.0, 'current_gap': 49.83, 'priority_score': 49.9, 'future_demand_score': None, 'future_gap': None, 'growth_trend': None}",0.4,"{'has_supply': True, 'has_current_demand': False, 'has_future_demand': False}"
amravati,,machinist grinder,Insufficient Data,Data Ingestion Required,Collect further supply and demand data for machinist grinder in amravati before allocating government training resources.,Confidence rating (0.4) is below the required operational threshold (0.5).,"{'supply_score': 0.17, 'current_demand_score': 50.0, 'current_gap': 49.83, 'priority_score': 49.9, 'future_demand_score': None, 'future_gap': None, 'growth_trend': None}",0.4,"{'has_supply': True, 'has_current_demand': False, 'has_future_demand': False}"
beed,,draughtsman mechanical,Insufficient Data,Data Ingestion Required,Collect further supply and demand data for draughtsman mechanical in beed before allocating government training resources.,Confidence rating (0.4) is below the required operational threshold (0.5).,"{'supply_score': 0.17, 'current_demand_score': 50.0, 'current_gap': 49.83, 'priority_score': 49.9, 'future_demand_score': None, 'future_gap': None, 'growth_trend': None}",0.4,"{'has_supply': True, 'has_current_demand': False, 'has_future_demand': False}"
beed,,electrician under dual system training,Insufficient Data,Data Ingestion Required,Collect further supply and demand data for electrician under dual system training in beed before allocating government training resources.,Confidence rating (0.4) is below the required operational threshold (0.5).,"{'supply_score': 0.17, 'current_demand_score': 50.0, 'current_gap': 49.83, 'priority_score': 49.9, 'future_demand_score': None, 'future_gap': None, 'growth_trend': None}",0.4,"{'has_supply': True, 'has_current_demand': False, 'has_future_demand': False}"
beed,,machinist,Insufficient Data,Data Ingestion Required,Collect further supply and demand data for machinist in beed before allocating government training resources.,Confidence rating (0.4) is below the required operational threshold (0.5).,"{'supply_score': 0.17, 'current_demand_score': 50.0, 'current_gap': 49.83, 'priority_score': 49.9, 'future_demand_score': None, 'future_gap': None, 'growth_trend': None}",0.4,"{'has_supply': True, 'has_current_demand': False, 'has_future_demand': False}"
beed,,machinist under dual training system,Insufficient Data,Data Ingestion Required,Collect further supply and demand data for machinist under dual training system in beed before allocating government training resources.,Confidence rating (0.4) is below the required operational threshold (0.5).,"{'supply_score': 0.17, 'current_demand_score': 50.0, 'current_gap': 49.83, 'priority_score': 49.9, 'future_demand_score': None, 'future_gap': None, 'growth_trend': None}",0.4,"{'has_supply': True, 'has_current_demand': False, 'has_future_demand': False}"
beed,,painter general,Insufficient Data,Data Ingestion Required,Collect further supply and demand data for painter general in beed before allocating government training resources.,Confidence rating (0.4) is below the required operational threshold (0.5).,"{'supply_score': 0.17, 'current_demand_score': 50.0, 'current_gap': 49.83, 'priority_score': 49.9, 'future_demand_score': None, 'future_gap': None, 'growth_trend': None}",0.4,"{'has_supply': True, 'has_current_demand': False, 'has_future_demand': False}"
beed,,sheet metal worker under dual system training,Insufficient Data,Data Ingestion Required,Collect further supply and demand data for sheet metal worker under dual system training in beed before allocating government training resources.,Confidence rating (0.4) is below the required operational threshold (0.5).,"{'supply_score': 0.17, 'current_demand_score': 50.0, 'current_gap': 49.83, 'priority_score': 49.9, 'future_demand_score': None, 'future_gap': None, 'growth_trend': None}",0.4,"{'has_supply': True, 'has_current_demand': False, 'has_future_demand': False}"
beed,,welder under dual system training,Insufficient Data,Data Ingestion Required,Collect further supply and demand data for welder under dual system training in beed before allocating government training resources.,Confidence rating (0.4) is below the required operational threshold (0.5).,"{'supply_score': 0.17, 'current_demand_score': 50.0, 'current_gap': 49.83, 'priority_score': 49.9, 'future_demand_score': None, 'future_gap': None, 'growth_trend': None}",0.4,"{'has_supply': True, 'has_current_demand': False, 'has_future_demand': False}"
beed,,wireman under dual training system,Insufficient Data,Data Ingestion Required,Collect further supply and demand data for wireman under dual training system in beed before allocating government training resources.,Confidence rating (0.4) is below the required operational threshold (0.5).,"{'supply_score': 0.17, 'current_demand_score': 50.0, 'current_gap': 49.83, 'priority_score': 49.9, 'future_demand_score': None, 'future_gap': None, 'growth_trend': None}",0.4,"{'has_supply': True, 'has_current_demand': False, 'has_future_demand': False}"
bhandara,,fashion design and technology,Insufficient Data,Data Ingestion Required,Collect further supply and demand data for fashion design and technology in bhandara before allocating government training resources.,Confidence rating (0.4) is below the required operational threshold (0.5).,"{'supply_score': 0.17, 'current_demand_score': 50.0, 'current_gap': 49.83, 'priority_score': 49.9, 'future_demand_score': None, 'future_gap': None, 'growth_trend': None}",0.4,"{'has_supply': True, 'has_current_demand': False, 'has_future_demand': False}"
bhandara,,fitter under dual training system,Insufficient Data,Data Ingestion Required,Collect further supply and demand data for fitter under dual training system in bhandara before allocating government training resources.,Confidence rating (0.4) is below the required operational threshold (0.5).,"{'supply_score': 0.17, 'current_demand_score': 50.0, 'current_gap': 49.83, 'priority_score': 49.9, 'future_demand_score': None, 'future_gap': None, 'growth_trend': None}",0.4,"{'has_supply': True, 'has_current_demand': False, 'has_future_demand': False}"
bhandara,,painter general,Insufficient Data,Data Ingestion Required,Collect further supply and demand data for painter general in bhandara before allocating government training resources.,Confidence rating (0.4) is below the required operational threshold (0.5).,"{'supply_score': 0.17, 'current_demand_score': 50.0, 'current_gap': 49.83, 'priority_score': 49.9, 'future_demand_score': None, 'future_gap': None, 'growth_trend': None}",0.4,"{'has_supply': True, 'has_current_demand': False, 'has_future_demand': False}"
bhandara,,plastic processing operator,Insufficient Data,Data Ingestion Required,Collect further supply and demand data for plastic processing operator in bhandara before allocating government training resources.,Confidence rating (0.4) is below the required operational threshold (0.5).,"{'supply_score': 0.17, 'current_demand_score': 50.0, 'current_gap': 49.83, 'priority_score': 49.9, 'future_demand_score': None, 'future_gap': None, 'growth_trend': None}",0.4,"{'has_supply': True, 'has_current_demand': False, 'has_future_demand': False}"
bhandara,,pump operator cum mechanic,Insufficient Data,Data Ingestion Required,Collect further supply and demand data for pump operator cum mechanic in bhandara before allocating government training resources.,Confidence rating (0.4) is below the required operational threshold (0.5).,"{'supply_score': 0.17, 'current_demand_score': 50.0, 'current_gap': 49.83, 'priority_score': 49.9, 'future_demand_score': None, 'future_gap': None, 'growth_trend': None}",0.4,"{'has_supply': True, 'has_current_demand': False, 'has_future_demand': False}"
bhandara,,solar technician (electrical),Insufficient Data,Data Ingestion Required,Collect further supply and demand data for solar technician (electrical) in bhandara before allocating government training resources.,Confidence rating (0.4) is below the required operational threshold (0.5).,"{'supply_score': 0.17, 'current_demand_score': 50.0, 'current_gap': 49.83, 'priority_score': 49.9, 'future_demand_score': None, 'future_gap': None, 'growth_trend': None}",0.4,"{'has_supply': True, 'has_current_demand': False, 'has_future_demand': False}"
bhandara,,welder under dual system training,Insufficient Data,Data Ingestion Required,Collect further supply and demand data for welder under dual system training in bhandara before allocating government training resources.,Confidence rating (0.4) is below the required operational threshold (0.5).,"{'supply_score': 0.17, 'current_demand_score': 50.0, 'current_gap': 49.83, 'priority_score': 49.9, 'future_demand_score': None, 'future_gap': None, 'growth_trend': None}",0.4,"{'has_supply': True, 'has_current_demand': False, 'has_future_demand': False}"
buldhana,,draughtsman mechanical,Insufficient Data,Data Ingestion Required,Collect further supply and demand data for draughtsman mechanical in buldhana before allocating government training resources.,Confidence rating (0.4) is below the required operational threshold (0.5).,"{'supply_score': 0.17, 'current_demand_score': 50.0, 'current_gap': 49.83, 'priority_score': 49.9, 'future_demand_score': None, 'future_gap': None, 'growth_trend': None}",0.4,"{'has_supply': True, 'has_current_demand': False, 'has_future_demand': False}"
buldhana,,fashion design and technology,Insufficient Data,Data Ingestion Required,Collect further supply and demand data for fashion design and technology in buldhana before allocating government training resources.,Confidence rating (0.4) is below the required operational threshold (0.5).,"{'supply_score': 0.17, 'current_demand_score': 50.0, 'current_gap': 49.83, 'priority_score': 49.9, 'future_demand_score': None, 'future_gap': None, 'growth_trend': None}",0.4,"{'has_supply': True, 'has_current_demand': False, 'has_future_demand': False}"
buldhana,,welder (gmaw and gtaw),Insufficient Data,Data Ingestion Required,Collect further supply and demand data for welder (gmaw and gtaw) in buldhana before allocating government training resources.,Confidence rating (0.4) is below the required operational threshold (0.5).,"{'supply_score': 0.17, 'current_demand_score': 50.0, 'current_gap': 49.83, 'priority_score': 49.9, 'future_demand_score': None, 'future_gap': None, 'growth_trend': None}",0.4,"{'has_supply': True, 'has_current_demand': False, 'has_future_demand': False}"
buldhana,,welder under dual system training,Insufficient Data,Data Ingestion Required,Collect further supply and demand data for welder under dual system training in buldhana before allocating government training resources.,Confidence rating (0.4) is below the required operational threshold (0.5).,"{'supply_score': 0.17, 'current_demand_score': 50.0, 'current_gap': 49.83, 'priority_score': 49.9, 'future_demand_score': None, 'future_gap': None, 'growth_trend': None}",0.4,"{'has_supply': True, 'has_current_demand': False, 'has_future_demand': False}"
chandrapur,,mechanic auto electrical and electronics under dual training system,Insufficient Data,Data Ingestion Required,Collect further supply and demand data for mechanic auto electrical and electronics under dual training system in chandrapur before allocating government training resources.,Confidence rating (0.4) is below the required operational threshold (0.5).,"{'supply_score': 0.17, 'current_demand_score': 50.0, 'current_gap': 49.83, 'priority_score': 49.9, 'future_demand_score': None, 'future_gap': None, 'growth_trend': None}",0.4,"{'has_supply': True, 'has_current_demand': False, 'has_future_demand': False}"
chandrapur,,sheet metal worker,Insufficient Data,Data Ingestion Required,Collect further supply and demand data for sheet metal worker in chandrapur before allocating government training resources.,Confidence rating (0.4) is below the required operational threshold (0.5).,"{'supply_score': 0.17, 'current_demand_score': 50.0, 'current_gap': 49.83, 'priority_score': 49.9, 'future_demand_score': None, 'future_gap': None, 'growth_trend': None}",0.4,"{'has_supply': True, 'has_current_demand': False, 'has_future_demand': False}"
chhatrapati sambhajinagar,,draughtsman mechanical,Insufficient Data,Data Ingestion Required,Collect further supply and demand data for draughtsman mechanical in chhatrapati sambhajinagar before allocating government training resources.,Confidence rating (0.4) is below the required operational threshold (0.5).,"{'supply_score': 0.17, 'current_demand_score': 50.0, 'current_gap': 49.83, 'priority_score': 49.9, 'future_demand_score': None, 'future_gap': None, 'growth_trend': None}",0.4,"{'has_supply': True, 'has_current_demand': False, 'has_future_demand': False}"
chhatrapati sambhajinagar,,draughtsman mechanical under dual system training,Insufficient Data,Data Ingestion Required,Collect further supply and demand data for draughtsman mechanical under dual system training in chhatrapati sambhajinagar before allocating government training resources.,Confidence rating (0.4) is below the required operational threshold (0.5).,"{'supply_score': 0.17, 'current_demand_score': 50.0, 'current_gap': 49.83, 'priority_score': 49.9, 'future_demand_score': None, 'future_gap': None, 'growth_trend': None}",0.4,"{'has_supply': True, 'has_current_demand': False, 'has_future_demand': False}"
chhatrapati sambhajinagar,,electrician under dual system training,Insufficient Data,Data Ingestion Required,Collect further supply and demand data for electrician under dual system training in chhatrapati sambhajinagar before allocating government training resources.,Confidence rating (0.4) is below the required operational threshold (0.5).,"{'supply_score': 0.17, 'current_demand_score': 50.0, 'current_gap': 49.83, 'priority_score': 49.9, 'future_demand_score': None, 'future_gap': None, 'growth_trend': None}",0.4,"{'has_supply': True, 'has_current_demand': False, 'has_future_demand': False}"
chhatrapati sambhajinagar,,mechanic tractor,Insufficient Data,Data Ingestion Required,Collect further supply and demand data for mechanic tractor in chhatrapati sambhajinagar before allocating government training resources.,Confidence rating (0.4) is below the required operational threshold (0.5).,"{'supply_score': 0.17, 'current_demand_score': 50.0, 'current_gap': 49.83, 'priority_score': 49.9, 'future_demand_score': None, 'future_gap': None, 'growth_trend': None}",0.4,"{'has_supply': True, 'has_current_demand': False, 'has_future_demand': False}"
chhatrapati sambhajinagar,,painter general,Insufficient Data,Data Ingestion Required,Collect further supply and demand data for painter general in chhatrapati sambhajinagar before allocating government training resources.,Confidence rating (0.4) is below the required operational threshold (0.5).,"{'supply_score': 0.17, 'current_demand_score': 50.0, 'current_gap': 49.83, 'priority_score': 49.9, 'future_demand_score': None, 'future_gap': None, 'growth_trend': None}",0.4,"{'has_supply': True, 'has_current_demand': False, 'has_future_demand': False}"
chhatrapati sambhajinagar,,sewing technology,Insufficient Data,Data Ingestion Required,Collect further supply and demand data for sewing technology in chhatrapati sambhajinagar before allocating government training resources.,Confidence rating (0.4) is below the required operational threshold (0.5).,"{'supply_score': 0.17, 'current_demand_score': 50.0, 'current_gap': 49.83, 'priority_score': 49.9, 'future_demand_score': None, 'future_gap': None, 'growth_trend': None}",0.4,"{'has_supply': True, 'has_current_demand': False, 'has_future_demand': False}"
chhatrapati sambhajinagar,,turner under dual training system,Insufficient Data,Data Ingestion Required,Collect further supply and demand data for turner under dual training system in chhatrapati sambhajinagar before allocating government training resources.,Confidence rating (0.4) is below the required operational threshold (0.5).,"{'supply_score': 0.17, 'current_demand_score': 50.0, 'current_gap': 49.83, 'priority_score': 49.9, 'future_demand_score': None, 'future_gap': None, 'growth_trend': None}",0.4,"{'has_supply': True, 'has_current_demand': False, 'has_future_demand': False}"
chhatrapati sambhajinagar,,welder (gmaw and gtaw),Insufficient Data,Data Ingestion Required,Collect further supply and demand data for welder (gmaw and gtaw) in chhatrapati sambhajinagar before allocating government training resources.,Confidence rating (0.4) is below the required operational threshold (0.5).,"{'supply_score': 0.17, 'current_demand_score': 50.0, 'current_gap': 49.83, 'priority_score': 49.9, 'future_demand_score': None, 'future_gap': None, 'growth_trend': None}",0.4,"{'has_supply': True, 'has_current_demand': False, 'has_future_demand': False}"
chhatrapati sambhajinagar,,welder (gmaw and gtaw) under dual system training,Insufficient Data,Data Ingestion Required,Collect further supply and demand data for welder (gmaw and gtaw) under dual system training in chhatrapati sambhajinagar before allocating government training resources.,Confidence rating (0.4) is below the required operational threshold (0.5).,"{'supply_score': 0.17, 'current_demand_score': 50.0, 'current_gap': 49.83, 'priority_score': 49.9, 'future_demand_score': None, 'future_gap': None, 'growth_trend': None}",0.4,"{'has_supply': True, 'has_current_demand': False, 'has_future_demand': False}"
chhatrapati sambhajinagar,,wireman under dual training system,Insufficient Data,Data Ingestion Required,Collect further supply and demand data for wireman under dual training system in chhatrapati sambhajinagar before allocating government training resources.,Confidence rating (0.4) is below the required operational threshold (0.5).,"{'supply_score': 0.17, 'current_demand_score': 50.0, 'current_gap': 49.83, 'priority_score': 49.9, 'future_demand_score': None, 'future_gap': None, 'growth_trend': None}",0.4,"{'has_supply': True, 'has_current_demand': False, 'has_future_demand': False}"
dharashiv,,fashion design and technology,Insufficient Data,Data Ingestion Required,Collect further supply and demand data for fashion design and technology in dharashiv before allocating government training resources.,Confidence rating (0.4) is below the required operational threshold (0.5).,"{'supply_score': 0.17, 'current_demand_score': 50.0, 'current_gap': 49.83, 'priority_score': 49.9, 'future_demand_score': None, 'future_gap': None, 'growth_trend': None}",0.4,"{'has_supply': True, 'has_current_demand': False, 'has_future_demand': False}"
dharashiv,,machinist,Insufficient Data,Data Ingestion Required,Collect further supply and demand data for machinist in dharashiv before allocating government training resources.,Confidence rating (0.4) is below the required operational threshold (0.5).,"{'supply_score': 0.17, 'current_demand_score': 50.0, 'current_gap': 49.83, 'priority_score': 49.9, 'future_demand_score': None, 'future_gap': None, 'growth_trend': None}",0.4,"{'has_supply': True, 'has_current_demand': False, 'has_future_demand': False}"
dharashiv,,pump operator cum mechanic,Insufficient Data,Data Ingestion Required,Collect further supply and demand data for pump operator cum mechanic in dharashiv before allocating government training resources.,Confidence rating (0.4) is below the required operational threshold (0.5).,"{'supply_score': 0.17, 'current_demand_score': 50.0, 'current_gap': 49.83, 'priority_score': 49.9, 'future_demand_score': None, 'future_gap': None, 'growth_trend': None}",0.4,"{'has_supply': True, 'has_current_demand': False, 'has_future_demand': False}"
dharashiv,,sheet metal worker under dual system training,Insufficient Data,Data Ingestion Required,Collect further supply and demand data for sheet metal worker under dual system training in dharashiv before allocating government training resources.,Confidence rating (0.4) is below the required operational threshold (0.5).,"{'supply_score': 0.17, 'current_demand_score': 50.0, 'current_gap': 49.83, 'priority_score': 49.9, 'future_demand_score': None, 'future_gap': None, 'growth_trend': None}",0.4,"{'has_supply': True, 'has_current_demand': False, 'has_future_demand': False}"
dharashiv,,turner,Insufficient Data,Data Ingestion Required,Collect further supply and demand data for turner in dharashiv before allocating government training resources.,Confidence rating (0.4) is below the required operational threshold (0.5).,"{'supply_score': 0.17, 'current_demand_score': 50.0, 'current_gap': 49.83, 'priority_score': 49.9, 'future_demand_score': None, 'future_gap': None, 'growth_trend': None}",0.4,"{'has_supply': True, 'has_current_demand': False, 'has_future_demand': False}"
dharashiv,,welder under dual system training,Insufficient Data,Data Ingestion Required,Collect further supply and demand data for welder under dual system training in dharashiv before allocating government training resources.,Confidence rating (0.4) is below the required operational threshold (0.5).,"{'supply_score': 0.17, 'current_demand_score': 50.0, 'current_gap': 49.83, 'priority_score': 49.9, 'future_demand_score': None, 'future_gap': None, 'growth_trend': None}",0.4,"{'has_supply': True, 'has_current_demand': False, 'has_future_demand': False}"
dharashiv,,wireman under dual training system,Insufficient Data,Data Ingestion Required,Collect further supply and demand data for wireman under dual training system in dharashiv before allocating government training resources.,Confidence rating (0.4) is below the required operational threshold (0.5).,"{'supply_score': 0.17, 'current_demand_score': 50.0, 'current_gap': 49.83, 'priority_score': 49.9, 'future_demand_score': None, 'future_gap': None, 'growth_trend': None}",0.4,"{'has_supply': True, 'has_current_demand': False, 'has_future_demand': False}"
dhule,,draughtsman mechanical,Insufficient Data,Data Ingestion Required,Collect further supply and demand data for draughtsman mechanical in dhule before allocating government training resources.,Confidence rating (0.4) is below the required operational threshold (0.5).,"{'supply_score': 0.17, 'current_demand_score': 50.0, 'current_gap': 49.83, 'priority_score': 49.9, 'future_demand_score': None, 'future_gap': None, 'growth_trend': None}",0.4,"{'has_supply': True, 'has_current_demand': False, 'has_future_demand': False}"
gadchiroli,,machinist,Insufficient Data,Data Ingestion Required,Collect further supply and demand data for machinist in gadchiroli before allocating government training resources.,Confidence rating (0.4) is below the required operational threshold (0.5).,"{'supply_score': 0.17, 'current_demand_score': 50.0, 'current_gap': 49.83, 'priority_score': 49.9, 'future_demand_score': None, 'future_gap': None, 'growth_trend': None}",0.4,"{'has_supply': True, 'has_current_demand': False, 'has_future_demand': False}"
gadchiroli,,machinist grinder,Insufficient Data,Data Ingestion Required,Collect further supply and demand data for machinist grinder in gadchiroli before allocating government training resources.,Confidence rating (0.4) is below the required operational threshold (0.5).,"{'supply_score': 0.17, 'current_demand_score': 50.0, 'current_gap': 49.83, 'priority_score': 49.9, 'future_demand_score': None, 'future_gap': None, 'growth_trend': None}",0.4,"{'has_supply': True, 'has_current_demand': False, 'has_future_demand': False}"
gadchiroli,,mechanic auto electrical and electronics,Insufficient Data,Data Ingestion Required,Collect further supply and demand data for mechanic auto electrical and electronics in gadchiroli before allocating government training resources.,Confidence rating (0.4) is below the required operational threshold (0.5).,"{'supply_score': 0.17, 'current_demand_score': 50.0, 'current_gap': 49.83, 'priority_score': 49.9, 'future_demand_score': None, 'future_gap': None, 'growth_trend': None}",0.4,"{'has_supply': True, 'has_current_demand': False, 'has_future_demand': False}"
gadchiroli,,painter general,Insufficient Data,Data Ingestion Required,Collect further supply and demand data for painter general in gadchiroli before allocating government training resources.,Confidence rating (0.4) is below the required operational threshold (0.5).,"{'supply_score': 0.17, 'current_demand_score': 50.0, 'current_gap': 49.83, 'priority_score': 49.9, 'future_demand_score': None, 'future_gap': None, 'growth_trend': None}",0.4,"{'has_supply': True, 'has_current_demand': False, 'has_future_demand': False}"
gadchiroli,,sheet metal worker,Insufficient Data,Data Ingestion Required,Collect further supply and demand data for sheet metal worker in gadchiroli before allocating government training resources.,Confidence rating (0.4) is below the required operational threshold (0.5).,"{'supply_score': 0.17, 'current_demand_score': 50.0, 'current_gap': 49.83, 'priority_score': 49.9, 'future_demand_score': None, 'future_gap': None, 'growth_trend': None}",0.4,"{'has_supply': True, 'has_current_demand': False, 'has_future_demand': False}"
gadchiroli,,turner,Insufficient Data,Data Ingestion Required,Collect further supply and demand data for turner in gadchiroli before allocating government training resources.,Confidence rating (0.4) is below the required operational threshold (0.5).,"{'supply_score': 0.17, 'current_demand_score': 50.0, 'current_gap': 49.83, 'priority_score': 49.9, 'future_demand_score': None, 'future_gap': None, 'growth_trend': None}",0.4,"{'has_supply': True, 'has_current_demand': False, 'has_future_demand': False}"
gondia,,draughtsman mechanical,Insufficient Data,Data Ingestion Required,Collect further supply and demand data for draughtsman mechanical in gondia before allocating government training resources.,Confidence rating (0.4) is below the required operational threshold (0.5).,"{'supply_score': 0.17, 'current_demand_score': 50.0, 'current_gap': 49.83, 'priority_score': 49.9, 'future_demand_score': None, 'future_gap': None, 'growth_trend': None}",0.4,"{'has_supply': True, 'has_current_demand': False, 'has_future_demand': False}"
gondia,,fashion design and technology,Insufficient Data,Data Ingestion Required,Collect further supply and demand data for fashion design and technology in gondia before allocating government training resources.,Confidence rating (0.4) is below the required operational threshold (0.5).,"{'supply_score': 0.17, 'current_demand_score': 50.0, 'current_gap': 49.83, 'priority_score': 49.9, 'future_demand_score': None, 'future_gap': None, 'growth_trend': None}",0.4,"{'has_supply': True, 'has_current_demand': False, 'has_future_demand': False}"
gondia,,painter general,Insufficient Data,Data Ingestion Required,Collect further supply and demand data for painter general in gondia before allocating government training resources.,Confidence rating (0.4) is below the required operational threshold (0.5).,"{'supply_score': 0.17, 'current_demand_score': 50.0, 'current_gap': 49.83, 'priority_score': 49.9, 'future_demand_score': None, 'future_gap': None, 'growth_trend': None}",0.4,"{'has_supply': True, 'has_current_demand': False, 'has_future_demand': False}"
hingoli,,fashion design and technology,Insufficient Data,Data Ingestion Required,Collect further supply and demand data for fashion design and technology in hingoli before allocating government training resources.,Confidence rating (0.4) is below the required operational threshold (0.5).,"{'supply_score': 0.17, 'current_demand_score': 50.0, 'current_gap': 49.83, 'priority_score': 49.9, 'future_demand_score': None, 'future_gap': None, 'growth_trend': None}",0.4,"{'has_supply': True, 'has_current_demand': False, 'has_future_demand': False}"
jalgaon,,fashion design and technology,Insufficient Data,Data Ingestion Required,Collect further supply and demand data for fashion design and technology in jalgaon before allocating government training resources.,Confidence rating (0.4) is below the required operational threshold (0.5).,"{'supply_score': 0.17, 'current_demand_score': 50.0, 'current_gap': 49.83, 'priority_score': 49.9, 'future_demand_score': None, 'future_gap': None, 'growth_trend': None}",0.4,"{'has_supply': True, 'has_current_demand': False, 'has_future_demand': False}"
jalna,,electrician under dual system training,Insufficient Data,Data Ingestion Required,Collect further supply and demand data for electrician under dual system training in jalna before allocating government training resources.,Confidence rating (0.4) is below the required operational threshold (0.5).,"{'supply_score': 0.17, 'current_demand_score': 50.0, 'current_gap': 49.83, 'priority_score': 49.9, 'future_demand_score': None, 'future_gap': None, 'growth_trend': None}",0.4,"{'has_supply': True, 'has_current_demand': False, 'has_future_demand': False}"
jalna,,fashion design and technology,Insufficient Data,Data Ingestion Required,Collect further supply and demand data for fashion design and technology in jalna before allocating government training resources.,Confidence rating (0.4) is below the required operational threshold (0.5).,"{'supply_score': 0.17, 'current_demand_score': 50.0, 'current_gap': 49.83, 'priority_score': 49.9, 'future_demand_score': None, 'future_gap': None, 'growth_trend': None}",0.4,"{'has_supply': True, 'has_current_demand': False, 'has_future_demand': False}"
jalna,,machinist under dual training system,Insufficient Data,Data Ingestion Required,Collect further supply and demand data for machinist under dual training system in jalna before allocating government training resources.,Confidence rating (0.4) is below the required operational threshold (0.5).,"{'supply_score': 0.17, 'current_demand_score': 50.0, 'current_gap': 49.83, 'priority_score': 49.9, 'future_demand_score': None, 'future_gap': None, 'growth_trend': None}",0.4,"{'has_supply': True, 'has_current_demand': False, 'has_future_demand': False}"
jalna,,pump operator cum mechanic,Insufficient Data,Data Ingestion Required,Collect further supply and demand data for pump operator cum mechanic in jalna before allocating government training resources.,Confidence rating (0.4) is below the required operational threshold (0.5).,"{'supply_score': 0.17, 'current_demand_score': 50.0, 'current_gap': 49.83, 'priority_score': 49.9, 'future_demand_score': None, 'future_gap': None, 'growth_trend': None}",0.4,"{'has_supply': True, 'has_current_demand': False, 'has_future_demand': False}"
jalna,,solar technician (electrical),Insufficient Data,Data Ingestion Required,Collect further supply and demand data for solar technician (electrical) in jalna before allocating government training resources.,Confidence rating (0.4) is below the required operational threshold (0.5).,"{'supply_score': 0.17, 'current_demand_score': 50.0, 'current_gap': 49.83, 'priority_score': 49.9, 'future_demand_score': None, 'future_gap': None, 'growth_trend': None}",0.4,"{'has_supply': True, 'has_current_demand': False, 'has_future_demand': False}"
jalna,,turner,Insufficient Data,Data Ingestion Required,Collect further supply and demand data for turner in jalna before allocating government training resources.,Confidence rating (0.4) is below the required operational threshold (0.5).,"{'supply_score': 0.17, 'current_demand_score': 50.0, 'current_gap': 49.83, 'priority_score': 49.9, 'future_demand_score': None, 'future_gap': None, 'growth_trend': None}",0.4,"{'has_supply': True, 'has_current_demand': False, 'has_future_demand': False}"
jalna,,welder under dual system training,Insufficient Data,Data Ingestion Required,Collect further supply and demand data for welder under dual system training in jalna before allocating government training resources.,Confidence rating (0.4) is below the required operational threshold (0.5).,"{'supply_score': 0.17, 'current_demand_score': 50.0, 'current_gap': 49.83, 'priority_score': 49.9, 'future_demand_score': None, 'future_gap': None, 'growth_trend': None}",0.4,"{'has_supply': True, 'has_current_demand': False, 'has_future_demand': False}"
jalna,,wireman under dual training system,Insufficient Data,Data Ingestion Required,Collect further supply and demand data for wireman under dual training system in jalna before allocating government training resources.,Confidence rating (0.4) is below the required operational threshold (0.5).,"{'supply_score': 0.17, 'current_demand_score': 50.0, 'current_gap': 49.83, 'priority_score': 49.9, 'future_demand_score': None, 'future_gap': None, 'growth_trend': None}",0.4,"{'has_supply': True, 'has_current_demand': False, 'has_future_demand': False}"
kolhapur,,electroplater,Insufficient Data,Data Ingestion Required,Collect further supply and demand data for electroplater in kolhapur before allocating government training resources.,Confidence rating (0.4) is below the required operational threshold (0.5).,"{'supply_score': 0.17, 'current_demand_score': 50.0, 'current_gap': 49.83, 'priority_score': 49.9, 'future_demand_score': None, 'future_gap': None, 'growth_trend': None}",0.4,"{'has_supply': True, 'has_current_demand': False, 'has_future_demand': False}"
kolhapur,,surface ornamentation techniques (embroidery),Insufficient Data,Data Ingestion Required,Collect further supply and demand data for surface ornamentation techniques (embroidery) in kolhapur before allocating government training resources.,Confidence rating (0.4) is below the required operational threshold (0.5).,"{'supply_score': 0.17, 'current_demand_score': 50.0, 'current_gap': 49.83, 'priority_score': 49.9, 'future_demand_score': None, 'future_gap': None, 'growth_trend': None}",0.4,"{'has_supply': True, 'has_current_demand': False, 'has_future_demand': False}"
latur,,draughtsman mechanical,Insufficient Data,Data Ingestion Required,Collect further supply and demand data for draughtsman mechanical in latur before allocating government training resources.,Confidence rating (0.4) is below the required operational threshold (0.5).,"{'supply_score': 0.17, 'current_demand_score': 50.0, 'current_gap': 49.83, 'priority_score': 49.9, 'future_demand_score': None, 'future_gap': None, 'growth_trend': None}",0.4,"{'has_supply': True, 'has_current_demand': False, 'has_future_demand': False}"
latur,,electrician under dual system training,Insufficient Data,Data Ingestion Required,Collect further supply and demand data for electrician under dual system training in latur before allocating government training resources.,Confidence rating (0.4) is below the required operational threshold (0.5).,"{'supply_score': 0.17, 'current_demand_score': 50.0, 'current_gap': 49.83, 'priority_score': 49.9, 'future_demand_score': None, 'future_gap': None, 'growth_trend': None}",0.4,"{'has_supply': True, 'has_current_demand': False, 'has_future_demand': False}"
latur,,fashion design and technology,Insufficient Data,Data Ingestion Required,Collect further supply and demand data for fashion design and technology in latur before allocating government training resources.,Confidence rating (0.4) is below the required operational threshold (0.5).,"{'supply_score': 0.17, 'current_demand_score': 50.0, 'current_gap': 49.83, 'priority_score': 49.9, 'future_demand_score': None, 'future_gap': None, 'growth_trend': None}",0.4,"{'has_supply': True, 'has_current_demand': False, 'has_future_demand': False}"
latur,,pump operator cum mechanic,Insufficient Data,Data Ingestion Required,Collect further supply and demand data for pump operator cum mechanic in latur before allocating government training resources.,Confidence rating (0.4) is below the required operational threshold (0.5).,"{'supply_score': 0.17, 'current_demand_score': 50.0, 'current_gap': 49.83, 'priority_score': 49.9, 'future_demand_score': None, 'future_gap': None, 'growth_trend': None}",0.4,"{'has_supply': True, 'has_current_demand': False, 'has_future_demand': False}"
mumbai,,sheet metal worker,Insufficient Data,Data Ingestion Required,Collect further supply and demand data for sheet metal worker in mumbai before allocating government training resources.,Confidence rating (0.4) is below the required operational threshold (0.5).,"{'supply_score': 0.17, 'current_demand_score': 50.0, 'current_gap': 49.83, 'priority_score': 49.9, 'future_demand_score': None, 'future_gap': None, 'growth_trend': None}",0.4,"{'has_supply': True, 'has_current_demand': False, 'has_future_demand': False}"
mumbai suburban,,electrician under dual system training,Insufficient Data,Data Ingestion Required,Collect further supply and demand data for electrician under dual system training in mumbai suburban before allocating government training resources.,Confidence rating (0.4) is below the required operational threshold (0.5).,"{'supply_score': 0.17, 'current_demand_score': 50.0, 'current_gap': 49.83, 'priority_score': 49.9, 'future_demand_score': None, 'future_gap': None, 'growth_trend': None}",0.4,"{'has_supply': True, 'has_current_demand': False, 'has_future_demand': False}"
mumbai suburban,,mechanic two and three wheeler under dual training system,Insufficient Data,Data Ingestion Required,Collect further supply and demand data for mechanic two and three wheeler under dual training system in mumbai suburban before allocating government training resources.,Confidence rating (0.4) is below the required operational threshold (0.5).,"{'supply_score': 0.17, 'current_demand_score': 50.0, 'current_gap': 49.83, 'priority_score': 49.9, 'future_demand_score': None, 'future_gap': None, 'growth_trend': None}",0.4,"{'has_supply': True, 'has_current_demand': False, 'has_future_demand': False}"
mumbai suburban,,sewing technology,Insufficient Data,Data Ingestion Required,Collect further supply and demand data for sewing technology in mumbai suburban before allocating government training resources.,Confidence rating (0.4) is below the required operational threshold (0.5).,"{'supply_score': 0.17, 'current_demand_score': 50.0, 'current_gap': 49.83, 'priority_score': 49.9, 'future_demand_score': None, 'future_gap': None, 'growth_trend': None}",0.4,"{'has_supply': True, 'has_current_demand': False, 'has_future_demand': False}"
mumbai suburban,,welder under dual system training,Insufficient Data,Data Ingestion Required,Collect further supply and demand data for welder under dual system training in mumbai suburban before allocating government training resources.,Confidence rating (0.4) is below the required operational threshold (0.5).,"{'supply_score': 0.17, 'current_demand_score': 50.0, 'current_gap': 49.83, 'priority_score': 49.9, 'future_demand_score': None, 'future_gap': None, 'growth_trend': None}",0.4,"{'has_supply': True, 'has_current_demand': False, 'has_future_demand': False}"
nagpur,,draughtsman mechanical,Insufficient Data,Data Ingestion Required,Collect further supply and demand data for draughtsman mechanical in nagpur before allocating government training resources.,Confidence rating (0.4) is below the required operational threshold (0.5).,"{'supply_score': 0.17, 'current_demand_score': 50.0, 'current_gap': 49.83, 'priority_score': 49.9, 'future_demand_score': None, 'future_gap': None, 'growth_trend': None}",0.4,"{'has_supply': True, 'has_current_demand': False, 'has_future_demand': False}"
nagpur,,fitter under dual training system,Insufficient Data,Data Ingestion Required,Collect further supply and demand data for fitter under dual training system in nagpur before allocating government training resources.,Confidence rating (0.4) is below the required operational threshold (0.5).,"{'supply_score': 0.17, 'current_demand_score': 50.0, 'current_gap': 49.83, 'priority_score': 49.9, 'future_demand_score': None, 'future_gap': None, 'growth_trend': None}",0.4,"{'has_supply': True, 'has_current_demand': False, 'has_future_demand': False}"
nagpur,,machinist under dual training system,Insufficient Data,Data Ingestion Required,Collect further supply and demand data for machinist under dual training system in nagpur before allocating government training resources.,Confidence rating (0.4) is below the required operational threshold (0.5).,"{'supply_score': 0.17, 'current_demand_score': 50.0, 'current_gap': 49.83, 'priority_score': 49.9, 'future_demand_score': None, 'future_gap': None, 'growth_trend': None}",0.4,"{'has_supply': True, 'has_current_demand': False, 'has_future_demand': False}"
nagpur,,painter general under dual training system,Insufficient Data,Data Ingestion Required,Collect further supply and demand data for painter general under dual training system in nagpur before allocating government training resources.,Confidence rating (0.4) is below the required operational threshold (0.5).,"{'supply_score': 0.17, 'current_demand_score': 50.0, 'current_gap': 49.83, 'priority_score': 49.9, 'future_demand_score': None, 'future_gap': None, 'growth_trend': None}",0.4,"{'has_supply': True, 'has_current_demand': False, 'has_future_demand': False}"
nanded,,draughtsman mechanical,Insufficient Data,Data Ingestion Required,Collect further supply and demand data for draughtsman mechanical in nanded before allocating government training resources.,Confidence rating (0.4) is below the required operational threshold (0.5).,"{'supply_score': 0.17, 'current_demand_score': 50.0, 'current_gap': 49.83, 'priority_score': 49.9, 'future_demand_score': None, 'future_gap': None, 'growth_trend': None}",0.4,"{'has_supply': True, 'has_current_demand': False, 'has_future_demand': False}"
nanded,,machinist grinder,Insufficient Data,Data Ingestion Required,Collect further supply and demand data for machinist grinder in nanded before allocating government training resources.,Confidence rating (0.4) is below the required operational threshold (0.5).,"{'supply_score': 0.17, 'current_demand_score': 50.0, 'current_gap': 49.83, 'priority_score': 49.9, 'future_demand_score': None, 'future_gap': None, 'growth_trend': None}",0.4,"{'has_supply': True, 'has_current_demand': False, 'has_future_demand': False}"
nanded,,machinist under dual training system,Insufficient Data,Data Ingestion Required,Collect further supply and demand data for machinist under dual training system in nanded before allocating government training resources.,Confidence rating (0.4) is below the required operational threshold (0.5).,"{'supply_score': 0.17, 'current_demand_score': 50.0, 'current_gap': 49.83, 'priority_score': 49.9, 'future_demand_score': None, 'future_gap': None, 'growth_trend': None}",0.4,"{'has_supply': True, 'has_current_demand': False, 'has_future_demand': False}"
nanded,,painter general,Insufficient Data,Data Ingestion Required,Collect further supply and demand data for painter general in nanded before allocating government training resources.,Confidence rating (0.4) is below the required operational threshold (0.5).,"{'supply_score': 0.17, 'current_demand_score': 50.0, 'current_gap': 49.83, 'priority_score': 49.9, 'future_demand_score': None, 'future_gap': None, 'growth_trend': None}",0.4,"{'has_supply': True, 'has_current_demand': False, 'has_future_demand': False}"
nanded,,painter general under dual training system,Insufficient Data,Data Ingestion Required,Collect further supply and demand data for painter general under dual training system in nanded before allocating government training resources.,Confidence rating (0.4) is below the required operational threshold (0.5).,"{'supply_score': 0.17, 'current_demand_score': 50.0, 'current_gap': 49.83, 'priority_score': 49.9, 'future_demand_score': None, 'future_gap': None, 'growth_trend': None}",0.4,"{'has_supply': True, 'has_current_demand': False, 'has_future_demand': False}"
nanded,,pump operator cum mechanic,Insufficient Data,Data Ingestion Required,Collect further supply and demand data for pump operator cum mechanic in nanded before allocating government training resources.,Confidence rating (0.4) is below the required operational threshold (0.5).,"{'supply_score': 0.17, 'current_demand_score': 50.0, 'current_gap': 49.83, 'priority_score': 49.9, 'future_demand_score': None, 'future_gap': None, 'growth_trend': None}",0.4,"{'has_supply': True, 'has_current_demand': False, 'has_future_demand': False}"
nanded,,sheet metal worker,Insufficient Data,Data Ingestion Required,Collect further supply and demand data for sheet metal worker in nanded before allocating government training resources.,Confidence rating (0.4) is below the required operational threshold (0.5).,"{'supply_score': 0.17, 'current_demand_score': 50.0, 'current_gap': 49.83, 'priority_score': 49.9, 'future_demand_score': None, 'future_gap': None, 'growth_trend': None}",0.4,"{'has_supply': True, 'has_current_demand': False, 'has_future_demand': False}"
nanded,,sheet metal worker under dual system training,Insufficient Data,Data Ingestion Required,Collect further supply and demand data for sheet metal worker under dual system training in nanded before allocating government training resources.,Confidence rating (0.4) is below the required operational threshold (0.5).,"{'supply_score': 0.17, 'current_demand_score': 50.0, 'current_gap': 49.83, 'priority_score': 49.9, 'future_demand_score': None, 'future_gap': None, 'growth_trend': None}",0.4,"{'has_supply': True, 'has_current_demand': False, 'has_future_demand': False}"
nanded,,turner under dual training system,Insufficient Data,Data Ingestion Required,Collect further supply and demand data for turner under dual training system in nanded before allocating government training resources.,Confidence rating (0.4) is below the required operational threshold (0.5).,"{'supply_score': 0.17, 'current_demand_score': 50.0, 'current_gap': 49.83, 'priority_score': 49.9, 'future_demand_score': None, 'future_gap': None, 'growth_trend': None}",0.4,"{'has_supply': True, 'has_current_demand': False, 'has_future_demand': False}"
nanded,,welder (gmaw and gtaw),Insufficient Data,Data Ingestion Required,Collect further supply and demand data for welder (gmaw and gtaw) in nanded before allocating government training resources.,Confidence rating (0.4) is below the required operational threshold (0.5).,"{'supply_score': 0.17, 'current_demand_score': 50.0, 'current_gap': 49.83, 'priority_score': 49.9, 'future_demand_score': None, 'future_gap': None, 'growth_trend': None}",0.4,"{'has_supply': True, 'has_current_demand': False, 'has_future_demand': False}"
nanded,,welder (gmaw and gtaw) under dual system training,Insufficient Data,Data Ingestion Required,Collect further supply and demand data for welder (gmaw and gtaw) under dual system training in nanded before allocating government training resources.,Confidence rating (0.4) is below the required operational threshold (0.5).,"{'supply_score': 0.17, 'current_demand_score': 50.0, 'current_gap': 49.83, 'priority_score': 49.9, 'future_demand_score': None, 'future_gap': None, 'growth_trend': None}",0.4,"{'has_supply': True, 'has_current_demand': False, 'has_future_demand': False}"
nandurbar,,painter general,Insufficient Data,Data Ingestion Required,Collect further supply and demand data for painter general in nandurbar before allocating government training resources.,Confidence rating (0.4) is below the required operational threshold (0.5).,"{'supply_score': 0.17, 'current_demand_score': 50.0, 'current_gap': 49.83, 'priority_score': 49.9, 'future_demand_score': None, 'future_gap': None, 'growth_trend': None}",0.4,"{'has_supply': True, 'has_current_demand': False, 'has_future_demand': False}"
nandurbar,,pump operator cum mechanic,Insufficient Data,Data Ingestion Required,Collect further supply and demand data for pump operator cum mechanic in nandurbar before allocating government training resources.,Confidence rating (0.4) is below the required operational threshold (0.5).,"{'supply_score': 0.17, 'current_demand_score': 50.0, 'current_gap': 49.83, 'priority_score': 49.9, 'future_demand_score': None, 'future_gap': None, 'growth_trend': None}",0.4,"{'has_supply': True, 'has_current_demand': False, 'has_future_demand': False}"
nashik,,aeronautical structure and equipment fitter,Insufficient Data,Data Ingestion Required,Collect further supply and demand data for aeronautical structure and equipment fitter in nashik before allocating government training resources.,Confidence rating (0.4) is below the required operational threshold (0.5).,"{'supply_score': 0.17, 'current_demand_score': 50.0, 'current_gap': 49.83, 'priority_score': 49.9, 'future_demand_score': None, 'future_gap': None, 'growth_trend': None}",0.4,"{'has_supply': True, 'has_current_demand': False, 'has_future_demand': False}"
nashik,,electrician under dual system training,Insufficient Data,Data Ingestion Required,Collect further supply and demand data for electrician under dual system training in nashik before allocating government training resources.,Confidence rating (0.4) is below the required operational threshold (0.5).,"{'supply_score': 0.17, 'current_demand_score': 50.0, 'current_gap': 49.83, 'priority_score': 49.9, 'future_demand_score': None, 'future_gap': None, 'growth_trend': None}",0.4,"{'has_supply': True, 'has_current_demand': False, 'has_future_demand': False}"
nashik,,machinist under dual training system,Insufficient Data,Data Ingestion Required,Collect further supply and demand data for machinist under dual training system in nashik before allocating government training resources.,Confidence rating (0.4) is below the required operational threshold (0.5).,"{'supply_score': 0.17, 'current_demand_score': 50.0, 'current_gap': 49.83, 'priority_score': 49.9, 'future_demand_score': None, 'future_gap': None, 'growth_trend': None}",0.4,"{'has_supply': True, 'has_current_demand': False, 'has_future_demand': False}"
nashik,,mechanic auto electrical and electronics,Insufficient Data,Data Ingestion Required,Collect further supply and demand data for mechanic auto electrical and electronics in nashik before allocating government training resources.,Confidence rating (0.4) is below the required operational threshold (0.5).,"{'supply_score': 0.17, 'current_demand_score': 50.0, 'current_gap': 49.83, 'priority_score': 49.9, 'future_demand_score': None, 'future_gap': None, 'growth_trend': None}",0.4,"{'has_supply': True, 'has_current_demand': False, 'has_future_demand': False}"
nashik,,painter general,Insufficient Data,Data Ingestion Required,Collect further supply and demand data for painter general in nashik before allocating government training resources.,Confidence rating (0.4) is below the required operational threshold (0.5).,"{'supply_score': 0.17, 'current_demand_score': 50.0, 'current_gap': 49.83, 'priority_score': 49.9, 'future_demand_score': None, 'future_gap': None, 'growth_trend': None}",0.4,"{'has_supply': True, 'has_current_demand': False, 'has_future_demand': False}"
nashik,,painter general under dual training system,Insufficient Data,Data Ingestion Required,Collect further supply and demand data for painter general under dual training system in nashik before allocating government training resources.,Confidence rating (0.4) is below the required operational threshold (0.5).,"{'supply_score': 0.17, 'current_demand_score': 50.0, 'current_gap': 49.83, 'priority_score': 49.9, 'future_demand_score': None, 'future_gap': None, 'growth_trend': None}",0.4,"{'has_supply': True, 'has_current_demand': False, 'has_future_demand': False}"
nashik,,sheet metal worker under dual system training,Insufficient Data,Data Ingestion Required,Collect further supply and demand data for sheet metal worker under dual system training in nashik before allocating government training resources.,Confidence rating (0.4) is below the required operational threshold (0.5).,"{'supply_score': 0.17, 'current_demand_score': 50.0, 'current_gap': 49.83, 'priority_score': 49.9, 'future_demand_score': None, 'future_gap': None, 'growth_trend': None}",0.4,"{'has_supply': True, 'has_current_demand': False, 'has_future_demand': False}"
nashik,,welder under dual system training,Insufficient Data,Data Ingestion Required,Collect further supply and demand data for welder under dual system training in nashik before allocating government training resources.,Confidence rating (0.4) is below the required operational threshold (0.5).,"{'supply_score': 0.17, 'current_demand_score': 50.0, 'current_gap': 49.83, 'priority_score': 49.9, 'future_demand_score': None, 'future_gap': None, 'growth_trend': None}",0.4,"{'has_supply': True, 'has_current_demand': False, 'has_future_demand': False}"
palghar,,machinist grinder,Insufficient Data,Data Ingestion Required,Collect further supply and demand data for machinist grinder in palghar before allocating government training resources.,Confidence rating (0.4) is below the required operational threshold (0.5).,"{'supply_score': 0.17, 'current_demand_score': 50.0, 'current_gap': 49.83, 'priority_score': 49.9, 'future_demand_score': None, 'future_gap': None, 'growth_trend': None}",0.4,"{'has_supply': True, 'has_current_demand': False, 'has_future_demand': False}"
palghar,,pump operator cum mechanic,Insufficient Data,Data Ingestion Required,Collect further supply and demand data for pump operator cum mechanic in palghar before allocating government training resources.,Confidence rating (0.4) is below the required operational threshold (0.5).,"{'supply_score': 0.17, 'current_demand_score': 50.0, 'current_gap': 49.83, 'priority_score': 49.9, 'future_demand_score': None, 'future_gap': None, 'growth_trend': None}",0.4,"{'has_supply': True, 'has_current_demand': False, 'has_future_demand': False}"
parbhani,,draughtsman mechanical,Insufficient Data,Data Ingestion Required,Collect further supply and demand data for draughtsman mechanical in parbhani before allocating government training resources.,Confidence rating (0.4) is below the required operational threshold (0.5).,"{'supply_score': 0.17, 'current_demand_score': 50.0, 'current_gap': 49.83, 'priority_score': 49.9, 'future_demand_score': None, 'future_gap': None, 'growth_trend': None}",0.4,"{'has_supply': True, 'has_current_demand': False, 'has_future_demand': False}"
parbhani,,electrician under dual system training,Insufficient Data,Data Ingestion Required,Collect further supply and demand data for electrician under dual system training in parbhani before allocating government training resources.,Confidence rating (0.4) is below the required operational threshold (0.5).,"{'supply_score': 0.17, 'current_demand_score': 50.0, 'current_gap': 49.83, 'priority_score': 49.9, 'future_demand_score': None, 'future_gap': None, 'growth_trend': None}",0.4,"{'has_supply': True, 'has_current_demand': False, 'has_future_demand': False}"
parbhani,,fitter under dual training system,Insufficient Data,Data Ingestion Required,Collect further supply and demand data for fitter under dual training system in parbhani before allocating government training resources.,Confidence rating (0.4) is below the required operational threshold (0.5).,"{'supply_score': 0.17, 'current_demand_score': 50.0, 'current_gap': 49.83, 'priority_score': 49.9, 'future_demand_score': None, 'future_gap': None, 'growth_trend': None}",0.4,"{'has_supply': True, 'has_current_demand': False, 'has_future_demand': False}"
parbhani,,machinist grinder,Insufficient Data,Data Ingestion Required,Collect further supply and demand data for machinist grinder in parbhani before allocating government training resources.,Confidence rating (0.4) is below the required operational threshold (0.5).,"{'supply_score': 0.17, 'current_demand_score': 50.0, 'current_gap': 49.83, 'priority_score': 49.9, 'future_demand_score': None, 'future_gap': None, 'growth_trend': None}",0.4,"{'has_supply': True, 'has_current_demand': False, 'has_future_demand': False}"
parbhani,,machinist under dual training system,Insufficient Data,Data Ingestion Required,Collect further supply and demand data for machinist under dual training system in parbhani before allocating government training resources.,Confidence rating (0.4) is below the required operational threshold (0.5).,"{'supply_score': 0.17, 'current_demand_score': 50.0, 'current_gap': 49.83, 'priority_score': 49.9, 'future_demand_score': None, 'future_gap': None, 'growth_trend': None}",0.4,"{'has_supply': True, 'has_current_demand': False, 'has_future_demand': False}"
parbhani,,painter general,Insufficient Data,Data Ingestion Required,Collect further supply and demand data for painter general in parbhani before allocating government training resources.,Confidence rating (0.4) is below the required operational threshold (0.5).,"{'supply_score': 0.17, 'current_demand_score': 50.0, 'current_gap': 49.83, 'priority_score': 49.9, 'future_demand_score': None, 'future_gap': None, 'growth_trend': None}",0.4,"{'has_supply': True, 'has_current_demand': False, 'has_future_demand': False}"
parbhani,,pump operator cum mechanic,Insufficient Data,Data Ingestion Required,Collect further supply and demand data for pump operator cum mechanic in parbhani before allocating government training resources.,Confidence rating (0.4) is below the required operational threshold (0.5).,"{'supply_score': 0.17, 'current_demand_score': 50.0, 'current_gap': 49.83, 'priority_score': 49.9, 'future_demand_score': None, 'future_gap': None, 'growth_trend': None}",0.4,"{'has_supply': True, 'has_current_demand': False, 'has_future_demand': False}"
parbhani,,sheet metal worker,Insufficient Data,Data Ingestion Required,Collect further supply and demand data for sheet metal worker in parbhani before allocating government training resources.,Confidence rating (0.4) is below the required operational threshold (0.5).,"{'supply_score': 0.17, 'current_demand_score': 50.0, 'current_gap': 49.83, 'priority_score': 49.9, 'future_demand_score': None, 'future_gap': None, 'growth_trend': None}",0.4,"{'has_supply': True, 'has_current_demand': False, 'has_future_demand': False}"
pune,,aeronautical structure and equipment fitter,Insufficient Data,Data Ingestion Required,Collect further supply and demand data for aeronautical structure and equipment fitter in pune before allocating government training resources.,Confidence rating (0.4) is below the required operational threshold (0.5).,"{'supply_score': 0.17, 'current_demand_score': 50.0, 'current_gap': 49.83, 'priority_score': 49.9, 'future_demand_score': None, 'future_gap': None, 'growth_trend': None}",0.4,"{'has_supply': True, 'has_current_demand': False, 'has_future_demand': False}"
pune,,electrician under dual system training,Insufficient Data,Data Ingestion Required,Collect further supply and demand data for electrician under dual system training in pune before allocating government training resources.,Confidence rating (0.4) is below the required operational threshold (0.5).,"{'supply_score': 0.17, 'current_demand_score': 50.0, 'current_gap': 49.83, 'priority_score': 49.9, 'future_demand_score': None, 'future_gap': None, 'growth_trend': None}",0.4,"{'has_supply': True, 'has_current_demand': False, 'has_future_demand': False}"
pune,,electroplater,Insufficient Data,Data Ingestion Required,Collect further supply and demand data for electroplater in pune before allocating government training resources.,Confidence rating (0.4) is below the required operational threshold (0.5).,"{'supply_score': 0.17, 'current_demand_score': 50.0, 'current_gap': 49.83, 'priority_score': 49.9, 'future_demand_score': None, 'future_gap': None, 'growth_trend': None}",0.4,"{'has_supply': True, 'has_current_demand': False, 'has_future_demand': False}"
pune,,fitter under dual training system,Insufficient Data,Data Ingestion Required,Collect further supply and demand data for fitter under dual training system in pune before allocating government training resources.,Confidence rating (0.4) is below the required operational threshold (0.5).,"{'supply_score': 0.17, 'current_demand_score': 50.0, 'current_gap': 49.83, 'priority_score': 49.9, 'future_demand_score': None, 'future_gap': None, 'growth_trend': None}",0.4,"{'has_supply': True, 'has_current_demand': False, 'has_future_demand': False}"
pune,,machinist grinder under dual training system,Insufficient Data,Data Ingestion Required,Collect further supply and demand data for machinist grinder under dual training system in pune before allocating government training resources.,Confidence rating (0.4) is below the required operational threshold (0.5).,"{'supply_score': 0.17, 'current_demand_score': 50.0, 'current_gap': 49.83, 'priority_score': 49.9, 'future_demand_score': None, 'future_gap': None, 'growth_trend': None}",0.4,"{'has_supply': True, 'has_current_demand': False, 'has_future_demand': False}"
pune,,machinist under dual training system,Insufficient Data,Data Ingestion Required,Collect further supply and demand data for machinist under dual training system in pune before allocating government training resources.,Confidence rating (0.4) is below the required operational threshold (0.5).,"{'supply_score': 0.17, 'current_demand_score': 50.0, 'current_gap': 49.83, 'priority_score': 49.9, 'future_demand_score': None, 'future_gap': None, 'growth_trend': None}",0.4,"{'has_supply': True, 'has_current_demand': False, 'has_future_demand': False}"
pune,,mechanic auto body repair,Insufficient Data,Data Ingestion Required,Collect further supply and demand data for mechanic auto body repair in pune before allocating government training resources.,Confidence rating (0.4) is below the required operational threshold (0.5).,"{'supply_score': 0.17, 'current_demand_score': 50.0, 'current_gap': 49.83, 'priority_score': 49.9, 'future_demand_score': None, 'future_gap': None, 'growth_trend': None}",0.4,"{'has_supply': True, 'has_current_demand': False, 'has_future_demand': False}"
pune,,mechanic auto electrical and electronics under dual training system,Insufficient Data,Data Ingestion Required,Collect further supply and demand data for mechanic auto electrical and electronics under dual training system in pune before allocating government training resources.,Confidence rating (0.4) is below the required operational threshold (0.5).,"{'supply_score': 0.17, 'current_demand_score': 50.0, 'current_gap': 49.83, 'priority_score': 49.9, 'future_demand_score': None, 'future_gap': None, 'growth_trend': None}",0.4,"{'has_supply': True, 'has_current_demand': False, 'has_future_demand': False}"
pune,,painter general under dual training system,Insufficient Data,Data Ingestion Required,Collect further supply and demand data for painter general under dual training system in pune before allocating government training resources.,Confidence rating (0.4) is below the required operational threshold (0.5).,"{'supply_score': 0.17, 'current_demand_score': 50.0, 'current_gap': 49.83, 'priority_score': 49.9, 'future_demand_score': None, 'future_gap': None, 'growth_trend': None}",0.4,"{'has_supply': True, 'has_current_demand': False, 'has_future_demand': False}"
pune,,sheet metal worker under dual system training,Insufficient Data,Data Ingestion Required,Collect further supply and demand data for sheet metal worker under dual system training in pune before allocating government training resources.,Confidence rating (0.4) is below the required operational threshold (0.5).,"{'supply_score': 0.17, 'current_demand_score': 50.0, 'current_gap': 49.83, 'priority_score': 49.9, 'future_demand_score': None, 'future_gap': None, 'growth_trend': None}",0.4,"{'has_supply': True, 'has_current_demand': False, 'has_future_demand': False}"
pune,,welder under dual system training,Insufficient Data,Data Ingestion Required,Collect further supply and demand data for welder under dual system training in pune before allocating government training resources.,Confidence rating (0.4) is below the required operational threshold (0.5).,"{'supply_score': 0.17, 'current_demand_score': 50.0, 'current_gap': 49.83, 'priority_score': 49.9, 'future_demand_score': None, 'future_gap': None, 'growth_trend': None}",0.4,"{'has_supply': True, 'has_current_demand': False, 'has_future_demand': False}"
raigad,,dress making,Insufficient Data,Data Ingestion Required,Collect further supply and demand data for dress making in raigad before allocating government training resources.,Confidence rating (0.4) is below the required operational threshold (0.5).,"{'supply_score': 0.17, 'current_demand_score': 50.0, 'current_gap': 49.83, 'priority_score': 49.9, 'future_demand_score': None, 'future_gap': None, 'growth_trend': None}",0.4,"{'has_supply': True, 'has_current_demand': False, 'has_future_demand': False}"
raigad,,marine fitter,Insufficient Data,Data Ingestion Required,Collect further supply and demand data for marine fitter in raigad before allocating government training resources.,Confidence rating (0.4) is below the required operational threshold (0.5).,"{'supply_score': 0.17, 'current_demand_score': 50.0, 'current_gap': 49.83, 'priority_score': 49.9, 'future_demand_score': None, 'future_gap': None, 'growth_trend': None}",0.4,"{'has_supply': True, 'has_current_demand': False, 'has_future_demand': False}"
raigad,,mechanic tractor,Insufficient Data,Data Ingestion Required,Collect further supply and demand data for mechanic tractor in raigad before allocating government training resources.,Confidence rating (0.4) is below the required operational threshold (0.5).,"{'supply_score': 0.17, 'current_demand_score': 50.0, 'current_gap': 49.83, 'priority_score': 49.9, 'future_demand_score': None, 'future_gap': None, 'growth_trend': None}",0.4,"{'has_supply': True, 'has_current_demand': False, 'has_future_demand': False}"
ratnagiri,,instrument mechanic (chemical plant),Insufficient Data,Data Ingestion Required,Collect further supply and demand data for instrument mechanic (chemical plant) in ratnagiri before allocating government training resources.,Confidence rating (0.4) is below the required operational threshold (0.5).,"{'supply_score': 0.17, 'current_demand_score': 50.0, 'current_gap': 49.83, 'priority_score': 49.9, 'future_demand_score': None, 'future_gap': None, 'growth_trend': None}",0.4,"{'has_supply': True, 'has_current_demand': False, 'has_future_demand': False}"
ratnagiri,,machinist grinder,Insufficient Data,Data Ingestion Required,Collect further supply and demand data for machinist grinder in ratnagiri before allocating government training resources.,Confidence rating (0.4) is below the required operational threshold (0.5).,"{'supply_score': 0.17, 'current_demand_score': 50.0, 'current_gap': 49.83, 'priority_score': 49.9, 'future_demand_score': None, 'future_gap': None, 'growth_trend': None}",0.4,"{'has_supply': True, 'has_current_demand': False, 'has_future_demand': False}"
sangli,,sewing technology,Insufficient Data,Data Ingestion Required,Collect further supply and demand data for sewing technology in sangli before allocating government training resources.,Confidence rating (0.4) is below the required operational threshold (0.5).,"{'supply_score': 0.17, 'current_demand_score': 50.0, 'current_gap': 49.83, 'priority_score': 49.9, 'future_demand_score': None, 'future_gap': None, 'growth_trend': None}",0.4,"{'has_supply': True, 'has_current_demand': False, 'has_future_demand': False}"
sangli,,solar technician (electrical),Insufficient Data,Data Ingestion Required,Collect further supply and demand data for solar technician (electrical) in sangli before allocating government training resources.,Confidence rating (0.4) is below the required operational threshold (0.5).,"{'supply_score': 0.17, 'current_demand_score': 50.0, 'current_gap': 49.83, 'priority_score': 49.9, 'future_demand_score': None, 'future_gap': None, 'growth_trend': None}",0.4,"{'has_supply': True, 'has_current_demand': False, 'has_future_demand': False}"
satara,,dress making,Insufficient Data,Data Ingestion Required,Collect further supply and demand data for dress making in satara before allocating government training resources.,Confidence rating (0.4) is below the required operational threshold (0.5).,"{'supply_score': 0.17, 'current_demand_score': 50.0, 'current_gap': 49.83, 'priority_score': 49.9, 'future_demand_score': None, 'future_gap': None, 'growth_trend': None}",0.4,"{'has_supply': True, 'has_current_demand': False, 'has_future_demand': False}"
satara,,welder under dual system training,Insufficient Data,Data Ingestion Required,Collect further supply and demand data for welder under dual system training in satara before allocating government training resources.,Confidence rating (0.4) is below the required operational threshold (0.5).,"{'supply_score': 0.17, 'current_demand_score': 50.0, 'current_gap': 49.83, 'priority_score': 49.9, 'future_demand_score': None, 'future_gap': None, 'growth_trend': None}",0.4,"{'has_supply': True, 'has_current_demand': False, 'has_future_demand': False}"
sindhudurg,,fashion design and technology,Insufficient Data,Data Ingestion Required,Collect further supply and demand data for fashion design and technology in sindhudurg before allocating government training resources.,Confidence rating (0.4) is below the required operational threshold (0.5).,"{'supply_score': 0.17, 'current_demand_score': 50.0, 'current_gap': 49.83, 'priority_score': 49.9, 'future_demand_score': None, 'future_gap': None, 'growth_trend': None}",0.4,"{'has_supply': True, 'has_current_demand': False, 'has_future_demand': False}"
sindhudurg,,mechanic auto electrical and electronics,Insufficient Data,Data Ingestion Required,Collect further supply and demand data for mechanic auto electrical and electronics in sindhudurg before allocating government training resources.,Confidence rating (0.4) is below the required operational threshold (0.5).,"{'supply_score': 0.17, 'current_demand_score': 50.0, 'current_gap': 49.83, 'priority_score': 49.9, 'future_demand_score': None, 'future_gap': None, 'growth_trend': None}",0.4,"{'has_supply': True, 'has_current_demand': False, 'has_future_demand': False}"
sindhudurg,,sheet metal worker,Insufficient Data,Data Ingestion Required,Collect further supply and demand data for sheet metal worker in sindhudurg before allocating government training resources.,Confidence rating (0.4) is below the required operational threshold (0.5).,"{'supply_score': 0.17, 'current_demand_score': 50.0, 'current_gap': 49.83, 'priority_score': 49.9, 'future_demand_score': None, 'future_gap': None, 'growth_trend': None}",0.4,"{'has_supply': True, 'has_current_demand': False, 'has_future_demand': False}"
sindhudurg,,turner,Insufficient Data,Data Ingestion Required,Collect further supply and demand data for turner in sindhudurg before allocating government training resources.,Confidence rating (0.4) is below the required operational threshold (0.5).,"{'supply_score': 0.17, 'current_demand_score': 50.0, 'current_gap': 49.83, 'priority_score': 49.9, 'future_demand_score': None, 'future_gap': None, 'growth_trend': None}",0.4,"{'has_supply': True, 'has_current_demand': False, 'has_future_demand': False}"
solapur,,dress making under dual training system,Insufficient Data,Data Ingestion Required,Collect further supply and demand data for dress making under dual training system in solapur before allocating government training resources.,Confidence rating (0.4) is below the required operational threshold (0.5).,"{'supply_score': 0.17, 'current_demand_score': 50.0, 'current_gap': 49.83, 'priority_score': 49.9, 'future_demand_score': None, 'future_gap': None, 'growth_trend': None}",0.4,"{'has_supply': True, 'has_current_demand': False, 'has_future_demand': False}"
solapur,,fitter under dual training system,Insufficient Data,Data Ingestion Required,Collect further supply and demand data for fitter under dual training system in solapur before allocating government training resources.,Confidence rating (0.4) is below the required operational threshold (0.5).,"{'supply_score': 0.17, 'current_demand_score': 50.0, 'current_gap': 49.83, 'priority_score': 49.9, 'future_demand_score': None, 'future_gap': None, 'growth_trend': None}",0.4,"{'has_supply': True, 'has_current_demand': False, 'has_future_demand': False}"
solapur,,surface ornamentation techniques (embroidery),Insufficient Data,Data Ingestion Required,Collect further supply and demand data for surface ornamentation techniques (embroidery) in solapur before allocating government training resources.,Confidence rating (0.4) is below the required operational threshold (0.5).,"{'supply_score': 0.17, 'current_demand_score': 50.0, 'current_gap': 49.83, 'priority_score': 49.9, 'future_demand_score': None, 'future_gap': None, 'growth_trend': None}",0.4,"{'has_supply': True, 'has_current_demand': False, 'has_future_demand': False}"
solapur,,textile wet processing technician,Insufficient Data,Data Ingestion Required,Collect further supply and demand data for textile wet processing technician in solapur before allocating government training resources.,Confidence rating (0.4) is below the required operational threshold (0.5).,"{'supply_score': 0.17, 'current_demand_score': 50.0, 'current_gap': 49.83, 'priority_score': 49.9, 'future_demand_score': None, 'future_gap': None, 'growth_trend': None}",0.4,"{'has_supply': True, 'has_current_demand': False, 'has_future_demand': False}"
thane,,electroplater,Insufficient Data,Data Ingestion Required,Collect further supply and demand data for electroplater in thane before allocating government training resources.,Confidence rating (0.4) is below the required operational threshold (0.5).,"{'supply_score': 0.17, 'current_demand_score': 50.0, 'current_gap': 49.83, 'priority_score': 49.9, 'future_demand_score': None, 'future_gap': None, 'growth_trend': None}",0.4,"{'has_supply': True, 'has_current_demand': False, 'has_future_demand': False}"
thane,,maintenance mechanic (chemical plant),Insufficient Data,Data Ingestion Required,Collect further supply and demand data for maintenance mechanic (chemical plant) in thane before allocating government training resources.,Confidence rating (0.4) is below the required operational threshold (0.5).,"{'supply_score': 0.17, 'current_demand_score': 50.0, 'current_gap': 49.83, 'priority_score': 49.9, 'future_demand_score': None, 'future_gap': None, 'growth_trend': None}",0.4,"{'has_supply': True, 'has_current_demand': False, 'has_future_demand': False}"
thane,,mechanic auto electrical and electronics,Insufficient Data,Data Ingestion Required,Collect further supply and demand data for mechanic auto electrical and electronics in thane before allocating government training resources.,Confidence rating (0.4) is below the required operational threshold (0.5).,"{'supply_score': 0.17, 'current_demand_score': 50.0, 'current_gap': 49.83, 'priority_score': 49.9, 'future_demand_score': None, 'future_gap': None, 'growth_trend': None}",0.4,"{'has_supply': True, 'has_current_demand': False, 'has_future_demand': False}"
thane,,painter general,Insufficient Data,Data Ingestion Required,Collect further supply and demand data for painter general in thane before allocating government training resources.,Confidence rating (0.4) is below the required operational threshold (0.5).,"{'supply_score': 0.17, 'current_demand_score': 50.0, 'current_gap': 49.83, 'priority_score': 49.9, 'future_demand_score': None, 'future_gap': None, 'growth_trend': None}",0.4,"{'has_supply': True, 'has_current_demand': False, 'has_future_demand': False}"
thane,,pump operator cum mechanic,Insufficient Data,Data Ingestion Required,Collect further supply and demand data for pump operator cum mechanic in thane before allocating government training resources.,Confidence rating (0.4) is below the required operational threshold (0.5).,"{'supply_score': 0.17, 'current_demand_score': 50.0, 'current_gap': 49.83, 'priority_score': 49.9, 'future_demand_score': None, 'future_gap': None, 'growth_trend': None}",0.4,"{'has_supply': True, 'has_current_demand': False, 'has_future_demand': False}"
thane,,sewing technology under dual training system,Insufficient Data,Data Ingestion Required,Collect further supply and demand data for sewing technology under dual training system in thane before allocating government training resources.,Confidence rating (0.4) is below the required operational threshold (0.5).,"{'supply_score': 0.17, 'current_demand_score': 50.0, 'current_gap': 49.83, 'priority_score': 49.9, 'future_demand_score': None, 'future_gap': None, 'growth_trend': None}",0.4,"{'has_supply': True, 'has_current_demand': False, 'has_future_demand': False}"
thane,,welder under dual system training,Insufficient Data,Data Ingestion Required,Collect further supply and demand data for welder under dual system training in thane before allocating government training resources.,Confidence rating (0.4) is below the required operational threshold (0.5).,"{'supply_score': 0.17, 'current_demand_score': 50.0, 'current_gap': 49.83, 'priority_score': 49.9, 'future_demand_score': None, 'future_gap': None, 'growth_trend': None}",0.4,"{'has_supply': True, 'has_current_demand': False, 'has_future_demand': False}"
wardha,,electrician under dual system training,Insufficient Data,Data Ingestion Required,Collect further supply and demand data for electrician under dual system training in wardha before allocating government training resources.,Confidence rating (0.4) is below the required operational threshold (0.5).,"{'supply_score': 0.17, 'current_demand_score': 50.0, 'current_gap': 49.83, 'priority_score': 49.9, 'future_demand_score': None, 'future_gap': None, 'growth_trend': None}",0.4,"{'has_supply': True, 'has_current_demand': False, 'has_future_demand': False}"
wardha,,fitter under dual training system,Insufficient Data,Data Ingestion Required,Collect further supply and demand data for fitter under dual training system in wardha before allocating government training resources.,Confidence rating (0.4) is below the required operational threshold (0.5).,"{'supply_score': 0.17, 'current_demand_score': 50.0, 'current_gap': 49.83, 'priority_score': 49.9, 'future_demand_score': None, 'future_gap': None, 'growth_trend': None}",0.4,"{'has_supply': True, 'has_current_demand': False, 'has_future_demand': False}"
wardha,,welder under dual system training,Insufficient Data,Data Ingestion Required,Collect further supply and demand data for welder under dual system training in wardha before allocating government training resources.,Confidence rating (0.4) is below the required operational threshold (0.5).,"{'supply_score': 0.17, 'current_demand_score': 50.0, 'current_gap': 49.83, 'priority_score': 49.9, 'future_demand_score': None, 'future_gap': None, 'growth_trend': None}",0.4,"{'has_supply': True, 'has_current_demand': False, 'has_future_demand': False}"
washim,,fashion design and technology,Insufficient Data,Data Ingestion Required,Collect further supply and demand data for fashion design and technology in washim before allocating government training resources.,Confidence rating (0.4) is below the required operational threshold (0.5).,"{'supply_score': 0.17, 'current_demand_score': 50.0, 'current_gap': 49.83, 'priority_score': 49.9, 'future_demand_score': None, 'future_gap': None, 'growth_trend': None}",0.4,"{'has_supply': True, 'has_current_demand': False, 'has_future_demand': False}"
washim,,sewing technology,Insufficient Data,Data Ingestion Required,Collect further supply and demand data for sewing technology in washim before allocating government training resources.,Confidence rating (0.4) is below the required operational threshold (0.5).,"{'supply_score': 0.17, 'current_demand_score': 50.0, 'current_gap': 49.83, 'priority_score': 49.9, 'future_demand_score': None, 'future_gap': None, 'growth_trend': None}",0.4,"{'has_supply': True, 'has_current_demand': False, 'has_future_demand': False}"
washim,,sheet metal worker,Insufficient Data,Data Ingestion Required,Collect further supply and demand data for sheet metal worker in washim before allocating government training resources.,Confidence rating (0.4) is below the required operational threshold (0.5).,"{'supply_score': 0.17, 'current_demand_score': 50.0, 'current_gap': 49.83, 'priority_score': 49.9, 'future_demand_score': None, 'future_gap': None, 'growth_trend': None}",0.4,"{'has_supply': True, 'has_current_demand': False, 'has_future_demand': False}"
yavatmal,,painter general,Insufficient Data,Data Ingestion Required,Collect further supply and demand data for painter general in yavatmal before allocating government training resources.,Confidence rating (0.4) is below the required operational threshold (0.5).,"{'supply_score': 0.17, 'current_demand_score': 50.0, 'current_gap': 49.83, 'priority_score': 49.9, 'future_demand_score': None, 'future_gap': None, 'growth_trend': None}",0.4,"{'has_supply': True, 'has_current_demand': False, 'has_future_demand': False}"
yavatmal,,sheet metal worker,Insufficient Data,Data Ingestion Required,Collect further supply and demand data for sheet metal worker in yavatmal before allocating government training resources.,Confidence rating (0.4) is below the required operational threshold (0.5).,"{'supply_score': 0.17, 'current_demand_score': 50.0, 'current_gap': 49.83, 'priority_score': 49.9, 'future_demand_score': None, 'future_gap': None, 'growth_trend': None}",0.4,"{'has_supply': True, 'has_current_demand': False, 'has_future_demand': False}"
yavatmal,,spinning technician,Insufficient Data,Data Ingestion Required,Collect further supply and demand data for spinning technician in yavatmal before allocating government training resources.,Confidence rating (0.4) is below the required operational threshold (0.5).,"{'supply_score': 0.17, 'current_demand_score': 50.0, 'current_gap': 49.83, 'priority_score': 49.9, 'future_demand_score': None, 'future_gap': None, 'growth_trend': None}",0.4,"{'has_supply': True, 'has_current_demand': False, 'has_future_demand': False}"
yavatmal,,textile wet processing technician,Insufficient Data,Data Ingestion Required,Collect further supply and demand data for textile wet processing technician in yavatmal before allocating government training resources.,Confidence rating (0.4) is below the required operational threshold (0.5).,"{'supply_score': 0.17, 'current_demand_score': 50.0, 'current_gap': 49.83, 'priority_score': 49.9, 'future_demand_score': None, 'future_gap': None, 'growth_trend': None}",0.4,"{'has_supply': True, 'has_current_demand': False, 'has_future_demand': False}"
yavatmal,,welder under dual system training,Insufficient Data,Data Ingestion Required,Collect further supply and demand data for welder under dual system training in yavatmal before allocating government training resources.,Confidence rating (0.4) is below the required operational threshold (0.5).,"{'supply_score': 0.17, 'current_demand_score': 50.0, 'current_gap': 49.83, 'priority_score': 49.9, 'future_demand_score': None, 'future_gap': None, 'growth_trend': None}",0.4,"{'has_supply': True, 'has_current_demand': False, 'has_future_demand': False}"
ahmednagar,,attendant operator (chemical plant),Insufficient Data,Data Ingestion Required,Collect further supply and demand data for attendant operator (chemical plant) in ahmednagar before allocating government training resources.,Confidence rating (0.4) is below the required operational threshold (0.5).,"{'supply_score': 0.34, 'current_demand_score': 50.0, 'current_gap': 49.66, 'priority_score': 49.81, 'future_demand_score': None, 'future_gap': None, 'growth_trend': None}",0.4,"{'has_supply': True, 'has_current_demand': False, 'has_future_demand': False}"
ahmednagar,,desktop publishing operator,Insufficient Data,Data Ingestion Required,Collect further supply and demand data for desktop publishing operator in ahmednagar before allocating government training resources.,Confidence rating (0.4) is below the required operational threshold (0.5).,"{'supply_score': 0.34, 'current_demand_score': 50.0, 'current_gap': 49.66, 'priority_score': 49.81, 'future_demand_score': None, 'future_gap': None, 'growth_trend': None}",0.4,"{'has_supply': True, 'has_current_demand': False, 'has_future_demand': False}"
ahmednagar,,draughtsman civil,Insufficient Data,Data Ingestion Required,Collect further supply and demand data for draughtsman civil in ahmednagar before allocating government training resources.,Confidence rating (0.4) is below the required operational threshold (0.5).,"{'supply_score': 0.34, 'current_demand_score': 50.0, 'current_gap': 49.66, 'priority_score': 49.81, 'future_demand_score': None, 'future_gap': None, 'growth_trend': None}",0.4,"{'has_supply': True, 'has_current_demand': False, 'has_future_demand': False}"
ahmednagar,,electronics mechanic under dual training system,Insufficient Data,Data Ingestion Required,Collect further supply and demand data for electronics mechanic under dual training system in ahmednagar before allocating government training resources.,Confidence rating (0.4) is below the required operational threshold (0.5).,"{'supply_score': 0.34, 'current_demand_score': 50.0, 'current_gap': 49.66, 'priority_score': 49.81, 'future_demand_score': None, 'future_gap': None, 'growth_trend': None}",0.4,"{'has_supply': True, 'has_current_demand': False, 'has_future_demand': False}"
ahmednagar,,foundryman,Insufficient Data,Data Ingestion Required,Collect further supply and demand data for foundryman in ahmednagar before allocating government training resources.,Confidence rating (0.4) is below the required operational threshold (0.5).,"{'supply_score': 0.34, 'current_demand_score': 50.0, 'current_gap': 49.66, 'priority_score': 49.81, 'future_demand_score': None, 'future_gap': None, 'growth_trend': None}",0.4,"{'has_supply': True, 'has_current_demand': False, 'has_future_demand': False}"
ahmednagar,,fruit and vegetable processing,Insufficient Data,Data Ingestion Required,Collect further supply and demand data for fruit and vegetable processing in ahmednagar before allocating government training resources.,Confidence rating (0.4) is below the required operational threshold (0.5).,"{'supply_score': 0.34, 'current_demand_score': 50.0, 'current_gap': 49.66, 'priority_score': 49.81, 'future_demand_score': None, 'future_gap': None, 'growth_trend': None}",0.4,"{'has_supply': True, 'has_current_demand': False, 'has_future_demand': False}"
ahmednagar,,information and communication technology system maintenance,Insufficient Data,Data Ingestion Required,Collect further supply and demand data for information and communication technology system maintenance in ahmednagar before allocating government training resources.,Confidence rating (0.4) is below the required operational threshold (0.5).,"{'supply_score': 0.34, 'current_demand_score': 50.0, 'current_gap': 49.66, 'priority_score': 49.81, 'future_demand_score': None, 'future_gap': None, 'growth_trend': None}",0.4,"{'has_supply': True, 'has_current_demand': False, 'has_future_demand': False}"
ahmednagar,,mechanic diesel under dual system training,Insufficient Data,Data Ingestion Required,Collect further supply and demand data for mechanic diesel under dual system training in ahmednagar before allocating government training resources.,Confidence rating (0.4) is below the required operational threshold (0.5).,"{'supply_score': 0.34, 'current_demand_score': 50.0, 'current_gap': 49.66, 'priority_score': 49.81, 'future_demand_score': None, 'future_gap': None, 'growth_trend': None}",0.4,"{'has_supply': True, 'has_current_demand': False, 'has_future_demand': False}"
ahmednagar,,mechanic electric vehicle,Insufficient Data,Data Ingestion Required,Collect further supply and demand data for mechanic electric vehicle in ahmednagar before allocating government training resources.,Confidence rating (0.4) is below the required operational threshold (0.5).,"{'supply_score': 0.34, 'current_demand_score': 50.0, 'current_gap': 49.66, 'priority_score': 49.81, 'future_demand_score': None, 'future_gap': None, 'growth_trend': None}",0.4,"{'has_supply': True, 'has_current_demand': False, 'has_future_demand': False}"
ahmednagar,,mechanic machine tool maintenance,Insufficient Data,Data Ingestion Required,Collect further supply and demand data for mechanic machine tool maintenance in ahmednagar before allocating government training resources.,Confidence rating (0.4) is below the required operational threshold (0.5).,"{'supply_score': 0.34, 'current_demand_score': 50.0, 'current_gap': 49.66, 'priority_score': 49.81, 'future_demand_score': None, 'future_gap': None, 'growth_trend': None}",0.4,"{'has_supply': True, 'has_current_demand': False, 'has_future_demand': False}"
ahmednagar,,mechanic motor vehicle under dual system training,Insufficient Data,Data Ingestion Required,Collect further supply and demand data for mechanic motor vehicle under dual system training in ahmednagar before allocating government training resources.,Confidence rating (0.4) is below the required operational threshold (0.5).,"{'supply_score': 0.34, 'current_demand_score': 50.0, 'current_gap': 49.66, 'priority_score': 49.81, 'future_demand_score': None, 'future_gap': None, 'growth_trend': None}",0.4,"{'has_supply': True, 'has_current_demand': False, 'has_future_demand': False}"
akola,,baker and confectioner,Insufficient Data,Data Ingestion Required,Collect further supply and demand data for baker and confectioner in akola before allocating government training resources.,Confidence rating (0.4) is below the required operational threshold (0.5).,"{'supply_score': 0.34, 'current_demand_score': 50.0, 'current_gap': 49.66, 'priority_score': 49.81, 'future_demand_score': None, 'future_gap': None, 'growth_trend': None}",0.4,"{'has_supply': True, 'has_current_demand': False, 'has_future_demand': False}"
akola,,mason (building constructor),Insufficient Data,Data Ingestion Required,Collect further supply and demand data for mason (building constructor) in akola before allocating government training resources.,Confidence rating (0.4) is below the required operational threshold (0.5).,"{'supply_score': 0.34, 'current_demand_score': 50.0, 'current_gap': 49.66, 'priority_score': 49.81, 'future_demand_score': None, 'future_gap': None, 'growth_trend': None}",0.4,"{'has_supply': True, 'has_current_demand': False, 'has_future_demand': False}"
akola,,mechanic machine tool maintenance,Insufficient Data,Data Ingestion Required,Collect further supply and demand data for mechanic machine tool maintenance in akola before allocating government training resources.,Confidence rating (0.4) is below the required operational threshold (0.5).,"{'supply_score': 0.34, 'current_demand_score': 50.0, 'current_gap': 49.66, 'priority_score': 49.81, 'future_demand_score': None, 'future_gap': None, 'growth_trend': None}",0.4,"{'has_supply': True, 'has_current_demand': False, 'has_future_demand': False}"
akola,,refrigeration and air conditioner technician,Insufficient Data,Data Ingestion Required,Collect further supply and demand data for refrigeration and air conditioner technician in akola before allocating government training resources.,Confidence rating (0.4) is below the required operational threshold (0.5).,"{'supply_score': 0.34, 'current_demand_score': 50.0, 'current_gap': 49.66, 'priority_score': 49.81, 'future_demand_score': None, 'future_gap': None, 'growth_trend': None}",0.4,"{'has_supply': True, 'has_current_demand': False, 'has_future_demand': False}"
akola,,secretarial practice (english),Insufficient Data,Data Ingestion Required,Collect further supply and demand data for secretarial practice (english) in akola before allocating government training resources.,Confidence rating (0.4) is below the required operational threshold (0.5).,"{'supply_score': 0.34, 'current_demand_score': 50.0, 'current_gap': 49.66, 'priority_score': 49.81, 'future_demand_score': None, 'future_gap': None, 'growth_trend': None}",0.4,"{'has_supply': True, 'has_current_demand': False, 'has_future_demand': False}"
akola,,surveyor,Insufficient Data,Data Ingestion Required,Collect further supply and demand data for surveyor in akola before allocating government training resources.,Confidence rating (0.4) is below the required operational threshold (0.5).,"{'supply_score': 0.34, 'current_demand_score': 50.0, 'current_gap': 49.66, 'priority_score': 49.81, 'future_demand_score': None, 'future_gap': None, 'growth_trend': None}",0.4,"{'has_supply': True, 'has_current_demand': False, 'has_future_demand': False}"
akola,,tool and die maker (dies and moulds),Insufficient Data,Data Ingestion Required,Collect further supply and demand data for tool and die maker (dies and moulds) in akola before allocating government training resources.,Confidence rating (0.4) is below the required operational threshold (0.5).,"{'supply_score': 0.34, 'current_demand_score': 50.0, 'current_gap': 49.66, 'priority_score': 49.81, 'future_demand_score': None, 'future_gap': None, 'growth_trend': None}",0.4,"{'has_supply': True, 'has_current_demand': False, 'has_future_demand': False}"
amravati,,architectural draughtsman,Insufficient Data,Data Ingestion Required,Collect further supply and demand data for architectural draughtsman in amravati before allocating government training resources.,Confidence rating (0.4) is below the required operational threshold (0.5).,"{'supply_score': 0.34, 'current_demand_score': 50.0, 'current_gap': 49.66, 'priority_score': 49.81, 'future_demand_score': None, 'future_gap': None, 'growth_trend': None}",0.4,"{'has_supply': True, 'has_current_demand': False, 'has_future_demand': False}"
amravati,,baker and confectioner,Insufficient Data,Data Ingestion Required,Collect further supply and demand data for baker and confectioner in amravati before allocating government training resources.,Confidence rating (0.4) is below the required operational threshold (0.5).,"{'supply_score': 0.34, 'current_demand_score': 50.0, 'current_gap': 49.66, 'priority_score': 49.81, 'future_demand_score': None, 'future_gap': None, 'growth_trend': None}",0.4,"{'has_supply': True, 'has_current_demand': False, 'has_future_demand': False}"
amravati,,food production (general),Insufficient Data,Data Ingestion Required,Collect further supply and demand data for food production (general) in amravati before allocating government training resources.,Confidence rating (0.4) is below the required operational threshold (0.5).,"{'supply_score': 0.34, 'current_demand_score': 50.0, 'current_gap': 49.66, 'priority_score': 49.81, 'future_demand_score': None, 'future_gap': None, 'growth_trend': None}",0.4,"{'has_supply': True, 'has_current_demand': False, 'has_future_demand': False}"
amravati,,fruit and vegetable processing,Insufficient Data,Data Ingestion Required,Collect further supply and demand data for fruit and vegetable processing in amravati before allocating government training resources.,Confidence rating (0.4) is below the required operational threshold (0.5).,"{'supply_score': 0.34, 'current_demand_score': 50.0, 'current_gap': 49.66, 'priority_score': 49.81, 'future_demand_score': None, 'future_gap': None, 'growth_trend': None}",0.4,"{'has_supply': True, 'has_current_demand': False, 'has_future_demand': False}"
amravati,,mechanic diesel under dual system training,Insufficient Data,Data Ingestion Required,Collect further supply and demand data for mechanic diesel under dual system training in amravati before allocating government training resources.,Confidence rating (0.4) is below the required operational threshold (0.5).,"{'supply_score': 0.34, 'current_demand_score': 50.0, 'current_gap': 49.66, 'priority_score': 49.81, 'future_demand_score': None, 'future_gap': None, 'growth_trend': None}",0.4,"{'has_supply': True, 'has_current_demand': False, 'has_future_demand': False}"
amravati,,mechanic machine tool maintenance,Insufficient Data,Data Ingestion Required,Collect further supply and demand data for mechanic machine tool maintenance in amravati before allocating government training resources.,Confidence rating (0.4) is below the required operational threshold (0.5).,"{'supply_score': 0.34, 'current_demand_score': 50.0, 'current_gap': 49.66, 'priority_score': 49.81, 'future_demand_score': None, 'future_gap': None, 'growth_trend': None}",0.4,"{'has_supply': True, 'has_current_demand': False, 'has_future_demand': False}"
amravati,,secretarial practice (english),Insufficient Data,Data Ingestion Required,Collect further supply and demand data for secretarial practice (english) in amravati before allocating government training resources.,Confidence rating (0.4) is below the required operational threshold (0.5).,"{'supply_score': 0.34, 'current_demand_score': 50.0, 'current_gap': 49.66, 'priority_score': 49.81, 'future_demand_score': None, 'future_gap': None, 'growth_trend': None}",0.4,"{'has_supply': True, 'has_current_demand': False, 'has_future_demand': False}"
amravati,,"tool and die maker (press tools, jigs and fixtures)",Insufficient Data,Data Ingestion Required,"Collect further supply and demand data for tool and die maker (press tools, jigs and fixtures) in amravati before allocating government training resources.",Confidence rating (0.4) is below the required operational threshold (0.5).,"{'supply_score': 0.34, 'current_demand_score': 50.0, 'current_gap': 49.66, 'priority_score': 49.81, 'future_demand_score': None, 'future_gap': None, 'growth_trend': None}",0.4,"{'has_supply': True, 'has_current_demand': False, 'has_future_demand': False}"
beed,,desktop publishing operator,Insufficient Data,Data Ingestion Required,Collect further supply and demand data for desktop publishing operator in beed before allocating government training resources.,Confidence rating (0.4) is below the required operational threshold (0.5).,"{'supply_score': 0.34, 'current_demand_score': 50.0, 'current_gap': 49.66, 'priority_score': 49.81, 'future_demand_score': None, 'future_gap': None, 'growth_trend': None}",0.4,"{'has_supply': True, 'has_current_demand': False, 'has_future_demand': False}"
beed,,draughtsman civil,Insufficient Data,Data Ingestion Required,Collect further supply and demand data for draughtsman civil in beed before allocating government training resources.,Confidence rating (0.4) is below the required operational threshold (0.5).,"{'supply_score': 0.34, 'current_demand_score': 50.0, 'current_gap': 49.66, 'priority_score': 49.81, 'future_demand_score': None, 'future_gap': None, 'growth_trend': None}",0.4,"{'has_supply': True, 'has_current_demand': False, 'has_future_demand': False}"
beed,,geo-informatics assistant,Insufficient Data,Data Ingestion Required,Collect further supply and demand data for geo-informatics assistant in beed before allocating government training resources.,Confidence rating (0.4) is below the required operational threshold (0.5).,"{'supply_score': 0.34, 'current_demand_score': 50.0, 'current_gap': 49.66, 'priority_score': 49.81, 'future_demand_score': None, 'future_gap': None, 'growth_trend': None}",0.4,"{'has_supply': True, 'has_current_demand': False, 'has_future_demand': False}"
beed,,marketing executive,Insufficient Data,Data Ingestion Required,Collect further supply and demand data for marketing executive in beed before allocating government training resources.,Confidence rating (0.4) is below the required operational threshold (0.5).,"{'supply_score': 0.34, 'current_demand_score': 50.0, 'current_gap': 49.66, 'priority_score': 49.81, 'future_demand_score': None, 'future_gap': None, 'growth_trend': None}",0.4,"{'has_supply': True, 'has_current_demand': False, 'has_future_demand': False}"
beed,,mason (building constructor),Insufficient Data,Data Ingestion Required,Collect further supply and demand data for mason (building constructor) in beed before allocating government training resources.,Confidence rating (0.4) is below the required operational threshold (0.5).,"{'supply_score': 0.34, 'current_demand_score': 50.0, 'current_gap': 49.66, 'priority_score': 49.81, 'future_demand_score': None, 'future_gap': None, 'growth_trend': None}",0.4,"{'has_supply': True, 'has_current_demand': False, 'has_future_demand': False}"
beed,,mechanic electric vehicle,Insufficient Data,Data Ingestion Required,Collect further supply and demand data for mechanic electric vehicle in beed before allocating government training resources.,Confidence rating (0.4) is below the required operational threshold (0.5).,"{'supply_score': 0.34, 'current_demand_score': 50.0, 'current_gap': 49.66, 'priority_score': 49.81, 'future_demand_score': None, 'future_gap': None, 'growth_trend': None}",0.4,"{'has_supply': True, 'has_current_demand': False, 'has_future_demand': False}"
beed,,mechanic machine tool maintenance,Insufficient Data,Data Ingestion Required,Collect further supply and demand data for mechanic machine tool maintenance in beed before allocating government training resources.,Confidence rating (0.4) is below the required operational threshold (0.5).,"{'supply_score': 0.34, 'current_demand_score': 50.0, 'current_gap': 49.66, 'priority_score': 49.81, 'future_demand_score': None, 'future_gap': None, 'growth_trend': None}",0.4,"{'has_supply': True, 'has_current_demand': False, 'has_future_demand': False}"
beed,,secretarial practice (english),Insufficient Data,Data Ingestion Required,Collect further supply and demand data for secretarial practice (english) in beed before allocating government training resources.,Confidence rating (0.4) is below the required operational threshold (0.5).,"{'supply_score': 0.34, 'current_demand_score': 50.0, 'current_gap': 49.66, 'priority_score': 49.81, 'future_demand_score': None, 'future_gap': None, 'growth_trend': None}",0.4,"{'has_supply': True, 'has_current_demand': False, 'has_future_demand': False}"
beed,,surveyor,Insufficient Data,Data Ingestion Required,Collect further supply and demand data for surveyor in beed before allocating government training resources.,Confidence rating (0.4) is below the required operational threshold (0.5).,"{'supply_score': 0.34, 'current_demand_score': 50.0, 'current_gap': 49.66, 'priority_score': 49.81, 'future_demand_score': None, 'future_gap': None, 'growth_trend': None}",0.4,"{'has_supply': True, 'has_current_demand': False, 'has_future_demand': False}"
beed,,"tool and die maker (press tools, jigs and fixtures)",Insufficient Data,Data Ingestion Required,"Collect further supply and demand data for tool and die maker (press tools, jigs and fixtures) in beed before allocating government training resources.",Confidence rating (0.4) is below the required operational threshold (0.5).,"{'supply_score': 0.34, 'current_demand_score': 50.0, 'current_gap': 49.66, 'priority_score': 49.81, 'future_demand_score': None, 'future_gap': None, 'growth_trend': None}",0.4,"{'has_supply': True, 'has_current_demand': False, 'has_future_demand': False}"
beed,,wood work technician,Insufficient Data,Data Ingestion Required,Collect further supply and demand data for wood work technician in beed before allocating government training resources.,Confidence rating (0.4) is below the required operational threshold (0.5).,"{'supply_score': 0.34, 'current_demand_score': 50.0, 'current_gap': 49.66, 'priority_score': 49.81, 'future_demand_score': None, 'future_gap': None, 'growth_trend': None}",0.4,"{'has_supply': True, 'has_current_demand': False, 'has_future_demand': False}"
bhandara,,baker and confectioner,Insufficient Data,Data Ingestion Required,Collect further supply and demand data for baker and confectioner in bhandara before allocating government training resources.,Confidence rating (0.4) is below the required operational threshold (0.5).,"{'supply_score': 0.34, 'current_demand_score': 50.0, 'current_gap': 49.66, 'priority_score': 49.81, 'future_demand_score': None, 'future_gap': None, 'growth_trend': None}",0.4,"{'has_supply': True, 'has_current_demand': False, 'has_future_demand': False}"
bhandara,,cosmetology,Insufficient Data,Data Ingestion Required,Collect further supply and demand data for cosmetology in bhandara before allocating government training resources.,Confidence rating (0.4) is below the required operational threshold (0.5).,"{'supply_score': 0.34, 'current_demand_score': 50.0, 'current_gap': 49.66, 'priority_score': 49.81, 'future_demand_score': None, 'future_gap': None, 'growth_trend': None}",0.4,"{'has_supply': True, 'has_current_demand': False, 'has_future_demand': False}"
bhandara,,desktop publishing operator,Insufficient Data,Data Ingestion Required,Collect further supply and demand data for desktop publishing operator in bhandara before allocating government training resources.,Confidence rating (0.4) is below the required operational threshold (0.5).,"{'supply_score': 0.34, 'current_demand_score': 50.0, 'current_gap': 49.66, 'priority_score': 49.81, 'future_demand_score': None, 'future_gap': None, 'growth_trend': None}",0.4,"{'has_supply': True, 'has_current_demand': False, 'has_future_demand': False}"
bhandara,,mechanic diesel under dual system training,Insufficient Data,Data Ingestion Required,Collect further supply and demand data for mechanic diesel under dual system training in bhandara before allocating government training resources.,Confidence rating (0.4) is below the required operational threshold (0.5).,"{'supply_score': 0.34, 'current_demand_score': 50.0, 'current_gap': 49.66, 'priority_score': 49.81, 'future_demand_score': None, 'future_gap': None, 'growth_trend': None}",0.4,"{'has_supply': True, 'has_current_demand': False, 'has_future_demand': False}"
bhandara,,secretarial practice (english),Insufficient Data,Data Ingestion Required,Collect further supply and demand data for secretarial practice (english) in bhandara before allocating government training resources.,Confidence rating (0.4) is below the required operational threshold (0.5).,"{'supply_score': 0.34, 'current_demand_score': 50.0, 'current_gap': 49.66, 'priority_score': 49.81, 'future_demand_score': None, 'future_gap': None, 'growth_trend': None}",0.4,"{'has_supply': True, 'has_current_demand': False, 'has_future_demand': False}"
buldhana,,architectural draughtsman,Insufficient Data,Data Ingestion Required,Collect further supply and demand data for architectural draughtsman in buldhana before allocating government training resources.,Confidence rating (0.4) is below the required operational threshold (0.5).,"{'supply_score': 0.34, 'current_demand_score': 50.0, 'current_gap': 49.66, 'priority_score': 49.81, 'future_demand_score': None, 'future_gap': None, 'growth_trend': None}",0.4,"{'has_supply': True, 'has_current_demand': False, 'has_future_demand': False}"
buldhana,,mason (building constructor),Insufficient Data,Data Ingestion Required,Collect further supply and demand data for mason (building constructor) in buldhana before allocating government training resources.,Confidence rating (0.4) is below the required operational threshold (0.5).,"{'supply_score': 0.34, 'current_demand_score': 50.0, 'current_gap': 49.66, 'priority_score': 49.81, 'future_demand_score': None, 'future_gap': None, 'growth_trend': None}",0.4,"{'has_supply': True, 'has_current_demand': False, 'has_future_demand': False}"
buldhana,,mechanic diesel under dual system training,Insufficient Data,Data Ingestion Required,Collect further supply and demand data for mechanic diesel under dual system training in buldhana before allocating government training resources.,Confidence rating (0.4) is below the required operational threshold (0.5).,"{'supply_score': 0.34, 'current_demand_score': 50.0, 'current_gap': 49.66, 'priority_score': 49.81, 'future_demand_score': None, 'future_gap': None, 'growth_trend': None}",0.4,"{'has_supply': True, 'has_current_demand': False, 'has_future_demand': False}"
buldhana,,mechanic electric vehicle,Insufficient Data,Data Ingestion Required,Collect further supply and demand data for mechanic electric vehicle in buldhana before allocating government training resources.,Confidence rating (0.4) is below the required operational threshold (0.5).,"{'supply_score': 0.34, 'current_demand_score': 50.0, 'current_gap': 49.66, 'priority_score': 49.81, 'future_demand_score': None, 'future_gap': None, 'growth_trend': None}",0.4,"{'has_supply': True, 'has_current_demand': False, 'has_future_demand': False}"
buldhana,,surveyor,Insufficient Data,Data Ingestion Required,Collect further supply and demand data for surveyor in buldhana before allocating government training resources.,Confidence rating (0.4) is below the required operational threshold (0.5).,"{'supply_score': 0.34, 'current_demand_score': 50.0, 'current_gap': 49.66, 'priority_score': 49.81, 'future_demand_score': None, 'future_gap': None, 'growth_trend': None}",0.4,"{'has_supply': True, 'has_current_demand': False, 'has_future_demand': False}"
chandrapur,,baker and confectioner,Insufficient Data,Data Ingestion Required,Collect further supply and demand data for baker and confectioner in chandrapur before allocating government training resources.,Confidence rating (0.4) is below the required operational threshold (0.5).,"{'supply_score': 0.34, 'current_demand_score': 50.0, 'current_gap': 49.66, 'priority_score': 49.81, 'future_demand_score': None, 'future_gap': None, 'growth_trend': None}",0.4,"{'has_supply': True, 'has_current_demand': False, 'has_future_demand': False}"
chandrapur,,draughtsman civil,Insufficient Data,Data Ingestion Required,Collect further supply and demand data for draughtsman civil in chandrapur before allocating government training resources.,Confidence rating (0.4) is below the required operational threshold (0.5).,"{'supply_score': 0.34, 'current_demand_score': 50.0, 'current_gap': 49.66, 'priority_score': 49.81, 'future_demand_score': None, 'future_gap': None, 'growth_trend': None}",0.4,"{'has_supply': True, 'has_current_demand': False, 'has_future_demand': False}"
chandrapur,,mechanic diesel under dual system training,Insufficient Data,Data Ingestion Required,Collect further supply and demand data for mechanic diesel under dual system training in chandrapur before allocating government training resources.,Confidence rating (0.4) is below the required operational threshold (0.5).,"{'supply_score': 0.34, 'current_demand_score': 50.0, 'current_gap': 49.66, 'priority_score': 49.81, 'future_demand_score': None, 'future_gap': None, 'growth_trend': None}",0.4,"{'has_supply': True, 'has_current_demand': False, 'has_future_demand': False}"
chandrapur,,mechanic electric vehicle,Insufficient Data,Data Ingestion Required,Collect further supply and demand data for mechanic electric vehicle in chandrapur before allocating government training resources.,Confidence rating (0.4) is below the required operational threshold (0.5).,"{'supply_score': 0.34, 'current_demand_score': 50.0, 'current_gap': 49.66, 'priority_score': 49.81, 'future_demand_score': None, 'future_gap': None, 'growth_trend': None}",0.4,"{'has_supply': True, 'has_current_demand': False, 'has_future_demand': False}"
chandrapur,,mechanic motor vehicle under dual system training,Insufficient Data,Data Ingestion Required,Collect further supply and demand data for mechanic motor vehicle under dual system training in chandrapur before allocating government training resources.,Confidence rating (0.4) is below the required operational threshold (0.5).,"{'supply_score': 0.34, 'current_demand_score': 50.0, 'current_gap': 49.66, 'priority_score': 49.81, 'future_demand_score': None, 'future_gap': None, 'growth_trend': None}",0.4,"{'has_supply': True, 'has_current_demand': False, 'has_future_demand': False}"
chandrapur,,secretarial practice (english),Insufficient Data,Data Ingestion Required,Collect further supply and demand data for secretarial practice (english) in chandrapur before allocating government training resources.,Confidence rating (0.4) is below the required operational threshold (0.5).,"{'supply_score': 0.34, 'current_demand_score': 50.0, 'current_gap': 49.66, 'priority_score': 49.81, 'future_demand_score': None, 'future_gap': None, 'growth_trend': None}",0.4,"{'has_supply': True, 'has_current_demand': False, 'has_future_demand': False}"
chhatrapati sambhajinagar,,architectural draughtsman,Insufficient Data,Data Ingestion Required,Collect further supply and demand data for architectural draughtsman in chhatrapati sambhajinagar before allocating government training resources.,Confidence rating (0.4) is below the required operational threshold (0.5).,"{'supply_score': 0.34, 'current_demand_score': 50.0, 'current_gap': 49.66, 'priority_score': 49.81, 'future_demand_score': None, 'future_gap': None, 'growth_trend': None}",0.4,"{'has_supply': True, 'has_current_demand': False, 'has_future_demand': False}"
chhatrapati sambhajinagar,,computer operator and programming assistant under dual training system,Insufficient Data,Data Ingestion Required,Collect further supply and demand data for computer operator and programming assistant under dual training system in chhatrapati sambhajinagar before allocating government training resources.,Confidence rating (0.4) is below the required operational threshold (0.5).,"{'supply_score': 0.34, 'current_demand_score': 50.0, 'current_gap': 49.66, 'priority_score': 49.81, 'future_demand_score': None, 'future_gap': None, 'growth_trend': None}",0.4,"{'has_supply': True, 'has_current_demand': False, 'has_future_demand': False}"
chhatrapati sambhajinagar,,cosmetology,Insufficient Data,Data Ingestion Required,Collect further supply and demand data for cosmetology in chhatrapati sambhajinagar before allocating government training resources.,Confidence rating (0.4) is below the required operational threshold (0.5).,"{'supply_score': 0.34, 'current_demand_score': 50.0, 'current_gap': 49.66, 'priority_score': 49.81, 'future_demand_score': None, 'future_gap': None, 'growth_trend': None}",0.4,"{'has_supply': True, 'has_current_demand': False, 'has_future_demand': False}"
chhatrapati sambhajinagar,,draughtsman civil,Insufficient Data,Data Ingestion Required,Collect further supply and demand data for draughtsman civil in chhatrapati sambhajinagar before allocating government training resources.,Confidence rating (0.4) is below the required operational threshold (0.5).,"{'supply_score': 0.34, 'current_demand_score': 50.0, 'current_gap': 49.66, 'priority_score': 49.81, 'future_demand_score': None, 'future_gap': None, 'growth_trend': None}",0.4,"{'has_supply': True, 'has_current_demand': False, 'has_future_demand': False}"
chhatrapati sambhajinagar,,fruit and vegetable processing,Insufficient Data,Data Ingestion Required,Collect further supply and demand data for fruit and vegetable processing in chhatrapati sambhajinagar before allocating government training resources.,Confidence rating (0.4) is below the required operational threshold (0.5).,"{'supply_score': 0.34, 'current_demand_score': 50.0, 'current_gap': 49.66, 'priority_score': 49.81, 'future_demand_score': None, 'future_gap': None, 'growth_trend': None}",0.4,"{'has_supply': True, 'has_current_demand': False, 'has_future_demand': False}"
chhatrapati sambhajinagar,,mason (building constructor),Insufficient Data,Data Ingestion Required,Collect further supply and demand data for mason (building constructor) in chhatrapati sambhajinagar before allocating government training resources.,Confidence rating (0.4) is below the required operational threshold (0.5).,"{'supply_score': 0.34, 'current_demand_score': 50.0, 'current_gap': 49.66, 'priority_score': 49.81, 'future_demand_score': None, 'future_gap': None, 'growth_trend': None}",0.4,"{'has_supply': True, 'has_current_demand': False, 'has_future_demand': False}"
chhatrapati sambhajinagar,,mechanic consumer electronic appliances,Insufficient Data,Data Ingestion Required,Collect further supply and demand data for mechanic consumer electronic appliances in chhatrapati sambhajinagar before allocating government training resources.,Confidence rating (0.4) is below the required operational threshold (0.5).,"{'supply_score': 0.34, 'current_demand_score': 50.0, 'current_gap': 49.66, 'priority_score': 49.81, 'future_demand_score': None, 'future_gap': None, 'growth_trend': None}",0.4,"{'has_supply': True, 'has_current_demand': False, 'has_future_demand': False}"
chhatrapati sambhajinagar,,mechanic machine tool maintenance,Insufficient Data,Data Ingestion Required,Collect further supply and demand data for mechanic machine tool maintenance in chhatrapati sambhajinagar before allocating government training resources.,Confidence rating (0.4) is below the required operational threshold (0.5).,"{'supply_score': 0.34, 'current_demand_score': 50.0, 'current_gap': 49.66, 'priority_score': 49.81, 'future_demand_score': None, 'future_gap': None, 'growth_trend': None}",0.4,"{'has_supply': True, 'has_current_demand': False, 'has_future_demand': False}"
chhatrapati sambhajinagar,,mechanic motor vehicle,Insufficient Data,Data Ingestion Required,Collect further supply and demand data for mechanic motor vehicle in chhatrapati sambhajinagar before allocating government training resources.,Confidence rating (0.4) is below the required operational threshold (0.5).,"{'supply_score': 0.34, 'current_demand_score': 50.0, 'current_gap': 49.66, 'priority_score': 49.81, 'future_demand_score': None, 'future_gap': None, 'growth_trend': None}",0.4,"{'has_supply': True, 'has_current_demand': False, 'has_future_demand': False}"
chhatrapati sambhajinagar,,refrigeration and air conditioner technician under dual training system,Insufficient Data,Data Ingestion Required,Collect further supply and demand data for refrigeration and air conditioner technician under dual training system in chhatrapati sambhajinagar before allocating government training resources.,Confidence rating (0.4) is below the required operational threshold (0.5).,"{'supply_score': 0.34, 'current_demand_score': 50.0, 'current_gap': 49.66, 'priority_score': 49.81, 'future_demand_score': None, 'future_gap': None, 'growth_trend': None}",0.4,"{'has_supply': True, 'has_current_demand': False, 'has_future_demand': False}"
chhatrapati sambhajinagar,,secretarial practice (english),Insufficient Data,Data Ingestion Required,Collect further supply and demand data for secretarial practice (english) in chhatrapati sambhajinagar before allocating government training resources.,Confidence rating (0.4) is below the required operational threshold (0.5).,"{'supply_score': 0.34, 'current_demand_score': 50.0, 'current_gap': 49.66, 'priority_score': 49.81, 'future_demand_score': None, 'future_gap': None, 'growth_trend': None}",0.4,"{'has_supply': True, 'has_current_demand': False, 'has_future_demand': False}"
chhatrapati sambhajinagar,,stenographer secretarial assistant (english),Insufficient Data,Data Ingestion Required,Collect further supply and demand data for stenographer secretarial assistant (english) in chhatrapati sambhajinagar before allocating government training resources.,Confidence rating (0.4) is below the required operational threshold (0.5).,"{'supply_score': 0.34, 'current_demand_score': 50.0, 'current_gap': 49.66, 'priority_score': 49.81, 'future_demand_score': None, 'future_gap': None, 'growth_trend': None}",0.4,"{'has_supply': True, 'has_current_demand': False, 'has_future_demand': False}"
chhatrapati sambhajinagar,,surveyor,Insufficient Data,Data Ingestion Required,Collect further supply and demand data for surveyor in chhatrapati sambhajinagar before allocating government training resources.,Confidence rating (0.4) is below the required operational threshold (0.5).,"{'supply_score': 0.34, 'current_demand_score': 50.0, 'current_gap': 49.66, 'priority_score': 49.81, 'future_demand_score': None, 'future_gap': None, 'growth_trend': None}",0.4,"{'has_supply': True, 'has_current_demand': False, 'has_future_demand': False}"
dharashiv,,desktop publishing operator,Insufficient Data,Data Ingestion Required,Collect further supply and demand data for desktop publishing operator in dharashiv before allocating government training resources.,Confidence rating (0.4) is below the required operational threshold (0.5).,"{'supply_score': 0.34, 'current_demand_score': 50.0, 'current_gap': 49.66, 'priority_score': 49.81, 'future_demand_score': None, 'future_gap': None, 'growth_trend': None}",0.4,"{'has_supply': True, 'has_current_demand': False, 'has_future_demand': False}"
dharashiv,,fruit and vegetable processing,Insufficient Data,Data Ingestion Required,Collect further supply and demand data for fruit and vegetable processing in dharashiv before allocating government training resources.,Confidence rating (0.4) is below the required operational threshold (0.5).,"{'supply_score': 0.34, 'current_demand_score': 50.0, 'current_gap': 49.66, 'priority_score': 49.81, 'future_demand_score': None, 'future_gap': None, 'growth_trend': None}",0.4,"{'has_supply': True, 'has_current_demand': False, 'has_future_demand': False}"
dharashiv,,mason (building constructor),Insufficient Data,Data Ingestion Required,Collect further supply and demand data for mason (building constructor) in dharashiv before allocating government training resources.,Confidence rating (0.4) is below the required operational threshold (0.5).,"{'supply_score': 0.34, 'current_demand_score': 50.0, 'current_gap': 49.66, 'priority_score': 49.81, 'future_demand_score': None, 'future_gap': None, 'growth_trend': None}",0.4,"{'has_supply': True, 'has_current_demand': False, 'has_future_demand': False}"
dharashiv,,mechanic motor vehicle under dual system training,Insufficient Data,Data Ingestion Required,Collect further supply and demand data for mechanic motor vehicle under dual system training in dharashiv before allocating government training resources.,Confidence rating (0.4) is below the required operational threshold (0.5).,"{'supply_score': 0.34, 'current_demand_score': 50.0, 'current_gap': 49.66, 'priority_score': 49.81, 'future_demand_score': None, 'future_gap': None, 'growth_trend': None}",0.4,"{'has_supply': True, 'has_current_demand': False, 'has_future_demand': False}"
dharashiv,,refrigeration and air conditioner technician,Insufficient Data,Data Ingestion Required,Collect further supply and demand data for refrigeration and air conditioner technician in dharashiv before allocating government training resources.,Confidence rating (0.4) is below the required operational threshold (0.5).,"{'supply_score': 0.34, 'current_demand_score': 50.0, 'current_gap': 49.66, 'priority_score': 49.81, 'future_demand_score': None, 'future_gap': None, 'growth_trend': None}",0.4,"{'has_supply': True, 'has_current_demand': False, 'has_future_demand': False}"
dharashiv,,secretarial practice (english),Insufficient Data,Data Ingestion Required,Collect further supply and demand data for secretarial practice (english) in dharashiv before allocating government training resources.,Confidence rating (0.4) is below the required operational threshold (0.5).,"{'supply_score': 0.34, 'current_demand_score': 50.0, 'current_gap': 49.66, 'priority_score': 49.81, 'future_demand_score': None, 'future_gap': None, 'growth_trend': None}",0.4,"{'has_supply': True, 'has_current_demand': False, 'has_future_demand': False}"
dharashiv,,"tool and die maker (press tools, jigs and fixtures)",Insufficient Data,Data Ingestion Required,"Collect further supply and demand data for tool and die maker (press tools, jigs and fixtures) in dharashiv before allocating government training resources.",Confidence rating (0.4) is below the required operational threshold (0.5).,"{'supply_score': 0.34, 'current_demand_score': 50.0, 'current_gap': 49.66, 'priority_score': 49.81, 'future_demand_score': None, 'future_gap': None, 'growth_trend': None}",0.4,"{'has_supply': True, 'has_current_demand': False, 'has_future_demand': False}"
dharashiv,,wood work technician,Insufficient Data,Data Ingestion Required,Collect further supply and demand data for wood work technician in dharashiv before allocating government training resources.,Confidence rating (0.4) is below the required operational threshold (0.5).,"{'supply_score': 0.34, 'current_demand_score': 50.0, 'current_gap': 49.66, 'priority_score': 49.81, 'future_demand_score': None, 'future_gap': None, 'growth_trend': None}",0.4,"{'has_supply': True, 'has_current_demand': False, 'has_future_demand': False}"
dhule,,draughtsman civil,Insufficient Data,Data Ingestion Required,Collect further supply and demand data for draughtsman civil in dhule before allocating government training resources.,Confidence rating (0.4) is below the required operational threshold (0.5).,"{'supply_score': 0.34, 'current_demand_score': 50.0, 'current_gap': 49.66, 'priority_score': 49.81, 'future_demand_score': None, 'future_gap': None, 'growth_trend': None}",0.4,"{'has_supply': True, 'has_current_demand': False, 'has_future_demand': False}"
dhule,,electronics mechanic under dual training system,Insufficient Data,Data Ingestion Required,Collect further supply and demand data for electronics mechanic under dual training system in dhule before allocating government training resources.,Confidence rating (0.4) is below the required operational threshold (0.5).,"{'supply_score': 0.34, 'current_demand_score': 50.0, 'current_gap': 49.66, 'priority_score': 49.81, 'future_demand_score': None, 'future_gap': None, 'growth_trend': None}",0.4,"{'has_supply': True, 'has_current_demand': False, 'has_future_demand': False}"
dhule,,foundryman,Insufficient Data,Data Ingestion Required,Collect further supply and demand data for foundryman in dhule before allocating government training resources.,Confidence rating (0.4) is below the required operational threshold (0.5).,"{'supply_score': 0.34, 'current_demand_score': 50.0, 'current_gap': 49.66, 'priority_score': 49.81, 'future_demand_score': None, 'future_gap': None, 'growth_trend': None}",0.4,"{'has_supply': True, 'has_current_demand': False, 'has_future_demand': False}"
dhule,,information and communication technology system maintenance,Insufficient Data,Data Ingestion Required,Collect further supply and demand data for information and communication technology system maintenance in dhule before allocating government training resources.,Confidence rating (0.4) is below the required operational threshold (0.5).,"{'supply_score': 0.34, 'current_demand_score': 50.0, 'current_gap': 49.66, 'priority_score': 49.81, 'future_demand_score': None, 'future_gap': None, 'growth_trend': None}",0.4,"{'has_supply': True, 'has_current_demand': False, 'has_future_demand': False}"
dhule,,mechanic diesel,Insufficient Data,Data Ingestion Required,Collect further supply and demand data for mechanic diesel in dhule before allocating government training resources.,Confidence rating (0.4) is below the required operational threshold (0.5).,"{'supply_score': 0.34, 'current_demand_score': 50.0, 'current_gap': 49.66, 'priority_score': 49.81, 'future_demand_score': None, 'future_gap': None, 'growth_trend': None}",0.4,"{'has_supply': True, 'has_current_demand': False, 'has_future_demand': False}"
dhule,,mechanic machine tool maintenance,Insufficient Data,Data Ingestion Required,Collect further supply and demand data for mechanic machine tool maintenance in dhule before allocating government training resources.,Confidence rating (0.4) is below the required operational threshold (0.5).,"{'supply_score': 0.34, 'current_demand_score': 50.0, 'current_gap': 49.66, 'priority_score': 49.81, 'future_demand_score': None, 'future_gap': None, 'growth_trend': None}",0.4,"{'has_supply': True, 'has_current_demand': False, 'has_future_demand': False}"
dhule,,wood work technician,Insufficient Data,Data Ingestion Required,Collect further supply and demand data for wood work technician in dhule before allocating government training resources.,Confidence rating (0.4) is below the required operational threshold (0.5).,"{'supply_score': 0.34, 'current_demand_score': 50.0, 'current_gap': 49.66, 'priority_score': 49.81, 'future_demand_score': None, 'future_gap': None, 'growth_trend': None}",0.4,"{'has_supply': True, 'has_current_demand': False, 'has_future_demand': False}"
gadchiroli,,draughtsman civil,Insufficient Data,Data Ingestion Required,Collect further supply and demand data for draughtsman civil in gadchiroli before allocating government training resources.,Confidence rating (0.4) is below the required operational threshold (0.5).,"{'supply_score': 0.34, 'current_demand_score': 50.0, 'current_gap': 49.66, 'priority_score': 49.81, 'future_demand_score': None, 'future_gap': None, 'growth_trend': None}",0.4,"{'has_supply': True, 'has_current_demand': False, 'has_future_demand': False}"
gadchiroli,,interior design and decoration,Insufficient Data,Data Ingestion Required,Collect further supply and demand data for interior design and decoration in gadchiroli before allocating government training resources.,Confidence rating (0.4) is below the required operational threshold (0.5).,"{'supply_score': 0.34, 'current_demand_score': 50.0, 'current_gap': 49.66, 'priority_score': 49.81, 'future_demand_score': None, 'future_gap': None, 'growth_trend': None}",0.4,"{'has_supply': True, 'has_current_demand': False, 'has_future_demand': False}"
gondia,,cosmetology,Insufficient Data,Data Ingestion Required,Collect further supply and demand data for cosmetology in gondia before allocating government training resources.,Confidence rating (0.4) is below the required operational threshold (0.5).,"{'supply_score': 0.34, 'current_demand_score': 50.0, 'current_gap': 49.66, 'priority_score': 49.81, 'future_demand_score': None, 'future_gap': None, 'growth_trend': None}",0.4,"{'has_supply': True, 'has_current_demand': False, 'has_future_demand': False}"
gondia,,draughtsman civil,Insufficient Data,Data Ingestion Required,Collect further supply and demand data for draughtsman civil in gondia before allocating government training resources.,Confidence rating (0.4) is below the required operational threshold (0.5).,"{'supply_score': 0.34, 'current_demand_score': 50.0, 'current_gap': 49.66, 'priority_score': 49.81, 'future_demand_score': None, 'future_gap': None, 'growth_trend': None}",0.4,"{'has_supply': True, 'has_current_demand': False, 'has_future_demand': False}"
gondia,,mechanic electric vehicle,Insufficient Data,Data Ingestion Required,Collect further supply and demand data for mechanic electric vehicle in gondia before allocating government training resources.,Confidence rating (0.4) is below the required operational threshold (0.5).,"{'supply_score': 0.34, 'current_demand_score': 50.0, 'current_gap': 49.66, 'priority_score': 49.81, 'future_demand_score': None, 'future_gap': None, 'growth_trend': None}",0.4,"{'has_supply': True, 'has_current_demand': False, 'has_future_demand': False}"
gondia,,plumber,Insufficient Data,Data Ingestion Required,Collect further supply and demand data for plumber in gondia before allocating government training resources.,Confidence rating (0.4) is below the required operational threshold (0.5).,"{'supply_score': 0.34, 'current_demand_score': 50.0, 'current_gap': 49.66, 'priority_score': 49.81, 'future_demand_score': None, 'future_gap': None, 'growth_trend': None}",0.4,"{'has_supply': True, 'has_current_demand': False, 'has_future_demand': False}"
gondia,,refrigeration and air conditioner technician,Insufficient Data,Data Ingestion Required,Collect further supply and demand data for refrigeration and air conditioner technician in gondia before allocating government training resources.,Confidence rating (0.4) is below the required operational threshold (0.5).,"{'supply_score': 0.34, 'current_demand_score': 50.0, 'current_gap': 49.66, 'priority_score': 49.81, 'future_demand_score': None, 'future_gap': None, 'growth_trend': None}",0.4,"{'has_supply': True, 'has_current_demand': False, 'has_future_demand': False}"
gondia,,stenographer secretarial assistant (english),Insufficient Data,Data Ingestion Required,Collect further supply and demand data for stenographer secretarial assistant (english) in gondia before allocating government training resources.,Confidence rating (0.4) is below the required operational threshold (0.5).,"{'supply_score': 0.34, 'current_demand_score': 50.0, 'current_gap': 49.66, 'priority_score': 49.81, 'future_demand_score': None, 'future_gap': None, 'growth_trend': None}",0.4,"{'has_supply': True, 'has_current_demand': False, 'has_future_demand': False}"
gondia,,wood work technician,Insufficient Data,Data Ingestion Required,Collect further supply and demand data for wood work technician in gondia before allocating government training resources.,Confidence rating (0.4) is below the required operational threshold (0.5).,"{'supply_score': 0.34, 'current_demand_score': 50.0, 'current_gap': 49.66, 'priority_score': 49.81, 'future_demand_score': None, 'future_gap': None, 'growth_trend': None}",0.4,"{'has_supply': True, 'has_current_demand': False, 'has_future_demand': False}"
hingoli,,architectural draughtsman,Insufficient Data,Data Ingestion Required,Collect further supply and demand data for architectural draughtsman in hingoli before allocating government training resources.,Confidence rating (0.4) is below the required operational threshold (0.5).,"{'supply_score': 0.34, 'current_demand_score': 50.0, 'current_gap': 49.66, 'priority_score': 49.81, 'future_demand_score': None, 'future_gap': None, 'growth_trend': None}",0.4,"{'has_supply': True, 'has_current_demand': False, 'has_future_demand': False}"
hingoli,,mason (building constructor),Insufficient Data,Data Ingestion Required,Collect further supply and demand data for mason (building constructor) in hingoli before allocating government training resources.,Confidence rating (0.4) is below the required operational threshold (0.5).,"{'supply_score': 0.34, 'current_demand_score': 50.0, 'current_gap': 49.66, 'priority_score': 49.81, 'future_demand_score': None, 'future_gap': None, 'growth_trend': None}",0.4,"{'has_supply': True, 'has_current_demand': False, 'has_future_demand': False}"
hingoli,,mechanic diesel,Insufficient Data,Data Ingestion Required,Collect further supply and demand data for mechanic diesel in hingoli before allocating government training resources.,Confidence rating (0.4) is below the required operational threshold (0.5).,"{'supply_score': 0.34, 'current_demand_score': 50.0, 'current_gap': 49.66, 'priority_score': 49.81, 'future_demand_score': None, 'future_gap': None, 'growth_trend': None}",0.4,"{'has_supply': True, 'has_current_demand': False, 'has_future_demand': False}"
hingoli,,mechanic motor vehicle,Insufficient Data,Data Ingestion Required,Collect further supply and demand data for mechanic motor vehicle in hingoli before allocating government training resources.,Confidence rating (0.4) is below the required operational threshold (0.5).,"{'supply_score': 0.34, 'current_demand_score': 50.0, 'current_gap': 49.66, 'priority_score': 49.81, 'future_demand_score': None, 'future_gap': None, 'growth_trend': None}",0.4,"{'has_supply': True, 'has_current_demand': False, 'has_future_demand': False}"
hingoli,,wood work technician,Insufficient Data,Data Ingestion Required,Collect further supply and demand data for wood work technician in hingoli before allocating government training resources.,Confidence rating (0.4) is below the required operational threshold (0.5).,"{'supply_score': 0.34, 'current_demand_score': 50.0, 'current_gap': 49.66, 'priority_score': 49.81, 'future_demand_score': None, 'future_gap': None, 'growth_trend': None}",0.4,"{'has_supply': True, 'has_current_demand': False, 'has_future_demand': False}"
jalgaon,,baker and confectioner,Insufficient Data,Data Ingestion Required,Collect further supply and demand data for baker and confectioner in jalgaon before allocating government training resources.,Confidence rating (0.4) is below the required operational threshold (0.5).,"{'supply_score': 0.34, 'current_demand_score': 50.0, 'current_gap': 49.66, 'priority_score': 49.81, 'future_demand_score': None, 'future_gap': None, 'growth_trend': None}",0.4,"{'has_supply': True, 'has_current_demand': False, 'has_future_demand': False}"
jalgaon,,draughtsman civil,Insufficient Data,Data Ingestion Required,Collect further supply and demand data for draughtsman civil in jalgaon before allocating government training resources.,Confidence rating (0.4) is below the required operational threshold (0.5).,"{'supply_score': 0.34, 'current_demand_score': 50.0, 'current_gap': 49.66, 'priority_score': 49.81, 'future_demand_score': None, 'future_gap': None, 'growth_trend': None}",0.4,"{'has_supply': True, 'has_current_demand': False, 'has_future_demand': False}"
jalgaon,,foundryman under dual training system,Insufficient Data,Data Ingestion Required,Collect further supply and demand data for foundryman under dual training system in jalgaon before allocating government training resources.,Confidence rating (0.4) is below the required operational threshold (0.5).,"{'supply_score': 0.34, 'current_demand_score': 50.0, 'current_gap': 49.66, 'priority_score': 49.81, 'future_demand_score': None, 'future_gap': None, 'growth_trend': None}",0.4,"{'has_supply': True, 'has_current_demand': False, 'has_future_demand': False}"
jalgaon,,mechanic machine tool maintenance,Insufficient Data,Data Ingestion Required,Collect further supply and demand data for mechanic machine tool maintenance in jalgaon before allocating government training resources.,Confidence rating (0.4) is below the required operational threshold (0.5).,"{'supply_score': 0.34, 'current_demand_score': 50.0, 'current_gap': 49.66, 'priority_score': 49.81, 'future_demand_score': None, 'future_gap': None, 'growth_trend': None}",0.4,"{'has_supply': True, 'has_current_demand': False, 'has_future_demand': False}"
jalgaon,,surveyor,Insufficient Data,Data Ingestion Required,Collect further supply and demand data for surveyor in jalgaon before allocating government training resources.,Confidence rating (0.4) is below the required operational threshold (0.5).,"{'supply_score': 0.34, 'current_demand_score': 50.0, 'current_gap': 49.66, 'priority_score': 49.81, 'future_demand_score': None, 'future_gap': None, 'growth_trend': None}",0.4,"{'has_supply': True, 'has_current_demand': False, 'has_future_demand': False}"
jalgaon,,tool and die maker (dies and moulds),Insufficient Data,Data Ingestion Required,Collect further supply and demand data for tool and die maker (dies and moulds) in jalgaon before allocating government training resources.,Confidence rating (0.4) is below the required operational threshold (0.5).,"{'supply_score': 0.34, 'current_demand_score': 50.0, 'current_gap': 49.66, 'priority_score': 49.81, 'future_demand_score': None, 'future_gap': None, 'growth_trend': None}",0.4,"{'has_supply': True, 'has_current_demand': False, 'has_future_demand': False}"
jalna,,baker and confectioner,Insufficient Data,Data Ingestion Required,Collect further supply and demand data for baker and confectioner in jalna before allocating government training resources.,Confidence rating (0.4) is below the required operational threshold (0.5).,"{'supply_score': 0.34, 'current_demand_score': 50.0, 'current_gap': 49.66, 'priority_score': 49.81, 'future_demand_score': None, 'future_gap': None, 'growth_trend': None}",0.4,"{'has_supply': True, 'has_current_demand': False, 'has_future_demand': False}"
jalna,,computer hardware and network maintenance,Insufficient Data,Data Ingestion Required,Collect further supply and demand data for computer hardware and network maintenance in jalna before allocating government training resources.,Confidence rating (0.4) is below the required operational threshold (0.5).,"{'supply_score': 0.34, 'current_demand_score': 50.0, 'current_gap': 49.66, 'priority_score': 49.81, 'future_demand_score': None, 'future_gap': None, 'growth_trend': None}",0.4,"{'has_supply': True, 'has_current_demand': False, 'has_future_demand': False}"
jalna,,cosmetology,Insufficient Data,Data Ingestion Required,Collect further supply and demand data for cosmetology in jalna before allocating government training resources.,Confidence rating (0.4) is below the required operational threshold (0.5).,"{'supply_score': 0.34, 'current_demand_score': 50.0, 'current_gap': 49.66, 'priority_score': 49.81, 'future_demand_score': None, 'future_gap': None, 'growth_trend': None}",0.4,"{'has_supply': True, 'has_current_demand': False, 'has_future_demand': False}"
jalna,,electronics mechanic,Insufficient Data,Data Ingestion Required,Collect further supply and demand data for electronics mechanic in jalna before allocating government training resources.,Confidence rating (0.4) is below the required operational threshold (0.5).,"{'supply_score': 0.34, 'current_demand_score': 50.0, 'current_gap': 49.66, 'priority_score': 49.81, 'future_demand_score': None, 'future_gap': None, 'growth_trend': None}",0.4,"{'has_supply': True, 'has_current_demand': False, 'has_future_demand': False}"
jalna,,electronics mechanic under dual training system,Insufficient Data,Data Ingestion Required,Collect further supply and demand data for electronics mechanic under dual training system in jalna before allocating government training resources.,Confidence rating (0.4) is below the required operational threshold (0.5).,"{'supply_score': 0.34, 'current_demand_score': 50.0, 'current_gap': 49.66, 'priority_score': 49.81, 'future_demand_score': None, 'future_gap': None, 'growth_trend': None}",0.4,"{'has_supply': True, 'has_current_demand': False, 'has_future_demand': False}"
jalna,,information and communication technology system maintenance,Insufficient Data,Data Ingestion Required,Collect further supply and demand data for information and communication technology system maintenance in jalna before allocating government training resources.,Confidence rating (0.4) is below the required operational threshold (0.5).,"{'supply_score': 0.34, 'current_demand_score': 50.0, 'current_gap': 49.66, 'priority_score': 49.81, 'future_demand_score': None, 'future_gap': None, 'growth_trend': None}",0.4,"{'has_supply': True, 'has_current_demand': False, 'has_future_demand': False}"
jalna,,mechanic electric vehicle,Insufficient Data,Data Ingestion Required,Collect further supply and demand data for mechanic electric vehicle in jalna before allocating government training resources.,Confidence rating (0.4) is below the required operational threshold (0.5).,"{'supply_score': 0.34, 'current_demand_score': 50.0, 'current_gap': 49.66, 'priority_score': 49.81, 'future_demand_score': None, 'future_gap': None, 'growth_trend': None}",0.4,"{'has_supply': True, 'has_current_demand': False, 'has_future_demand': False}"
jalna,,mechanic motor vehicle,Insufficient Data,Data Ingestion Required,Collect further supply and demand data for mechanic motor vehicle in jalna before allocating government training resources.,Confidence rating (0.4) is below the required operational threshold (0.5).,"{'supply_score': 0.34, 'current_demand_score': 50.0, 'current_gap': 49.66, 'priority_score': 49.81, 'future_demand_score': None, 'future_gap': None, 'growth_trend': None}",0.4,"{'has_supply': True, 'has_current_demand': False, 'has_future_demand': False}"
jalna,,mechanic motor vehicle under dual system training,Insufficient Data,Data Ingestion Required,Collect further supply and demand data for mechanic motor vehicle under dual system training in jalna before allocating government training resources.,Confidence rating (0.4) is below the required operational threshold (0.5).,"{'supply_score': 0.34, 'current_demand_score': 50.0, 'current_gap': 49.66, 'priority_score': 49.81, 'future_demand_score': None, 'future_gap': None, 'growth_trend': None}",0.4,"{'has_supply': True, 'has_current_demand': False, 'has_future_demand': False}"
kolhapur,,food production (general),Insufficient Data,Data Ingestion Required,Collect further supply and demand data for food production (general) in kolhapur before allocating government training resources.,Confidence rating (0.4) is below the required operational threshold (0.5).,"{'supply_score': 0.34, 'current_demand_score': 50.0, 'current_gap': 49.66, 'priority_score': 49.81, 'future_demand_score': None, 'future_gap': None, 'growth_trend': None}",0.4,"{'has_supply': True, 'has_current_demand': False, 'has_future_demand': False}"
kolhapur,,fruit and vegetable processing,Insufficient Data,Data Ingestion Required,Collect further supply and demand data for fruit and vegetable processing in kolhapur before allocating government training resources.,Confidence rating (0.4) is below the required operational threshold (0.5).,"{'supply_score': 0.34, 'current_demand_score': 50.0, 'current_gap': 49.66, 'priority_score': 49.81, 'future_demand_score': None, 'future_gap': None, 'growth_trend': None}",0.4,"{'has_supply': True, 'has_current_demand': False, 'has_future_demand': False}"
kolhapur,,information and communication technology system maintenance,Insufficient Data,Data Ingestion Required,Collect further supply and demand data for information and communication technology system maintenance in kolhapur before allocating government training resources.,Confidence rating (0.4) is below the required operational threshold (0.5).,"{'supply_score': 0.34, 'current_demand_score': 50.0, 'current_gap': 49.66, 'priority_score': 49.81, 'future_demand_score': None, 'future_gap': None, 'growth_trend': None}",0.4,"{'has_supply': True, 'has_current_demand': False, 'has_future_demand': False}"
kolhapur,,mason (building constructor),Insufficient Data,Data Ingestion Required,Collect further supply and demand data for mason (building constructor) in kolhapur before allocating government training resources.,Confidence rating (0.4) is below the required operational threshold (0.5).,"{'supply_score': 0.34, 'current_demand_score': 50.0, 'current_gap': 49.66, 'priority_score': 49.81, 'future_demand_score': None, 'future_gap': None, 'growth_trend': None}",0.4,"{'has_supply': True, 'has_current_demand': False, 'has_future_demand': False}"
kolhapur,,mechanic agricultural machinery,Insufficient Data,Data Ingestion Required,Collect further supply and demand data for mechanic agricultural machinery in kolhapur before allocating government training resources.,Confidence rating (0.4) is below the required operational threshold (0.5).,"{'supply_score': 0.34, 'current_demand_score': 50.0, 'current_gap': 49.66, 'priority_score': 49.81, 'future_demand_score': None, 'future_gap': None, 'growth_trend': None}",0.4,"{'has_supply': True, 'has_current_demand': False, 'has_future_demand': False}"
kolhapur,,mechanic machine tool maintenance,Insufficient Data,Data Ingestion Required,Collect further supply and demand data for mechanic machine tool maintenance in kolhapur before allocating government training resources.,Confidence rating (0.4) is below the required operational threshold (0.5).,"{'supply_score': 0.34, 'current_demand_score': 50.0, 'current_gap': 49.66, 'priority_score': 49.81, 'future_demand_score': None, 'future_gap': None, 'growth_trend': None}",0.4,"{'has_supply': True, 'has_current_demand': False, 'has_future_demand': False}"
kolhapur,,stenographer secretarial assistant (english),Insufficient Data,Data Ingestion Required,Collect further supply and demand data for stenographer secretarial assistant (english) in kolhapur before allocating government training resources.,Confidence rating (0.4) is below the required operational threshold (0.5).,"{'supply_score': 0.34, 'current_demand_score': 50.0, 'current_gap': 49.66, 'priority_score': 49.81, 'future_demand_score': None, 'future_gap': None, 'growth_trend': None}",0.4,"{'has_supply': True, 'has_current_demand': False, 'has_future_demand': False}"
kolhapur,,surveyor,Insufficient Data,Data Ingestion Required,Collect further supply and demand data for surveyor in kolhapur before allocating government training resources.,Confidence rating (0.4) is below the required operational threshold (0.5).,"{'supply_score': 0.34, 'current_demand_score': 50.0, 'current_gap': 49.66, 'priority_score': 49.81, 'future_demand_score': None, 'future_gap': None, 'growth_trend': None}",0.4,"{'has_supply': True, 'has_current_demand': False, 'has_future_demand': False}"
kolhapur,,tool and die maker (dies and moulds),Insufficient Data,Data Ingestion Required,Collect further supply and demand data for tool and die maker (dies and moulds) in kolhapur before allocating government training resources.,Confidence rating (0.4) is below the required operational threshold (0.5).,"{'supply_score': 0.34, 'current_demand_score': 50.0, 'current_gap': 49.66, 'priority_score': 49.81, 'future_demand_score': None, 'future_gap': None, 'growth_trend': None}",0.4,"{'has_supply': True, 'has_current_demand': False, 'has_future_demand': False}"
kolhapur,,wood work technician,Insufficient Data,Data Ingestion Required,Collect further supply and demand data for wood work technician in kolhapur before allocating government training resources.,Confidence rating (0.4) is below the required operational threshold (0.5).,"{'supply_score': 0.34, 'current_demand_score': 50.0, 'current_gap': 49.66, 'priority_score': 49.81, 'future_demand_score': None, 'future_gap': None, 'growth_trend': None}",0.4,"{'has_supply': True, 'has_current_demand': False, 'has_future_demand': False}"
latur,,desktop publishing operator,Insufficient Data,Data Ingestion Required,Collect further supply and demand data for desktop publishing operator in latur before allocating government training resources.,Confidence rating (0.4) is below the required operational threshold (0.5).,"{'supply_score': 0.34, 'current_demand_score': 50.0, 'current_gap': 49.66, 'priority_score': 49.81, 'future_demand_score': None, 'future_gap': None, 'growth_trend': None}",0.4,"{'has_supply': True, 'has_current_demand': False, 'has_future_demand': False}"
latur,,food production (general),Insufficient Data,Data Ingestion Required,Collect further supply and demand data for food production (general) in latur before allocating government training resources.,Confidence rating (0.4) is below the required operational threshold (0.5).,"{'supply_score': 0.34, 'current_demand_score': 50.0, 'current_gap': 49.66, 'priority_score': 49.81, 'future_demand_score': None, 'future_gap': None, 'growth_trend': None}",0.4,"{'has_supply': True, 'has_current_demand': False, 'has_future_demand': False}"
latur,,fruit and vegetable processing,Insufficient Data,Data Ingestion Required,Collect further supply and demand data for fruit and vegetable processing in latur before allocating government training resources.,Confidence rating (0.4) is below the required operational threshold (0.5).,"{'supply_score': 0.34, 'current_demand_score': 50.0, 'current_gap': 49.66, 'priority_score': 49.81, 'future_demand_score': None, 'future_gap': None, 'growth_trend': None}",0.4,"{'has_supply': True, 'has_current_demand': False, 'has_future_demand': False}"
latur,,mechanic agricultural machinery,Insufficient Data,Data Ingestion Required,Collect further supply and demand data for mechanic agricultural machinery in latur before allocating government training resources.,Confidence rating (0.4) is below the required operational threshold (0.5).,"{'supply_score': 0.34, 'current_demand_score': 50.0, 'current_gap': 49.66, 'priority_score': 49.81, 'future_demand_score': None, 'future_gap': None, 'growth_trend': None}",0.4,"{'has_supply': True, 'has_current_demand': False, 'has_future_demand': False}"
latur,,physiotherapy technician,Insufficient Data,Data Ingestion Required,Collect further supply and demand data for physiotherapy technician in latur before allocating government training resources.,Confidence rating (0.4) is below the required operational threshold (0.5).,"{'supply_score': 0.34, 'current_demand_score': 50.0, 'current_gap': 49.66, 'priority_score': 49.81, 'future_demand_score': None, 'future_gap': None, 'growth_trend': None}",0.4,"{'has_supply': True, 'has_current_demand': False, 'has_future_demand': False}"
latur,,secretarial practice (english),Insufficient Data,Data Ingestion Required,Collect further supply and demand data for secretarial practice (english) in latur before allocating government training resources.,Confidence rating (0.4) is below the required operational threshold (0.5).,"{'supply_score': 0.34, 'current_demand_score': 50.0, 'current_gap': 49.66, 'priority_score': 49.81, 'future_demand_score': None, 'future_gap': None, 'growth_trend': None}",0.4,"{'has_supply': True, 'has_current_demand': False, 'has_future_demand': False}"
latur,,stenographer secretarial assistant (english),Insufficient Data,Data Ingestion Required,Collect further supply and demand data for stenographer secretarial assistant (english) in latur before allocating government training resources.,Confidence rating (0.4) is below the required operational threshold (0.5).,"{'supply_score': 0.34, 'current_demand_score': 50.0, 'current_gap': 49.66, 'priority_score': 49.81, 'future_demand_score': None, 'future_gap': None, 'growth_trend': None}",0.4,"{'has_supply': True, 'has_current_demand': False, 'has_future_demand': False}"
mumbai,,mason (building constructor),Insufficient Data,Data Ingestion Required,Collect further supply and demand data for mason (building constructor) in mumbai before allocating government training resources.,Confidence rating (0.4) is below the required operational threshold (0.5).,"{'supply_score': 0.34, 'current_demand_score': 50.0, 'current_gap': 49.66, 'priority_score': 49.81, 'future_demand_score': None, 'future_gap': None, 'growth_trend': None}",0.4,"{'has_supply': True, 'has_current_demand': False, 'has_future_demand': False}"
mumbai,,mechanic machine tool maintenance,Insufficient Data,Data Ingestion Required,Collect further supply and demand data for mechanic machine tool maintenance in mumbai before allocating government training resources.,Confidence rating (0.4) is below the required operational threshold (0.5).,"{'supply_score': 0.34, 'current_demand_score': 50.0, 'current_gap': 49.66, 'priority_score': 49.81, 'future_demand_score': None, 'future_gap': None, 'growth_trend': None}",0.4,"{'has_supply': True, 'has_current_demand': False, 'has_future_demand': False}"
mumbai,,secretarial practice (english),Insufficient Data,Data Ingestion Required,Collect further supply and demand data for secretarial practice (english) in mumbai before allocating government training resources.,Confidence rating (0.4) is below the required operational threshold (0.5).,"{'supply_score': 0.34, 'current_demand_score': 50.0, 'current_gap': 49.66, 'priority_score': 49.81, 'future_demand_score': None, 'future_gap': None, 'growth_trend': None}",0.4,"{'has_supply': True, 'has_current_demand': False, 'has_future_demand': False}"
mumbai,,surveyor,Insufficient Data,Data Ingestion Required,Collect further supply and demand data for surveyor in mumbai before allocating government training resources.,Confidence rating (0.4) is below the required operational threshold (0.5).,"{'supply_score': 0.34, 'current_demand_score': 50.0, 'current_gap': 49.66, 'priority_score': 49.81, 'future_demand_score': None, 'future_gap': None, 'growth_trend': None}",0.4,"{'has_supply': True, 'has_current_demand': False, 'has_future_demand': False}"
mumbai,,technician mechatronics,Insufficient Data,Data Ingestion Required,Collect further supply and demand data for technician mechatronics in mumbai before allocating government training resources.,Confidence rating (0.4) is below the required operational threshold (0.5).,"{'supply_score': 0.34, 'current_demand_score': 50.0, 'current_gap': 49.66, 'priority_score': 49.81, 'future_demand_score': None, 'future_gap': None, 'growth_trend': None}",0.4,"{'has_supply': True, 'has_current_demand': False, 'has_future_demand': False}"
mumbai,,"tool and die maker (press tools, jigs and fixtures)",Insufficient Data,Data Ingestion Required,"Collect further supply and demand data for tool and die maker (press tools, jigs and fixtures) in mumbai before allocating government training resources.",Confidence rating (0.4) is below the required operational threshold (0.5).,"{'supply_score': 0.34, 'current_demand_score': 50.0, 'current_gap': 49.66, 'priority_score': 49.81, 'future_demand_score': None, 'future_gap': None, 'growth_trend': None}",0.4,"{'has_supply': True, 'has_current_demand': False, 'has_future_demand': False}"
mumbai suburban,,computer hardware and network maintenance,Insufficient Data,Data Ingestion Required,Collect further supply and demand data for computer hardware and network maintenance in mumbai suburban before allocating government training resources.,Confidence rating (0.4) is below the required operational threshold (0.5).,"{'supply_score': 0.34, 'current_demand_score': 50.0, 'current_gap': 49.66, 'priority_score': 49.81, 'future_demand_score': None, 'future_gap': None, 'growth_trend': None}",0.4,"{'has_supply': True, 'has_current_demand': False, 'has_future_demand': False}"
mumbai suburban,,cosmetology,Insufficient Data,Data Ingestion Required,Collect further supply and demand data for cosmetology in mumbai suburban before allocating government training resources.,Confidence rating (0.4) is below the required operational threshold (0.5).,"{'supply_score': 0.34, 'current_demand_score': 50.0, 'current_gap': 49.66, 'priority_score': 49.81, 'future_demand_score': None, 'future_gap': None, 'growth_trend': None}",0.4,"{'has_supply': True, 'has_current_demand': False, 'has_future_demand': False}"
mumbai suburban,,food production (general) under dual training system,Insufficient Data,Data Ingestion Required,Collect further supply and demand data for food production (general) under dual training system in mumbai suburban before allocating government training resources.,Confidence rating (0.4) is below the required operational threshold (0.5).,"{'supply_score': 0.34, 'current_demand_score': 50.0, 'current_gap': 49.66, 'priority_score': 49.81, 'future_demand_score': None, 'future_gap': None, 'growth_trend': None}",0.4,"{'has_supply': True, 'has_current_demand': False, 'has_future_demand': False}"
mumbai suburban,,interior design and decoration,Insufficient Data,Data Ingestion Required,Collect further supply and demand data for interior design and decoration in mumbai suburban before allocating government training resources.,Confidence rating (0.4) is below the required operational threshold (0.5).,"{'supply_score': 0.34, 'current_demand_score': 50.0, 'current_gap': 49.66, 'priority_score': 49.81, 'future_demand_score': None, 'future_gap': None, 'growth_trend': None}",0.4,"{'has_supply': True, 'has_current_demand': False, 'has_future_demand': False}"
mumbai suburban,,lift and escalator mechanic,Insufficient Data,Data Ingestion Required,Collect further supply and demand data for lift and escalator mechanic in mumbai suburban before allocating government training resources.,Confidence rating (0.4) is below the required operational threshold (0.5).,"{'supply_score': 0.34, 'current_demand_score': 50.0, 'current_gap': 49.66, 'priority_score': 49.81, 'future_demand_score': None, 'future_gap': None, 'growth_trend': None}",0.4,"{'has_supply': True, 'has_current_demand': False, 'has_future_demand': False}"
mumbai suburban,,lift and escalator mechanic under dual training system,Insufficient Data,Data Ingestion Required,Collect further supply and demand data for lift and escalator mechanic under dual training system in mumbai suburban before allocating government training resources.,Confidence rating (0.4) is below the required operational threshold (0.5).,"{'supply_score': 0.34, 'current_demand_score': 50.0, 'current_gap': 49.66, 'priority_score': 49.81, 'future_demand_score': None, 'future_gap': None, 'growth_trend': None}",0.4,"{'has_supply': True, 'has_current_demand': False, 'has_future_demand': False}"
mumbai suburban,,mechanic machine tool maintenance,Insufficient Data,Data Ingestion Required,Collect further supply and demand data for mechanic machine tool maintenance in mumbai suburban before allocating government training resources.,Confidence rating (0.4) is below the required operational threshold (0.5).,"{'supply_score': 0.34, 'current_demand_score': 50.0, 'current_gap': 49.66, 'priority_score': 49.81, 'future_demand_score': None, 'future_gap': None, 'growth_trend': None}",0.4,"{'has_supply': True, 'has_current_demand': False, 'has_future_demand': False}"
mumbai suburban,,plumber,Insufficient Data,Data Ingestion Required,Collect further supply and demand data for plumber in mumbai suburban before allocating government training resources.,Confidence rating (0.4) is below the required operational threshold (0.5).,"{'supply_score': 0.34, 'current_demand_score': 50.0, 'current_gap': 49.66, 'priority_score': 49.81, 'future_demand_score': None, 'future_gap': None, 'growth_trend': None}",0.4,"{'has_supply': True, 'has_current_demand': False, 'has_future_demand': False}"
mumbai suburban,,technician mechatronics,Insufficient Data,Data Ingestion Required,Collect further supply and demand data for technician mechatronics in mumbai suburban before allocating government training resources.,Confidence rating (0.4) is below the required operational threshold (0.5).,"{'supply_score': 0.34, 'current_demand_score': 50.0, 'current_gap': 49.66, 'priority_score': 49.81, 'future_demand_score': None, 'future_gap': None, 'growth_trend': None}",0.4,"{'has_supply': True, 'has_current_demand': False, 'has_future_demand': False}"
mumbai suburban,,technician power electronic systems under dual training system,Insufficient Data,Data Ingestion Required,Collect further supply and demand data for technician power electronic systems under dual training system in mumbai suburban before allocating government training resources.,Confidence rating (0.4) is below the required operational threshold (0.5).,"{'supply_score': 0.34, 'current_demand_score': 50.0, 'current_gap': 49.66, 'priority_score': 49.81, 'future_demand_score': None, 'future_gap': None, 'growth_trend': None}",0.4,"{'has_supply': True, 'has_current_demand': False, 'has_future_demand': False}"
mumbai suburban,,"tool and die maker (press tools, jigs and fixtures)",Insufficient Data,Data Ingestion Required,"Collect further supply and demand data for tool and die maker (press tools, jigs and fixtures) in mumbai suburban before allocating government training resources.",Confidence rating (0.4) is below the required operational threshold (0.5).,"{'supply_score': 0.34, 'current_demand_score': 50.0, 'current_gap': 49.66, 'priority_score': 49.81, 'future_demand_score': None, 'future_gap': None, 'growth_trend': None}",0.4,"{'has_supply': True, 'has_current_demand': False, 'has_future_demand': False}"
mumbai suburban,,wood work technician,Insufficient Data,Data Ingestion Required,Collect further supply and demand data for wood work technician in mumbai suburban before allocating government training resources.,Confidence rating (0.4) is below the required operational threshold (0.5).,"{'supply_score': 0.34, 'current_demand_score': 50.0, 'current_gap': 49.66, 'priority_score': 49.81, 'future_demand_score': None, 'future_gap': None, 'growth_trend': None}",0.4,"{'has_supply': True, 'has_current_demand': False, 'has_future_demand': False}"
nagpur,,computer hardware and network maintenance,Insufficient Data,Data Ingestion Required,Collect further supply and demand data for computer hardware and network maintenance in nagpur before allocating government training resources.,Confidence rating (0.4) is below the required operational threshold (0.5).,"{'supply_score': 0.34, 'current_demand_score': 50.0, 'current_gap': 49.66, 'priority_score': 49.81, 'future_demand_score': None, 'future_gap': None, 'growth_trend': None}",0.4,"{'has_supply': True, 'has_current_demand': False, 'has_future_demand': False}"
nagpur,,health sanitary inspector,Insufficient Data,Data Ingestion Required,Collect further supply and demand data for health sanitary inspector in nagpur before allocating government training resources.,Confidence rating (0.4) is below the required operational threshold (0.5).,"{'supply_score': 0.34, 'current_demand_score': 50.0, 'current_gap': 49.66, 'priority_score': 49.81, 'future_demand_score': None, 'future_gap': None, 'growth_trend': None}",0.4,"{'has_supply': True, 'has_current_demand': False, 'has_future_demand': False}"
nagpur,,instrument mechanic,Insufficient Data,Data Ingestion Required,Collect further supply and demand data for instrument mechanic in nagpur before allocating government training resources.,Confidence rating (0.4) is below the required operational threshold (0.5).,"{'supply_score': 0.34, 'current_demand_score': 50.0, 'current_gap': 49.66, 'priority_score': 49.81, 'future_demand_score': None, 'future_gap': None, 'growth_trend': None}",0.4,"{'has_supply': True, 'has_current_demand': False, 'has_future_demand': False}"
nagpur,,mechanic electric vehicle,Insufficient Data,Data Ingestion Required,Collect further supply and demand data for mechanic electric vehicle in nagpur before allocating government training resources.,Confidence rating (0.4) is below the required operational threshold (0.5).,"{'supply_score': 0.34, 'current_demand_score': 50.0, 'current_gap': 49.66, 'priority_score': 49.81, 'future_demand_score': None, 'future_gap': None, 'growth_trend': None}",0.4,"{'has_supply': True, 'has_current_demand': False, 'has_future_demand': False}"
nagpur,,secretarial practice (english),Insufficient Data,Data Ingestion Required,Collect further supply and demand data for secretarial practice (english) in nagpur before allocating government training resources.,Confidence rating (0.4) is below the required operational threshold (0.5).,"{'supply_score': 0.34, 'current_demand_score': 50.0, 'current_gap': 49.66, 'priority_score': 49.81, 'future_demand_score': None, 'future_gap': None, 'growth_trend': None}",0.4,"{'has_supply': True, 'has_current_demand': False, 'has_future_demand': False}"
nanded,,architectural draughtsman,Insufficient Data,Data Ingestion Required,Collect further supply and demand data for architectural draughtsman in nanded before allocating government training resources.,Confidence rating (0.4) is below the required operational threshold (0.5).,"{'supply_score': 0.34, 'current_demand_score': 50.0, 'current_gap': 49.66, 'priority_score': 49.81, 'future_demand_score': None, 'future_gap': None, 'growth_trend': None}",0.4,"{'has_supply': True, 'has_current_demand': False, 'has_future_demand': False}"
nanded,,computer hardware and network maintenance,Insufficient Data,Data Ingestion Required,Collect further supply and demand data for computer hardware and network maintenance in nanded before allocating government training resources.,Confidence rating (0.4) is below the required operational threshold (0.5).,"{'supply_score': 0.34, 'current_demand_score': 50.0, 'current_gap': 49.66, 'priority_score': 49.81, 'future_demand_score': None, 'future_gap': None, 'growth_trend': None}",0.4,"{'has_supply': True, 'has_current_demand': False, 'has_future_demand': False}"
nanded,,desktop publishing operator,Insufficient Data,Data Ingestion Required,Collect further supply and demand data for desktop publishing operator in nanded before allocating government training resources.,Confidence rating (0.4) is below the required operational threshold (0.5).,"{'supply_score': 0.34, 'current_demand_score': 50.0, 'current_gap': 49.66, 'priority_score': 49.81, 'future_demand_score': None, 'future_gap': None, 'growth_trend': None}",0.4,"{'has_supply': True, 'has_current_demand': False, 'has_future_demand': False}"
nanded,,health sanitary inspector,Insufficient Data,Data Ingestion Required,Collect further supply and demand data for health sanitary inspector in nanded before allocating government training resources.,Confidence rating (0.4) is below the required operational threshold (0.5).,"{'supply_score': 0.34, 'current_demand_score': 50.0, 'current_gap': 49.66, 'priority_score': 49.81, 'future_demand_score': None, 'future_gap': None, 'growth_trend': None}",0.4,"{'has_supply': True, 'has_current_demand': False, 'has_future_demand': False}"
nanded,,hospital housekeeping,Insufficient Data,Data Ingestion Required,Collect further supply and demand data for hospital housekeeping in nanded before allocating government training resources.,Confidence rating (0.4) is below the required operational threshold (0.5).,"{'supply_score': 0.34, 'current_demand_score': 50.0, 'current_gap': 49.66, 'priority_score': 49.81, 'future_demand_score': None, 'future_gap': None, 'growth_trend': None}",0.4,"{'has_supply': True, 'has_current_demand': False, 'has_future_demand': False}"
nanded,,mechanic diesel under dual system training,Insufficient Data,Data Ingestion Required,Collect further supply and demand data for mechanic diesel under dual system training in nanded before allocating government training resources.,Confidence rating (0.4) is below the required operational threshold (0.5).,"{'supply_score': 0.34, 'current_demand_score': 50.0, 'current_gap': 49.66, 'priority_score': 49.81, 'future_demand_score': None, 'future_gap': None, 'growth_trend': None}",0.4,"{'has_supply': True, 'has_current_demand': False, 'has_future_demand': False}"
nanded,,mechanic electric vehicle,Insufficient Data,Data Ingestion Required,Collect further supply and demand data for mechanic electric vehicle in nanded before allocating government training resources.,Confidence rating (0.4) is below the required operational threshold (0.5).,"{'supply_score': 0.34, 'current_demand_score': 50.0, 'current_gap': 49.66, 'priority_score': 49.81, 'future_demand_score': None, 'future_gap': None, 'growth_trend': None}",0.4,"{'has_supply': True, 'has_current_demand': False, 'has_future_demand': False}"
nanded,,physiotherapy technician,Insufficient Data,Data Ingestion Required,Collect further supply and demand data for physiotherapy technician in nanded before allocating government training resources.,Confidence rating (0.4) is below the required operational threshold (0.5).,"{'supply_score': 0.34, 'current_demand_score': 50.0, 'current_gap': 49.66, 'priority_score': 49.81, 'future_demand_score': None, 'future_gap': None, 'growth_trend': None}",0.4,"{'has_supply': True, 'has_current_demand': False, 'has_future_demand': False}"
nanded,,"tool and die maker (press tools, jigs and fixtures)",Insufficient Data,Data Ingestion Required,"Collect further supply and demand data for tool and die maker (press tools, jigs and fixtures) in nanded before allocating government training resources.",Confidence rating (0.4) is below the required operational threshold (0.5).,"{'supply_score': 0.34, 'current_demand_score': 50.0, 'current_gap': 49.66, 'priority_score': 49.81, 'future_demand_score': None, 'future_gap': None, 'growth_trend': None}",0.4,"{'has_supply': True, 'has_current_demand': False, 'has_future_demand': False}"
nanded,,"tool and die maker (press tools, jigs and fixtures) under dual training system",Insufficient Data,Data Ingestion Required,"Collect further supply and demand data for tool and die maker (press tools, jigs and fixtures) under dual training system in nanded before allocating government training resources.",Confidence rating (0.4) is below the required operational threshold (0.5).,"{'supply_score': 0.34, 'current_demand_score': 50.0, 'current_gap': 49.66, 'priority_score': 49.81, 'future_demand_score': None, 'future_gap': None, 'growth_trend': None}",0.4,"{'has_supply': True, 'has_current_demand': False, 'has_future_demand': False}"
nandurbar,,baker and confectioner,Insufficient Data,Data Ingestion Required,Collect further supply and demand data for baker and confectioner in nandurbar before allocating government training resources.,Confidence rating (0.4) is below the required operational threshold (0.5).,"{'supply_score': 0.34, 'current_demand_score': 50.0, 'current_gap': 49.66, 'priority_score': 49.81, 'future_demand_score': None, 'future_gap': None, 'growth_trend': None}",0.4,"{'has_supply': True, 'has_current_demand': False, 'has_future_demand': False}"
nandurbar,,cosmetology,Insufficient Data,Data Ingestion Required,Collect further supply and demand data for cosmetology in nandurbar before allocating government training resources.,Confidence rating (0.4) is below the required operational threshold (0.5).,"{'supply_score': 0.34, 'current_demand_score': 50.0, 'current_gap': 49.66, 'priority_score': 49.81, 'future_demand_score': None, 'future_gap': None, 'growth_trend': None}",0.4,"{'has_supply': True, 'has_current_demand': False, 'has_future_demand': False}"
nandurbar,,draughtsman civil,Insufficient Data,Data Ingestion Required,Collect further supply and demand data for draughtsman civil in nandurbar before allocating government training resources.,Confidence rating (0.4) is below the required operational threshold (0.5).,"{'supply_score': 0.34, 'current_demand_score': 50.0, 'current_gap': 49.66, 'priority_score': 49.81, 'future_demand_score': None, 'future_gap': None, 'growth_trend': None}",0.4,"{'has_supply': True, 'has_current_demand': False, 'has_future_demand': False}"
nandurbar,,electronics mechanic,Insufficient Data,Data Ingestion Required,Collect further supply and demand data for electronics mechanic in nandurbar before allocating government training resources.,Confidence rating (0.4) is below the required operational threshold (0.5).,"{'supply_score': 0.34, 'current_demand_score': 50.0, 'current_gap': 49.66, 'priority_score': 49.81, 'future_demand_score': None, 'future_gap': None, 'growth_trend': None}",0.4,"{'has_supply': True, 'has_current_demand': False, 'has_future_demand': False}"
nandurbar,,information and communication technology system maintenance,Insufficient Data,Data Ingestion Required,Collect further supply and demand data for information and communication technology system maintenance in nandurbar before allocating government training resources.,Confidence rating (0.4) is below the required operational threshold (0.5).,"{'supply_score': 0.34, 'current_demand_score': 50.0, 'current_gap': 49.66, 'priority_score': 49.81, 'future_demand_score': None, 'future_gap': None, 'growth_trend': None}",0.4,"{'has_supply': True, 'has_current_demand': False, 'has_future_demand': False}"
nandurbar,,plumber,Insufficient Data,Data Ingestion Required,Collect further supply and demand data for plumber in nandurbar before allocating government training resources.,Confidence rating (0.4) is below the required operational threshold (0.5).,"{'supply_score': 0.34, 'current_demand_score': 50.0, 'current_gap': 49.66, 'priority_score': 49.81, 'future_demand_score': None, 'future_gap': None, 'growth_trend': None}",0.4,"{'has_supply': True, 'has_current_demand': False, 'has_future_demand': False}"
nandurbar,,tool and die maker (dies and moulds),Insufficient Data,Data Ingestion Required,Collect further supply and demand data for tool and die maker (dies and moulds) in nandurbar before allocating government training resources.,Confidence rating (0.4) is below the required operational threshold (0.5).,"{'supply_score': 0.34, 'current_demand_score': 50.0, 'current_gap': 49.66, 'priority_score': 49.81, 'future_demand_score': None, 'future_gap': None, 'growth_trend': None}",0.4,"{'has_supply': True, 'has_current_demand': False, 'has_future_demand': False}"
nashik,,architectural draughtsman,Insufficient Data,Data Ingestion Required,Collect further supply and demand data for architectural draughtsman in nashik before allocating government training resources.,Confidence rating (0.4) is below the required operational threshold (0.5).,"{'supply_score': 0.34, 'current_demand_score': 50.0, 'current_gap': 49.66, 'priority_score': 49.81, 'future_demand_score': None, 'future_gap': None, 'growth_trend': None}",0.4,"{'has_supply': True, 'has_current_demand': False, 'has_future_demand': False}"
nashik,,electronics mechanic under dual training system,Insufficient Data,Data Ingestion Required,Collect further supply and demand data for electronics mechanic under dual training system in nashik before allocating government training resources.,Confidence rating (0.4) is below the required operational threshold (0.5).,"{'supply_score': 0.34, 'current_demand_score': 50.0, 'current_gap': 49.66, 'priority_score': 49.81, 'future_demand_score': None, 'future_gap': None, 'growth_trend': None}",0.4,"{'has_supply': True, 'has_current_demand': False, 'has_future_demand': False}"
nashik,,health sanitary inspector,Insufficient Data,Data Ingestion Required,Collect further supply and demand data for health sanitary inspector in nashik before allocating government training resources.,Confidence rating (0.4) is below the required operational threshold (0.5).,"{'supply_score': 0.34, 'current_demand_score': 50.0, 'current_gap': 49.66, 'priority_score': 49.81, 'future_demand_score': None, 'future_gap': None, 'growth_trend': None}",0.4,"{'has_supply': True, 'has_current_demand': False, 'has_future_demand': False}"
nashik,,instrument mechanic,Insufficient Data,Data Ingestion Required,Collect further supply and demand data for instrument mechanic in nashik before allocating government training resources.,Confidence rating (0.4) is below the required operational threshold (0.5).,"{'supply_score': 0.34, 'current_demand_score': 50.0, 'current_gap': 49.66, 'priority_score': 49.81, 'future_demand_score': None, 'future_gap': None, 'growth_trend': None}",0.4,"{'has_supply': True, 'has_current_demand': False, 'has_future_demand': False}"
nashik,,interior design and decoration,Insufficient Data,Data Ingestion Required,Collect further supply and demand data for interior design and decoration in nashik before allocating government training resources.,Confidence rating (0.4) is below the required operational threshold (0.5).,"{'supply_score': 0.34, 'current_demand_score': 50.0, 'current_gap': 49.66, 'priority_score': 49.81, 'future_demand_score': None, 'future_gap': None, 'growth_trend': None}",0.4,"{'has_supply': True, 'has_current_demand': False, 'has_future_demand': False}"
nashik,,iot technician (smart city),Insufficient Data,Data Ingestion Required,Collect further supply and demand data for iot technician (smart city) in nashik before allocating government training resources.,Confidence rating (0.4) is below the required operational threshold (0.5).,"{'supply_score': 0.34, 'current_demand_score': 50.0, 'current_gap': 49.66, 'priority_score': 49.81, 'future_demand_score': None, 'future_gap': None, 'growth_trend': None}",0.4,"{'has_supply': True, 'has_current_demand': False, 'has_future_demand': False}"
nashik,,mechanic diesel under dual system training,Insufficient Data,Data Ingestion Required,Collect further supply and demand data for mechanic diesel under dual system training in nashik before allocating government training resources.,Confidence rating (0.4) is below the required operational threshold (0.5).,"{'supply_score': 0.34, 'current_demand_score': 50.0, 'current_gap': 49.66, 'priority_score': 49.81, 'future_demand_score': None, 'future_gap': None, 'growth_trend': None}",0.4,"{'has_supply': True, 'has_current_demand': False, 'has_future_demand': False}"
nashik,,mechanic machine tool maintenance,Insufficient Data,Data Ingestion Required,Collect further supply and demand data for mechanic machine tool maintenance in nashik before allocating government training resources.,Confidence rating (0.4) is below the required operational threshold (0.5).,"{'supply_score': 0.34, 'current_demand_score': 50.0, 'current_gap': 49.66, 'priority_score': 49.81, 'future_demand_score': None, 'future_gap': None, 'growth_trend': None}",0.4,"{'has_supply': True, 'has_current_demand': False, 'has_future_demand': False}"
nashik,,secretarial practice (english),Insufficient Data,Data Ingestion Required,Collect further supply and demand data for secretarial practice (english) in nashik before allocating government training resources.,Confidence rating (0.4) is below the required operational threshold (0.5).,"{'supply_score': 0.34, 'current_demand_score': 50.0, 'current_gap': 49.66, 'priority_score': 49.81, 'future_demand_score': None, 'future_gap': None, 'growth_trend': None}",0.4,"{'has_supply': True, 'has_current_demand': False, 'has_future_demand': False}"
palghar,,computer hardware and network maintenance,Insufficient Data,Data Ingestion Required,Collect further supply and demand data for computer hardware and network maintenance in palghar before allocating government training resources.,Confidence rating (0.4) is below the required operational threshold (0.5).,"{'supply_score': 0.34, 'current_demand_score': 50.0, 'current_gap': 49.66, 'priority_score': 49.81, 'future_demand_score': None, 'future_gap': None, 'growth_trend': None}",0.4,"{'has_supply': True, 'has_current_demand': False, 'has_future_demand': False}"
palghar,,electronics mechanic,Insufficient Data,Data Ingestion Required,Collect further supply and demand data for electronics mechanic in palghar before allocating government training resources.,Confidence rating (0.4) is below the required operational threshold (0.5).,"{'supply_score': 0.34, 'current_demand_score': 50.0, 'current_gap': 49.66, 'priority_score': 49.81, 'future_demand_score': None, 'future_gap': None, 'growth_trend': None}",0.4,"{'has_supply': True, 'has_current_demand': False, 'has_future_demand': False}"
palghar,,interior design and decoration,Insufficient Data,Data Ingestion Required,Collect further supply and demand data for interior design and decoration in palghar before allocating government training resources.,Confidence rating (0.4) is below the required operational threshold (0.5).,"{'supply_score': 0.34, 'current_demand_score': 50.0, 'current_gap': 49.66, 'priority_score': 49.81, 'future_demand_score': None, 'future_gap': None, 'growth_trend': None}",0.4,"{'has_supply': True, 'has_current_demand': False, 'has_future_demand': False}"
palghar,,mechanic machine tool maintenance,Insufficient Data,Data Ingestion Required,Collect further supply and demand data for mechanic machine tool maintenance in palghar before allocating government training resources.,Confidence rating (0.4) is below the required operational threshold (0.5).,"{'supply_score': 0.34, 'current_demand_score': 50.0, 'current_gap': 49.66, 'priority_score': 49.81, 'future_demand_score': None, 'future_gap': None, 'growth_trend': None}",0.4,"{'has_supply': True, 'has_current_demand': False, 'has_future_demand': False}"
palghar,,tool and die maker (dies and moulds),Insufficient Data,Data Ingestion Required,Collect further supply and demand data for tool and die maker (dies and moulds) in palghar before allocating government training resources.,Confidence rating (0.4) is below the required operational threshold (0.5).,"{'supply_score': 0.34, 'current_demand_score': 50.0, 'current_gap': 49.66, 'priority_score': 49.81, 'future_demand_score': None, 'future_gap': None, 'growth_trend': None}",0.4,"{'has_supply': True, 'has_current_demand': False, 'has_future_demand': False}"
parbhani,,draughtsman civil,Insufficient Data,Data Ingestion Required,Collect further supply and demand data for draughtsman civil in parbhani before allocating government training resources.,Confidence rating (0.4) is below the required operational threshold (0.5).,"{'supply_score': 0.34, 'current_demand_score': 50.0, 'current_gap': 49.66, 'priority_score': 49.81, 'future_demand_score': None, 'future_gap': None, 'growth_trend': None}",0.4,"{'has_supply': True, 'has_current_demand': False, 'has_future_demand': False}"
parbhani,,refrigeration and air conditioner technician,Insufficient Data,Data Ingestion Required,Collect further supply and demand data for refrigeration and air conditioner technician in parbhani before allocating government training resources.,Confidence rating (0.4) is below the required operational threshold (0.5).,"{'supply_score': 0.34, 'current_demand_score': 50.0, 'current_gap': 49.66, 'priority_score': 49.81, 'future_demand_score': None, 'future_gap': None, 'growth_trend': None}",0.4,"{'has_supply': True, 'has_current_demand': False, 'has_future_demand': False}"
parbhani,,wood work technician,Insufficient Data,Data Ingestion Required,Collect further supply and demand data for wood work technician in parbhani before allocating government training resources.,Confidence rating (0.4) is below the required operational threshold (0.5).,"{'supply_score': 0.34, 'current_demand_score': 50.0, 'current_gap': 49.66, 'priority_score': 49.81, 'future_demand_score': None, 'future_gap': None, 'growth_trend': None}",0.4,"{'has_supply': True, 'has_current_demand': False, 'has_future_demand': False}"
pune,,food production (general),Insufficient Data,Data Ingestion Required,Collect further supply and demand data for food production (general) in pune before allocating government training resources.,Confidence rating (0.4) is below the required operational threshold (0.5).,"{'supply_score': 0.34, 'current_demand_score': 50.0, 'current_gap': 49.66, 'priority_score': 49.81, 'future_demand_score': None, 'future_gap': None, 'growth_trend': None}",0.4,"{'has_supply': True, 'has_current_demand': False, 'has_future_demand': False}"
pune,,hospital housekeeping,Insufficient Data,Data Ingestion Required,Collect further supply and demand data for hospital housekeeping in pune before allocating government training resources.,Confidence rating (0.4) is below the required operational threshold (0.5).,"{'supply_score': 0.34, 'current_demand_score': 50.0, 'current_gap': 49.66, 'priority_score': 49.81, 'future_demand_score': None, 'future_gap': None, 'growth_trend': None}",0.4,"{'has_supply': True, 'has_current_demand': False, 'has_future_demand': False}"
pune,,lift and escalator mechanic,Insufficient Data,Data Ingestion Required,Collect further supply and demand data for lift and escalator mechanic in pune before allocating government training resources.,Confidence rating (0.4) is below the required operational threshold (0.5).,"{'supply_score': 0.34, 'current_demand_score': 50.0, 'current_gap': 49.66, 'priority_score': 49.81, 'future_demand_score': None, 'future_gap': None, 'growth_trend': None}",0.4,"{'has_supply': True, 'has_current_demand': False, 'has_future_demand': False}"
pune,,mason (building constructor),Insufficient Data,Data Ingestion Required,Collect further supply and demand data for mason (building constructor) in pune before allocating government training resources.,Confidence rating (0.4) is below the required operational threshold (0.5).,"{'supply_score': 0.34, 'current_demand_score': 50.0, 'current_gap': 49.66, 'priority_score': 49.81, 'future_demand_score': None, 'future_gap': None, 'growth_trend': None}",0.4,"{'has_supply': True, 'has_current_demand': False, 'has_future_demand': False}"
pune,,mechanic diesel under dual system training,Insufficient Data,Data Ingestion Required,Collect further supply and demand data for mechanic diesel under dual system training in pune before allocating government training resources.,Confidence rating (0.4) is below the required operational threshold (0.5).,"{'supply_score': 0.34, 'current_demand_score': 50.0, 'current_gap': 49.66, 'priority_score': 49.81, 'future_demand_score': None, 'future_gap': None, 'growth_trend': None}",0.4,"{'has_supply': True, 'has_current_demand': False, 'has_future_demand': False}"
pune,,secretarial practice (english),Insufficient Data,Data Ingestion Required,Collect further supply and demand data for secretarial practice (english) in pune before allocating government training resources.,Confidence rating (0.4) is below the required operational threshold (0.5).,"{'supply_score': 0.34, 'current_demand_score': 50.0, 'current_gap': 49.66, 'priority_score': 49.81, 'future_demand_score': None, 'future_gap': None, 'growth_trend': None}",0.4,"{'has_supply': True, 'has_current_demand': False, 'has_future_demand': False}"
pune,,technician power electronic systems,Insufficient Data,Data Ingestion Required,Collect further supply and demand data for technician power electronic systems in pune before allocating government training resources.,Confidence rating (0.4) is below the required operational threshold (0.5).,"{'supply_score': 0.34, 'current_demand_score': 50.0, 'current_gap': 49.66, 'priority_score': 49.81, 'future_demand_score': None, 'future_gap': None, 'growth_trend': None}",0.4,"{'has_supply': True, 'has_current_demand': False, 'has_future_demand': False}"
raigad,,mechanic electric vehicle,Insufficient Data,Data Ingestion Required,Collect further supply and demand data for mechanic electric vehicle in raigad before allocating government training resources.,Confidence rating (0.4) is below the required operational threshold (0.5).,"{'supply_score': 0.34, 'current_demand_score': 50.0, 'current_gap': 49.66, 'priority_score': 49.81, 'future_demand_score': None, 'future_gap': None, 'growth_trend': None}",0.4,"{'has_supply': True, 'has_current_demand': False, 'has_future_demand': False}"
raigad,,mechanic machine tool maintenance,Insufficient Data,Data Ingestion Required,Collect further supply and demand data for mechanic machine tool maintenance in raigad before allocating government training resources.,Confidence rating (0.4) is below the required operational threshold (0.5).,"{'supply_score': 0.34, 'current_demand_score': 50.0, 'current_gap': 49.66, 'priority_score': 49.81, 'future_demand_score': None, 'future_gap': None, 'growth_trend': None}",0.4,"{'has_supply': True, 'has_current_demand': False, 'has_future_demand': False}"
raigad,,wood work technician,Insufficient Data,Data Ingestion Required,Collect further supply and demand data for wood work technician in raigad before allocating government training resources.,Confidence rating (0.4) is below the required operational threshold (0.5).,"{'supply_score': 0.34, 'current_demand_score': 50.0, 'current_gap': 49.66, 'priority_score': 49.81, 'future_demand_score': None, 'future_gap': None, 'growth_trend': None}",0.4,"{'has_supply': True, 'has_current_demand': False, 'has_future_demand': False}"
ratnagiri,,cosmetology,Insufficient Data,Data Ingestion Required,Collect further supply and demand data for cosmetology in ratnagiri before allocating government training resources.,Confidence rating (0.4) is below the required operational threshold (0.5).,"{'supply_score': 0.34, 'current_demand_score': 50.0, 'current_gap': 49.66, 'priority_score': 49.81, 'future_demand_score': None, 'future_gap': None, 'growth_trend': None}",0.4,"{'has_supply': True, 'has_current_demand': False, 'has_future_demand': False}"
ratnagiri,,food production (general),Insufficient Data,Data Ingestion Required,Collect further supply and demand data for food production (general) in ratnagiri before allocating government training resources.,Confidence rating (0.4) is below the required operational threshold (0.5).,"{'supply_score': 0.34, 'current_demand_score': 50.0, 'current_gap': 49.66, 'priority_score': 49.81, 'future_demand_score': None, 'future_gap': None, 'growth_trend': None}",0.4,"{'has_supply': True, 'has_current_demand': False, 'has_future_demand': False}"
ratnagiri,,fruit and vegetable processing,Insufficient Data,Data Ingestion Required,Collect further supply and demand data for fruit and vegetable processing in ratnagiri before allocating government training resources.,Confidence rating (0.4) is below the required operational threshold (0.5).,"{'supply_score': 0.34, 'current_demand_score': 50.0, 'current_gap': 49.66, 'priority_score': 49.81, 'future_demand_score': None, 'future_gap': None, 'growth_trend': None}",0.4,"{'has_supply': True, 'has_current_demand': False, 'has_future_demand': False}"
ratnagiri,,mechanic machine tool maintenance,Insufficient Data,Data Ingestion Required,Collect further supply and demand data for mechanic machine tool maintenance in ratnagiri before allocating government training resources.,Confidence rating (0.4) is below the required operational threshold (0.5).,"{'supply_score': 0.34, 'current_demand_score': 50.0, 'current_gap': 49.66, 'priority_score': 49.81, 'future_demand_score': None, 'future_gap': None, 'growth_trend': None}",0.4,"{'has_supply': True, 'has_current_demand': False, 'has_future_demand': False}"
ratnagiri,,plumber,Insufficient Data,Data Ingestion Required,Collect further supply and demand data for plumber in ratnagiri before allocating government training resources.,Confidence rating (0.4) is below the required operational threshold (0.5).,"{'supply_score': 0.34, 'current_demand_score': 50.0, 'current_gap': 49.66, 'priority_score': 49.81, 'future_demand_score': None, 'future_gap': None, 'growth_trend': None}",0.4,"{'has_supply': True, 'has_current_demand': False, 'has_future_demand': False}"
ratnagiri,,wood work technician,Insufficient Data,Data Ingestion Required,Collect further supply and demand data for wood work technician in ratnagiri before allocating government training resources.,Confidence rating (0.4) is below the required operational threshold (0.5).,"{'supply_score': 0.34, 'current_demand_score': 50.0, 'current_gap': 49.66, 'priority_score': 49.81, 'future_demand_score': None, 'future_gap': None, 'growth_trend': None}",0.4,"{'has_supply': True, 'has_current_demand': False, 'has_future_demand': False}"
sangli,,architectural draughtsman,Insufficient Data,Data Ingestion Required,Collect further supply and demand data for architectural draughtsman in sangli before allocating government training resources.,Confidence rating (0.4) is below the required operational threshold (0.5).,"{'supply_score': 0.34, 'current_demand_score': 50.0, 'current_gap': 49.66, 'priority_score': 49.81, 'future_demand_score': None, 'future_gap': None, 'growth_trend': None}",0.4,"{'has_supply': True, 'has_current_demand': False, 'has_future_demand': False}"
sangli,,draughtsman civil,Insufficient Data,Data Ingestion Required,Collect further supply and demand data for draughtsman civil in sangli before allocating government training resources.,Confidence rating (0.4) is below the required operational threshold (0.5).,"{'supply_score': 0.34, 'current_demand_score': 50.0, 'current_gap': 49.66, 'priority_score': 49.81, 'future_demand_score': None, 'future_gap': None, 'growth_trend': None}",0.4,"{'has_supply': True, 'has_current_demand': False, 'has_future_demand': False}"
sangli,,foundryman,Insufficient Data,Data Ingestion Required,Collect further supply and demand data for foundryman in sangli before allocating government training resources.,Confidence rating (0.4) is below the required operational threshold (0.5).,"{'supply_score': 0.34, 'current_demand_score': 50.0, 'current_gap': 49.66, 'priority_score': 49.81, 'future_demand_score': None, 'future_gap': None, 'growth_trend': None}",0.4,"{'has_supply': True, 'has_current_demand': False, 'has_future_demand': False}"
sangli,,information and communication technology system maintenance,Insufficient Data,Data Ingestion Required,Collect further supply and demand data for information and communication technology system maintenance in sangli before allocating government training resources.,Confidence rating (0.4) is below the required operational threshold (0.5).,"{'supply_score': 0.34, 'current_demand_score': 50.0, 'current_gap': 49.66, 'priority_score': 49.81, 'future_demand_score': None, 'future_gap': None, 'growth_trend': None}",0.4,"{'has_supply': True, 'has_current_demand': False, 'has_future_demand': False}"
sangli,,mason (building constructor),Insufficient Data,Data Ingestion Required,Collect further supply and demand data for mason (building constructor) in sangli before allocating government training resources.,Confidence rating (0.4) is below the required operational threshold (0.5).,"{'supply_score': 0.34, 'current_demand_score': 50.0, 'current_gap': 49.66, 'priority_score': 49.81, 'future_demand_score': None, 'future_gap': None, 'growth_trend': None}",0.4,"{'has_supply': True, 'has_current_demand': False, 'has_future_demand': False}"
sangli,,mechanic machine tool maintenance,Insufficient Data,Data Ingestion Required,Collect further supply and demand data for mechanic machine tool maintenance in sangli before allocating government training resources.,Confidence rating (0.4) is below the required operational threshold (0.5).,"{'supply_score': 0.34, 'current_demand_score': 50.0, 'current_gap': 49.66, 'priority_score': 49.81, 'future_demand_score': None, 'future_gap': None, 'growth_trend': None}",0.4,"{'has_supply': True, 'has_current_demand': False, 'has_future_demand': False}"
sangli,,plumber,Insufficient Data,Data Ingestion Required,Collect further supply and demand data for plumber in sangli before allocating government training resources.,Confidence rating (0.4) is below the required operational threshold (0.5).,"{'supply_score': 0.34, 'current_demand_score': 50.0, 'current_gap': 49.66, 'priority_score': 49.81, 'future_demand_score': None, 'future_gap': None, 'growth_trend': None}",0.4,"{'has_supply': True, 'has_current_demand': False, 'has_future_demand': False}"
sangli,,stenographer secretarial assistant (english),Insufficient Data,Data Ingestion Required,Collect further supply and demand data for stenographer secretarial assistant (english) in sangli before allocating government training resources.,Confidence rating (0.4) is below the required operational threshold (0.5).,"{'supply_score': 0.34, 'current_demand_score': 50.0, 'current_gap': 49.66, 'priority_score': 49.81, 'future_demand_score': None, 'future_gap': None, 'growth_trend': None}",0.4,"{'has_supply': True, 'has_current_demand': False, 'has_future_demand': False}"
sangli,,"tool and die maker (press tools, jigs and fixtures)",Insufficient Data,Data Ingestion Required,"Collect further supply and demand data for tool and die maker (press tools, jigs and fixtures) in sangli before allocating government training resources.",Confidence rating (0.4) is below the required operational threshold (0.5).,"{'supply_score': 0.34, 'current_demand_score': 50.0, 'current_gap': 49.66, 'priority_score': 49.81, 'future_demand_score': None, 'future_gap': None, 'growth_trend': None}",0.4,"{'has_supply': True, 'has_current_demand': False, 'has_future_demand': False}"
sangli,,wood work technician,Insufficient Data,Data Ingestion Required,Collect further supply and demand data for wood work technician in sangli before allocating government training resources.,Confidence rating (0.4) is below the required operational threshold (0.5).,"{'supply_score': 0.34, 'current_demand_score': 50.0, 'current_gap': 49.66, 'priority_score': 49.81, 'future_demand_score': None, 'future_gap': None, 'growth_trend': None}",0.4,"{'has_supply': True, 'has_current_demand': False, 'has_future_demand': False}"
satara,,cosmetology,Insufficient Data,Data Ingestion Required,Collect further supply and demand data for cosmetology in satara before allocating government training resources.,Confidence rating (0.4) is below the required operational threshold (0.5).,"{'supply_score': 0.34, 'current_demand_score': 50.0, 'current_gap': 49.66, 'priority_score': 49.81, 'future_demand_score': None, 'future_gap': None, 'growth_trend': None}",0.4,"{'has_supply': True, 'has_current_demand': False, 'has_future_demand': False}"
satara,,information and communication technology system maintenance,Insufficient Data,Data Ingestion Required,Collect further supply and demand data for information and communication technology system maintenance in satara before allocating government training resources.,Confidence rating (0.4) is below the required operational threshold (0.5).,"{'supply_score': 0.34, 'current_demand_score': 50.0, 'current_gap': 49.66, 'priority_score': 49.81, 'future_demand_score': None, 'future_gap': None, 'growth_trend': None}",0.4,"{'has_supply': True, 'has_current_demand': False, 'has_future_demand': False}"
satara,,stenographer secretarial assistant (english),Insufficient Data,Data Ingestion Required,Collect further supply and demand data for stenographer secretarial assistant (english) in satara before allocating government training resources.,Confidence rating (0.4) is below the required operational threshold (0.5).,"{'supply_score': 0.34, 'current_demand_score': 50.0, 'current_gap': 49.66, 'priority_score': 49.81, 'future_demand_score': None, 'future_gap': None, 'growth_trend': None}",0.4,"{'has_supply': True, 'has_current_demand': False, 'has_future_demand': False}"
satara,,surveyor,Insufficient Data,Data Ingestion Required,Collect further supply and demand data for surveyor in satara before allocating government training resources.,Confidence rating (0.4) is below the required operational threshold (0.5).,"{'supply_score': 0.34, 'current_demand_score': 50.0, 'current_gap': 49.66, 'priority_score': 49.81, 'future_demand_score': None, 'future_gap': None, 'growth_trend': None}",0.4,"{'has_supply': True, 'has_current_demand': False, 'has_future_demand': False}"
satara,,tool and die maker (dies and moulds),Insufficient Data,Data Ingestion Required,Collect further supply and demand data for tool and die maker (dies and moulds) in satara before allocating government training resources.,Confidence rating (0.4) is below the required operational threshold (0.5).,"{'supply_score': 0.34, 'current_demand_score': 50.0, 'current_gap': 49.66, 'priority_score': 49.81, 'future_demand_score': None, 'future_gap': None, 'growth_trend': None}",0.4,"{'has_supply': True, 'has_current_demand': False, 'has_future_demand': False}"
satara,,"tool and die maker (press tools, jigs and fixtures)",Insufficient Data,Data Ingestion Required,"Collect further supply and demand data for tool and die maker (press tools, jigs and fixtures) in satara before allocating government training resources.",Confidence rating (0.4) is below the required operational threshold (0.5).,"{'supply_score': 0.34, 'current_demand_score': 50.0, 'current_gap': 49.66, 'priority_score': 49.81, 'future_demand_score': None, 'future_gap': None, 'growth_trend': None}",0.4,"{'has_supply': True, 'has_current_demand': False, 'has_future_demand': False}"
satara,,wood work technician,Insufficient Data,Data Ingestion Required,Collect further supply and demand data for wood work technician in satara before allocating government training resources.,Confidence rating (0.4) is below the required operational threshold (0.5).,"{'supply_score': 0.34, 'current_demand_score': 50.0, 'current_gap': 49.66, 'priority_score': 49.81, 'future_demand_score': None, 'future_gap': None, 'growth_trend': None}",0.4,"{'has_supply': True, 'has_current_demand': False, 'has_future_demand': False}"
sindhudurg,,computer hardware and network maintenance,Insufficient Data,Data Ingestion Required,Collect further supply and demand data for computer hardware and network maintenance in sindhudurg before allocating government training resources.,Confidence rating (0.4) is below the required operational threshold (0.5).,"{'supply_score': 0.34, 'current_demand_score': 50.0, 'current_gap': 49.66, 'priority_score': 49.81, 'future_demand_score': None, 'future_gap': None, 'growth_trend': None}",0.4,"{'has_supply': True, 'has_current_demand': False, 'has_future_demand': False}"
sindhudurg,,electronics mechanic,Insufficient Data,Data Ingestion Required,Collect further supply and demand data for electronics mechanic in sindhudurg before allocating government training resources.,Confidence rating (0.4) is below the required operational threshold (0.5).,"{'supply_score': 0.34, 'current_demand_score': 50.0, 'current_gap': 49.66, 'priority_score': 49.81, 'future_demand_score': None, 'future_gap': None, 'growth_trend': None}",0.4,"{'has_supply': True, 'has_current_demand': False, 'has_future_demand': False}"
sindhudurg,,front office assistant,Insufficient Data,Data Ingestion Required,Collect further supply and demand data for front office assistant in sindhudurg before allocating government training resources.,Confidence rating (0.4) is below the required operational threshold (0.5).,"{'supply_score': 0.34, 'current_demand_score': 50.0, 'current_gap': 49.66, 'priority_score': 49.81, 'future_demand_score': None, 'future_gap': None, 'growth_trend': None}",0.4,"{'has_supply': True, 'has_current_demand': False, 'has_future_demand': False}"
sindhudurg,,information and communication technology system maintenance,Insufficient Data,Data Ingestion Required,Collect further supply and demand data for information and communication technology system maintenance in sindhudurg before allocating government training resources.,Confidence rating (0.4) is below the required operational threshold (0.5).,"{'supply_score': 0.34, 'current_demand_score': 50.0, 'current_gap': 49.66, 'priority_score': 49.81, 'future_demand_score': None, 'future_gap': None, 'growth_trend': None}",0.4,"{'has_supply': True, 'has_current_demand': False, 'has_future_demand': False}"
sindhudurg,,interior design and decoration,Insufficient Data,Data Ingestion Required,Collect further supply and demand data for interior design and decoration in sindhudurg before allocating government training resources.,Confidence rating (0.4) is below the required operational threshold (0.5).,"{'supply_score': 0.34, 'current_demand_score': 50.0, 'current_gap': 49.66, 'priority_score': 49.81, 'future_demand_score': None, 'future_gap': None, 'growth_trend': None}",0.4,"{'has_supply': True, 'has_current_demand': False, 'has_future_demand': False}"
sindhudurg,,mechanic electric vehicle,Insufficient Data,Data Ingestion Required,Collect further supply and demand data for mechanic electric vehicle in sindhudurg before allocating government training resources.,Confidence rating (0.4) is below the required operational threshold (0.5).,"{'supply_score': 0.34, 'current_demand_score': 50.0, 'current_gap': 49.66, 'priority_score': 49.81, 'future_demand_score': None, 'future_gap': None, 'growth_trend': None}",0.4,"{'has_supply': True, 'has_current_demand': False, 'has_future_demand': False}"
sindhudurg,,mechanic motor vehicle,Insufficient Data,Data Ingestion Required,Collect further supply and demand data for mechanic motor vehicle in sindhudurg before allocating government training resources.,Confidence rating (0.4) is below the required operational threshold (0.5).,"{'supply_score': 0.34, 'current_demand_score': 50.0, 'current_gap': 49.66, 'priority_score': 49.81, 'future_demand_score': None, 'future_gap': None, 'growth_trend': None}",0.4,"{'has_supply': True, 'has_current_demand': False, 'has_future_demand': False}"
sindhudurg,,plumber,Insufficient Data,Data Ingestion Required,Collect further supply and demand data for plumber in sindhudurg before allocating government training resources.,Confidence rating (0.4) is below the required operational threshold (0.5).,"{'supply_score': 0.34, 'current_demand_score': 50.0, 'current_gap': 49.66, 'priority_score': 49.81, 'future_demand_score': None, 'future_gap': None, 'growth_trend': None}",0.4,"{'has_supply': True, 'has_current_demand': False, 'has_future_demand': False}"
sindhudurg,,wood work technician,Insufficient Data,Data Ingestion Required,Collect further supply and demand data for wood work technician in sindhudurg before allocating government training resources.,Confidence rating (0.4) is below the required operational threshold (0.5).,"{'supply_score': 0.34, 'current_demand_score': 50.0, 'current_gap': 49.66, 'priority_score': 49.81, 'future_demand_score': None, 'future_gap': None, 'growth_trend': None}",0.4,"{'has_supply': True, 'has_current_demand': False, 'has_future_demand': False}"
solapur,,cosmetology,Insufficient Data,Data Ingestion Required,Collect further supply and demand data for cosmetology in solapur before allocating government training resources.,Confidence rating (0.4) is below the required operational threshold (0.5).,"{'supply_score': 0.34, 'current_demand_score': 50.0, 'current_gap': 49.66, 'priority_score': 49.81, 'future_demand_score': None, 'future_gap': None, 'growth_trend': None}",0.4,"{'has_supply': True, 'has_current_demand': False, 'has_future_demand': False}"
solapur,,draughtsman civil,Insufficient Data,Data Ingestion Required,Collect further supply and demand data for draughtsman civil in solapur before allocating government training resources.,Confidence rating (0.4) is below the required operational threshold (0.5).,"{'supply_score': 0.34, 'current_demand_score': 50.0, 'current_gap': 49.66, 'priority_score': 49.81, 'future_demand_score': None, 'future_gap': None, 'growth_trend': None}",0.4,"{'has_supply': True, 'has_current_demand': False, 'has_future_demand': False}"
solapur,,fruit and vegetable processing,Insufficient Data,Data Ingestion Required,Collect further supply and demand data for fruit and vegetable processing in solapur before allocating government training resources.,Confidence rating (0.4) is below the required operational threshold (0.5).,"{'supply_score': 0.34, 'current_demand_score': 50.0, 'current_gap': 49.66, 'priority_score': 49.81, 'future_demand_score': None, 'future_gap': None, 'growth_trend': None}",0.4,"{'has_supply': True, 'has_current_demand': False, 'has_future_demand': False}"
solapur,,mason (building constructor),Insufficient Data,Data Ingestion Required,Collect further supply and demand data for mason (building constructor) in solapur before allocating government training resources.,Confidence rating (0.4) is below the required operational threshold (0.5).,"{'supply_score': 0.34, 'current_demand_score': 50.0, 'current_gap': 49.66, 'priority_score': 49.81, 'future_demand_score': None, 'future_gap': None, 'growth_trend': None}",0.4,"{'has_supply': True, 'has_current_demand': False, 'has_future_demand': False}"
solapur,,mechanic agricultural machinery,Insufficient Data,Data Ingestion Required,Collect further supply and demand data for mechanic agricultural machinery in solapur before allocating government training resources.,Confidence rating (0.4) is below the required operational threshold (0.5).,"{'supply_score': 0.34, 'current_demand_score': 50.0, 'current_gap': 49.66, 'priority_score': 49.81, 'future_demand_score': None, 'future_gap': None, 'growth_trend': None}",0.4,"{'has_supply': True, 'has_current_demand': False, 'has_future_demand': False}"
solapur,,mechanic machine tool maintenance,Insufficient Data,Data Ingestion Required,Collect further supply and demand data for mechanic machine tool maintenance in solapur before allocating government training resources.,Confidence rating (0.4) is below the required operational threshold (0.5).,"{'supply_score': 0.34, 'current_demand_score': 50.0, 'current_gap': 49.66, 'priority_score': 49.81, 'future_demand_score': None, 'future_gap': None, 'growth_trend': None}",0.4,"{'has_supply': True, 'has_current_demand': False, 'has_future_demand': False}"
solapur,,tool and die maker (dies and moulds),Insufficient Data,Data Ingestion Required,Collect further supply and demand data for tool and die maker (dies and moulds) in solapur before allocating government training resources.,Confidence rating (0.4) is below the required operational threshold (0.5).,"{'supply_score': 0.34, 'current_demand_score': 50.0, 'current_gap': 49.66, 'priority_score': 49.81, 'future_demand_score': None, 'future_gap': None, 'growth_trend': None}",0.4,"{'has_supply': True, 'has_current_demand': False, 'has_future_demand': False}"
solapur,,"tool and die maker (press tools, jigs and fixtures)",Insufficient Data,Data Ingestion Required,"Collect further supply and demand data for tool and die maker (press tools, jigs and fixtures) in solapur before allocating government training resources.",Confidence rating (0.4) is below the required operational threshold (0.5).,"{'supply_score': 0.34, 'current_demand_score': 50.0, 'current_gap': 49.66, 'priority_score': 49.81, 'future_demand_score': None, 'future_gap': None, 'growth_trend': None}",0.4,"{'has_supply': True, 'has_current_demand': False, 'has_future_demand': False}"
thane,,attendant operator (chemical plant),Insufficient Data,Data Ingestion Required,Collect further supply and demand data for attendant operator (chemical plant) in thane before allocating government training resources.,Confidence rating (0.4) is below the required operational threshold (0.5).,"{'supply_score': 0.34, 'current_demand_score': 50.0, 'current_gap': 49.66, 'priority_score': 49.81, 'future_demand_score': None, 'future_gap': None, 'growth_trend': None}",0.4,"{'has_supply': True, 'has_current_demand': False, 'has_future_demand': False}"
thane,,computer operator and programming assistant under dual training system,Insufficient Data,Data Ingestion Required,Collect further supply and demand data for computer operator and programming assistant under dual training system in thane before allocating government training resources.,Confidence rating (0.4) is below the required operational threshold (0.5).,"{'supply_score': 0.34, 'current_demand_score': 50.0, 'current_gap': 49.66, 'priority_score': 49.81, 'future_demand_score': None, 'future_gap': None, 'growth_trend': None}",0.4,"{'has_supply': True, 'has_current_demand': False, 'has_future_demand': False}"
thane,,instrument mechanic,Insufficient Data,Data Ingestion Required,Collect further supply and demand data for instrument mechanic in thane before allocating government training resources.,Confidence rating (0.4) is below the required operational threshold (0.5).,"{'supply_score': 0.34, 'current_demand_score': 50.0, 'current_gap': 49.66, 'priority_score': 49.81, 'future_demand_score': None, 'future_gap': None, 'growth_trend': None}",0.4,"{'has_supply': True, 'has_current_demand': False, 'has_future_demand': False}"
thane,,interior design and decoration,Insufficient Data,Data Ingestion Required,Collect further supply and demand data for interior design and decoration in thane before allocating government training resources.,Confidence rating (0.4) is below the required operational threshold (0.5).,"{'supply_score': 0.34, 'current_demand_score': 50.0, 'current_gap': 49.66, 'priority_score': 49.81, 'future_demand_score': None, 'future_gap': None, 'growth_trend': None}",0.4,"{'has_supply': True, 'has_current_demand': False, 'has_future_demand': False}"
thane,,secretarial practice (english),Insufficient Data,Data Ingestion Required,Collect further supply and demand data for secretarial practice (english) in thane before allocating government training resources.,Confidence rating (0.4) is below the required operational threshold (0.5).,"{'supply_score': 0.34, 'current_demand_score': 50.0, 'current_gap': 49.66, 'priority_score': 49.81, 'future_demand_score': None, 'future_gap': None, 'growth_trend': None}",0.4,"{'has_supply': True, 'has_current_demand': False, 'has_future_demand': False}"
thane,,technician medical electronics,Insufficient Data,Data Ingestion Required,Collect further supply and demand data for technician medical electronics in thane before allocating government training resources.,Confidence rating (0.4) is below the required operational threshold (0.5).,"{'supply_score': 0.34, 'current_demand_score': 50.0, 'current_gap': 49.66, 'priority_score': 49.81, 'future_demand_score': None, 'future_gap': None, 'growth_trend': None}",0.4,"{'has_supply': True, 'has_current_demand': False, 'has_future_demand': False}"
thane,,tool and die maker (dies and moulds),Insufficient Data,Data Ingestion Required,Collect further supply and demand data for tool and die maker (dies and moulds) in thane before allocating government training resources.,Confidence rating (0.4) is below the required operational threshold (0.5).,"{'supply_score': 0.34, 'current_demand_score': 50.0, 'current_gap': 49.66, 'priority_score': 49.81, 'future_demand_score': None, 'future_gap': None, 'growth_trend': None}",0.4,"{'has_supply': True, 'has_current_demand': False, 'has_future_demand': False}"
thane,,wood work technician,Insufficient Data,Data Ingestion Required,Collect further supply and demand data for wood work technician in thane before allocating government training resources.,Confidence rating (0.4) is below the required operational threshold (0.5).,"{'supply_score': 0.34, 'current_demand_score': 50.0, 'current_gap': 49.66, 'priority_score': 49.81, 'future_demand_score': None, 'future_gap': None, 'growth_trend': None}",0.4,"{'has_supply': True, 'has_current_demand': False, 'has_future_demand': False}"
wardha,,computer hardware and network maintenance,Insufficient Data,Data Ingestion Required,Collect further supply and demand data for computer hardware and network maintenance in wardha before allocating government training resources.,Confidence rating (0.4) is below the required operational threshold (0.5).,"{'supply_score': 0.34, 'current_demand_score': 50.0, 'current_gap': 49.66, 'priority_score': 49.81, 'future_demand_score': None, 'future_gap': None, 'growth_trend': None}",0.4,"{'has_supply': True, 'has_current_demand': False, 'has_future_demand': False}"
wardha,,cosmetology,Insufficient Data,Data Ingestion Required,Collect further supply and demand data for cosmetology in wardha before allocating government training resources.,Confidence rating (0.4) is below the required operational threshold (0.5).,"{'supply_score': 0.34, 'current_demand_score': 50.0, 'current_gap': 49.66, 'priority_score': 49.81, 'future_demand_score': None, 'future_gap': None, 'growth_trend': None}",0.4,"{'has_supply': True, 'has_current_demand': False, 'has_future_demand': False}"
wardha,,electronics mechanic,Insufficient Data,Data Ingestion Required,Collect further supply and demand data for electronics mechanic in wardha before allocating government training resources.,Confidence rating (0.4) is below the required operational threshold (0.5).,"{'supply_score': 0.34, 'current_demand_score': 50.0, 'current_gap': 49.66, 'priority_score': 49.81, 'future_demand_score': None, 'future_gap': None, 'growth_trend': None}",0.4,"{'has_supply': True, 'has_current_demand': False, 'has_future_demand': False}"
wardha,,fruit and vegetable processing,Insufficient Data,Data Ingestion Required,Collect further supply and demand data for fruit and vegetable processing in wardha before allocating government training resources.,Confidence rating (0.4) is below the required operational threshold (0.5).,"{'supply_score': 0.34, 'current_demand_score': 50.0, 'current_gap': 49.66, 'priority_score': 49.81, 'future_demand_score': None, 'future_gap': None, 'growth_trend': None}",0.4,"{'has_supply': True, 'has_current_demand': False, 'has_future_demand': False}"
wardha,,information and communication technology system maintenance,Insufficient Data,Data Ingestion Required,Collect further supply and demand data for information and communication technology system maintenance in wardha before allocating government training resources.,Confidence rating (0.4) is below the required operational threshold (0.5).,"{'supply_score': 0.34, 'current_demand_score': 50.0, 'current_gap': 49.66, 'priority_score': 49.81, 'future_demand_score': None, 'future_gap': None, 'growth_trend': None}",0.4,"{'has_supply': True, 'has_current_demand': False, 'has_future_demand': False}"
wardha,,mechanic diesel,Insufficient Data,Data Ingestion Required,Collect further supply and demand data for mechanic diesel in wardha before allocating government training resources.,Confidence rating (0.4) is below the required operational threshold (0.5).,"{'supply_score': 0.34, 'current_demand_score': 50.0, 'current_gap': 49.66, 'priority_score': 49.81, 'future_demand_score': None, 'future_gap': None, 'growth_trend': None}",0.4,"{'has_supply': True, 'has_current_demand': False, 'has_future_demand': False}"
wardha,,mechanic diesel under dual system training,Insufficient Data,Data Ingestion Required,Collect further supply and demand data for mechanic diesel under dual system training in wardha before allocating government training resources.,Confidence rating (0.4) is below the required operational threshold (0.5).,"{'supply_score': 0.34, 'current_demand_score': 50.0, 'current_gap': 49.66, 'priority_score': 49.81, 'future_demand_score': None, 'future_gap': None, 'growth_trend': None}",0.4,"{'has_supply': True, 'has_current_demand': False, 'has_future_demand': False}"
wardha,,mechanic electric vehicle,Insufficient Data,Data Ingestion Required,Collect further supply and demand data for mechanic electric vehicle in wardha before allocating government training resources.,Confidence rating (0.4) is below the required operational threshold (0.5).,"{'supply_score': 0.34, 'current_demand_score': 50.0, 'current_gap': 49.66, 'priority_score': 49.81, 'future_demand_score': None, 'future_gap': None, 'growth_trend': None}",0.4,"{'has_supply': True, 'has_current_demand': False, 'has_future_demand': False}"
wardha,,mechanic motor vehicle under dual system training,Insufficient Data,Data Ingestion Required,Collect further supply and demand data for mechanic motor vehicle under dual system training in wardha before allocating government training resources.,Confidence rating (0.4) is below the required operational threshold (0.5).,"{'supply_score': 0.34, 'current_demand_score': 50.0, 'current_gap': 49.66, 'priority_score': 49.81, 'future_demand_score': None, 'future_gap': None, 'growth_trend': None}",0.4,"{'has_supply': True, 'has_current_demand': False, 'has_future_demand': False}"
wardha,,refrigeration and air conditioner technician,Insufficient Data,Data Ingestion Required,Collect further supply and demand data for refrigeration and air conditioner technician in wardha before allocating government training resources.,Confidence rating (0.4) is below the required operational threshold (0.5).,"{'supply_score': 0.34, 'current_demand_score': 50.0, 'current_gap': 49.66, 'priority_score': 49.81, 'future_demand_score': None, 'future_gap': None, 'growth_trend': None}",0.4,"{'has_supply': True, 'has_current_demand': False, 'has_future_demand': False}"
washim,,food production (general),Insufficient Data,Data Ingestion Required,Collect further supply and demand data for food production (general) in washim before allocating government training resources.,Confidence rating (0.4) is below the required operational threshold (0.5).,"{'supply_score': 0.34, 'current_demand_score': 50.0, 'current_gap': 49.66, 'priority_score': 49.81, 'future_demand_score': None, 'future_gap': None, 'growth_trend': None}",0.4,"{'has_supply': True, 'has_current_demand': False, 'has_future_demand': False}"
washim,,refrigeration and air conditioner technician,Insufficient Data,Data Ingestion Required,Collect further supply and demand data for refrigeration and air conditioner technician in washim before allocating government training resources.,Confidence rating (0.4) is below the required operational threshold (0.5).,"{'supply_score': 0.34, 'current_demand_score': 50.0, 'current_gap': 49.66, 'priority_score': 49.81, 'future_demand_score': None, 'future_gap': None, 'growth_trend': None}",0.4,"{'has_supply': True, 'has_current_demand': False, 'has_future_demand': False}"
yavatmal,,baker and confectioner,Insufficient Data,Data Ingestion Required,Collect further supply and demand data for baker and confectioner in yavatmal before allocating government training resources.,Confidence rating (0.4) is below the required operational threshold (0.5).,"{'supply_score': 0.34, 'current_demand_score': 50.0, 'current_gap': 49.66, 'priority_score': 49.81, 'future_demand_score': None, 'future_gap': None, 'growth_trend': None}",0.4,"{'has_supply': True, 'has_current_demand': False, 'has_future_demand': False}"
yavatmal,,interior design and decoration,Insufficient Data,Data Ingestion Required,Collect further supply and demand data for interior design and decoration in yavatmal before allocating government training resources.,Confidence rating (0.4) is below the required operational threshold (0.5).,"{'supply_score': 0.34, 'current_demand_score': 50.0, 'current_gap': 49.66, 'priority_score': 49.81, 'future_demand_score': None, 'future_gap': None, 'growth_trend': None}",0.4,"{'has_supply': True, 'has_current_demand': False, 'has_future_demand': False}"
yavatmal,,mechanic consumer electronic appliances,Insufficient Data,Data Ingestion Required,Collect further supply and demand data for mechanic consumer electronic appliances in yavatmal before allocating government training resources.,Confidence rating (0.4) is below the required operational threshold (0.5).,"{'supply_score': 0.34, 'current_demand_score': 50.0, 'current_gap': 49.66, 'priority_score': 49.81, 'future_demand_score': None, 'future_gap': None, 'growth_trend': None}",0.4,"{'has_supply': True, 'has_current_demand': False, 'has_future_demand': False}"
yavatmal,,mechanic motor vehicle under dual system training,Insufficient Data,Data Ingestion Required,Collect further supply and demand data for mechanic motor vehicle under dual system training in yavatmal before allocating government training resources.,Confidence rating (0.4) is below the required operational threshold (0.5).,"{'supply_score': 0.34, 'current_demand_score': 50.0, 'current_gap': 49.66, 'priority_score': 49.81, 'future_demand_score': None, 'future_gap': None, 'growth_trend': None}",0.4,"{'has_supply': True, 'has_current_demand': False, 'has_future_demand': False}"
yavatmal,,"multimedia, animation and special effects",Insufficient Data,Data Ingestion Required,"Collect further supply and demand data for multimedia, animation and special effects in yavatmal before allocating government training resources.",Confidence rating (0.4) is below the required operational threshold (0.5).,"{'supply_score': 0.34, 'current_demand_score': 50.0, 'current_gap': 49.66, 'priority_score': 49.81, 'future_demand_score': None, 'future_gap': None, 'growth_trend': None}",0.4,"{'has_supply': True, 'has_current_demand': False, 'has_future_demand': False}"
yavatmal,,refrigeration and air conditioner technician,Insufficient Data,Data Ingestion Required,Collect further supply and demand data for refrigeration and air conditioner technician in yavatmal before allocating government training resources.,Confidence rating (0.4) is below the required operational threshold (0.5).,"{'supply_score': 0.34, 'current_demand_score': 50.0, 'current_gap': 49.66, 'priority_score': 49.81, 'future_demand_score': None, 'future_gap': None, 'growth_trend': None}",0.4,"{'has_supply': True, 'has_current_demand': False, 'has_future_demand': False}"
yavatmal,,secretarial practice (english),Insufficient Data,Data Ingestion Required,Collect further supply and demand data for secretarial practice (english) in yavatmal before allocating government training resources.,Confidence rating (0.4) is below the required operational threshold (0.5).,"{'supply_score': 0.34, 'current_demand_score': 50.0, 'current_gap': 49.66, 'priority_score': 49.81, 'future_demand_score': None, 'future_gap': None, 'growth_trend': None}",0.4,"{'has_supply': True, 'has_current_demand': False, 'has_future_demand': False}"
yavatmal,,weaving technician,Insufficient Data,Data Ingestion Required,Collect further supply and demand data for weaving technician in yavatmal before allocating government training resources.,Confidence rating (0.4) is below the required operational threshold (0.5).,"{'supply_score': 0.34, 'current_demand_score': 50.0, 'current_gap': 49.66, 'priority_score': 49.81, 'future_demand_score': None, 'future_gap': None, 'growth_trend': None}",0.4,"{'has_supply': True, 'has_current_demand': False, 'has_future_demand': False}"
nashik,,operator advance machine tool,Insufficient Data,Data Ingestion Required,Collect further supply and demand data for operator advance machine tool in nashik before allocating government training resources.,Confidence rating (0.4) is below the required operational threshold (0.5).,"{'supply_score': 0.68, 'current_demand_score': 50.0, 'current_gap': 49.32, 'priority_score': 49.61, 'future_demand_score': None, 'future_gap': None, 'growth_trend': None}",0.4,"{'has_supply': True, 'has_current_demand': False, 'has_future_demand': False}"
solapur,,operator advance machine tool,Insufficient Data,Data Ingestion Required,Collect further supply and demand data for operator advance machine tool in solapur before allocating government training resources.,Confidence rating (0.4) is below the required operational threshold (0.5).,"{'supply_score': 0.68, 'current_demand_score': 50.0, 'current_gap': 49.32, 'priority_score': 49.61, 'future_demand_score': None, 'future_gap': None, 'growth_trend': None}",0.4,"{'has_supply': True, 'has_current_demand': False, 'has_future_demand': False}"
ahmednagar,,draughtsman mechanical,Insufficient Data,Data Ingestion Required,Collect further supply and demand data for draughtsman mechanical in ahmednagar before allocating government training resources.,Confidence rating (0.4) is below the required operational threshold (0.5).,"{'supply_score': 1.02, 'current_demand_score': 50.0, 'current_gap': 48.98, 'priority_score': 49.42, 'future_demand_score': None, 'future_gap': None, 'growth_trend': None}",0.4,"{'has_supply': True, 'has_current_demand': False, 'has_future_demand': False}"
ahmednagar,,solar technician (electrical),Insufficient Data,Data Ingestion Required,Collect further supply and demand data for solar technician (electrical) in ahmednagar before allocating government training resources.,Confidence rating (0.4) is below the required operational threshold (0.5).,"{'supply_score': 1.02, 'current_demand_score': 50.0, 'current_gap': 48.98, 'priority_score': 49.42, 'future_demand_score': None, 'future_gap': None, 'growth_trend': None}",0.4,"{'has_supply': True, 'has_current_demand': False, 'has_future_demand': False}"
ahmednagar,,surface ornamentation techniques (embroidery),Insufficient Data,Data Ingestion Required,Collect further supply and demand data for surface ornamentation techniques (embroidery) in ahmednagar before allocating government training resources.,Confidence rating (0.4) is below the required operational threshold (0.5).,"{'supply_score': 1.02, 'current_demand_score': 50.0, 'current_gap': 48.98, 'priority_score': 49.42, 'future_demand_score': None, 'future_gap': None, 'growth_trend': None}",0.4,"{'has_supply': True, 'has_current_demand': False, 'has_future_demand': False}"
ahmednagar,,welder under dual system training,Insufficient Data,Data Ingestion Required,Collect further supply and demand data for welder under dual system training in ahmednagar before allocating government training resources.,Confidence rating (0.4) is below the required operational threshold (0.5).,"{'supply_score': 1.02, 'current_demand_score': 50.0, 'current_gap': 48.98, 'priority_score': 49.42, 'future_demand_score': None, 'future_gap': None, 'growth_trend': None}",0.4,"{'has_supply': True, 'has_current_demand': False, 'has_future_demand': False}"
akola,,plastic processing operator,Insufficient Data,Data Ingestion Required,Collect further supply and demand data for plastic processing operator in akola before allocating government training resources.,Confidence rating (0.4) is below the required operational threshold (0.5).,"{'supply_score': 1.02, 'current_demand_score': 50.0, 'current_gap': 48.98, 'priority_score': 49.42, 'future_demand_score': None, 'future_gap': None, 'growth_trend': None}",0.4,"{'has_supply': True, 'has_current_demand': False, 'has_future_demand': False}"
akola,,sheet metal worker,Insufficient Data,Data Ingestion Required,Collect further supply and demand data for sheet metal worker in akola before allocating government training resources.,Confidence rating (0.4) is below the required operational threshold (0.5).,"{'supply_score': 1.02, 'current_demand_score': 50.0, 'current_gap': 48.98, 'priority_score': 49.42, 'future_demand_score': None, 'future_gap': None, 'growth_trend': None}",0.4,"{'has_supply': True, 'has_current_demand': False, 'has_future_demand': False}"
akola,,turner,Insufficient Data,Data Ingestion Required,Collect further supply and demand data for turner in akola before allocating government training resources.,Confidence rating (0.4) is below the required operational threshold (0.5).,"{'supply_score': 1.02, 'current_demand_score': 50.0, 'current_gap': 48.98, 'priority_score': 49.42, 'future_demand_score': None, 'future_gap': None, 'growth_trend': None}",0.4,"{'has_supply': True, 'has_current_demand': False, 'has_future_demand': False}"
amravati,,mechanic tractor,Insufficient Data,Data Ingestion Required,Collect further supply and demand data for mechanic tractor in amravati before allocating government training resources.,Confidence rating (0.4) is below the required operational threshold (0.5).,"{'supply_score': 1.02, 'current_demand_score': 50.0, 'current_gap': 48.98, 'priority_score': 49.42, 'future_demand_score': None, 'future_gap': None, 'growth_trend': None}",0.4,"{'has_supply': True, 'has_current_demand': False, 'has_future_demand': False}"
amravati,,painter general,Insufficient Data,Data Ingestion Required,Collect further supply and demand data for painter general in amravati before allocating government training resources.,Confidence rating (0.4) is below the required operational threshold (0.5).,"{'supply_score': 1.02, 'current_demand_score': 50.0, 'current_gap': 48.98, 'priority_score': 49.42, 'future_demand_score': None, 'future_gap': None, 'growth_trend': None}",0.4,"{'has_supply': True, 'has_current_demand': False, 'has_future_demand': False}"
amravati,,plastic processing operator,Insufficient Data,Data Ingestion Required,Collect further supply and demand data for plastic processing operator in amravati before allocating government training resources.,Confidence rating (0.4) is below the required operational threshold (0.5).,"{'supply_score': 1.02, 'current_demand_score': 50.0, 'current_gap': 48.98, 'priority_score': 49.42, 'future_demand_score': None, 'future_gap': None, 'growth_trend': None}",0.4,"{'has_supply': True, 'has_current_demand': False, 'has_future_demand': False}"
amravati,,pump operator cum mechanic,Insufficient Data,Data Ingestion Required,Collect further supply and demand data for pump operator cum mechanic in amravati before allocating government training resources.,Confidence rating (0.4) is below the required operational threshold (0.5).,"{'supply_score': 1.02, 'current_demand_score': 50.0, 'current_gap': 48.98, 'priority_score': 49.42, 'future_demand_score': None, 'future_gap': None, 'growth_trend': None}",0.4,"{'has_supply': True, 'has_current_demand': False, 'has_future_demand': False}"
beed,,fashion design and technology,Insufficient Data,Data Ingestion Required,Collect further supply and demand data for fashion design and technology in beed before allocating government training resources.,Confidence rating (0.4) is below the required operational threshold (0.5).,"{'supply_score': 1.02, 'current_demand_score': 50.0, 'current_gap': 48.98, 'priority_score': 49.42, 'future_demand_score': None, 'future_gap': None, 'growth_trend': None}",0.4,"{'has_supply': True, 'has_current_demand': False, 'has_future_demand': False}"
beed,,sewing technology,Insufficient Data,Data Ingestion Required,Collect further supply and demand data for sewing technology in beed before allocating government training resources.,Confidence rating (0.4) is below the required operational threshold (0.5).,"{'supply_score': 1.02, 'current_demand_score': 50.0, 'current_gap': 48.98, 'priority_score': 49.42, 'future_demand_score': None, 'future_gap': None, 'growth_trend': None}",0.4,"{'has_supply': True, 'has_current_demand': False, 'has_future_demand': False}"
beed,,turner,Insufficient Data,Data Ingestion Required,Collect further supply and demand data for turner in beed before allocating government training resources.,Confidence rating (0.4) is below the required operational threshold (0.5).,"{'supply_score': 1.02, 'current_demand_score': 50.0, 'current_gap': 48.98, 'priority_score': 49.42, 'future_demand_score': None, 'future_gap': None, 'growth_trend': None}",0.4,"{'has_supply': True, 'has_current_demand': False, 'has_future_demand': False}"
bhandara,,electrician under dual system training,Insufficient Data,Data Ingestion Required,Collect further supply and demand data for electrician under dual system training in bhandara before allocating government training resources.,Confidence rating (0.4) is below the required operational threshold (0.5).,"{'supply_score': 1.02, 'current_demand_score': 50.0, 'current_gap': 48.98, 'priority_score': 49.42, 'future_demand_score': None, 'future_gap': None, 'growth_trend': None}",0.4,"{'has_supply': True, 'has_current_demand': False, 'has_future_demand': False}"
bhandara,,machinist,Insufficient Data,Data Ingestion Required,Collect further supply and demand data for machinist in bhandara before allocating government training resources.,Confidence rating (0.4) is below the required operational threshold (0.5).,"{'supply_score': 1.02, 'current_demand_score': 50.0, 'current_gap': 48.98, 'priority_score': 49.42, 'future_demand_score': None, 'future_gap': None, 'growth_trend': None}",0.4,"{'has_supply': True, 'has_current_demand': False, 'has_future_demand': False}"
bhandara,,turner,Insufficient Data,Data Ingestion Required,Collect further supply and demand data for turner in bhandara before allocating government training resources.,Confidence rating (0.4) is below the required operational threshold (0.5).,"{'supply_score': 1.02, 'current_demand_score': 50.0, 'current_gap': 48.98, 'priority_score': 49.42, 'future_demand_score': None, 'future_gap': None, 'growth_trend': None}",0.4,"{'has_supply': True, 'has_current_demand': False, 'has_future_demand': False}"
buldhana,,mechanic tractor,Insufficient Data,Data Ingestion Required,Collect further supply and demand data for mechanic tractor in buldhana before allocating government training resources.,Confidence rating (0.4) is below the required operational threshold (0.5).,"{'supply_score': 1.02, 'current_demand_score': 50.0, 'current_gap': 48.98, 'priority_score': 49.42, 'future_demand_score': None, 'future_gap': None, 'growth_trend': None}",0.4,"{'has_supply': True, 'has_current_demand': False, 'has_future_demand': False}"
buldhana,,painter general,Insufficient Data,Data Ingestion Required,Collect further supply and demand data for painter general in buldhana before allocating government training resources.,Confidence rating (0.4) is below the required operational threshold (0.5).,"{'supply_score': 1.02, 'current_demand_score': 50.0, 'current_gap': 48.98, 'priority_score': 49.42, 'future_demand_score': None, 'future_gap': None, 'growth_trend': None}",0.4,"{'has_supply': True, 'has_current_demand': False, 'has_future_demand': False}"
buldhana,,pump operator cum mechanic,Insufficient Data,Data Ingestion Required,Collect further supply and demand data for pump operator cum mechanic in buldhana before allocating government training resources.,Confidence rating (0.4) is below the required operational threshold (0.5).,"{'supply_score': 1.02, 'current_demand_score': 50.0, 'current_gap': 48.98, 'priority_score': 49.42, 'future_demand_score': None, 'future_gap': None, 'growth_trend': None}",0.4,"{'has_supply': True, 'has_current_demand': False, 'has_future_demand': False}"
buldhana,,turner,Insufficient Data,Data Ingestion Required,Collect further supply and demand data for turner in buldhana before allocating government training resources.,Confidence rating (0.4) is below the required operational threshold (0.5).,"{'supply_score': 1.02, 'current_demand_score': 50.0, 'current_gap': 48.98, 'priority_score': 49.42, 'future_demand_score': None, 'future_gap': None, 'growth_trend': None}",0.4,"{'has_supply': True, 'has_current_demand': False, 'has_future_demand': False}"
chandrapur,,mechanic auto electrical and electronics,Insufficient Data,Data Ingestion Required,Collect further supply and demand data for mechanic auto electrical and electronics in chandrapur before allocating government training resources.,Confidence rating (0.4) is below the required operational threshold (0.5).,"{'supply_score': 1.02, 'current_demand_score': 50.0, 'current_gap': 48.98, 'priority_score': 49.42, 'future_demand_score': None, 'future_gap': None, 'growth_trend': None}",0.4,"{'has_supply': True, 'has_current_demand': False, 'has_future_demand': False}"
chandrapur,,mechanic tractor,Insufficient Data,Data Ingestion Required,Collect further supply and demand data for mechanic tractor in chandrapur before allocating government training resources.,Confidence rating (0.4) is below the required operational threshold (0.5).,"{'supply_score': 1.02, 'current_demand_score': 50.0, 'current_gap': 48.98, 'priority_score': 49.42, 'future_demand_score': None, 'future_gap': None, 'growth_trend': None}",0.4,"{'has_supply': True, 'has_current_demand': False, 'has_future_demand': False}"
chhatrapati sambhajinagar,,machinist grinder,Insufficient Data,Data Ingestion Required,Collect further supply and demand data for machinist grinder in chhatrapati sambhajinagar before allocating government training resources.,Confidence rating (0.4) is below the required operational threshold (0.5).,"{'supply_score': 1.02, 'current_demand_score': 50.0, 'current_gap': 48.98, 'priority_score': 49.42, 'future_demand_score': None, 'future_gap': None, 'growth_trend': None}",0.4,"{'has_supply': True, 'has_current_demand': False, 'has_future_demand': False}"
chhatrapati sambhajinagar,,machinist grinder under dual training system,Insufficient Data,Data Ingestion Required,Collect further supply and demand data for machinist grinder under dual training system in chhatrapati sambhajinagar before allocating government training resources.,Confidence rating (0.4) is below the required operational threshold (0.5).,"{'supply_score': 1.02, 'current_demand_score': 50.0, 'current_gap': 48.98, 'priority_score': 49.42, 'future_demand_score': None, 'future_gap': None, 'growth_trend': None}",0.4,"{'has_supply': True, 'has_current_demand': False, 'has_future_demand': False}"
chhatrapati sambhajinagar,,pump operator cum mechanic,Insufficient Data,Data Ingestion Required,Collect further supply and demand data for pump operator cum mechanic in chhatrapati sambhajinagar before allocating government training resources.,Confidence rating (0.4) is below the required operational threshold (0.5).,"{'supply_score': 1.02, 'current_demand_score': 50.0, 'current_gap': 48.98, 'priority_score': 49.42, 'future_demand_score': None, 'future_gap': None, 'growth_trend': None}",0.4,"{'has_supply': True, 'has_current_demand': False, 'has_future_demand': False}"
chhatrapati sambhajinagar,,sheet metal worker under dual system training,Insufficient Data,Data Ingestion Required,Collect further supply and demand data for sheet metal worker under dual system training in chhatrapati sambhajinagar before allocating government training resources.,Confidence rating (0.4) is below the required operational threshold (0.5).,"{'supply_score': 1.02, 'current_demand_score': 50.0, 'current_gap': 48.98, 'priority_score': 49.42, 'future_demand_score': None, 'future_gap': None, 'growth_trend': None}",0.4,"{'has_supply': True, 'has_current_demand': False, 'has_future_demand': False}"
chhatrapati sambhajinagar,,welder under dual system training,Insufficient Data,Data Ingestion Required,Collect further supply and demand data for welder under dual system training in chhatrapati sambhajinagar before allocating government training resources.,Confidence rating (0.4) is below the required operational threshold (0.5).,"{'supply_score': 1.02, 'current_demand_score': 50.0, 'current_gap': 48.98, 'priority_score': 49.42, 'future_demand_score': None, 'future_gap': None, 'growth_trend': None}",0.4,"{'has_supply': True, 'has_current_demand': False, 'has_future_demand': False}"
dharashiv,,mechanic tractor,Insufficient Data,Data Ingestion Required,Collect further supply and demand data for mechanic tractor in dharashiv before allocating government training resources.,Confidence rating (0.4) is below the required operational threshold (0.5).,"{'supply_score': 1.02, 'current_demand_score': 50.0, 'current_gap': 48.98, 'priority_score': 49.42, 'future_demand_score': None, 'future_gap': None, 'growth_trend': None}",0.4,"{'has_supply': True, 'has_current_demand': False, 'has_future_demand': False}"
dharashiv,,painter general,Insufficient Data,Data Ingestion Required,Collect further supply and demand data for painter general in dharashiv before allocating government training resources.,Confidence rating (0.4) is below the required operational threshold (0.5).,"{'supply_score': 1.02, 'current_demand_score': 50.0, 'current_gap': 48.98, 'priority_score': 49.42, 'future_demand_score': None, 'future_gap': None, 'growth_trend': None}",0.4,"{'has_supply': True, 'has_current_demand': False, 'has_future_demand': False}"
dhule,,pump operator cum mechanic,Insufficient Data,Data Ingestion Required,Collect further supply and demand data for pump operator cum mechanic in dhule before allocating government training resources.,Confidence rating (0.4) is below the required operational threshold (0.5).,"{'supply_score': 1.02, 'current_demand_score': 50.0, 'current_gap': 48.98, 'priority_score': 49.42, 'future_demand_score': None, 'future_gap': None, 'growth_trend': None}",0.4,"{'has_supply': True, 'has_current_demand': False, 'has_future_demand': False}"
dhule,,surface ornamentation techniques (embroidery),Insufficient Data,Data Ingestion Required,Collect further supply and demand data for surface ornamentation techniques (embroidery) in dhule before allocating government training resources.,Confidence rating (0.4) is below the required operational threshold (0.5).,"{'supply_score': 1.02, 'current_demand_score': 50.0, 'current_gap': 48.98, 'priority_score': 49.42, 'future_demand_score': None, 'future_gap': None, 'growth_trend': None}",0.4,"{'has_supply': True, 'has_current_demand': False, 'has_future_demand': False}"
gadchiroli,,fashion design and technology,Insufficient Data,Data Ingestion Required,Collect further supply and demand data for fashion design and technology in gadchiroli before allocating government training resources.,Confidence rating (0.4) is below the required operational threshold (0.5).,"{'supply_score': 1.02, 'current_demand_score': 50.0, 'current_gap': 48.98, 'priority_score': 49.42, 'future_demand_score': None, 'future_gap': None, 'growth_trend': None}",0.4,"{'has_supply': True, 'has_current_demand': False, 'has_future_demand': False}"
gadchiroli,,pump operator cum mechanic,Insufficient Data,Data Ingestion Required,Collect further supply and demand data for pump operator cum mechanic in gadchiroli before allocating government training resources.,Confidence rating (0.4) is below the required operational threshold (0.5).,"{'supply_score': 1.02, 'current_demand_score': 50.0, 'current_gap': 48.98, 'priority_score': 49.42, 'future_demand_score': None, 'future_gap': None, 'growth_trend': None}",0.4,"{'has_supply': True, 'has_current_demand': False, 'has_future_demand': False}"
gondia,,machinist,Insufficient Data,Data Ingestion Required,Collect further supply and demand data for machinist in gondia before allocating government training resources.,Confidence rating (0.4) is below the required operational threshold (0.5).,"{'supply_score': 1.02, 'current_demand_score': 50.0, 'current_gap': 48.98, 'priority_score': 49.42, 'future_demand_score': None, 'future_gap': None, 'growth_trend': None}",0.4,"{'has_supply': True, 'has_current_demand': False, 'has_future_demand': False}"
gondia,,pump operator cum mechanic,Insufficient Data,Data Ingestion Required,Collect further supply and demand data for pump operator cum mechanic in gondia before allocating government training resources.,Confidence rating (0.4) is below the required operational threshold (0.5).,"{'supply_score': 1.02, 'current_demand_score': 50.0, 'current_gap': 48.98, 'priority_score': 49.42, 'future_demand_score': None, 'future_gap': None, 'growth_trend': None}",0.4,"{'has_supply': True, 'has_current_demand': False, 'has_future_demand': False}"
gondia,,solar technician (electrical),Insufficient Data,Data Ingestion Required,Collect further supply and demand data for solar technician (electrical) in gondia before allocating government training resources.,Confidence rating (0.4) is below the required operational threshold (0.5).,"{'supply_score': 1.02, 'current_demand_score': 50.0, 'current_gap': 48.98, 'priority_score': 49.42, 'future_demand_score': None, 'future_gap': None, 'growth_trend': None}",0.4,"{'has_supply': True, 'has_current_demand': False, 'has_future_demand': False}"
hingoli,,dress making,Insufficient Data,Data Ingestion Required,Collect further supply and demand data for dress making in hingoli before allocating government training resources.,Confidence rating (0.4) is below the required operational threshold (0.5).,"{'supply_score': 1.02, 'current_demand_score': 50.0, 'current_gap': 48.98, 'priority_score': 49.42, 'future_demand_score': None, 'future_gap': None, 'growth_trend': None}",0.4,"{'has_supply': True, 'has_current_demand': False, 'has_future_demand': False}"
jalgaon,,electrician under dual system training,Insufficient Data,Data Ingestion Required,Collect further supply and demand data for electrician under dual system training in jalgaon before allocating government training resources.,Confidence rating (0.4) is below the required operational threshold (0.5).,"{'supply_score': 1.02, 'current_demand_score': 50.0, 'current_gap': 48.98, 'priority_score': 49.42, 'future_demand_score': None, 'future_gap': None, 'growth_trend': None}",0.4,"{'has_supply': True, 'has_current_demand': False, 'has_future_demand': False}"
jalgaon,,machinist under dual training system,Insufficient Data,Data Ingestion Required,Collect further supply and demand data for machinist under dual training system in jalgaon before allocating government training resources.,Confidence rating (0.4) is below the required operational threshold (0.5).,"{'supply_score': 1.02, 'current_demand_score': 50.0, 'current_gap': 48.98, 'priority_score': 49.42, 'future_demand_score': None, 'future_gap': None, 'growth_trend': None}",0.4,"{'has_supply': True, 'has_current_demand': False, 'has_future_demand': False}"
jalgaon,,mechanic auto electrical and electronics,Insufficient Data,Data Ingestion Required,Collect further supply and demand data for mechanic auto electrical and electronics in jalgaon before allocating government training resources.,Confidence rating (0.4) is below the required operational threshold (0.5).,"{'supply_score': 1.02, 'current_demand_score': 50.0, 'current_gap': 48.98, 'priority_score': 49.42, 'future_demand_score': None, 'future_gap': None, 'growth_trend': None}",0.4,"{'has_supply': True, 'has_current_demand': False, 'has_future_demand': False}"
jalgaon,,mechanic tractor,Insufficient Data,Data Ingestion Required,Collect further supply and demand data for mechanic tractor in jalgaon before allocating government training resources.,Confidence rating (0.4) is below the required operational threshold (0.5).,"{'supply_score': 1.02, 'current_demand_score': 50.0, 'current_gap': 48.98, 'priority_score': 49.42, 'future_demand_score': None, 'future_gap': None, 'growth_trend': None}",0.4,"{'has_supply': True, 'has_current_demand': False, 'has_future_demand': False}"
jalgaon,,plastic processing operator under dual training system,Insufficient Data,Data Ingestion Required,Collect further supply and demand data for plastic processing operator under dual training system in jalgaon before allocating government training resources.,Confidence rating (0.4) is below the required operational threshold (0.5).,"{'supply_score': 1.02, 'current_demand_score': 50.0, 'current_gap': 48.98, 'priority_score': 49.42, 'future_demand_score': None, 'future_gap': None, 'growth_trend': None}",0.4,"{'has_supply': True, 'has_current_demand': False, 'has_future_demand': False}"
jalgaon,,turner under dual training system,Insufficient Data,Data Ingestion Required,Collect further supply and demand data for turner under dual training system in jalgaon before allocating government training resources.,Confidence rating (0.4) is below the required operational threshold (0.5).,"{'supply_score': 1.02, 'current_demand_score': 50.0, 'current_gap': 48.98, 'priority_score': 49.42, 'future_demand_score': None, 'future_gap': None, 'growth_trend': None}",0.4,"{'has_supply': True, 'has_current_demand': False, 'has_future_demand': False}"
jalgaon,,welder under dual system training,Insufficient Data,Data Ingestion Required,Collect further supply and demand data for welder under dual system training in jalgaon before allocating government training resources.,Confidence rating (0.4) is below the required operational threshold (0.5).,"{'supply_score': 1.02, 'current_demand_score': 50.0, 'current_gap': 48.98, 'priority_score': 49.42, 'future_demand_score': None, 'future_gap': None, 'growth_trend': None}",0.4,"{'has_supply': True, 'has_current_demand': False, 'has_future_demand': False}"
jalna,,fitter under dual training system,Insufficient Data,Data Ingestion Required,Collect further supply and demand data for fitter under dual training system in jalna before allocating government training resources.,Confidence rating (0.4) is below the required operational threshold (0.5).,"{'supply_score': 1.02, 'current_demand_score': 50.0, 'current_gap': 48.98, 'priority_score': 49.42, 'future_demand_score': None, 'future_gap': None, 'growth_trend': None}",0.4,"{'has_supply': True, 'has_current_demand': False, 'has_future_demand': False}"
jalna,,sewing technology,Insufficient Data,Data Ingestion Required,Collect further supply and demand data for sewing technology in jalna before allocating government training resources.,Confidence rating (0.4) is below the required operational threshold (0.5).,"{'supply_score': 1.02, 'current_demand_score': 50.0, 'current_gap': 48.98, 'priority_score': 49.42, 'future_demand_score': None, 'future_gap': None, 'growth_trend': None}",0.4,"{'has_supply': True, 'has_current_demand': False, 'has_future_demand': False}"
jalna,,wireman,Insufficient Data,Data Ingestion Required,Collect further supply and demand data for wireman in jalna before allocating government training resources.,Confidence rating (0.4) is below the required operational threshold (0.5).,"{'supply_score': 1.02, 'current_demand_score': 50.0, 'current_gap': 48.98, 'priority_score': 49.42, 'future_demand_score': None, 'future_gap': None, 'growth_trend': None}",0.4,"{'has_supply': True, 'has_current_demand': False, 'has_future_demand': False}"
kolhapur,,painter general,Insufficient Data,Data Ingestion Required,Collect further supply and demand data for painter general in kolhapur before allocating government training resources.,Confidence rating (0.4) is below the required operational threshold (0.5).,"{'supply_score': 1.02, 'current_demand_score': 50.0, 'current_gap': 48.98, 'priority_score': 49.42, 'future_demand_score': None, 'future_gap': None, 'growth_trend': None}",0.4,"{'has_supply': True, 'has_current_demand': False, 'has_future_demand': False}"
kolhapur,,plastic processing operator,Insufficient Data,Data Ingestion Required,Collect further supply and demand data for plastic processing operator in kolhapur before allocating government training resources.,Confidence rating (0.4) is below the required operational threshold (0.5).,"{'supply_score': 1.02, 'current_demand_score': 50.0, 'current_gap': 48.98, 'priority_score': 49.42, 'future_demand_score': None, 'future_gap': None, 'growth_trend': None}",0.4,"{'has_supply': True, 'has_current_demand': False, 'has_future_demand': False}"
latur,,fitter under dual training system,Insufficient Data,Data Ingestion Required,Collect further supply and demand data for fitter under dual training system in latur before allocating government training resources.,Confidence rating (0.4) is below the required operational threshold (0.5).,"{'supply_score': 1.02, 'current_demand_score': 50.0, 'current_gap': 48.98, 'priority_score': 49.42, 'future_demand_score': None, 'future_gap': None, 'growth_trend': None}",0.4,"{'has_supply': True, 'has_current_demand': False, 'has_future_demand': False}"
latur,,turner,Insufficient Data,Data Ingestion Required,Collect further supply and demand data for turner in latur before allocating government training resources.,Confidence rating (0.4) is below the required operational threshold (0.5).,"{'supply_score': 1.02, 'current_demand_score': 50.0, 'current_gap': 48.98, 'priority_score': 49.42, 'future_demand_score': None, 'future_gap': None, 'growth_trend': None}",0.4,"{'has_supply': True, 'has_current_demand': False, 'has_future_demand': False}"
mumbai,,dress making,Insufficient Data,Data Ingestion Required,Collect further supply and demand data for dress making in mumbai before allocating government training resources.,Confidence rating (0.4) is below the required operational threshold (0.5).,"{'supply_score': 1.02, 'current_demand_score': 50.0, 'current_gap': 48.98, 'priority_score': 49.42, 'future_demand_score': None, 'future_gap': None, 'growth_trend': None}",0.4,"{'has_supply': True, 'has_current_demand': False, 'has_future_demand': False}"
mumbai,,machinist grinder,Insufficient Data,Data Ingestion Required,Collect further supply and demand data for machinist grinder in mumbai before allocating government training resources.,Confidence rating (0.4) is below the required operational threshold (0.5).,"{'supply_score': 1.02, 'current_demand_score': 50.0, 'current_gap': 48.98, 'priority_score': 49.42, 'future_demand_score': None, 'future_gap': None, 'growth_trend': None}",0.4,"{'has_supply': True, 'has_current_demand': False, 'has_future_demand': False}"
mumbai,,turner,Insufficient Data,Data Ingestion Required,Collect further supply and demand data for turner in mumbai before allocating government training resources.,Confidence rating (0.4) is below the required operational threshold (0.5).,"{'supply_score': 1.02, 'current_demand_score': 50.0, 'current_gap': 48.98, 'priority_score': 49.42, 'future_demand_score': None, 'future_gap': None, 'growth_trend': None}",0.4,"{'has_supply': True, 'has_current_demand': False, 'has_future_demand': False}"
mumbai suburban,,fitter under dual training system,Insufficient Data,Data Ingestion Required,Collect further supply and demand data for fitter under dual training system in mumbai suburban before allocating government training resources.,Confidence rating (0.4) is below the required operational threshold (0.5).,"{'supply_score': 1.02, 'current_demand_score': 50.0, 'current_gap': 48.98, 'priority_score': 49.42, 'future_demand_score': None, 'future_gap': None, 'growth_trend': None}",0.4,"{'has_supply': True, 'has_current_demand': False, 'has_future_demand': False}"
mumbai suburban,,food and beverages services assistant under dual training system,Insufficient Data,Data Ingestion Required,Collect further supply and demand data for food and beverages services assistant under dual training system in mumbai suburban before allocating government training resources.,Confidence rating (0.4) is below the required operational threshold (0.5).,"{'supply_score': 1.02, 'current_demand_score': 50.0, 'current_gap': 48.98, 'priority_score': 49.42, 'future_demand_score': None, 'future_gap': None, 'growth_trend': None}",0.4,"{'has_supply': True, 'has_current_demand': False, 'has_future_demand': False}"
mumbai suburban,,machinist grinder,Insufficient Data,Data Ingestion Required,Collect further supply and demand data for machinist grinder in mumbai suburban before allocating government training resources.,Confidence rating (0.4) is below the required operational threshold (0.5).,"{'supply_score': 1.02, 'current_demand_score': 50.0, 'current_gap': 48.98, 'priority_score': 49.42, 'future_demand_score': None, 'future_gap': None, 'growth_trend': None}",0.4,"{'has_supply': True, 'has_current_demand': False, 'has_future_demand': False}"
mumbai suburban,,mechanic auto body painting,Insufficient Data,Data Ingestion Required,Collect further supply and demand data for mechanic auto body painting in mumbai suburban before allocating government training resources.,Confidence rating (0.4) is below the required operational threshold (0.5).,"{'supply_score': 1.02, 'current_demand_score': 50.0, 'current_gap': 48.98, 'priority_score': 49.42, 'future_demand_score': None, 'future_gap': None, 'growth_trend': None}",0.4,"{'has_supply': True, 'has_current_demand': False, 'has_future_demand': False}"
mumbai suburban,,mechanic auto body repair,Insufficient Data,Data Ingestion Required,Collect further supply and demand data for mechanic auto body repair in mumbai suburban before allocating government training resources.,Confidence rating (0.4) is below the required operational threshold (0.5).,"{'supply_score': 1.02, 'current_demand_score': 50.0, 'current_gap': 48.98, 'priority_score': 49.42, 'future_demand_score': None, 'future_gap': None, 'growth_trend': None}",0.4,"{'has_supply': True, 'has_current_demand': False, 'has_future_demand': False}"
mumbai suburban,,solar technician (electrical),Insufficient Data,Data Ingestion Required,Collect further supply and demand data for solar technician (electrical) in mumbai suburban before allocating government training resources.,Confidence rating (0.4) is below the required operational threshold (0.5).,"{'supply_score': 1.02, 'current_demand_score': 50.0, 'current_gap': 48.98, 'priority_score': 49.42, 'future_demand_score': None, 'future_gap': None, 'growth_trend': None}",0.4,"{'has_supply': True, 'has_current_demand': False, 'has_future_demand': False}"
mumbai suburban,,welder (gmaw and gtaw),Insufficient Data,Data Ingestion Required,Collect further supply and demand data for welder (gmaw and gtaw) in mumbai suburban before allocating government training resources.,Confidence rating (0.4) is below the required operational threshold (0.5).,"{'supply_score': 1.02, 'current_demand_score': 50.0, 'current_gap': 48.98, 'priority_score': 49.42, 'future_demand_score': None, 'future_gap': None, 'growth_trend': None}",0.4,"{'has_supply': True, 'has_current_demand': False, 'has_future_demand': False}"
nagpur,,aeronautical structure and equipment fitter,Insufficient Data,Data Ingestion Required,Collect further supply and demand data for aeronautical structure and equipment fitter in nagpur before allocating government training resources.,Confidence rating (0.4) is below the required operational threshold (0.5).,"{'supply_score': 1.02, 'current_demand_score': 50.0, 'current_gap': 48.98, 'priority_score': 49.42, 'future_demand_score': None, 'future_gap': None, 'growth_trend': None}",0.4,"{'has_supply': True, 'has_current_demand': False, 'has_future_demand': False}"
nagpur,,dress making under dual training system,Insufficient Data,Data Ingestion Required,Collect further supply and demand data for dress making under dual training system in nagpur before allocating government training resources.,Confidence rating (0.4) is below the required operational threshold (0.5).,"{'supply_score': 1.02, 'current_demand_score': 50.0, 'current_gap': 48.98, 'priority_score': 49.42, 'future_demand_score': None, 'future_gap': None, 'growth_trend': None}",0.4,"{'has_supply': True, 'has_current_demand': False, 'has_future_demand': False}"
nagpur,,fashion design and technology,Insufficient Data,Data Ingestion Required,Collect further supply and demand data for fashion design and technology in nagpur before allocating government training resources.,Confidence rating (0.4) is below the required operational threshold (0.5).,"{'supply_score': 1.02, 'current_demand_score': 50.0, 'current_gap': 48.98, 'priority_score': 49.42, 'future_demand_score': None, 'future_gap': None, 'growth_trend': None}",0.4,"{'has_supply': True, 'has_current_demand': False, 'has_future_demand': False}"
nagpur,,fashion design and technology under dual system training,Insufficient Data,Data Ingestion Required,Collect further supply and demand data for fashion design and technology under dual system training in nagpur before allocating government training resources.,Confidence rating (0.4) is below the required operational threshold (0.5).,"{'supply_score': 1.02, 'current_demand_score': 50.0, 'current_gap': 48.98, 'priority_score': 49.42, 'future_demand_score': None, 'future_gap': None, 'growth_trend': None}",0.4,"{'has_supply': True, 'has_current_demand': False, 'has_future_demand': False}"
nagpur,,machinist grinder,Insufficient Data,Data Ingestion Required,Collect further supply and demand data for machinist grinder in nagpur before allocating government training resources.,Confidence rating (0.4) is below the required operational threshold (0.5).,"{'supply_score': 1.02, 'current_demand_score': 50.0, 'current_gap': 48.98, 'priority_score': 49.42, 'future_demand_score': None, 'future_gap': None, 'growth_trend': None}",0.4,"{'has_supply': True, 'has_current_demand': False, 'has_future_demand': False}"
nagpur,,mechanic tractor,Insufficient Data,Data Ingestion Required,Collect further supply and demand data for mechanic tractor in nagpur before allocating government training resources.,Confidence rating (0.4) is below the required operational threshold (0.5).,"{'supply_score': 1.02, 'current_demand_score': 50.0, 'current_gap': 48.98, 'priority_score': 49.42, 'future_demand_score': None, 'future_gap': None, 'growth_trend': None}",0.4,"{'has_supply': True, 'has_current_demand': False, 'has_future_demand': False}"
nagpur,,plastic processing operator,Insufficient Data,Data Ingestion Required,Collect further supply and demand data for plastic processing operator in nagpur before allocating government training resources.,Confidence rating (0.4) is below the required operational threshold (0.5).,"{'supply_score': 1.02, 'current_demand_score': 50.0, 'current_gap': 48.98, 'priority_score': 49.42, 'future_demand_score': None, 'future_gap': None, 'growth_trend': None}",0.4,"{'has_supply': True, 'has_current_demand': False, 'has_future_demand': False}"
nagpur,,sewing technology,Insufficient Data,Data Ingestion Required,Collect further supply and demand data for sewing technology in nagpur before allocating government training resources.,Confidence rating (0.4) is below the required operational threshold (0.5).,"{'supply_score': 1.02, 'current_demand_score': 50.0, 'current_gap': 48.98, 'priority_score': 49.42, 'future_demand_score': None, 'future_gap': None, 'growth_trend': None}",0.4,"{'has_supply': True, 'has_current_demand': False, 'has_future_demand': False}"
nagpur,,sheet metal worker,Insufficient Data,Data Ingestion Required,Collect further supply and demand data for sheet metal worker in nagpur before allocating government training resources.,Confidence rating (0.4) is below the required operational threshold (0.5).,"{'supply_score': 1.02, 'current_demand_score': 50.0, 'current_gap': 48.98, 'priority_score': 49.42, 'future_demand_score': None, 'future_gap': None, 'growth_trend': None}",0.4,"{'has_supply': True, 'has_current_demand': False, 'has_future_demand': False}"
nagpur,,solar technician (electrical),Insufficient Data,Data Ingestion Required,Collect further supply and demand data for solar technician (electrical) in nagpur before allocating government training resources.,Confidence rating (0.4) is below the required operational threshold (0.5).,"{'supply_score': 1.02, 'current_demand_score': 50.0, 'current_gap': 48.98, 'priority_score': 49.42, 'future_demand_score': None, 'future_gap': None, 'growth_trend': None}",0.4,"{'has_supply': True, 'has_current_demand': False, 'has_future_demand': False}"
nagpur,,welder under dual system training,Insufficient Data,Data Ingestion Required,Collect further supply and demand data for welder under dual system training in nagpur before allocating government training resources.,Confidence rating (0.4) is below the required operational threshold (0.5).,"{'supply_score': 1.02, 'current_demand_score': 50.0, 'current_gap': 48.98, 'priority_score': 49.42, 'future_demand_score': None, 'future_gap': None, 'growth_trend': None}",0.4,"{'has_supply': True, 'has_current_demand': False, 'has_future_demand': False}"
nanded,,welder under dual system training,Insufficient Data,Data Ingestion Required,Collect further supply and demand data for welder under dual system training in nanded before allocating government training resources.,Confidence rating (0.4) is below the required operational threshold (0.5).,"{'supply_score': 1.02, 'current_demand_score': 50.0, 'current_gap': 48.98, 'priority_score': 49.42, 'future_demand_score': None, 'future_gap': None, 'growth_trend': None}",0.4,"{'has_supply': True, 'has_current_demand': False, 'has_future_demand': False}"
nandurbar,,machinist,Insufficient Data,Data Ingestion Required,Collect further supply and demand data for machinist in nandurbar before allocating government training resources.,Confidence rating (0.4) is below the required operational threshold (0.5).,"{'supply_score': 1.02, 'current_demand_score': 50.0, 'current_gap': 48.98, 'priority_score': 49.42, 'future_demand_score': None, 'future_gap': None, 'growth_trend': None}",0.4,"{'has_supply': True, 'has_current_demand': False, 'has_future_demand': False}"
nandurbar,,mechanic tractor,Insufficient Data,Data Ingestion Required,Collect further supply and demand data for mechanic tractor in nandurbar before allocating government training resources.,Confidence rating (0.4) is below the required operational threshold (0.5).,"{'supply_score': 1.02, 'current_demand_score': 50.0, 'current_gap': 48.98, 'priority_score': 49.42, 'future_demand_score': None, 'future_gap': None, 'growth_trend': None}",0.4,"{'has_supply': True, 'has_current_demand': False, 'has_future_demand': False}"
nandurbar,,sheet metal worker,Insufficient Data,Data Ingestion Required,Collect further supply and demand data for sheet metal worker in nandurbar before allocating government training resources.,Confidence rating (0.4) is below the required operational threshold (0.5).,"{'supply_score': 1.02, 'current_demand_score': 50.0, 'current_gap': 48.98, 'priority_score': 49.42, 'future_demand_score': None, 'future_gap': None, 'growth_trend': None}",0.4,"{'has_supply': True, 'has_current_demand': False, 'has_future_demand': False}"
nashik,,plastic processing operator,Insufficient Data,Data Ingestion Required,Collect further supply and demand data for plastic processing operator in nashik before allocating government training resources.,Confidence rating (0.4) is below the required operational threshold (0.5).,"{'supply_score': 1.02, 'current_demand_score': 50.0, 'current_gap': 48.98, 'priority_score': 49.42, 'future_demand_score': None, 'future_gap': None, 'growth_trend': None}",0.4,"{'has_supply': True, 'has_current_demand': False, 'has_future_demand': False}"
nashik,,solar technician (electrical),Insufficient Data,Data Ingestion Required,Collect further supply and demand data for solar technician (electrical) in nashik before allocating government training resources.,Confidence rating (0.4) is below the required operational threshold (0.5).,"{'supply_score': 1.02, 'current_demand_score': 50.0, 'current_gap': 48.98, 'priority_score': 49.42, 'future_demand_score': None, 'future_gap': None, 'growth_trend': None}",0.4,"{'has_supply': True, 'has_current_demand': False, 'has_future_demand': False}"
palghar,,machinist,Insufficient Data,Data Ingestion Required,Collect further supply and demand data for machinist in palghar before allocating government training resources.,Confidence rating (0.4) is below the required operational threshold (0.5).,"{'supply_score': 1.02, 'current_demand_score': 50.0, 'current_gap': 48.98, 'priority_score': 49.42, 'future_demand_score': None, 'future_gap': None, 'growth_trend': None}",0.4,"{'has_supply': True, 'has_current_demand': False, 'has_future_demand': False}"
palghar,,plastic processing operator,Insufficient Data,Data Ingestion Required,Collect further supply and demand data for plastic processing operator in palghar before allocating government training resources.,Confidence rating (0.4) is below the required operational threshold (0.5).,"{'supply_score': 1.02, 'current_demand_score': 50.0, 'current_gap': 48.98, 'priority_score': 49.42, 'future_demand_score': None, 'future_gap': None, 'growth_trend': None}",0.4,"{'has_supply': True, 'has_current_demand': False, 'has_future_demand': False}"
palghar,,solar technician (electrical),Insufficient Data,Data Ingestion Required,Collect further supply and demand data for solar technician (electrical) in palghar before allocating government training resources.,Confidence rating (0.4) is below the required operational threshold (0.5).,"{'supply_score': 1.02, 'current_demand_score': 50.0, 'current_gap': 48.98, 'priority_score': 49.42, 'future_demand_score': None, 'future_gap': None, 'growth_trend': None}",0.4,"{'has_supply': True, 'has_current_demand': False, 'has_future_demand': False}"
palghar,,turner,Insufficient Data,Data Ingestion Required,Collect further supply and demand data for turner in palghar before allocating government training resources.,Confidence rating (0.4) is below the required operational threshold (0.5).,"{'supply_score': 1.02, 'current_demand_score': 50.0, 'current_gap': 48.98, 'priority_score': 49.42, 'future_demand_score': None, 'future_gap': None, 'growth_trend': None}",0.4,"{'has_supply': True, 'has_current_demand': False, 'has_future_demand': False}"
parbhani,,fashion design and technology,Insufficient Data,Data Ingestion Required,Collect further supply and demand data for fashion design and technology in parbhani before allocating government training resources.,Confidence rating (0.4) is below the required operational threshold (0.5).,"{'supply_score': 1.02, 'current_demand_score': 50.0, 'current_gap': 48.98, 'priority_score': 49.42, 'future_demand_score': None, 'future_gap': None, 'growth_trend': None}",0.4,"{'has_supply': True, 'has_current_demand': False, 'has_future_demand': False}"
parbhani,,machinist,Insufficient Data,Data Ingestion Required,Collect further supply and demand data for machinist in parbhani before allocating government training resources.,Confidence rating (0.4) is below the required operational threshold (0.5).,"{'supply_score': 1.02, 'current_demand_score': 50.0, 'current_gap': 48.98, 'priority_score': 49.42, 'future_demand_score': None, 'future_gap': None, 'growth_trend': None}",0.4,"{'has_supply': True, 'has_current_demand': False, 'has_future_demand': False}"
parbhani,,mechanic auto body repair,Insufficient Data,Data Ingestion Required,Collect further supply and demand data for mechanic auto body repair in parbhani before allocating government training resources.,Confidence rating (0.4) is below the required operational threshold (0.5).,"{'supply_score': 1.02, 'current_demand_score': 50.0, 'current_gap': 48.98, 'priority_score': 49.42, 'future_demand_score': None, 'future_gap': None, 'growth_trend': None}",0.4,"{'has_supply': True, 'has_current_demand': False, 'has_future_demand': False}"
parbhani,,plastic processing operator,Insufficient Data,Data Ingestion Required,Collect further supply and demand data for plastic processing operator in parbhani before allocating government training resources.,Confidence rating (0.4) is below the required operational threshold (0.5).,"{'supply_score': 1.02, 'current_demand_score': 50.0, 'current_gap': 48.98, 'priority_score': 49.42, 'future_demand_score': None, 'future_gap': None, 'growth_trend': None}",0.4,"{'has_supply': True, 'has_current_demand': False, 'has_future_demand': False}"
parbhani,,sewing technology,Insufficient Data,Data Ingestion Required,Collect further supply and demand data for sewing technology in parbhani before allocating government training resources.,Confidence rating (0.4) is below the required operational threshold (0.5).,"{'supply_score': 1.02, 'current_demand_score': 50.0, 'current_gap': 48.98, 'priority_score': 49.42, 'future_demand_score': None, 'future_gap': None, 'growth_trend': None}",0.4,"{'has_supply': True, 'has_current_demand': False, 'has_future_demand': False}"
parbhani,,solar technician (electrical),Insufficient Data,Data Ingestion Required,Collect further supply and demand data for solar technician (electrical) in parbhani before allocating government training resources.,Confidence rating (0.4) is below the required operational threshold (0.5).,"{'supply_score': 1.02, 'current_demand_score': 50.0, 'current_gap': 48.98, 'priority_score': 49.42, 'future_demand_score': None, 'future_gap': None, 'growth_trend': None}",0.4,"{'has_supply': True, 'has_current_demand': False, 'has_future_demand': False}"
parbhani,,turner,Insufficient Data,Data Ingestion Required,Collect further supply and demand data for turner in parbhani before allocating government training resources.,Confidence rating (0.4) is below the required operational threshold (0.5).,"{'supply_score': 1.02, 'current_demand_score': 50.0, 'current_gap': 48.98, 'priority_score': 49.42, 'future_demand_score': None, 'future_gap': None, 'growth_trend': None}",0.4,"{'has_supply': True, 'has_current_demand': False, 'has_future_demand': False}"
pune,,mechanic tractor,Insufficient Data,Data Ingestion Required,Collect further supply and demand data for mechanic tractor in pune before allocating government training resources.,Confidence rating (0.4) is below the required operational threshold (0.5).,"{'supply_score': 1.02, 'current_demand_score': 50.0, 'current_gap': 48.98, 'priority_score': 49.42, 'future_demand_score': None, 'future_gap': None, 'growth_trend': None}",0.4,"{'has_supply': True, 'has_current_demand': False, 'has_future_demand': False}"
pune,,plastic processing operator,Insufficient Data,Data Ingestion Required,Collect further supply and demand data for plastic processing operator in pune before allocating government training resources.,Confidence rating (0.4) is below the required operational threshold (0.5).,"{'supply_score': 1.02, 'current_demand_score': 50.0, 'current_gap': 48.98, 'priority_score': 49.42, 'future_demand_score': None, 'future_gap': None, 'growth_trend': None}",0.4,"{'has_supply': True, 'has_current_demand': False, 'has_future_demand': False}"
pune,,pump operator cum mechanic,Insufficient Data,Data Ingestion Required,Collect further supply and demand data for pump operator cum mechanic in pune before allocating government training resources.,Confidence rating (0.4) is below the required operational threshold (0.5).,"{'supply_score': 1.02, 'current_demand_score': 50.0, 'current_gap': 48.98, 'priority_score': 49.42, 'future_demand_score': None, 'future_gap': None, 'growth_trend': None}",0.4,"{'has_supply': True, 'has_current_demand': False, 'has_future_demand': False}"
pune,,sewing technology,Insufficient Data,Data Ingestion Required,Collect further supply and demand data for sewing technology in pune before allocating government training resources.,Confidence rating (0.4) is below the required operational threshold (0.5).,"{'supply_score': 1.02, 'current_demand_score': 50.0, 'current_gap': 48.98, 'priority_score': 49.42, 'future_demand_score': None, 'future_gap': None, 'growth_trend': None}",0.4,"{'has_supply': True, 'has_current_demand': False, 'has_future_demand': False}"
raigad,,fashion design and technology,Insufficient Data,Data Ingestion Required,Collect further supply and demand data for fashion design and technology in raigad before allocating government training resources.,Confidence rating (0.4) is below the required operational threshold (0.5).,"{'supply_score': 1.02, 'current_demand_score': 50.0, 'current_gap': 48.98, 'priority_score': 49.42, 'future_demand_score': None, 'future_gap': None, 'growth_trend': None}",0.4,"{'has_supply': True, 'has_current_demand': False, 'has_future_demand': False}"
raigad,,instrument mechanic (chemical plant),Insufficient Data,Data Ingestion Required,Collect further supply and demand data for instrument mechanic (chemical plant) in raigad before allocating government training resources.,Confidence rating (0.4) is below the required operational threshold (0.5).,"{'supply_score': 1.02, 'current_demand_score': 50.0, 'current_gap': 48.98, 'priority_score': 49.42, 'future_demand_score': None, 'future_gap': None, 'growth_trend': None}",0.4,"{'has_supply': True, 'has_current_demand': False, 'has_future_demand': False}"
raigad,,machinist grinder,Insufficient Data,Data Ingestion Required,Collect further supply and demand data for machinist grinder in raigad before allocating government training resources.,Confidence rating (0.4) is below the required operational threshold (0.5).,"{'supply_score': 1.02, 'current_demand_score': 50.0, 'current_gap': 48.98, 'priority_score': 49.42, 'future_demand_score': None, 'future_gap': None, 'growth_trend': None}",0.4,"{'has_supply': True, 'has_current_demand': False, 'has_future_demand': False}"
raigad,,painter general,Insufficient Data,Data Ingestion Required,Collect further supply and demand data for painter general in raigad before allocating government training resources.,Confidence rating (0.4) is below the required operational threshold (0.5).,"{'supply_score': 1.02, 'current_demand_score': 50.0, 'current_gap': 48.98, 'priority_score': 49.42, 'future_demand_score': None, 'future_gap': None, 'growth_trend': None}",0.4,"{'has_supply': True, 'has_current_demand': False, 'has_future_demand': False}"
raigad,,plastic processing operator,Insufficient Data,Data Ingestion Required,Collect further supply and demand data for plastic processing operator in raigad before allocating government training resources.,Confidence rating (0.4) is below the required operational threshold (0.5).,"{'supply_score': 1.02, 'current_demand_score': 50.0, 'current_gap': 48.98, 'priority_score': 49.42, 'future_demand_score': None, 'future_gap': None, 'growth_trend': None}",0.4,"{'has_supply': True, 'has_current_demand': False, 'has_future_demand': False}"
raigad,,sheet metal worker,Insufficient Data,Data Ingestion Required,Collect further supply and demand data for sheet metal worker in raigad before allocating government training resources.,Confidence rating (0.4) is below the required operational threshold (0.5).,"{'supply_score': 1.02, 'current_demand_score': 50.0, 'current_gap': 48.98, 'priority_score': 49.42, 'future_demand_score': None, 'future_gap': None, 'growth_trend': None}",0.4,"{'has_supply': True, 'has_current_demand': False, 'has_future_demand': False}"
raigad,,solar technician (electrical),Insufficient Data,Data Ingestion Required,Collect further supply and demand data for solar technician (electrical) in raigad before allocating government training resources.,Confidence rating (0.4) is below the required operational threshold (0.5).,"{'supply_score': 1.02, 'current_demand_score': 50.0, 'current_gap': 48.98, 'priority_score': 49.42, 'future_demand_score': None, 'future_gap': None, 'growth_trend': None}",0.4,"{'has_supply': True, 'has_current_demand': False, 'has_future_demand': False}"
raigad,,welder (gmaw and gtaw),Insufficient Data,Data Ingestion Required,Collect further supply and demand data for welder (gmaw and gtaw) in raigad before allocating government training resources.,Confidence rating (0.4) is below the required operational threshold (0.5).,"{'supply_score': 1.02, 'current_demand_score': 50.0, 'current_gap': 48.98, 'priority_score': 49.42, 'future_demand_score': None, 'future_gap': None, 'growth_trend': None}",0.4,"{'has_supply': True, 'has_current_demand': False, 'has_future_demand': False}"
ratnagiri,,draughtsman mechanical,Insufficient Data,Data Ingestion Required,Collect further supply and demand data for draughtsman mechanical in ratnagiri before allocating government training resources.,Confidence rating (0.4) is below the required operational threshold (0.5).,"{'supply_score': 1.02, 'current_demand_score': 50.0, 'current_gap': 48.98, 'priority_score': 49.42, 'future_demand_score': None, 'future_gap': None, 'growth_trend': None}",0.4,"{'has_supply': True, 'has_current_demand': False, 'has_future_demand': False}"
ratnagiri,,machinist,Insufficient Data,Data Ingestion Required,Collect further supply and demand data for machinist in ratnagiri before allocating government training resources.,Confidence rating (0.4) is below the required operational threshold (0.5).,"{'supply_score': 1.02, 'current_demand_score': 50.0, 'current_gap': 48.98, 'priority_score': 49.42, 'future_demand_score': None, 'future_gap': None, 'growth_trend': None}",0.4,"{'has_supply': True, 'has_current_demand': False, 'has_future_demand': False}"
ratnagiri,,maintenance mechanic (chemical plant),Insufficient Data,Data Ingestion Required,Collect further supply and demand data for maintenance mechanic (chemical plant) in ratnagiri before allocating government training resources.,Confidence rating (0.4) is below the required operational threshold (0.5).,"{'supply_score': 1.02, 'current_demand_score': 50.0, 'current_gap': 48.98, 'priority_score': 49.42, 'future_demand_score': None, 'future_gap': None, 'growth_trend': None}",0.4,"{'has_supply': True, 'has_current_demand': False, 'has_future_demand': False}"
ratnagiri,,pump operator cum mechanic,Insufficient Data,Data Ingestion Required,Collect further supply and demand data for pump operator cum mechanic in ratnagiri before allocating government training resources.,Confidence rating (0.4) is below the required operational threshold (0.5).,"{'supply_score': 1.02, 'current_demand_score': 50.0, 'current_gap': 48.98, 'priority_score': 49.42, 'future_demand_score': None, 'future_gap': None, 'growth_trend': None}",0.4,"{'has_supply': True, 'has_current_demand': False, 'has_future_demand': False}"
ratnagiri,,sheet metal worker,Insufficient Data,Data Ingestion Required,Collect further supply and demand data for sheet metal worker in ratnagiri before allocating government training resources.,Confidence rating (0.4) is below the required operational threshold (0.5).,"{'supply_score': 1.02, 'current_demand_score': 50.0, 'current_gap': 48.98, 'priority_score': 49.42, 'future_demand_score': None, 'future_gap': None, 'growth_trend': None}",0.4,"{'has_supply': True, 'has_current_demand': False, 'has_future_demand': False}"
sangli,,mechanic auto body painting,Insufficient Data,Data Ingestion Required,Collect further supply and demand data for mechanic auto body painting in sangli before allocating government training resources.,Confidence rating (0.4) is below the required operational threshold (0.5).,"{'supply_score': 1.02, 'current_demand_score': 50.0, 'current_gap': 48.98, 'priority_score': 49.42, 'future_demand_score': None, 'future_gap': None, 'growth_trend': None}",0.4,"{'has_supply': True, 'has_current_demand': False, 'has_future_demand': False}"
sangli,,mechanic tractor,Insufficient Data,Data Ingestion Required,Collect further supply and demand data for mechanic tractor in sangli before allocating government training resources.,Confidence rating (0.4) is below the required operational threshold (0.5).,"{'supply_score': 1.02, 'current_demand_score': 50.0, 'current_gap': 48.98, 'priority_score': 49.42, 'future_demand_score': None, 'future_gap': None, 'growth_trend': None}",0.4,"{'has_supply': True, 'has_current_demand': False, 'has_future_demand': False}"
sangli,,painter general,Insufficient Data,Data Ingestion Required,Collect further supply and demand data for painter general in sangli before allocating government training resources.,Confidence rating (0.4) is below the required operational threshold (0.5).,"{'supply_score': 1.02, 'current_demand_score': 50.0, 'current_gap': 48.98, 'priority_score': 49.42, 'future_demand_score': None, 'future_gap': None, 'growth_trend': None}",0.4,"{'has_supply': True, 'has_current_demand': False, 'has_future_demand': False}"
sangli,,pump operator cum mechanic,Insufficient Data,Data Ingestion Required,Collect further supply and demand data for pump operator cum mechanic in sangli before allocating government training resources.,Confidence rating (0.4) is below the required operational threshold (0.5).,"{'supply_score': 1.02, 'current_demand_score': 50.0, 'current_gap': 48.98, 'priority_score': 49.42, 'future_demand_score': None, 'future_gap': None, 'growth_trend': None}",0.4,"{'has_supply': True, 'has_current_demand': False, 'has_future_demand': False}"
satara,,fashion design and technology,Insufficient Data,Data Ingestion Required,Collect further supply and demand data for fashion design and technology in satara before allocating government training resources.,Confidence rating (0.4) is below the required operational threshold (0.5).,"{'supply_score': 1.02, 'current_demand_score': 50.0, 'current_gap': 48.98, 'priority_score': 49.42, 'future_demand_score': None, 'future_gap': None, 'growth_trend': None}",0.4,"{'has_supply': True, 'has_current_demand': False, 'has_future_demand': False}"
satara,,painter general,Insufficient Data,Data Ingestion Required,Collect further supply and demand data for painter general in satara before allocating government training resources.,Confidence rating (0.4) is below the required operational threshold (0.5).,"{'supply_score': 1.02, 'current_demand_score': 50.0, 'current_gap': 48.98, 'priority_score': 49.42, 'future_demand_score': None, 'future_gap': None, 'growth_trend': None}",0.4,"{'has_supply': True, 'has_current_demand': False, 'has_future_demand': False}"
satara,,plastic processing operator,Insufficient Data,Data Ingestion Required,Collect further supply and demand data for plastic processing operator in satara before allocating government training resources.,Confidence rating (0.4) is below the required operational threshold (0.5).,"{'supply_score': 1.02, 'current_demand_score': 50.0, 'current_gap': 48.98, 'priority_score': 49.42, 'future_demand_score': None, 'future_gap': None, 'growth_trend': None}",0.4,"{'has_supply': True, 'has_current_demand': False, 'has_future_demand': False}"
satara,,solar technician (electrical),Insufficient Data,Data Ingestion Required,Collect further supply and demand data for solar technician (electrical) in satara before allocating government training resources.,Confidence rating (0.4) is below the required operational threshold (0.5).,"{'supply_score': 1.02, 'current_demand_score': 50.0, 'current_gap': 48.98, 'priority_score': 49.42, 'future_demand_score': None, 'future_gap': None, 'growth_trend': None}",0.4,"{'has_supply': True, 'has_current_demand': False, 'has_future_demand': False}"
satara,,welder (gmaw and gtaw),Insufficient Data,Data Ingestion Required,Collect further supply and demand data for welder (gmaw and gtaw) in satara before allocating government training resources.,Confidence rating (0.4) is below the required operational threshold (0.5).,"{'supply_score': 1.02, 'current_demand_score': 50.0, 'current_gap': 48.98, 'priority_score': 49.42, 'future_demand_score': None, 'future_gap': None, 'growth_trend': None}",0.4,"{'has_supply': True, 'has_current_demand': False, 'has_future_demand': False}"
sindhudurg,,sewing technology,Insufficient Data,Data Ingestion Required,Collect further supply and demand data for sewing technology in sindhudurg before allocating government training resources.,Confidence rating (0.4) is below the required operational threshold (0.5).,"{'supply_score': 1.02, 'current_demand_score': 50.0, 'current_gap': 48.98, 'priority_score': 49.42, 'future_demand_score': None, 'future_gap': None, 'growth_trend': None}",0.4,"{'has_supply': True, 'has_current_demand': False, 'has_future_demand': False}"
sindhudurg,,solar technician (electrical),Insufficient Data,Data Ingestion Required,Collect further supply and demand data for solar technician (electrical) in sindhudurg before allocating government training resources.,Confidence rating (0.4) is below the required operational threshold (0.5).,"{'supply_score': 1.02, 'current_demand_score': 50.0, 'current_gap': 48.98, 'priority_score': 49.42, 'future_demand_score': None, 'future_gap': None, 'growth_trend': None}",0.4,"{'has_supply': True, 'has_current_demand': False, 'has_future_demand': False}"
solapur,,painter general,Insufficient Data,Data Ingestion Required,Collect further supply and demand data for painter general in solapur before allocating government training resources.,Confidence rating (0.4) is below the required operational threshold (0.5).,"{'supply_score': 1.02, 'current_demand_score': 50.0, 'current_gap': 48.98, 'priority_score': 49.42, 'future_demand_score': None, 'future_gap': None, 'growth_trend': None}",0.4,"{'has_supply': True, 'has_current_demand': False, 'has_future_demand': False}"
solapur,,pump operator cum mechanic,Insufficient Data,Data Ingestion Required,Collect further supply and demand data for pump operator cum mechanic in solapur before allocating government training resources.,Confidence rating (0.4) is below the required operational threshold (0.5).,"{'supply_score': 1.02, 'current_demand_score': 50.0, 'current_gap': 48.98, 'priority_score': 49.42, 'future_demand_score': None, 'future_gap': None, 'growth_trend': None}",0.4,"{'has_supply': True, 'has_current_demand': False, 'has_future_demand': False}"
solapur,,sewing technology,Insufficient Data,Data Ingestion Required,Collect further supply and demand data for sewing technology in solapur before allocating government training resources.,Confidence rating (0.4) is below the required operational threshold (0.5).,"{'supply_score': 1.02, 'current_demand_score': 50.0, 'current_gap': 48.98, 'priority_score': 49.42, 'future_demand_score': None, 'future_gap': None, 'growth_trend': None}",0.4,"{'has_supply': True, 'has_current_demand': False, 'has_future_demand': False}"
solapur,,welder (gmaw and gtaw),Insufficient Data,Data Ingestion Required,Collect further supply and demand data for welder (gmaw and gtaw) in solapur before allocating government training resources.,Confidence rating (0.4) is below the required operational threshold (0.5).,"{'supply_score': 1.02, 'current_demand_score': 50.0, 'current_gap': 48.98, 'priority_score': 49.42, 'future_demand_score': None, 'future_gap': None, 'growth_trend': None}",0.4,"{'has_supply': True, 'has_current_demand': False, 'has_future_demand': False}"
thane,,fashion design and technology,Insufficient Data,Data Ingestion Required,Collect further supply and demand data for fashion design and technology in thane before allocating government training resources.,Confidence rating (0.4) is below the required operational threshold (0.5).,"{'supply_score': 1.02, 'current_demand_score': 50.0, 'current_gap': 48.98, 'priority_score': 49.42, 'future_demand_score': None, 'future_gap': None, 'growth_trend': None}",0.4,"{'has_supply': True, 'has_current_demand': False, 'has_future_demand': False}"
thane,,machinist grinder,Insufficient Data,Data Ingestion Required,Collect further supply and demand data for machinist grinder in thane before allocating government training resources.,Confidence rating (0.4) is below the required operational threshold (0.5).,"{'supply_score': 1.02, 'current_demand_score': 50.0, 'current_gap': 48.98, 'priority_score': 49.42, 'future_demand_score': None, 'future_gap': None, 'growth_trend': None}",0.4,"{'has_supply': True, 'has_current_demand': False, 'has_future_demand': False}"
thane,,plastic processing operator,Insufficient Data,Data Ingestion Required,Collect further supply and demand data for plastic processing operator in thane before allocating government training resources.,Confidence rating (0.4) is below the required operational threshold (0.5).,"{'supply_score': 1.02, 'current_demand_score': 50.0, 'current_gap': 48.98, 'priority_score': 49.42, 'future_demand_score': None, 'future_gap': None, 'growth_trend': None}",0.4,"{'has_supply': True, 'has_current_demand': False, 'has_future_demand': False}"
thane,,sheet metal worker,Insufficient Data,Data Ingestion Required,Collect further supply and demand data for sheet metal worker in thane before allocating government training resources.,Confidence rating (0.4) is below the required operational threshold (0.5).,"{'supply_score': 1.02, 'current_demand_score': 50.0, 'current_gap': 48.98, 'priority_score': 49.42, 'future_demand_score': None, 'future_gap': None, 'growth_trend': None}",0.4,"{'has_supply': True, 'has_current_demand': False, 'has_future_demand': False}"
thane,,solar technician (electrical),Insufficient Data,Data Ingestion Required,Collect further supply and demand data for solar technician (electrical) in thane before allocating government training resources.,Confidence rating (0.4) is below the required operational threshold (0.5).,"{'supply_score': 1.02, 'current_demand_score': 50.0, 'current_gap': 48.98, 'priority_score': 49.42, 'future_demand_score': None, 'future_gap': None, 'growth_trend': None}",0.4,"{'has_supply': True, 'has_current_demand': False, 'has_future_demand': False}"
wardha,,machinist,Insufficient Data,Data Ingestion Required,Collect further supply and demand data for machinist in wardha before allocating government training resources.,Confidence rating (0.4) is below the required operational threshold (0.5).,"{'supply_score': 1.02, 'current_demand_score': 50.0, 'current_gap': 48.98, 'priority_score': 49.42, 'future_demand_score': None, 'future_gap': None, 'growth_trend': None}",0.4,"{'has_supply': True, 'has_current_demand': False, 'has_future_demand': False}"
washim,,mechanic auto electrical and electronics,Insufficient Data,Data Ingestion Required,Collect further supply and demand data for mechanic auto electrical and electronics in washim before allocating government training resources.,Confidence rating (0.4) is below the required operational threshold (0.5).,"{'supply_score': 1.02, 'current_demand_score': 50.0, 'current_gap': 48.98, 'priority_score': 49.42, 'future_demand_score': None, 'future_gap': None, 'growth_trend': None}",0.4,"{'has_supply': True, 'has_current_demand': False, 'has_future_demand': False}"
yavatmal,,machinist,Insufficient Data,Data Ingestion Required,Collect further supply and demand data for machinist in yavatmal before allocating government training resources.,Confidence rating (0.4) is below the required operational threshold (0.5).,"{'supply_score': 1.02, 'current_demand_score': 50.0, 'current_gap': 48.98, 'priority_score': 49.42, 'future_demand_score': None, 'future_gap': None, 'growth_trend': None}",0.4,"{'has_supply': True, 'has_current_demand': False, 'has_future_demand': False}"
yavatmal,,turner,Insufficient Data,Data Ingestion Required,Collect further supply and demand data for turner in yavatmal before allocating government training resources.,Confidence rating (0.4) is below the required operational threshold (0.5).,"{'supply_score': 1.02, 'current_demand_score': 50.0, 'current_gap': 48.98, 'priority_score': 49.42, 'future_demand_score': None, 'future_gap': None, 'growth_trend': None}",0.4,"{'has_supply': True, 'has_current_demand': False, 'has_future_demand': False}"
ahmednagar,,stenographer secretarial assistant (english),Insufficient Data,Data Ingestion Required,Collect further supply and demand data for stenographer secretarial assistant (english) in ahmednagar before allocating government training resources.,Confidence rating (0.4) is below the required operational threshold (0.5).,"{'supply_score': 1.37, 'current_demand_score': 50.0, 'current_gap': 48.63, 'priority_score': 49.22, 'future_demand_score': None, 'future_gap': None, 'growth_trend': None}",0.4,"{'has_supply': True, 'has_current_demand': False, 'has_future_demand': False}"
ahmednagar,,"tool and die maker (press tools, jigs and fixtures)",Insufficient Data,Data Ingestion Required,"Collect further supply and demand data for tool and die maker (press tools, jigs and fixtures) in ahmednagar before allocating government training resources.",Confidence rating (0.4) is below the required operational threshold (0.5).,"{'supply_score': 1.37, 'current_demand_score': 50.0, 'current_gap': 48.63, 'priority_score': 49.22, 'future_demand_score': None, 'future_gap': None, 'growth_trend': None}",0.4,"{'has_supply': True, 'has_current_demand': False, 'has_future_demand': False}"
ahmednagar,,wood work technician,Insufficient Data,Data Ingestion Required,Collect further supply and demand data for wood work technician in ahmednagar before allocating government training resources.,Confidence rating (0.4) is below the required operational threshold (0.5).,"{'supply_score': 1.37, 'current_demand_score': 50.0, 'current_gap': 48.63, 'priority_score': 49.22, 'future_demand_score': None, 'future_gap': None, 'growth_trend': None}",0.4,"{'has_supply': True, 'has_current_demand': False, 'has_future_demand': False}"
akola,,draughtsman civil,Insufficient Data,Data Ingestion Required,Collect further supply and demand data for draughtsman civil in akola before allocating government training resources.,Confidence rating (0.4) is below the required operational threshold (0.5).,"{'supply_score': 1.37, 'current_demand_score': 50.0, 'current_gap': 48.63, 'priority_score': 49.22, 'future_demand_score': None, 'future_gap': None, 'growth_trend': None}",0.4,"{'has_supply': True, 'has_current_demand': False, 'has_future_demand': False}"
akola,,fruit and vegetable processing,Insufficient Data,Data Ingestion Required,Collect further supply and demand data for fruit and vegetable processing in akola before allocating government training resources.,Confidence rating (0.4) is below the required operational threshold (0.5).,"{'supply_score': 1.37, 'current_demand_score': 50.0, 'current_gap': 48.63, 'priority_score': 49.22, 'future_demand_score': None, 'future_gap': None, 'growth_trend': None}",0.4,"{'has_supply': True, 'has_current_demand': False, 'has_future_demand': False}"
akola,,information and communication technology system maintenance,Insufficient Data,Data Ingestion Required,Collect further supply and demand data for information and communication technology system maintenance in akola before allocating government training resources.,Confidence rating (0.4) is below the required operational threshold (0.5).,"{'supply_score': 1.37, 'current_demand_score': 50.0, 'current_gap': 48.63, 'priority_score': 49.22, 'future_demand_score': None, 'future_gap': None, 'growth_trend': None}",0.4,"{'has_supply': True, 'has_current_demand': False, 'has_future_demand': False}"
amravati,,foundryman,Insufficient Data,Data Ingestion Required,Collect further supply and demand data for foundryman in amravati before allocating government training resources.,Confidence rating (0.4) is below the required operational threshold (0.5).,"{'supply_score': 1.37, 'current_demand_score': 50.0, 'current_gap': 48.63, 'priority_score': 49.22, 'future_demand_score': None, 'future_gap': None, 'growth_trend': None}",0.4,"{'has_supply': True, 'has_current_demand': False, 'has_future_demand': False}"
amravati,,interior design and decoration,Insufficient Data,Data Ingestion Required,Collect further supply and demand data for interior design and decoration in amravati before allocating government training resources.,Confidence rating (0.4) is below the required operational threshold (0.5).,"{'supply_score': 1.37, 'current_demand_score': 50.0, 'current_gap': 48.63, 'priority_score': 49.22, 'future_demand_score': None, 'future_gap': None, 'growth_trend': None}",0.4,"{'has_supply': True, 'has_current_demand': False, 'has_future_demand': False}"
amravati,,mason (building constructor),Insufficient Data,Data Ingestion Required,Collect further supply and demand data for mason (building constructor) in amravati before allocating government training resources.,Confidence rating (0.4) is below the required operational threshold (0.5).,"{'supply_score': 1.37, 'current_demand_score': 50.0, 'current_gap': 48.63, 'priority_score': 49.22, 'future_demand_score': None, 'future_gap': None, 'growth_trend': None}",0.4,"{'has_supply': True, 'has_current_demand': False, 'has_future_demand': False}"
amravati,,"multimedia, animation and special effects",Insufficient Data,Data Ingestion Required,"Collect further supply and demand data for multimedia, animation and special effects in amravati before allocating government training resources.",Confidence rating (0.4) is below the required operational threshold (0.5).,"{'supply_score': 1.37, 'current_demand_score': 50.0, 'current_gap': 48.63, 'priority_score': 49.22, 'future_demand_score': None, 'future_gap': None, 'growth_trend': None}",0.4,"{'has_supply': True, 'has_current_demand': False, 'has_future_demand': False}"
amravati,,stenographer secretarial assistant (english),Insufficient Data,Data Ingestion Required,Collect further supply and demand data for stenographer secretarial assistant (english) in amravati before allocating government training resources.,Confidence rating (0.4) is below the required operational threshold (0.5).,"{'supply_score': 1.37, 'current_demand_score': 50.0, 'current_gap': 48.63, 'priority_score': 49.22, 'future_demand_score': None, 'future_gap': None, 'growth_trend': None}",0.4,"{'has_supply': True, 'has_current_demand': False, 'has_future_demand': False}"
beed,,computer hardware and network maintenance,Insufficient Data,Data Ingestion Required,Collect further supply and demand data for computer hardware and network maintenance in beed before allocating government training resources.,Confidence rating (0.4) is below the required operational threshold (0.5).,"{'supply_score': 1.37, 'current_demand_score': 50.0, 'current_gap': 48.63, 'priority_score': 49.22, 'future_demand_score': None, 'future_gap': None, 'growth_trend': None}",0.4,"{'has_supply': True, 'has_current_demand': False, 'has_future_demand': False}"
beed,,health sanitary inspector,Insufficient Data,Data Ingestion Required,Collect further supply and demand data for health sanitary inspector in beed before allocating government training resources.,Confidence rating (0.4) is below the required operational threshold (0.5).,"{'supply_score': 1.37, 'current_demand_score': 50.0, 'current_gap': 48.63, 'priority_score': 49.22, 'future_demand_score': None, 'future_gap': None, 'growth_trend': None}",0.4,"{'has_supply': True, 'has_current_demand': False, 'has_future_demand': False}"
beed,,refrigeration and air conditioner technician,Insufficient Data,Data Ingestion Required,Collect further supply and demand data for refrigeration and air conditioner technician in beed before allocating government training resources.,Confidence rating (0.4) is below the required operational threshold (0.5).,"{'supply_score': 1.37, 'current_demand_score': 50.0, 'current_gap': 48.63, 'priority_score': 49.22, 'future_demand_score': None, 'future_gap': None, 'growth_trend': None}",0.4,"{'has_supply': True, 'has_current_demand': False, 'has_future_demand': False}"
bhandara,,mechanic motor vehicle under dual system training,Insufficient Data,Data Ingestion Required,Collect further supply and demand data for mechanic motor vehicle under dual system training in bhandara before allocating government training resources.,Confidence rating (0.4) is below the required operational threshold (0.5).,"{'supply_score': 1.37, 'current_demand_score': 50.0, 'current_gap': 48.63, 'priority_score': 49.22, 'future_demand_score': None, 'future_gap': None, 'growth_trend': None}",0.4,"{'has_supply': True, 'has_current_demand': False, 'has_future_demand': False}"
bhandara,,plumber,Insufficient Data,Data Ingestion Required,Collect further supply and demand data for plumber in bhandara before allocating government training resources.,Confidence rating (0.4) is below the required operational threshold (0.5).,"{'supply_score': 1.37, 'current_demand_score': 50.0, 'current_gap': 48.63, 'priority_score': 49.22, 'future_demand_score': None, 'future_gap': None, 'growth_trend': None}",0.4,"{'has_supply': True, 'has_current_demand': False, 'has_future_demand': False}"
bhandara,,refrigeration and air conditioner technician,Insufficient Data,Data Ingestion Required,Collect further supply and demand data for refrigeration and air conditioner technician in bhandara before allocating government training resources.,Confidence rating (0.4) is below the required operational threshold (0.5).,"{'supply_score': 1.37, 'current_demand_score': 50.0, 'current_gap': 48.63, 'priority_score': 49.22, 'future_demand_score': None, 'future_gap': None, 'growth_trend': None}",0.4,"{'has_supply': True, 'has_current_demand': False, 'has_future_demand': False}"
bhandara,,wood work technician,Insufficient Data,Data Ingestion Required,Collect further supply and demand data for wood work technician in bhandara before allocating government training resources.,Confidence rating (0.4) is below the required operational threshold (0.5).,"{'supply_score': 1.37, 'current_demand_score': 50.0, 'current_gap': 48.63, 'priority_score': 49.22, 'future_demand_score': None, 'future_gap': None, 'growth_trend': None}",0.4,"{'has_supply': True, 'has_current_demand': False, 'has_future_demand': False}"
buldhana,,foundryman,Insufficient Data,Data Ingestion Required,Collect further supply and demand data for foundryman in buldhana before allocating government training resources.,Confidence rating (0.4) is below the required operational threshold (0.5).,"{'supply_score': 1.37, 'current_demand_score': 50.0, 'current_gap': 48.63, 'priority_score': 49.22, 'future_demand_score': None, 'future_gap': None, 'growth_trend': None}",0.4,"{'has_supply': True, 'has_current_demand': False, 'has_future_demand': False}"
chandrapur,,health sanitary inspector,Insufficient Data,Data Ingestion Required,Collect further supply and demand data for health sanitary inspector in chandrapur before allocating government training resources.,Confidence rating (0.4) is below the required operational threshold (0.5).,"{'supply_score': 1.37, 'current_demand_score': 50.0, 'current_gap': 48.63, 'priority_score': 49.22, 'future_demand_score': None, 'future_gap': None, 'growth_trend': None}",0.4,"{'has_supply': True, 'has_current_demand': False, 'has_future_demand': False}"
chandrapur,,instrument mechanic,Insufficient Data,Data Ingestion Required,Collect further supply and demand data for instrument mechanic in chandrapur before allocating government training resources.,Confidence rating (0.4) is below the required operational threshold (0.5).,"{'supply_score': 1.37, 'current_demand_score': 50.0, 'current_gap': 48.63, 'priority_score': 49.22, 'future_demand_score': None, 'future_gap': None, 'growth_trend': None}",0.4,"{'has_supply': True, 'has_current_demand': False, 'has_future_demand': False}"
chandrapur,,mason (building constructor),Insufficient Data,Data Ingestion Required,Collect further supply and demand data for mason (building constructor) in chandrapur before allocating government training resources.,Confidence rating (0.4) is below the required operational threshold (0.5).,"{'supply_score': 1.37, 'current_demand_score': 50.0, 'current_gap': 48.63, 'priority_score': 49.22, 'future_demand_score': None, 'future_gap': None, 'growth_trend': None}",0.4,"{'has_supply': True, 'has_current_demand': False, 'has_future_demand': False}"
chandrapur,,stenographer secretarial assistant (english),Insufficient Data,Data Ingestion Required,Collect further supply and demand data for stenographer secretarial assistant (english) in chandrapur before allocating government training resources.,Confidence rating (0.4) is below the required operational threshold (0.5).,"{'supply_score': 1.37, 'current_demand_score': 50.0, 'current_gap': 48.63, 'priority_score': 49.22, 'future_demand_score': None, 'future_gap': None, 'growth_trend': None}",0.4,"{'has_supply': True, 'has_current_demand': False, 'has_future_demand': False}"
chhatrapati sambhajinagar,,electronics mechanic under dual training system,Insufficient Data,Data Ingestion Required,Collect further supply and demand data for electronics mechanic under dual training system in chhatrapati sambhajinagar before allocating government training resources.,Confidence rating (0.4) is below the required operational threshold (0.5).,"{'supply_score': 1.37, 'current_demand_score': 50.0, 'current_gap': 48.63, 'priority_score': 49.22, 'future_demand_score': None, 'future_gap': None, 'growth_trend': None}",0.4,"{'has_supply': True, 'has_current_demand': False, 'has_future_demand': False}"
chhatrapati sambhajinagar,,fire technology and industrial safety management,Insufficient Data,Data Ingestion Required,Collect further supply and demand data for fire technology and industrial safety management in chhatrapati sambhajinagar before allocating government training resources.,Confidence rating (0.4) is below the required operational threshold (0.5).,"{'supply_score': 1.37, 'current_demand_score': 50.0, 'current_gap': 48.63, 'priority_score': 49.22, 'future_demand_score': None, 'future_gap': None, 'growth_trend': None}",0.4,"{'has_supply': True, 'has_current_demand': False, 'has_future_demand': False}"
chhatrapati sambhajinagar,,information and communication technology system maintenance,Insufficient Data,Data Ingestion Required,Collect further supply and demand data for information and communication technology system maintenance in chhatrapati sambhajinagar before allocating government training resources.,Confidence rating (0.4) is below the required operational threshold (0.5).,"{'supply_score': 1.37, 'current_demand_score': 50.0, 'current_gap': 48.63, 'priority_score': 49.22, 'future_demand_score': None, 'future_gap': None, 'growth_trend': None}",0.4,"{'has_supply': True, 'has_current_demand': False, 'has_future_demand': False}"
chhatrapati sambhajinagar,,mechanic diesel under dual system training,Insufficient Data,Data Ingestion Required,Collect further supply and demand data for mechanic diesel under dual system training in chhatrapati sambhajinagar before allocating government training resources.,Confidence rating (0.4) is below the required operational threshold (0.5).,"{'supply_score': 1.37, 'current_demand_score': 50.0, 'current_gap': 48.63, 'priority_score': 49.22, 'future_demand_score': None, 'future_gap': None, 'growth_trend': None}",0.4,"{'has_supply': True, 'has_current_demand': False, 'has_future_demand': False}"
chhatrapati sambhajinagar,,mechanic motor vehicle under dual system training,Insufficient Data,Data Ingestion Required,Collect further supply and demand data for mechanic motor vehicle under dual system training in chhatrapati sambhajinagar before allocating government training resources.,Confidence rating (0.4) is below the required operational threshold (0.5).,"{'supply_score': 1.37, 'current_demand_score': 50.0, 'current_gap': 48.63, 'priority_score': 49.22, 'future_demand_score': None, 'future_gap': None, 'growth_trend': None}",0.4,"{'has_supply': True, 'has_current_demand': False, 'has_future_demand': False}"
dharashiv,,cosmetology,Insufficient Data,Data Ingestion Required,Collect further supply and demand data for cosmetology in dharashiv before allocating government training resources.,Confidence rating (0.4) is below the required operational threshold (0.5).,"{'supply_score': 1.37, 'current_demand_score': 50.0, 'current_gap': 48.63, 'priority_score': 49.22, 'future_demand_score': None, 'future_gap': None, 'growth_trend': None}",0.4,"{'has_supply': True, 'has_current_demand': False, 'has_future_demand': False}"
dharashiv,,mechanic diesel,Insufficient Data,Data Ingestion Required,Collect further supply and demand data for mechanic diesel in dharashiv before allocating government training resources.,Confidence rating (0.4) is below the required operational threshold (0.5).,"{'supply_score': 1.37, 'current_demand_score': 50.0, 'current_gap': 48.63, 'priority_score': 49.22, 'future_demand_score': None, 'future_gap': None, 'growth_trend': None}",0.4,"{'has_supply': True, 'has_current_demand': False, 'has_future_demand': False}"
dharashiv,,mechanic electric vehicle,Insufficient Data,Data Ingestion Required,Collect further supply and demand data for mechanic electric vehicle in dharashiv before allocating government training resources.,Confidence rating (0.4) is below the required operational threshold (0.5).,"{'supply_score': 1.37, 'current_demand_score': 50.0, 'current_gap': 48.63, 'priority_score': 49.22, 'future_demand_score': None, 'future_gap': None, 'growth_trend': None}",0.4,"{'has_supply': True, 'has_current_demand': False, 'has_future_demand': False}"
dharashiv,,plumber,Insufficient Data,Data Ingestion Required,Collect further supply and demand data for plumber in dharashiv before allocating government training resources.,Confidence rating (0.4) is below the required operational threshold (0.5).,"{'supply_score': 1.37, 'current_demand_score': 50.0, 'current_gap': 48.63, 'priority_score': 49.22, 'future_demand_score': None, 'future_gap': None, 'growth_trend': None}",0.4,"{'has_supply': True, 'has_current_demand': False, 'has_future_demand': False}"
dharashiv,,surveyor,Insufficient Data,Data Ingestion Required,Collect further supply and demand data for surveyor in dharashiv before allocating government training resources.,Confidence rating (0.4) is below the required operational threshold (0.5).,"{'supply_score': 1.37, 'current_demand_score': 50.0, 'current_gap': 48.63, 'priority_score': 49.22, 'future_demand_score': None, 'future_gap': None, 'growth_trend': None}",0.4,"{'has_supply': True, 'has_current_demand': False, 'has_future_demand': False}"
dhule,,mechanic diesel under dual system training,Insufficient Data,Data Ingestion Required,Collect further supply and demand data for mechanic diesel under dual system training in dhule before allocating government training resources.,Confidence rating (0.4) is below the required operational threshold (0.5).,"{'supply_score': 1.37, 'current_demand_score': 50.0, 'current_gap': 48.63, 'priority_score': 49.22, 'future_demand_score': None, 'future_gap': None, 'growth_trend': None}",0.4,"{'has_supply': True, 'has_current_demand': False, 'has_future_demand': False}"
dhule,,mechanic motor vehicle,Insufficient Data,Data Ingestion Required,Collect further supply and demand data for mechanic motor vehicle in dhule before allocating government training resources.,Confidence rating (0.4) is below the required operational threshold (0.5).,"{'supply_score': 1.37, 'current_demand_score': 50.0, 'current_gap': 48.63, 'priority_score': 49.22, 'future_demand_score': None, 'future_gap': None, 'growth_trend': None}",0.4,"{'has_supply': True, 'has_current_demand': False, 'has_future_demand': False}"
dhule,,surveyor,Insufficient Data,Data Ingestion Required,Collect further supply and demand data for surveyor in dhule before allocating government training resources.,Confidence rating (0.4) is below the required operational threshold (0.5).,"{'supply_score': 1.37, 'current_demand_score': 50.0, 'current_gap': 48.63, 'priority_score': 49.22, 'future_demand_score': None, 'future_gap': None, 'growth_trend': None}",0.4,"{'has_supply': True, 'has_current_demand': False, 'has_future_demand': False}"
gadchiroli,,cosmetology,Insufficient Data,Data Ingestion Required,Collect further supply and demand data for cosmetology in gadchiroli before allocating government training resources.,Confidence rating (0.4) is below the required operational threshold (0.5).,"{'supply_score': 1.37, 'current_demand_score': 50.0, 'current_gap': 48.63, 'priority_score': 49.22, 'future_demand_score': None, 'future_gap': None, 'growth_trend': None}",0.4,"{'has_supply': True, 'has_current_demand': False, 'has_future_demand': False}"
gondia,,electronics mechanic,Insufficient Data,Data Ingestion Required,Collect further supply and demand data for electronics mechanic in gondia before allocating government training resources.,Confidence rating (0.4) is below the required operational threshold (0.5).,"{'supply_score': 1.37, 'current_demand_score': 50.0, 'current_gap': 48.63, 'priority_score': 49.22, 'future_demand_score': None, 'future_gap': None, 'growth_trend': None}",0.4,"{'has_supply': True, 'has_current_demand': False, 'has_future_demand': False}"
gondia,,information and communication technology system maintenance,Insufficient Data,Data Ingestion Required,Collect further supply and demand data for information and communication technology system maintenance in gondia before allocating government training resources.,Confidence rating (0.4) is below the required operational threshold (0.5).,"{'supply_score': 1.37, 'current_demand_score': 50.0, 'current_gap': 48.63, 'priority_score': 49.22, 'future_demand_score': None, 'future_gap': None, 'growth_trend': None}",0.4,"{'has_supply': True, 'has_current_demand': False, 'has_future_demand': False}"
hingoli,,electronics mechanic,Insufficient Data,Data Ingestion Required,Collect further supply and demand data for electronics mechanic in hingoli before allocating government training resources.,Confidence rating (0.4) is below the required operational threshold (0.5).,"{'supply_score': 1.37, 'current_demand_score': 50.0, 'current_gap': 48.63, 'priority_score': 49.22, 'future_demand_score': None, 'future_gap': None, 'growth_trend': None}",0.4,"{'has_supply': True, 'has_current_demand': False, 'has_future_demand': False}"
jalgaon,,plumber,Insufficient Data,Data Ingestion Required,Collect further supply and demand data for plumber in jalgaon before allocating government training resources.,Confidence rating (0.4) is below the required operational threshold (0.5).,"{'supply_score': 1.37, 'current_demand_score': 50.0, 'current_gap': 48.63, 'priority_score': 49.22, 'future_demand_score': None, 'future_gap': None, 'growth_trend': None}",0.4,"{'has_supply': True, 'has_current_demand': False, 'has_future_demand': False}"
jalgaon,,"tool and die maker (press tools, jigs and fixtures)",Insufficient Data,Data Ingestion Required,"Collect further supply and demand data for tool and die maker (press tools, jigs and fixtures) in jalgaon before allocating government training resources.",Confidence rating (0.4) is below the required operational threshold (0.5).,"{'supply_score': 1.37, 'current_demand_score': 50.0, 'current_gap': 48.63, 'priority_score': 49.22, 'future_demand_score': None, 'future_gap': None, 'growth_trend': None}",0.4,"{'has_supply': True, 'has_current_demand': False, 'has_future_demand': False}"
jalna,,mechanic diesel,Insufficient Data,Data Ingestion Required,Collect further supply and demand data for mechanic diesel in jalna before allocating government training resources.,Confidence rating (0.4) is below the required operational threshold (0.5).,"{'supply_score': 1.37, 'current_demand_score': 50.0, 'current_gap': 48.63, 'priority_score': 49.22, 'future_demand_score': None, 'future_gap': None, 'growth_trend': None}",0.4,"{'has_supply': True, 'has_current_demand': False, 'has_future_demand': False}"
jalna,,refrigeration and air conditioner technician,Insufficient Data,Data Ingestion Required,Collect further supply and demand data for refrigeration and air conditioner technician in jalna before allocating government training resources.,Confidence rating (0.4) is below the required operational threshold (0.5).,"{'supply_score': 1.37, 'current_demand_score': 50.0, 'current_gap': 48.63, 'priority_score': 49.22, 'future_demand_score': None, 'future_gap': None, 'growth_trend': None}",0.4,"{'has_supply': True, 'has_current_demand': False, 'has_future_demand': False}"
kolhapur,,cosmetology,Insufficient Data,Data Ingestion Required,Collect further supply and demand data for cosmetology in kolhapur before allocating government training resources.,Confidence rating (0.4) is below the required operational threshold (0.5).,"{'supply_score': 1.37, 'current_demand_score': 50.0, 'current_gap': 48.63, 'priority_score': 49.22, 'future_demand_score': None, 'future_gap': None, 'growth_trend': None}",0.4,"{'has_supply': True, 'has_current_demand': False, 'has_future_demand': False}"
kolhapur,,refrigeration and air conditioner technician,Insufficient Data,Data Ingestion Required,Collect further supply and demand data for refrigeration and air conditioner technician in kolhapur before allocating government training resources.,Confidence rating (0.4) is below the required operational threshold (0.5).,"{'supply_score': 1.37, 'current_demand_score': 50.0, 'current_gap': 48.63, 'priority_score': 49.22, 'future_demand_score': None, 'future_gap': None, 'growth_trend': None}",0.4,"{'has_supply': True, 'has_current_demand': False, 'has_future_demand': False}"
latur,,cosmetology,Insufficient Data,Data Ingestion Required,Collect further supply and demand data for cosmetology in latur before allocating government training resources.,Confidence rating (0.4) is below the required operational threshold (0.5).,"{'supply_score': 1.37, 'current_demand_score': 50.0, 'current_gap': 48.63, 'priority_score': 49.22, 'future_demand_score': None, 'future_gap': None, 'growth_trend': None}",0.4,"{'has_supply': True, 'has_current_demand': False, 'has_future_demand': False}"
latur,,draughtsman civil,Insufficient Data,Data Ingestion Required,Collect further supply and demand data for draughtsman civil in latur before allocating government training resources.,Confidence rating (0.4) is below the required operational threshold (0.5).,"{'supply_score': 1.37, 'current_demand_score': 50.0, 'current_gap': 48.63, 'priority_score': 49.22, 'future_demand_score': None, 'future_gap': None, 'growth_trend': None}",0.4,"{'has_supply': True, 'has_current_demand': False, 'has_future_demand': False}"
latur,,plumber,Insufficient Data,Data Ingestion Required,Collect further supply and demand data for plumber in latur before allocating government training resources.,Confidence rating (0.4) is below the required operational threshold (0.5).,"{'supply_score': 1.37, 'current_demand_score': 50.0, 'current_gap': 48.63, 'priority_score': 49.22, 'future_demand_score': None, 'future_gap': None, 'growth_trend': None}",0.4,"{'has_supply': True, 'has_current_demand': False, 'has_future_demand': False}"
latur,,refrigeration and air conditioner technician,Insufficient Data,Data Ingestion Required,Collect further supply and demand data for refrigeration and air conditioner technician in latur before allocating government training resources.,Confidence rating (0.4) is below the required operational threshold (0.5).,"{'supply_score': 1.37, 'current_demand_score': 50.0, 'current_gap': 48.63, 'priority_score': 49.22, 'future_demand_score': None, 'future_gap': None, 'growth_trend': None}",0.4,"{'has_supply': True, 'has_current_demand': False, 'has_future_demand': False}"
mumbai suburban,,desktop publishing operator,Insufficient Data,Data Ingestion Required,Collect further supply and demand data for desktop publishing operator in mumbai suburban before allocating government training resources.,Confidence rating (0.4) is below the required operational threshold (0.5).,"{'supply_score': 1.37, 'current_demand_score': 50.0, 'current_gap': 48.63, 'priority_score': 49.22, 'future_demand_score': None, 'future_gap': None, 'growth_trend': None}",0.4,"{'has_supply': True, 'has_current_demand': False, 'has_future_demand': False}"
mumbai suburban,,instrument mechanic,Insufficient Data,Data Ingestion Required,Collect further supply and demand data for instrument mechanic in mumbai suburban before allocating government training resources.,Confidence rating (0.4) is below the required operational threshold (0.5).,"{'supply_score': 1.37, 'current_demand_score': 50.0, 'current_gap': 48.63, 'priority_score': 49.22, 'future_demand_score': None, 'future_gap': None, 'growth_trend': None}",0.4,"{'has_supply': True, 'has_current_demand': False, 'has_future_demand': False}"
mumbai suburban,,iot technician (smart city),Insufficient Data,Data Ingestion Required,Collect further supply and demand data for iot technician (smart city) in mumbai suburban before allocating government training resources.,Confidence rating (0.4) is below the required operational threshold (0.5).,"{'supply_score': 1.37, 'current_demand_score': 50.0, 'current_gap': 48.63, 'priority_score': 49.22, 'future_demand_score': None, 'future_gap': None, 'growth_trend': None}",0.4,"{'has_supply': True, 'has_current_demand': False, 'has_future_demand': False}"
mumbai suburban,,mechanic diesel,Insufficient Data,Data Ingestion Required,Collect further supply and demand data for mechanic diesel in mumbai suburban before allocating government training resources.,Confidence rating (0.4) is below the required operational threshold (0.5).,"{'supply_score': 1.37, 'current_demand_score': 50.0, 'current_gap': 48.63, 'priority_score': 49.22, 'future_demand_score': None, 'future_gap': None, 'growth_trend': None}",0.4,"{'has_supply': True, 'has_current_demand': False, 'has_future_demand': False}"
mumbai suburban,,plumber under dual training system,Insufficient Data,Data Ingestion Required,Collect further supply and demand data for plumber under dual training system in mumbai suburban before allocating government training resources.,Confidence rating (0.4) is below the required operational threshold (0.5).,"{'supply_score': 1.37, 'current_demand_score': 50.0, 'current_gap': 48.63, 'priority_score': 49.22, 'future_demand_score': None, 'future_gap': None, 'growth_trend': None}",0.4,"{'has_supply': True, 'has_current_demand': False, 'has_future_demand': False}"
mumbai suburban,,technician power electronic systems,Insufficient Data,Data Ingestion Required,Collect further supply and demand data for technician power electronic systems in mumbai suburban before allocating government training resources.,Confidence rating (0.4) is below the required operational threshold (0.5).,"{'supply_score': 1.37, 'current_demand_score': 50.0, 'current_gap': 48.63, 'priority_score': 49.22, 'future_demand_score': None, 'future_gap': None, 'growth_trend': None}",0.4,"{'has_supply': True, 'has_current_demand': False, 'has_future_demand': False}"
nagpur,,mason (building constructor),Insufficient Data,Data Ingestion Required,Collect further supply and demand data for mason (building constructor) in nagpur before allocating government training resources.,Confidence rating (0.4) is below the required operational threshold (0.5).,"{'supply_score': 1.37, 'current_demand_score': 50.0, 'current_gap': 48.63, 'priority_score': 49.22, 'future_demand_score': None, 'future_gap': None, 'growth_trend': None}",0.4,"{'has_supply': True, 'has_current_demand': False, 'has_future_demand': False}"
nagpur,,mechanic motor vehicle under dual system training,Insufficient Data,Data Ingestion Required,Collect further supply and demand data for mechanic motor vehicle under dual system training in nagpur before allocating government training resources.,Confidence rating (0.4) is below the required operational threshold (0.5).,"{'supply_score': 1.37, 'current_demand_score': 50.0, 'current_gap': 48.63, 'priority_score': 49.22, 'future_demand_score': None, 'future_gap': None, 'growth_trend': None}",0.4,"{'has_supply': True, 'has_current_demand': False, 'has_future_demand': False}"
nagpur,,plumber,Insufficient Data,Data Ingestion Required,Collect further supply and demand data for plumber in nagpur before allocating government training resources.,Confidence rating (0.4) is below the required operational threshold (0.5).,"{'supply_score': 1.37, 'current_demand_score': 50.0, 'current_gap': 48.63, 'priority_score': 49.22, 'future_demand_score': None, 'future_gap': None, 'growth_trend': None}",0.4,"{'has_supply': True, 'has_current_demand': False, 'has_future_demand': False}"
nagpur,,"tool and die maker (press tools, jigs and fixtures)",Insufficient Data,Data Ingestion Required,"Collect further supply and demand data for tool and die maker (press tools, jigs and fixtures) in nagpur before allocating government training resources.",Confidence rating (0.4) is below the required operational threshold (0.5).,"{'supply_score': 1.37, 'current_demand_score': 50.0, 'current_gap': 48.63, 'priority_score': 49.22, 'future_demand_score': None, 'future_gap': None, 'growth_trend': None}",0.4,"{'has_supply': True, 'has_current_demand': False, 'has_future_demand': False}"
nanded,,cosmetology,Insufficient Data,Data Ingestion Required,Collect further supply and demand data for cosmetology in nanded before allocating government training resources.,Confidence rating (0.4) is below the required operational threshold (0.5).,"{'supply_score': 1.37, 'current_demand_score': 50.0, 'current_gap': 48.63, 'priority_score': 49.22, 'future_demand_score': None, 'future_gap': None, 'growth_trend': None}",0.4,"{'has_supply': True, 'has_current_demand': False, 'has_future_demand': False}"
nanded,,draughtsman civil,Insufficient Data,Data Ingestion Required,Collect further supply and demand data for draughtsman civil in nanded before allocating government training resources.,Confidence rating (0.4) is below the required operational threshold (0.5).,"{'supply_score': 1.37, 'current_demand_score': 50.0, 'current_gap': 48.63, 'priority_score': 49.22, 'future_demand_score': None, 'future_gap': None, 'growth_trend': None}",0.4,"{'has_supply': True, 'has_current_demand': False, 'has_future_demand': False}"
nanded,,foundryman,Insufficient Data,Data Ingestion Required,Collect further supply and demand data for foundryman in nanded before allocating government training resources.,Confidence rating (0.4) is below the required operational threshold (0.5).,"{'supply_score': 1.37, 'current_demand_score': 50.0, 'current_gap': 48.63, 'priority_score': 49.22, 'future_demand_score': None, 'future_gap': None, 'growth_trend': None}",0.4,"{'has_supply': True, 'has_current_demand': False, 'has_future_demand': False}"
nanded,,mechanic motor vehicle under dual system training,Insufficient Data,Data Ingestion Required,Collect further supply and demand data for mechanic motor vehicle under dual system training in nanded before allocating government training resources.,Confidence rating (0.4) is below the required operational threshold (0.5).,"{'supply_score': 1.37, 'current_demand_score': 50.0, 'current_gap': 48.63, 'priority_score': 49.22, 'future_demand_score': None, 'future_gap': None, 'growth_trend': None}",0.4,"{'has_supply': True, 'has_current_demand': False, 'has_future_demand': False}"
nanded,,plumber,Insufficient Data,Data Ingestion Required,Collect further supply and demand data for plumber in nanded before allocating government training resources.,Confidence rating (0.4) is below the required operational threshold (0.5).,"{'supply_score': 1.37, 'current_demand_score': 50.0, 'current_gap': 48.63, 'priority_score': 49.22, 'future_demand_score': None, 'future_gap': None, 'growth_trend': None}",0.4,"{'has_supply': True, 'has_current_demand': False, 'has_future_demand': False}"
nanded,,surveyor,Insufficient Data,Data Ingestion Required,Collect further supply and demand data for surveyor in nanded before allocating government training resources.,Confidence rating (0.4) is below the required operational threshold (0.5).,"{'supply_score': 1.37, 'current_demand_score': 50.0, 'current_gap': 48.63, 'priority_score': 49.22, 'future_demand_score': None, 'future_gap': None, 'growth_trend': None}",0.4,"{'has_supply': True, 'has_current_demand': False, 'has_future_demand': False}"
nanded,,wood work technician,Insufficient Data,Data Ingestion Required,Collect further supply and demand data for wood work technician in nanded before allocating government training resources.,Confidence rating (0.4) is below the required operational threshold (0.5).,"{'supply_score': 1.37, 'current_demand_score': 50.0, 'current_gap': 48.63, 'priority_score': 49.22, 'future_demand_score': None, 'future_gap': None, 'growth_trend': None}",0.4,"{'has_supply': True, 'has_current_demand': False, 'has_future_demand': False}"
nandurbar,,mechanic diesel,Insufficient Data,Data Ingestion Required,Collect further supply and demand data for mechanic diesel in nandurbar before allocating government training resources.,Confidence rating (0.4) is below the required operational threshold (0.5).,"{'supply_score': 1.37, 'current_demand_score': 50.0, 'current_gap': 48.63, 'priority_score': 49.22, 'future_demand_score': None, 'future_gap': None, 'growth_trend': None}",0.4,"{'has_supply': True, 'has_current_demand': False, 'has_future_demand': False}"
nandurbar,,refrigeration and air conditioner technician,Insufficient Data,Data Ingestion Required,Collect further supply and demand data for refrigeration and air conditioner technician in nandurbar before allocating government training resources.,Confidence rating (0.4) is below the required operational threshold (0.5).,"{'supply_score': 1.37, 'current_demand_score': 50.0, 'current_gap': 48.63, 'priority_score': 49.22, 'future_demand_score': None, 'future_gap': None, 'growth_trend': None}",0.4,"{'has_supply': True, 'has_current_demand': False, 'has_future_demand': False}"
nandurbar,,stenographer secretarial assistant (english),Insufficient Data,Data Ingestion Required,Collect further supply and demand data for stenographer secretarial assistant (english) in nandurbar before allocating government training resources.,Confidence rating (0.4) is below the required operational threshold (0.5).,"{'supply_score': 1.37, 'current_demand_score': 50.0, 'current_gap': 48.63, 'priority_score': 49.22, 'future_demand_score': None, 'future_gap': None, 'growth_trend': None}",0.4,"{'has_supply': True, 'has_current_demand': False, 'has_future_demand': False}"
nandurbar,,wood work technician,Insufficient Data,Data Ingestion Required,Collect further supply and demand data for wood work technician in nandurbar before allocating government training resources.,Confidence rating (0.4) is below the required operational threshold (0.5).,"{'supply_score': 1.37, 'current_demand_score': 50.0, 'current_gap': 48.63, 'priority_score': 49.22, 'future_demand_score': None, 'future_gap': None, 'growth_trend': None}",0.4,"{'has_supply': True, 'has_current_demand': False, 'has_future_demand': False}"
nashik,,computer operator and programming assistant under dual training system,Insufficient Data,Data Ingestion Required,Collect further supply and demand data for computer operator and programming assistant under dual training system in nashik before allocating government training resources.,Confidence rating (0.4) is below the required operational threshold (0.5).,"{'supply_score': 1.37, 'current_demand_score': 50.0, 'current_gap': 48.63, 'priority_score': 49.22, 'future_demand_score': None, 'future_gap': None, 'growth_trend': None}",0.4,"{'has_supply': True, 'has_current_demand': False, 'has_future_demand': False}"
nashik,,food production (general),Insufficient Data,Data Ingestion Required,Collect further supply and demand data for food production (general) in nashik before allocating government training resources.,Confidence rating (0.4) is below the required operational threshold (0.5).,"{'supply_score': 1.37, 'current_demand_score': 50.0, 'current_gap': 48.63, 'priority_score': 49.22, 'future_demand_score': None, 'future_gap': None, 'growth_trend': None}",0.4,"{'has_supply': True, 'has_current_demand': False, 'has_future_demand': False}"
nashik,,foundryman,Insufficient Data,Data Ingestion Required,Collect further supply and demand data for foundryman in nashik before allocating government training resources.,Confidence rating (0.4) is below the required operational threshold (0.5).,"{'supply_score': 1.37, 'current_demand_score': 50.0, 'current_gap': 48.63, 'priority_score': 49.22, 'future_demand_score': None, 'future_gap': None, 'growth_trend': None}",0.4,"{'has_supply': True, 'has_current_demand': False, 'has_future_demand': False}"
nashik,,mason (building constructor),Insufficient Data,Data Ingestion Required,Collect further supply and demand data for mason (building constructor) in nashik before allocating government training resources.,Confidence rating (0.4) is below the required operational threshold (0.5).,"{'supply_score': 1.37, 'current_demand_score': 50.0, 'current_gap': 48.63, 'priority_score': 49.22, 'future_demand_score': None, 'future_gap': None, 'growth_trend': None}",0.4,"{'has_supply': True, 'has_current_demand': False, 'has_future_demand': False}"
nashik,,stenographer secretarial assistant (english),Insufficient Data,Data Ingestion Required,Collect further supply and demand data for stenographer secretarial assistant (english) in nashik before allocating government training resources.,Confidence rating (0.4) is below the required operational threshold (0.5).,"{'supply_score': 1.37, 'current_demand_score': 50.0, 'current_gap': 48.63, 'priority_score': 49.22, 'future_demand_score': None, 'future_gap': None, 'growth_trend': None}",0.4,"{'has_supply': True, 'has_current_demand': False, 'has_future_demand': False}"
palghar,,information and communication technology system maintenance,Insufficient Data,Data Ingestion Required,Collect further supply and demand data for information and communication technology system maintenance in palghar before allocating government training resources.,Confidence rating (0.4) is below the required operational threshold (0.5).,"{'supply_score': 1.37, 'current_demand_score': 50.0, 'current_gap': 48.63, 'priority_score': 49.22, 'future_demand_score': None, 'future_gap': None, 'growth_trend': None}",0.4,"{'has_supply': True, 'has_current_demand': False, 'has_future_demand': False}"
palghar,,wood work technician,Insufficient Data,Data Ingestion Required,Collect further supply and demand data for wood work technician in palghar before allocating government training resources.,Confidence rating (0.4) is below the required operational threshold (0.5).,"{'supply_score': 1.37, 'current_demand_score': 50.0, 'current_gap': 48.63, 'priority_score': 49.22, 'future_demand_score': None, 'future_gap': None, 'growth_trend': None}",0.4,"{'has_supply': True, 'has_current_demand': False, 'has_future_demand': False}"
parbhani,,electronics mechanic,Insufficient Data,Data Ingestion Required,Collect further supply and demand data for electronics mechanic in parbhani before allocating government training resources.,Confidence rating (0.4) is below the required operational threshold (0.5).,"{'supply_score': 1.37, 'current_demand_score': 50.0, 'current_gap': 48.63, 'priority_score': 49.22, 'future_demand_score': None, 'future_gap': None, 'growth_trend': None}",0.4,"{'has_supply': True, 'has_current_demand': False, 'has_future_demand': False}"
parbhani,,fire technology and industrial safety management,Insufficient Data,Data Ingestion Required,Collect further supply and demand data for fire technology and industrial safety management in parbhani before allocating government training resources.,Confidence rating (0.4) is below the required operational threshold (0.5).,"{'supply_score': 1.37, 'current_demand_score': 50.0, 'current_gap': 48.63, 'priority_score': 49.22, 'future_demand_score': None, 'future_gap': None, 'growth_trend': None}",0.4,"{'has_supply': True, 'has_current_demand': False, 'has_future_demand': False}"
parbhani,,geo-informatics assistant,Insufficient Data,Data Ingestion Required,Collect further supply and demand data for geo-informatics assistant in parbhani before allocating government training resources.,Confidence rating (0.4) is below the required operational threshold (0.5).,"{'supply_score': 1.37, 'current_demand_score': 50.0, 'current_gap': 48.63, 'priority_score': 49.22, 'future_demand_score': None, 'future_gap': None, 'growth_trend': None}",0.4,"{'has_supply': True, 'has_current_demand': False, 'has_future_demand': False}"
parbhani,,mechanic diesel under dual system training,Insufficient Data,Data Ingestion Required,Collect further supply and demand data for mechanic diesel under dual system training in parbhani before allocating government training resources.,Confidence rating (0.4) is below the required operational threshold (0.5).,"{'supply_score': 1.37, 'current_demand_score': 50.0, 'current_gap': 48.63, 'priority_score': 49.22, 'future_demand_score': None, 'future_gap': None, 'growth_trend': None}",0.4,"{'has_supply': True, 'has_current_demand': False, 'has_future_demand': False}"
parbhani,,mechanic motor vehicle,Insufficient Data,Data Ingestion Required,Collect further supply and demand data for mechanic motor vehicle in parbhani before allocating government training resources.,Confidence rating (0.4) is below the required operational threshold (0.5).,"{'supply_score': 1.37, 'current_demand_score': 50.0, 'current_gap': 48.63, 'priority_score': 49.22, 'future_demand_score': None, 'future_gap': None, 'growth_trend': None}",0.4,"{'has_supply': True, 'has_current_demand': False, 'has_future_demand': False}"
parbhani,,plumber,Insufficient Data,Data Ingestion Required,Collect further supply and demand data for plumber in parbhani before allocating government training resources.,Confidence rating (0.4) is below the required operational threshold (0.5).,"{'supply_score': 1.37, 'current_demand_score': 50.0, 'current_gap': 48.63, 'priority_score': 49.22, 'future_demand_score': None, 'future_gap': None, 'growth_trend': None}",0.4,"{'has_supply': True, 'has_current_demand': False, 'has_future_demand': False}"
parbhani,,stenographer secretarial assistant (english),Insufficient Data,Data Ingestion Required,Collect further supply and demand data for stenographer secretarial assistant (english) in parbhani before allocating government training resources.,Confidence rating (0.4) is below the required operational threshold (0.5).,"{'supply_score': 1.37, 'current_demand_score': 50.0, 'current_gap': 48.63, 'priority_score': 49.22, 'future_demand_score': None, 'future_gap': None, 'growth_trend': None}",0.4,"{'has_supply': True, 'has_current_demand': False, 'has_future_demand': False}"
parbhani,,surveyor,Insufficient Data,Data Ingestion Required,Collect further supply and demand data for surveyor in parbhani before allocating government training resources.,Confidence rating (0.4) is below the required operational threshold (0.5).,"{'supply_score': 1.37, 'current_demand_score': 50.0, 'current_gap': 48.63, 'priority_score': 49.22, 'future_demand_score': None, 'future_gap': None, 'growth_trend': None}",0.4,"{'has_supply': True, 'has_current_demand': False, 'has_future_demand': False}"
pune,,fire technology and industrial safety management,Insufficient Data,Data Ingestion Required,Collect further supply and demand data for fire technology and industrial safety management in pune before allocating government training resources.,Confidence rating (0.4) is below the required operational threshold (0.5).,"{'supply_score': 1.37, 'current_demand_score': 50.0, 'current_gap': 48.63, 'priority_score': 49.22, 'future_demand_score': None, 'future_gap': None, 'growth_trend': None}",0.4,"{'has_supply': True, 'has_current_demand': False, 'has_future_demand': False}"
pune,,geo-informatics assistant,Insufficient Data,Data Ingestion Required,Collect further supply and demand data for geo-informatics assistant in pune before allocating government training resources.,Confidence rating (0.4) is below the required operational threshold (0.5).,"{'supply_score': 1.37, 'current_demand_score': 50.0, 'current_gap': 48.63, 'priority_score': 49.22, 'future_demand_score': None, 'future_gap': None, 'growth_trend': None}",0.4,"{'has_supply': True, 'has_current_demand': False, 'has_future_demand': False}"
pune,,human resourse executive,Insufficient Data,Data Ingestion Required,Collect further supply and demand data for human resourse executive in pune before allocating government training resources.,Confidence rating (0.4) is below the required operational threshold (0.5).,"{'supply_score': 1.37, 'current_demand_score': 50.0, 'current_gap': 48.63, 'priority_score': 49.22, 'future_demand_score': None, 'future_gap': None, 'growth_trend': None}",0.4,"{'has_supply': True, 'has_current_demand': False, 'has_future_demand': False}"
pune,,industrial painter,Insufficient Data,Data Ingestion Required,Collect further supply and demand data for industrial painter in pune before allocating government training resources.,Confidence rating (0.4) is below the required operational threshold (0.5).,"{'supply_score': 1.37, 'current_demand_score': 50.0, 'current_gap': 48.63, 'priority_score': 49.22, 'future_demand_score': None, 'future_gap': None, 'growth_trend': None}",0.4,"{'has_supply': True, 'has_current_demand': False, 'has_future_demand': False}"
pune,,interior design and decoration,Insufficient Data,Data Ingestion Required,Collect further supply and demand data for interior design and decoration in pune before allocating government training resources.,Confidence rating (0.4) is below the required operational threshold (0.5).,"{'supply_score': 1.37, 'current_demand_score': 50.0, 'current_gap': 48.63, 'priority_score': 49.22, 'future_demand_score': None, 'future_gap': None, 'growth_trend': None}",0.4,"{'has_supply': True, 'has_current_demand': False, 'has_future_demand': False}"
pune,,"multimedia, animation and special effects",Insufficient Data,Data Ingestion Required,"Collect further supply and demand data for multimedia, animation and special effects in pune before allocating government training resources.",Confidence rating (0.4) is below the required operational threshold (0.5).,"{'supply_score': 1.37, 'current_demand_score': 50.0, 'current_gap': 48.63, 'priority_score': 49.22, 'future_demand_score': None, 'future_gap': None, 'growth_trend': None}",0.4,"{'has_supply': True, 'has_current_demand': False, 'has_future_demand': False}"
pune,,photographer,Insufficient Data,Data Ingestion Required,Collect further supply and demand data for photographer in pune before allocating government training resources.,Confidence rating (0.4) is below the required operational threshold (0.5).,"{'supply_score': 1.37, 'current_demand_score': 50.0, 'current_gap': 48.63, 'priority_score': 49.22, 'future_demand_score': None, 'future_gap': None, 'growth_trend': None}",0.4,"{'has_supply': True, 'has_current_demand': False, 'has_future_demand': False}"
pune,,smartphone technician cum app tester,Insufficient Data,Data Ingestion Required,Collect further supply and demand data for smartphone technician cum app tester in pune before allocating government training resources.,Confidence rating (0.4) is below the required operational threshold (0.5).,"{'supply_score': 1.37, 'current_demand_score': 50.0, 'current_gap': 48.63, 'priority_score': 49.22, 'future_demand_score': None, 'future_gap': None, 'growth_trend': None}",0.4,"{'has_supply': True, 'has_current_demand': False, 'has_future_demand': False}"
pune,,stenographer secretarial assistant (english),Insufficient Data,Data Ingestion Required,Collect further supply and demand data for stenographer secretarial assistant (english) in pune before allocating government training resources.,Confidence rating (0.4) is below the required operational threshold (0.5).,"{'supply_score': 1.37, 'current_demand_score': 50.0, 'current_gap': 48.63, 'priority_score': 49.22, 'future_demand_score': None, 'future_gap': None, 'growth_trend': None}",0.4,"{'has_supply': True, 'has_current_demand': False, 'has_future_demand': False}"
pune,,tool and die maker (dies and moulds),Insufficient Data,Data Ingestion Required,Collect further supply and demand data for tool and die maker (dies and moulds) in pune before allocating government training resources.,Confidence rating (0.4) is below the required operational threshold (0.5).,"{'supply_score': 1.37, 'current_demand_score': 50.0, 'current_gap': 48.63, 'priority_score': 49.22, 'future_demand_score': None, 'future_gap': None, 'growth_trend': None}",0.4,"{'has_supply': True, 'has_current_demand': False, 'has_future_demand': False}"
raigad,,computer operator and programming assistant under dual training system,Insufficient Data,Data Ingestion Required,Collect further supply and demand data for computer operator and programming assistant under dual training system in raigad before allocating government training resources.,Confidence rating (0.4) is below the required operational threshold (0.5).,"{'supply_score': 1.37, 'current_demand_score': 50.0, 'current_gap': 48.63, 'priority_score': 49.22, 'future_demand_score': None, 'future_gap': None, 'growth_trend': None}",0.4,"{'has_supply': True, 'has_current_demand': False, 'has_future_demand': False}"
raigad,,cosmetology,Insufficient Data,Data Ingestion Required,Collect further supply and demand data for cosmetology in raigad before allocating government training resources.,Confidence rating (0.4) is below the required operational threshold (0.5).,"{'supply_score': 1.37, 'current_demand_score': 50.0, 'current_gap': 48.63, 'priority_score': 49.22, 'future_demand_score': None, 'future_gap': None, 'growth_trend': None}",0.4,"{'has_supply': True, 'has_current_demand': False, 'has_future_demand': False}"
raigad,,draughtsman civil,Insufficient Data,Data Ingestion Required,Collect further supply and demand data for draughtsman civil in raigad before allocating government training resources.,Confidence rating (0.4) is below the required operational threshold (0.5).,"{'supply_score': 1.37, 'current_demand_score': 50.0, 'current_gap': 48.63, 'priority_score': 49.22, 'future_demand_score': None, 'future_gap': None, 'growth_trend': None}",0.4,"{'has_supply': True, 'has_current_demand': False, 'has_future_demand': False}"
raigad,,geo-informatics assistant,Insufficient Data,Data Ingestion Required,Collect further supply and demand data for geo-informatics assistant in raigad before allocating government training resources.,Confidence rating (0.4) is below the required operational threshold (0.5).,"{'supply_score': 1.37, 'current_demand_score': 50.0, 'current_gap': 48.63, 'priority_score': 49.22, 'future_demand_score': None, 'future_gap': None, 'growth_trend': None}",0.4,"{'has_supply': True, 'has_current_demand': False, 'has_future_demand': False}"
raigad,,marketing executive,Insufficient Data,Data Ingestion Required,Collect further supply and demand data for marketing executive in raigad before allocating government training resources.,Confidence rating (0.4) is below the required operational threshold (0.5).,"{'supply_score': 1.37, 'current_demand_score': 50.0, 'current_gap': 48.63, 'priority_score': 49.22, 'future_demand_score': None, 'future_gap': None, 'growth_trend': None}",0.4,"{'has_supply': True, 'has_current_demand': False, 'has_future_demand': False}"
raigad,,stenographer secretarial assistant (english),Insufficient Data,Data Ingestion Required,Collect further supply and demand data for stenographer secretarial assistant (english) in raigad before allocating government training resources.,Confidence rating (0.4) is below the required operational threshold (0.5).,"{'supply_score': 1.37, 'current_demand_score': 50.0, 'current_gap': 48.63, 'priority_score': 49.22, 'future_demand_score': None, 'future_gap': None, 'growth_trend': None}",0.4,"{'has_supply': True, 'has_current_demand': False, 'has_future_demand': False}"
ratnagiri,,attendant operator (chemical plant),Insufficient Data,Data Ingestion Required,Collect further supply and demand data for attendant operator (chemical plant) in ratnagiri before allocating government training resources.,Confidence rating (0.4) is below the required operational threshold (0.5).,"{'supply_score': 1.37, 'current_demand_score': 50.0, 'current_gap': 48.63, 'priority_score': 49.22, 'future_demand_score': None, 'future_gap': None, 'growth_trend': None}",0.4,"{'has_supply': True, 'has_current_demand': False, 'has_future_demand': False}"
ratnagiri,,desktop publishing operator,Insufficient Data,Data Ingestion Required,Collect further supply and demand data for desktop publishing operator in ratnagiri before allocating government training resources.,Confidence rating (0.4) is below the required operational threshold (0.5).,"{'supply_score': 1.37, 'current_demand_score': 50.0, 'current_gap': 48.63, 'priority_score': 49.22, 'future_demand_score': None, 'future_gap': None, 'growth_trend': None}",0.4,"{'has_supply': True, 'has_current_demand': False, 'has_future_demand': False}"
ratnagiri,,electronics mechanic,Insufficient Data,Data Ingestion Required,Collect further supply and demand data for electronics mechanic in ratnagiri before allocating government training resources.,Confidence rating (0.4) is below the required operational threshold (0.5).,"{'supply_score': 1.37, 'current_demand_score': 50.0, 'current_gap': 48.63, 'priority_score': 49.22, 'future_demand_score': None, 'future_gap': None, 'growth_trend': None}",0.4,"{'has_supply': True, 'has_current_demand': False, 'has_future_demand': False}"
ratnagiri,,information and communication technology system maintenance,Insufficient Data,Data Ingestion Required,Collect further supply and demand data for information and communication technology system maintenance in ratnagiri before allocating government training resources.,Confidence rating (0.4) is below the required operational threshold (0.5).,"{'supply_score': 1.37, 'current_demand_score': 50.0, 'current_gap': 48.63, 'priority_score': 49.22, 'future_demand_score': None, 'future_gap': None, 'growth_trend': None}",0.4,"{'has_supply': True, 'has_current_demand': False, 'has_future_demand': False}"
ratnagiri,,interior design and decoration,Insufficient Data,Data Ingestion Required,Collect further supply and demand data for interior design and decoration in ratnagiri before allocating government training resources.,Confidence rating (0.4) is below the required operational threshold (0.5).,"{'supply_score': 1.37, 'current_demand_score': 50.0, 'current_gap': 48.63, 'priority_score': 49.22, 'future_demand_score': None, 'future_gap': None, 'growth_trend': None}",0.4,"{'has_supply': True, 'has_current_demand': False, 'has_future_demand': False}"
ratnagiri,,mechanic diesel under dual system training,Insufficient Data,Data Ingestion Required,Collect further supply and demand data for mechanic diesel under dual system training in ratnagiri before allocating government training resources.,Confidence rating (0.4) is below the required operational threshold (0.5).,"{'supply_score': 1.37, 'current_demand_score': 50.0, 'current_gap': 48.63, 'priority_score': 49.22, 'future_demand_score': None, 'future_gap': None, 'growth_trend': None}",0.4,"{'has_supply': True, 'has_current_demand': False, 'has_future_demand': False}"
sangli,,cosmetology,Insufficient Data,Data Ingestion Required,Collect further supply and demand data for cosmetology in sangli before allocating government training resources.,Confidence rating (0.4) is below the required operational threshold (0.5).,"{'supply_score': 1.37, 'current_demand_score': 50.0, 'current_gap': 48.63, 'priority_score': 49.22, 'future_demand_score': None, 'future_gap': None, 'growth_trend': None}",0.4,"{'has_supply': True, 'has_current_demand': False, 'has_future_demand': False}"
sangli,,refrigeration and air conditioner technician,Insufficient Data,Data Ingestion Required,Collect further supply and demand data for refrigeration and air conditioner technician in sangli before allocating government training resources.,Confidence rating (0.4) is below the required operational threshold (0.5).,"{'supply_score': 1.37, 'current_demand_score': 50.0, 'current_gap': 48.63, 'priority_score': 49.22, 'future_demand_score': None, 'future_gap': None, 'growth_trend': None}",0.4,"{'has_supply': True, 'has_current_demand': False, 'has_future_demand': False}"
satara,,mechanic diesel under dual system training,Insufficient Data,Data Ingestion Required,Collect further supply and demand data for mechanic diesel under dual system training in satara before allocating government training resources.,Confidence rating (0.4) is below the required operational threshold (0.5).,"{'supply_score': 1.37, 'current_demand_score': 50.0, 'current_gap': 48.63, 'priority_score': 49.22, 'future_demand_score': None, 'future_gap': None, 'growth_trend': None}",0.4,"{'has_supply': True, 'has_current_demand': False, 'has_future_demand': False}"
satara,,mechanic machine tool maintenance,Insufficient Data,Data Ingestion Required,Collect further supply and demand data for mechanic machine tool maintenance in satara before allocating government training resources.,Confidence rating (0.4) is below the required operational threshold (0.5).,"{'supply_score': 1.37, 'current_demand_score': 50.0, 'current_gap': 48.63, 'priority_score': 49.22, 'future_demand_score': None, 'future_gap': None, 'growth_trend': None}",0.4,"{'has_supply': True, 'has_current_demand': False, 'has_future_demand': False}"
satara,,refrigeration and air conditioner technician,Insufficient Data,Data Ingestion Required,Collect further supply and demand data for refrigeration and air conditioner technician in satara before allocating government training resources.,Confidence rating (0.4) is below the required operational threshold (0.5).,"{'supply_score': 1.37, 'current_demand_score': 50.0, 'current_gap': 48.63, 'priority_score': 49.22, 'future_demand_score': None, 'future_gap': None, 'growth_trend': None}",0.4,"{'has_supply': True, 'has_current_demand': False, 'has_future_demand': False}"
sindhudurg,,food production (general),Insufficient Data,Data Ingestion Required,Collect further supply and demand data for food production (general) in sindhudurg before allocating government training resources.,Confidence rating (0.4) is below the required operational threshold (0.5).,"{'supply_score': 1.37, 'current_demand_score': 50.0, 'current_gap': 48.63, 'priority_score': 49.22, 'future_demand_score': None, 'future_gap': None, 'growth_trend': None}",0.4,"{'has_supply': True, 'has_current_demand': False, 'has_future_demand': False}"
sindhudurg,,human resourse executive,Insufficient Data,Data Ingestion Required,Collect further supply and demand data for human resourse executive in sindhudurg before allocating government training resources.,Confidence rating (0.4) is below the required operational threshold (0.5).,"{'supply_score': 1.37, 'current_demand_score': 50.0, 'current_gap': 48.63, 'priority_score': 49.22, 'future_demand_score': None, 'future_gap': None, 'growth_trend': None}",0.4,"{'has_supply': True, 'has_current_demand': False, 'has_future_demand': False}"
sindhudurg,,marketing executive,Insufficient Data,Data Ingestion Required,Collect further supply and demand data for marketing executive in sindhudurg before allocating government training resources.,Confidence rating (0.4) is below the required operational threshold (0.5).,"{'supply_score': 1.37, 'current_demand_score': 50.0, 'current_gap': 48.63, 'priority_score': 49.22, 'future_demand_score': None, 'future_gap': None, 'growth_trend': None}",0.4,"{'has_supply': True, 'has_current_demand': False, 'has_future_demand': False}"
sindhudurg,,refrigeration and air conditioner technician,Insufficient Data,Data Ingestion Required,Collect further supply and demand data for refrigeration and air conditioner technician in sindhudurg before allocating government training resources.,Confidence rating (0.4) is below the required operational threshold (0.5).,"{'supply_score': 1.37, 'current_demand_score': 50.0, 'current_gap': 48.63, 'priority_score': 49.22, 'future_demand_score': None, 'future_gap': None, 'growth_trend': None}",0.4,"{'has_supply': True, 'has_current_demand': False, 'has_future_demand': False}"
solapur,,foundryman,Insufficient Data,Data Ingestion Required,Collect further supply and demand data for foundryman in solapur before allocating government training resources.,Confidence rating (0.4) is below the required operational threshold (0.5).,"{'supply_score': 1.37, 'current_demand_score': 50.0, 'current_gap': 48.63, 'priority_score': 49.22, 'future_demand_score': None, 'future_gap': None, 'growth_trend': None}",0.4,"{'has_supply': True, 'has_current_demand': False, 'has_future_demand': False}"
solapur,,information and communication technology system maintenance,Insufficient Data,Data Ingestion Required,Collect further supply and demand data for information and communication technology system maintenance in solapur before allocating government training resources.,Confidence rating (0.4) is below the required operational threshold (0.5).,"{'supply_score': 1.37, 'current_demand_score': 50.0, 'current_gap': 48.63, 'priority_score': 49.22, 'future_demand_score': None, 'future_gap': None, 'growth_trend': None}",0.4,"{'has_supply': True, 'has_current_demand': False, 'has_future_demand': False}"
thane,,computer hardware and network maintenance,Insufficient Data,Data Ingestion Required,Collect further supply and demand data for computer hardware and network maintenance in thane before allocating government training resources.,Confidence rating (0.4) is below the required operational threshold (0.5).,"{'supply_score': 1.37, 'current_demand_score': 50.0, 'current_gap': 48.63, 'priority_score': 49.22, 'future_demand_score': None, 'future_gap': None, 'growth_trend': None}",0.4,"{'has_supply': True, 'has_current_demand': False, 'has_future_demand': False}"
thane,,draughtsman civil,Insufficient Data,Data Ingestion Required,Collect further supply and demand data for draughtsman civil in thane before allocating government training resources.,Confidence rating (0.4) is below the required operational threshold (0.5).,"{'supply_score': 1.37, 'current_demand_score': 50.0, 'current_gap': 48.63, 'priority_score': 49.22, 'future_demand_score': None, 'future_gap': None, 'growth_trend': None}",0.4,"{'has_supply': True, 'has_current_demand': False, 'has_future_demand': False}"
thane,,geo-informatics assistant,Insufficient Data,Data Ingestion Required,Collect further supply and demand data for geo-informatics assistant in thane before allocating government training resources.,Confidence rating (0.4) is below the required operational threshold (0.5).,"{'supply_score': 1.37, 'current_demand_score': 50.0, 'current_gap': 48.63, 'priority_score': 49.22, 'future_demand_score': None, 'future_gap': None, 'growth_trend': None}",0.4,"{'has_supply': True, 'has_current_demand': False, 'has_future_demand': False}"
thane,,human resourse executive,Insufficient Data,Data Ingestion Required,Collect further supply and demand data for human resourse executive in thane before allocating government training resources.,Confidence rating (0.4) is below the required operational threshold (0.5).,"{'supply_score': 1.37, 'current_demand_score': 50.0, 'current_gap': 48.63, 'priority_score': 49.22, 'future_demand_score': None, 'future_gap': None, 'growth_trend': None}",0.4,"{'has_supply': True, 'has_current_demand': False, 'has_future_demand': False}"
thane,,mechanic diesel,Insufficient Data,Data Ingestion Required,Collect further supply and demand data for mechanic diesel in thane before allocating government training resources.,Confidence rating (0.4) is below the required operational threshold (0.5).,"{'supply_score': 1.37, 'current_demand_score': 50.0, 'current_gap': 48.63, 'priority_score': 49.22, 'future_demand_score': None, 'future_gap': None, 'growth_trend': None}",0.4,"{'has_supply': True, 'has_current_demand': False, 'has_future_demand': False}"
thane,,mechanic machine tool maintenance,Insufficient Data,Data Ingestion Required,Collect further supply and demand data for mechanic machine tool maintenance in thane before allocating government training resources.,Confidence rating (0.4) is below the required operational threshold (0.5).,"{'supply_score': 1.37, 'current_demand_score': 50.0, 'current_gap': 48.63, 'priority_score': 49.22, 'future_demand_score': None, 'future_gap': None, 'growth_trend': None}",0.4,"{'has_supply': True, 'has_current_demand': False, 'has_future_demand': False}"
wardha,,wood work technician,Insufficient Data,Data Ingestion Required,Collect further supply and demand data for wood work technician in wardha before allocating government training resources.,Confidence rating (0.4) is below the required operational threshold (0.5).,"{'supply_score': 1.37, 'current_demand_score': 50.0, 'current_gap': 48.63, 'priority_score': 49.22, 'future_demand_score': None, 'future_gap': None, 'growth_trend': None}",0.4,"{'has_supply': True, 'has_current_demand': False, 'has_future_demand': False}"
washim,,electronics mechanic,Insufficient Data,Data Ingestion Required,Collect further supply and demand data for electronics mechanic in washim before allocating government training resources.,Confidence rating (0.4) is below the required operational threshold (0.5).,"{'supply_score': 1.37, 'current_demand_score': 50.0, 'current_gap': 48.63, 'priority_score': 49.22, 'future_demand_score': None, 'future_gap': None, 'growth_trend': None}",0.4,"{'has_supply': True, 'has_current_demand': False, 'has_future_demand': False}"
washim,,plumber,Insufficient Data,Data Ingestion Required,Collect further supply and demand data for plumber in washim before allocating government training resources.,Confidence rating (0.4) is below the required operational threshold (0.5).,"{'supply_score': 1.37, 'current_demand_score': 50.0, 'current_gap': 48.63, 'priority_score': 49.22, 'future_demand_score': None, 'future_gap': None, 'growth_trend': None}",0.4,"{'has_supply': True, 'has_current_demand': False, 'has_future_demand': False}"
yavatmal,,computer hardware and network maintenance,Insufficient Data,Data Ingestion Required,Collect further supply and demand data for computer hardware and network maintenance in yavatmal before allocating government training resources.,Confidence rating (0.4) is below the required operational threshold (0.5).,"{'supply_score': 1.37, 'current_demand_score': 50.0, 'current_gap': 48.63, 'priority_score': 49.22, 'future_demand_score': None, 'future_gap': None, 'growth_trend': None}",0.4,"{'has_supply': True, 'has_current_demand': False, 'has_future_demand': False}"
yavatmal,,draughtsman civil,Insufficient Data,Data Ingestion Required,Collect further supply and demand data for draughtsman civil in yavatmal before allocating government training resources.,Confidence rating (0.4) is below the required operational threshold (0.5).,"{'supply_score': 1.37, 'current_demand_score': 50.0, 'current_gap': 48.63, 'priority_score': 49.22, 'future_demand_score': None, 'future_gap': None, 'growth_trend': None}",0.4,"{'has_supply': True, 'has_current_demand': False, 'has_future_demand': False}"
yavatmal,,mechanic diesel under dual system training,Insufficient Data,Data Ingestion Required,Collect further supply and demand data for mechanic diesel under dual system training in yavatmal before allocating government training resources.,Confidence rating (0.4) is below the required operational threshold (0.5).,"{'supply_score': 1.37, 'current_demand_score': 50.0, 'current_gap': 48.63, 'priority_score': 49.22, 'future_demand_score': None, 'future_gap': None, 'growth_trend': None}",0.4,"{'has_supply': True, 'has_current_demand': False, 'has_future_demand': False}"
yavatmal,,surveyor,Insufficient Data,Data Ingestion Required,Collect further supply and demand data for surveyor in yavatmal before allocating government training resources.,Confidence rating (0.4) is below the required operational threshold (0.5).,"{'supply_score': 1.37, 'current_demand_score': 50.0, 'current_gap': 48.63, 'priority_score': 49.22, 'future_demand_score': None, 'future_gap': None, 'growth_trend': None}",0.4,"{'has_supply': True, 'has_current_demand': False, 'has_future_demand': False}"
ahmednagar,,machinist grinder,Insufficient Data,Data Ingestion Required,Collect further supply and demand data for machinist grinder in ahmednagar before allocating government training resources.,Confidence rating (0.4) is below the required operational threshold (0.5).,"{'supply_score': 1.88, 'current_demand_score': 50.0, 'current_gap': 48.12, 'priority_score': 48.93, 'future_demand_score': None, 'future_gap': None, 'growth_trend': None}",0.4,"{'has_supply': True, 'has_current_demand': False, 'has_future_demand': False}"
akola,,machinist,Insufficient Data,Data Ingestion Required,Collect further supply and demand data for machinist in akola before allocating government training resources.,Confidence rating (0.4) is below the required operational threshold (0.5).,"{'supply_score': 1.88, 'current_demand_score': 50.0, 'current_gap': 48.12, 'priority_score': 48.93, 'future_demand_score': None, 'future_gap': None, 'growth_trend': None}",0.4,"{'has_supply': True, 'has_current_demand': False, 'has_future_demand': False}"
akola,,sewing technology,Insufficient Data,Data Ingestion Required,Collect further supply and demand data for sewing technology in akola before allocating government training resources.,Confidence rating (0.4) is below the required operational threshold (0.5).,"{'supply_score': 1.88, 'current_demand_score': 50.0, 'current_gap': 48.12, 'priority_score': 48.93, 'future_demand_score': None, 'future_gap': None, 'growth_trend': None}",0.4,"{'has_supply': True, 'has_current_demand': False, 'has_future_demand': False}"
amravati,,machinist,Insufficient Data,Data Ingestion Required,Collect further supply and demand data for machinist in amravati before allocating government training resources.,Confidence rating (0.4) is below the required operational threshold (0.5).,"{'supply_score': 1.88, 'current_demand_score': 50.0, 'current_gap': 48.12, 'priority_score': 48.93, 'future_demand_score': None, 'future_gap': None, 'growth_trend': None}",0.4,"{'has_supply': True, 'has_current_demand': False, 'has_future_demand': False}"
amravati,,turner,Insufficient Data,Data Ingestion Required,Collect further supply and demand data for turner in amravati before allocating government training resources.,Confidence rating (0.4) is below the required operational threshold (0.5).,"{'supply_score': 1.88, 'current_demand_score': 50.0, 'current_gap': 48.12, 'priority_score': 48.93, 'future_demand_score': None, 'future_gap': None, 'growth_trend': None}",0.4,"{'has_supply': True, 'has_current_demand': False, 'has_future_demand': False}"
beed,,fitter under dual training system,Insufficient Data,Data Ingestion Required,Collect further supply and demand data for fitter under dual training system in beed before allocating government training resources.,Confidence rating (0.4) is below the required operational threshold (0.5).,"{'supply_score': 1.88, 'current_demand_score': 50.0, 'current_gap': 48.12, 'priority_score': 48.93, 'future_demand_score': None, 'future_gap': None, 'growth_trend': None}",0.4,"{'has_supply': True, 'has_current_demand': False, 'has_future_demand': False}"
beed,,pump operator cum mechanic,Insufficient Data,Data Ingestion Required,Collect further supply and demand data for pump operator cum mechanic in beed before allocating government training resources.,Confidence rating (0.4) is below the required operational threshold (0.5).,"{'supply_score': 1.88, 'current_demand_score': 50.0, 'current_gap': 48.12, 'priority_score': 48.93, 'future_demand_score': None, 'future_gap': None, 'growth_trend': None}",0.4,"{'has_supply': True, 'has_current_demand': False, 'has_future_demand': False}"
bhandara,,sewing technology,Insufficient Data,Data Ingestion Required,Collect further supply and demand data for sewing technology in bhandara before allocating government training resources.,Confidence rating (0.4) is below the required operational threshold (0.5).,"{'supply_score': 1.88, 'current_demand_score': 50.0, 'current_gap': 48.12, 'priority_score': 48.93, 'future_demand_score': None, 'future_gap': None, 'growth_trend': None}",0.4,"{'has_supply': True, 'has_current_demand': False, 'has_future_demand': False}"
buldhana,,machinist,Insufficient Data,Data Ingestion Required,Collect further supply and demand data for machinist in buldhana before allocating government training resources.,Confidence rating (0.4) is below the required operational threshold (0.5).,"{'supply_score': 1.88, 'current_demand_score': 50.0, 'current_gap': 48.12, 'priority_score': 48.93, 'future_demand_score': None, 'future_gap': None, 'growth_trend': None}",0.4,"{'has_supply': True, 'has_current_demand': False, 'has_future_demand': False}"
buldhana,,sheet metal worker,Insufficient Data,Data Ingestion Required,Collect further supply and demand data for sheet metal worker in buldhana before allocating government training resources.,Confidence rating (0.4) is below the required operational threshold (0.5).,"{'supply_score': 1.88, 'current_demand_score': 50.0, 'current_gap': 48.12, 'priority_score': 48.93, 'future_demand_score': None, 'future_gap': None, 'growth_trend': None}",0.4,"{'has_supply': True, 'has_current_demand': False, 'has_future_demand': False}"
chandrapur,,machinist,Insufficient Data,Data Ingestion Required,Collect further supply and demand data for machinist in chandrapur before allocating government training resources.,Confidence rating (0.4) is below the required operational threshold (0.5).,"{'supply_score': 1.88, 'current_demand_score': 50.0, 'current_gap': 48.12, 'priority_score': 48.93, 'future_demand_score': None, 'future_gap': None, 'growth_trend': None}",0.4,"{'has_supply': True, 'has_current_demand': False, 'has_future_demand': False}"
chhatrapati sambhajinagar,,fitter under dual training system,Insufficient Data,Data Ingestion Required,Collect further supply and demand data for fitter under dual training system in chhatrapati sambhajinagar before allocating government training resources.,Confidence rating (0.4) is below the required operational threshold (0.5).,"{'supply_score': 1.88, 'current_demand_score': 50.0, 'current_gap': 48.12, 'priority_score': 48.93, 'future_demand_score': None, 'future_gap': None, 'growth_trend': None}",0.4,"{'has_supply': True, 'has_current_demand': False, 'has_future_demand': False}"
chhatrapati sambhajinagar,,machinist,Insufficient Data,Data Ingestion Required,Collect further supply and demand data for machinist in chhatrapati sambhajinagar before allocating government training resources.,Confidence rating (0.4) is below the required operational threshold (0.5).,"{'supply_score': 1.88, 'current_demand_score': 50.0, 'current_gap': 48.12, 'priority_score': 48.93, 'future_demand_score': None, 'future_gap': None, 'growth_trend': None}",0.4,"{'has_supply': True, 'has_current_demand': False, 'has_future_demand': False}"
chhatrapati sambhajinagar,,turner,Insufficient Data,Data Ingestion Required,Collect further supply and demand data for turner in chhatrapati sambhajinagar before allocating government training resources.,Confidence rating (0.4) is below the required operational threshold (0.5).,"{'supply_score': 1.88, 'current_demand_score': 50.0, 'current_gap': 48.12, 'priority_score': 48.93, 'future_demand_score': None, 'future_gap': None, 'growth_trend': None}",0.4,"{'has_supply': True, 'has_current_demand': False, 'has_future_demand': False}"
dharashiv,,sheet metal worker,Insufficient Data,Data Ingestion Required,Collect further supply and demand data for sheet metal worker in dharashiv before allocating government training resources.,Confidence rating (0.4) is below the required operational threshold (0.5).,"{'supply_score': 1.88, 'current_demand_score': 50.0, 'current_gap': 48.12, 'priority_score': 48.93, 'future_demand_score': None, 'future_gap': None, 'growth_trend': None}",0.4,"{'has_supply': True, 'has_current_demand': False, 'has_future_demand': False}"
dhule,,dress making,Insufficient Data,Data Ingestion Required,Collect further supply and demand data for dress making in dhule before allocating government training resources.,Confidence rating (0.4) is below the required operational threshold (0.5).,"{'supply_score': 1.88, 'current_demand_score': 50.0, 'current_gap': 48.12, 'priority_score': 48.93, 'future_demand_score': None, 'future_gap': None, 'growth_trend': None}",0.4,"{'has_supply': True, 'has_current_demand': False, 'has_future_demand': False}"
dhule,,machinist grinder,Insufficient Data,Data Ingestion Required,Collect further supply and demand data for machinist grinder in dhule before allocating government training resources.,Confidence rating (0.4) is below the required operational threshold (0.5).,"{'supply_score': 1.88, 'current_demand_score': 50.0, 'current_gap': 48.12, 'priority_score': 48.93, 'future_demand_score': None, 'future_gap': None, 'growth_trend': None}",0.4,"{'has_supply': True, 'has_current_demand': False, 'has_future_demand': False}"
dhule,,sewing technology,Insufficient Data,Data Ingestion Required,Collect further supply and demand data for sewing technology in dhule before allocating government training resources.,Confidence rating (0.4) is below the required operational threshold (0.5).,"{'supply_score': 1.88, 'current_demand_score': 50.0, 'current_gap': 48.12, 'priority_score': 48.93, 'future_demand_score': None, 'future_gap': None, 'growth_trend': None}",0.4,"{'has_supply': True, 'has_current_demand': False, 'has_future_demand': False}"
gadchiroli,,solar technician (electrical),Insufficient Data,Data Ingestion Required,Collect further supply and demand data for solar technician (electrical) in gadchiroli before allocating government training resources.,Confidence rating (0.4) is below the required operational threshold (0.5).,"{'supply_score': 1.88, 'current_demand_score': 50.0, 'current_gap': 48.12, 'priority_score': 48.93, 'future_demand_score': None, 'future_gap': None, 'growth_trend': None}",0.4,"{'has_supply': True, 'has_current_demand': False, 'has_future_demand': False}"
gondia,,turner,Insufficient Data,Data Ingestion Required,Collect further supply and demand data for turner in gondia before allocating government training resources.,Confidence rating (0.4) is below the required operational threshold (0.5).,"{'supply_score': 1.88, 'current_demand_score': 50.0, 'current_gap': 48.12, 'priority_score': 48.93, 'future_demand_score': None, 'future_gap': None, 'growth_trend': None}",0.4,"{'has_supply': True, 'has_current_demand': False, 'has_future_demand': False}"
jalgaon,,machinist grinder,Insufficient Data,Data Ingestion Required,Collect further supply and demand data for machinist grinder in jalgaon before allocating government training resources.,Confidence rating (0.4) is below the required operational threshold (0.5).,"{'supply_score': 1.88, 'current_demand_score': 50.0, 'current_gap': 48.12, 'priority_score': 48.93, 'future_demand_score': None, 'future_gap': None, 'growth_trend': None}",0.4,"{'has_supply': True, 'has_current_demand': False, 'has_future_demand': False}"
kolhapur,,mechanic tractor,Insufficient Data,Data Ingestion Required,Collect further supply and demand data for mechanic tractor in kolhapur before allocating government training resources.,Confidence rating (0.4) is below the required operational threshold (0.5).,"{'supply_score': 1.88, 'current_demand_score': 50.0, 'current_gap': 48.12, 'priority_score': 48.93, 'future_demand_score': None, 'future_gap': None, 'growth_trend': None}",0.4,"{'has_supply': True, 'has_current_demand': False, 'has_future_demand': False}"
kolhapur,,solar technician (electrical),Insufficient Data,Data Ingestion Required,Collect further supply and demand data for solar technician (electrical) in kolhapur before allocating government training resources.,Confidence rating (0.4) is below the required operational threshold (0.5).,"{'supply_score': 1.88, 'current_demand_score': 50.0, 'current_gap': 48.12, 'priority_score': 48.93, 'future_demand_score': None, 'future_gap': None, 'growth_trend': None}",0.4,"{'has_supply': True, 'has_current_demand': False, 'has_future_demand': False}"
latur,,painter general,Insufficient Data,Data Ingestion Required,Collect further supply and demand data for painter general in latur before allocating government training resources.,Confidence rating (0.4) is below the required operational threshold (0.5).,"{'supply_score': 1.88, 'current_demand_score': 50.0, 'current_gap': 48.12, 'priority_score': 48.93, 'future_demand_score': None, 'future_gap': None, 'growth_trend': None}",0.4,"{'has_supply': True, 'has_current_demand': False, 'has_future_demand': False}"
latur,,sewing technology,Insufficient Data,Data Ingestion Required,Collect further supply and demand data for sewing technology in latur before allocating government training resources.,Confidence rating (0.4) is below the required operational threshold (0.5).,"{'supply_score': 1.88, 'current_demand_score': 50.0, 'current_gap': 48.12, 'priority_score': 48.93, 'future_demand_score': None, 'future_gap': None, 'growth_trend': None}",0.4,"{'has_supply': True, 'has_current_demand': False, 'has_future_demand': False}"
mumbai,,painter general,Insufficient Data,Data Ingestion Required,Collect further supply and demand data for painter general in mumbai before allocating government training resources.,Confidence rating (0.4) is below the required operational threshold (0.5).,"{'supply_score': 1.88, 'current_demand_score': 50.0, 'current_gap': 48.12, 'priority_score': 48.93, 'future_demand_score': None, 'future_gap': None, 'growth_trend': None}",0.4,"{'has_supply': True, 'has_current_demand': False, 'has_future_demand': False}"
mumbai,,wireman,Insufficient Data,Data Ingestion Required,Collect further supply and demand data for wireman in mumbai before allocating government training resources.,Confidence rating (0.4) is below the required operational threshold (0.5).,"{'supply_score': 1.88, 'current_demand_score': 50.0, 'current_gap': 48.12, 'priority_score': 48.93, 'future_demand_score': None, 'future_gap': None, 'growth_trend': None}",0.4,"{'has_supply': True, 'has_current_demand': False, 'has_future_demand': False}"
mumbai suburban,,food and beverages services assistant,Insufficient Data,Data Ingestion Required,Collect further supply and demand data for food and beverages services assistant in mumbai suburban before allocating government training resources.,Confidence rating (0.4) is below the required operational threshold (0.5).,"{'supply_score': 1.88, 'current_demand_score': 50.0, 'current_gap': 48.12, 'priority_score': 48.93, 'future_demand_score': None, 'future_gap': None, 'growth_trend': None}",0.4,"{'has_supply': True, 'has_current_demand': False, 'has_future_demand': False}"
nanded,,electrician under dual system training,Insufficient Data,Data Ingestion Required,Collect further supply and demand data for electrician under dual system training in nanded before allocating government training resources.,Confidence rating (0.4) is below the required operational threshold (0.5).,"{'supply_score': 1.88, 'current_demand_score': 50.0, 'current_gap': 48.12, 'priority_score': 48.93, 'future_demand_score': None, 'future_gap': None, 'growth_trend': None}",0.4,"{'has_supply': True, 'has_current_demand': False, 'has_future_demand': False}"
nanded,,fashion design and technology,Insufficient Data,Data Ingestion Required,Collect further supply and demand data for fashion design and technology in nanded before allocating government training resources.,Confidence rating (0.4) is below the required operational threshold (0.5).,"{'supply_score': 1.88, 'current_demand_score': 50.0, 'current_gap': 48.12, 'priority_score': 48.93, 'future_demand_score': None, 'future_gap': None, 'growth_trend': None}",0.4,"{'has_supply': True, 'has_current_demand': False, 'has_future_demand': False}"
nanded,,fitter under dual training system,Insufficient Data,Data Ingestion Required,Collect further supply and demand data for fitter under dual training system in nanded before allocating government training resources.,Confidence rating (0.4) is below the required operational threshold (0.5).,"{'supply_score': 1.88, 'current_demand_score': 50.0, 'current_gap': 48.12, 'priority_score': 48.93, 'future_demand_score': None, 'future_gap': None, 'growth_trend': None}",0.4,"{'has_supply': True, 'has_current_demand': False, 'has_future_demand': False}"
nanded,,mechanic tractor,Insufficient Data,Data Ingestion Required,Collect further supply and demand data for mechanic tractor in nanded before allocating government training resources.,Confidence rating (0.4) is below the required operational threshold (0.5).,"{'supply_score': 1.88, 'current_demand_score': 50.0, 'current_gap': 48.12, 'priority_score': 48.93, 'future_demand_score': None, 'future_gap': None, 'growth_trend': None}",0.4,"{'has_supply': True, 'has_current_demand': False, 'has_future_demand': False}"
nanded,,turner,Insufficient Data,Data Ingestion Required,Collect further supply and demand data for turner in nanded before allocating government training resources.,Confidence rating (0.4) is below the required operational threshold (0.5).,"{'supply_score': 1.88, 'current_demand_score': 50.0, 'current_gap': 48.12, 'priority_score': 48.93, 'future_demand_score': None, 'future_gap': None, 'growth_trend': None}",0.4,"{'has_supply': True, 'has_current_demand': False, 'has_future_demand': False}"
nandurbar,,fashion design and technology,Insufficient Data,Data Ingestion Required,Collect further supply and demand data for fashion design and technology in nandurbar before allocating government training resources.,Confidence rating (0.4) is below the required operational threshold (0.5).,"{'supply_score': 1.88, 'current_demand_score': 50.0, 'current_gap': 48.12, 'priority_score': 48.93, 'future_demand_score': None, 'future_gap': None, 'growth_trend': None}",0.4,"{'has_supply': True, 'has_current_demand': False, 'has_future_demand': False}"
nandurbar,,solar technician (electrical),Insufficient Data,Data Ingestion Required,Collect further supply and demand data for solar technician (electrical) in nandurbar before allocating government training resources.,Confidence rating (0.4) is below the required operational threshold (0.5).,"{'supply_score': 1.88, 'current_demand_score': 50.0, 'current_gap': 48.12, 'priority_score': 48.93, 'future_demand_score': None, 'future_gap': None, 'growth_trend': None}",0.4,"{'has_supply': True, 'has_current_demand': False, 'has_future_demand': False}"
nandurbar,,turner,Insufficient Data,Data Ingestion Required,Collect further supply and demand data for turner in nandurbar before allocating government training resources.,Confidence rating (0.4) is below the required operational threshold (0.5).,"{'supply_score': 1.88, 'current_demand_score': 50.0, 'current_gap': 48.12, 'priority_score': 48.93, 'future_demand_score': None, 'future_gap': None, 'growth_trend': None}",0.4,"{'has_supply': True, 'has_current_demand': False, 'has_future_demand': False}"
nashik,,draughtsman mechanical,Insufficient Data,Data Ingestion Required,Collect further supply and demand data for draughtsman mechanical in nashik before allocating government training resources.,Confidence rating (0.4) is below the required operational threshold (0.5).,"{'supply_score': 1.88, 'current_demand_score': 50.0, 'current_gap': 48.12, 'priority_score': 48.93, 'future_demand_score': None, 'future_gap': None, 'growth_trend': None}",0.4,"{'has_supply': True, 'has_current_demand': False, 'has_future_demand': False}"
nashik,,machinist grinder,Insufficient Data,Data Ingestion Required,Collect further supply and demand data for machinist grinder in nashik before allocating government training resources.,Confidence rating (0.4) is below the required operational threshold (0.5).,"{'supply_score': 1.88, 'current_demand_score': 50.0, 'current_gap': 48.12, 'priority_score': 48.93, 'future_demand_score': None, 'future_gap': None, 'growth_trend': None}",0.4,"{'has_supply': True, 'has_current_demand': False, 'has_future_demand': False}"
nashik,,pump operator cum mechanic,Insufficient Data,Data Ingestion Required,Collect further supply and demand data for pump operator cum mechanic in nashik before allocating government training resources.,Confidence rating (0.4) is below the required operational threshold (0.5).,"{'supply_score': 1.88, 'current_demand_score': 50.0, 'current_gap': 48.12, 'priority_score': 48.93, 'future_demand_score': None, 'future_gap': None, 'growth_trend': None}",0.4,"{'has_supply': True, 'has_current_demand': False, 'has_future_demand': False}"
pune,,mechanic auto electrical and electronics,Insufficient Data,Data Ingestion Required,Collect further supply and demand data for mechanic auto electrical and electronics in pune before allocating government training resources.,Confidence rating (0.4) is below the required operational threshold (0.5).,"{'supply_score': 1.88, 'current_demand_score': 50.0, 'current_gap': 48.12, 'priority_score': 48.93, 'future_demand_score': None, 'future_gap': None, 'growth_trend': None}",0.4,"{'has_supply': True, 'has_current_demand': False, 'has_future_demand': False}"
pune,,welder (gmaw and gtaw),Insufficient Data,Data Ingestion Required,Collect further supply and demand data for welder (gmaw and gtaw) in pune before allocating government training resources.,Confidence rating (0.4) is below the required operational threshold (0.5).,"{'supply_score': 1.88, 'current_demand_score': 50.0, 'current_gap': 48.12, 'priority_score': 48.93, 'future_demand_score': None, 'future_gap': None, 'growth_trend': None}",0.4,"{'has_supply': True, 'has_current_demand': False, 'has_future_demand': False}"
raigad,,draughtsman mechanical,Insufficient Data,Data Ingestion Required,Collect further supply and demand data for draughtsman mechanical in raigad before allocating government training resources.,Confidence rating (0.4) is below the required operational threshold (0.5).,"{'supply_score': 1.88, 'current_demand_score': 50.0, 'current_gap': 48.12, 'priority_score': 48.93, 'future_demand_score': None, 'future_gap': None, 'growth_trend': None}",0.4,"{'has_supply': True, 'has_current_demand': False, 'has_future_demand': False}"
ratnagiri,,turner,Insufficient Data,Data Ingestion Required,Collect further supply and demand data for turner in ratnagiri before allocating government training resources.,Confidence rating (0.4) is below the required operational threshold (0.5).,"{'supply_score': 1.88, 'current_demand_score': 50.0, 'current_gap': 48.12, 'priority_score': 48.93, 'future_demand_score': None, 'future_gap': None, 'growth_trend': None}",0.4,"{'has_supply': True, 'has_current_demand': False, 'has_future_demand': False}"
sangli,,machinist grinder,Insufficient Data,Data Ingestion Required,Collect further supply and demand data for machinist grinder in sangli before allocating government training resources.,Confidence rating (0.4) is below the required operational threshold (0.5).,"{'supply_score': 1.88, 'current_demand_score': 50.0, 'current_gap': 48.12, 'priority_score': 48.93, 'future_demand_score': None, 'future_gap': None, 'growth_trend': None}",0.4,"{'has_supply': True, 'has_current_demand': False, 'has_future_demand': False}"
sangli,,sheet metal worker,Insufficient Data,Data Ingestion Required,Collect further supply and demand data for sheet metal worker in sangli before allocating government training resources.,Confidence rating (0.4) is below the required operational threshold (0.5).,"{'supply_score': 1.88, 'current_demand_score': 50.0, 'current_gap': 48.12, 'priority_score': 48.93, 'future_demand_score': None, 'future_gap': None, 'growth_trend': None}",0.4,"{'has_supply': True, 'has_current_demand': False, 'has_future_demand': False}"
sangli,,welder (gmaw and gtaw),Insufficient Data,Data Ingestion Required,Collect further supply and demand data for welder (gmaw and gtaw) in sangli before allocating government training resources.,Confidence rating (0.4) is below the required operational threshold (0.5).,"{'supply_score': 1.88, 'current_demand_score': 50.0, 'current_gap': 48.12, 'priority_score': 48.93, 'future_demand_score': None, 'future_gap': None, 'growth_trend': None}",0.4,"{'has_supply': True, 'has_current_demand': False, 'has_future_demand': False}"
satara,,sewing technology,Insufficient Data,Data Ingestion Required,Collect further supply and demand data for sewing technology in satara before allocating government training resources.,Confidence rating (0.4) is below the required operational threshold (0.5).,"{'supply_score': 1.88, 'current_demand_score': 50.0, 'current_gap': 48.12, 'priority_score': 48.93, 'future_demand_score': None, 'future_gap': None, 'growth_trend': None}",0.4,"{'has_supply': True, 'has_current_demand': False, 'has_future_demand': False}"
satara,,sheet metal worker,Insufficient Data,Data Ingestion Required,Collect further supply and demand data for sheet metal worker in satara before allocating government training resources.,Confidence rating (0.4) is below the required operational threshold (0.5).,"{'supply_score': 1.88, 'current_demand_score': 50.0, 'current_gap': 48.12, 'priority_score': 48.93, 'future_demand_score': None, 'future_gap': None, 'growth_trend': None}",0.4,"{'has_supply': True, 'has_current_demand': False, 'has_future_demand': False}"
sindhudurg,,dress making,Insufficient Data,Data Ingestion Required,Collect further supply and demand data for dress making in sindhudurg before allocating government training resources.,Confidence rating (0.4) is below the required operational threshold (0.5).,"{'supply_score': 1.88, 'current_demand_score': 50.0, 'current_gap': 48.12, 'priority_score': 48.93, 'future_demand_score': None, 'future_gap': None, 'growth_trend': None}",0.4,"{'has_supply': True, 'has_current_demand': False, 'has_future_demand': False}"
sindhudurg,,fitter,Insufficient Data,Data Ingestion Required,Collect further supply and demand data for fitter in sindhudurg before allocating government training resources.,Confidence rating (0.4) is below the required operational threshold (0.5).,"{'supply_score': 1.88, 'current_demand_score': 50.0, 'current_gap': 48.12, 'priority_score': 48.93, 'future_demand_score': None, 'future_gap': None, 'growth_trend': None}",0.4,"{'has_supply': True, 'has_current_demand': False, 'has_future_demand': False}"
solapur,,electrician under dual system training,Insufficient Data,Data Ingestion Required,Collect further supply and demand data for electrician under dual system training in solapur before allocating government training resources.,Confidence rating (0.4) is below the required operational threshold (0.5).,"{'supply_score': 1.88, 'current_demand_score': 50.0, 'current_gap': 48.12, 'priority_score': 48.93, 'future_demand_score': None, 'future_gap': None, 'growth_trend': None}",0.4,"{'has_supply': True, 'has_current_demand': False, 'has_future_demand': False}"
solapur,,sheet metal worker,Insufficient Data,Data Ingestion Required,Collect further supply and demand data for sheet metal worker in solapur before allocating government training resources.,Confidence rating (0.4) is below the required operational threshold (0.5).,"{'supply_score': 1.88, 'current_demand_score': 50.0, 'current_gap': 48.12, 'priority_score': 48.93, 'future_demand_score': None, 'future_gap': None, 'growth_trend': None}",0.4,"{'has_supply': True, 'has_current_demand': False, 'has_future_demand': False}"
solapur,,solar technician (electrical),Insufficient Data,Data Ingestion Required,Collect further supply and demand data for solar technician (electrical) in solapur before allocating government training resources.,Confidence rating (0.4) is below the required operational threshold (0.5).,"{'supply_score': 1.88, 'current_demand_score': 50.0, 'current_gap': 48.12, 'priority_score': 48.93, 'future_demand_score': None, 'future_gap': None, 'growth_trend': None}",0.4,"{'has_supply': True, 'has_current_demand': False, 'has_future_demand': False}"
thane,,wireman,Insufficient Data,Data Ingestion Required,Collect further supply and demand data for wireman in thane before allocating government training resources.,Confidence rating (0.4) is below the required operational threshold (0.5).,"{'supply_score': 1.88, 'current_demand_score': 50.0, 'current_gap': 48.12, 'priority_score': 48.93, 'future_demand_score': None, 'future_gap': None, 'growth_trend': None}",0.4,"{'has_supply': True, 'has_current_demand': False, 'has_future_demand': False}"
wardha,,dress making,Insufficient Data,Data Ingestion Required,Collect further supply and demand data for dress making in wardha before allocating government training resources.,Confidence rating (0.4) is below the required operational threshold (0.5).,"{'supply_score': 1.88, 'current_demand_score': 50.0, 'current_gap': 48.12, 'priority_score': 48.93, 'future_demand_score': None, 'future_gap': None, 'growth_trend': None}",0.4,"{'has_supply': True, 'has_current_demand': False, 'has_future_demand': False}"
yavatmal,,fashion design and technology,Insufficient Data,Data Ingestion Required,Collect further supply and demand data for fashion design and technology in yavatmal before allocating government training resources.,Confidence rating (0.4) is below the required operational threshold (0.5).,"{'supply_score': 1.88, 'current_demand_score': 50.0, 'current_gap': 48.12, 'priority_score': 48.93, 'future_demand_score': None, 'future_gap': None, 'growth_trend': None}",0.4,"{'has_supply': True, 'has_current_demand': False, 'has_future_demand': False}"
yavatmal,,mechanic auto electrical and electronics,Insufficient Data,Data Ingestion Required,Collect further supply and demand data for mechanic auto electrical and electronics in yavatmal before allocating government training resources.,Confidence rating (0.4) is below the required operational threshold (0.5).,"{'supply_score': 1.88, 'current_demand_score': 50.0, 'current_gap': 48.12, 'priority_score': 48.93, 'future_demand_score': None, 'future_gap': None, 'growth_trend': None}",0.4,"{'has_supply': True, 'has_current_demand': False, 'has_future_demand': False}"
yavatmal,,pump operator cum mechanic,Insufficient Data,Data Ingestion Required,Collect further supply and demand data for pump operator cum mechanic in yavatmal before allocating government training resources.,Confidence rating (0.4) is below the required operational threshold (0.5).,"{'supply_score': 1.88, 'current_demand_score': 50.0, 'current_gap': 48.12, 'priority_score': 48.93, 'future_demand_score': None, 'future_gap': None, 'growth_trend': None}",0.4,"{'has_supply': True, 'has_current_demand': False, 'has_future_demand': False}"
akola,,electronics mechanic,Insufficient Data,Data Ingestion Required,Collect further supply and demand data for electronics mechanic in akola before allocating government training resources.,Confidence rating (0.4) is below the required operational threshold (0.5).,"{'supply_score': 2.39, 'current_demand_score': 50.0, 'current_gap': 47.61, 'priority_score': 48.63, 'future_demand_score': None, 'future_gap': None, 'growth_trend': None}",0.4,"{'has_supply': True, 'has_current_demand': False, 'has_future_demand': False}"
akola,,plumber,Insufficient Data,Data Ingestion Required,Collect further supply and demand data for plumber in akola before allocating government training resources.,Confidence rating (0.4) is below the required operational threshold (0.5).,"{'supply_score': 2.39, 'current_demand_score': 50.0, 'current_gap': 47.61, 'priority_score': 48.63, 'future_demand_score': None, 'future_gap': None, 'growth_trend': None}",0.4,"{'has_supply': True, 'has_current_demand': False, 'has_future_demand': False}"
amravati,,mechanic electric vehicle,Insufficient Data,Data Ingestion Required,Collect further supply and demand data for mechanic electric vehicle in amravati before allocating government training resources.,Confidence rating (0.4) is below the required operational threshold (0.5).,"{'supply_score': 2.39, 'current_demand_score': 50.0, 'current_gap': 47.61, 'priority_score': 48.63, 'future_demand_score': None, 'future_gap': None, 'growth_trend': None}",0.4,"{'has_supply': True, 'has_current_demand': False, 'has_future_demand': False}"
amravati,,plumber,Insufficient Data,Data Ingestion Required,Collect further supply and demand data for plumber in amravati before allocating government training resources.,Confidence rating (0.4) is below the required operational threshold (0.5).,"{'supply_score': 2.39, 'current_demand_score': 50.0, 'current_gap': 47.61, 'priority_score': 48.63, 'future_demand_score': None, 'future_gap': None, 'growth_trend': None}",0.4,"{'has_supply': True, 'has_current_demand': False, 'has_future_demand': False}"
amravati,,wood work technician,Insufficient Data,Data Ingestion Required,Collect further supply and demand data for wood work technician in amravati before allocating government training resources.,Confidence rating (0.4) is below the required operational threshold (0.5).,"{'supply_score': 2.39, 'current_demand_score': 50.0, 'current_gap': 47.61, 'priority_score': 48.63, 'future_demand_score': None, 'future_gap': None, 'growth_trend': None}",0.4,"{'has_supply': True, 'has_current_demand': False, 'has_future_demand': False}"
beed,,electronics mechanic,Insufficient Data,Data Ingestion Required,Collect further supply and demand data for electronics mechanic in beed before allocating government training resources.,Confidence rating (0.4) is below the required operational threshold (0.5).,"{'supply_score': 2.39, 'current_demand_score': 50.0, 'current_gap': 47.61, 'priority_score': 48.63, 'future_demand_score': None, 'future_gap': None, 'growth_trend': None}",0.4,"{'has_supply': True, 'has_current_demand': False, 'has_future_demand': False}"
beed,,mechanic motor vehicle,Insufficient Data,Data Ingestion Required,Collect further supply and demand data for mechanic motor vehicle in beed before allocating government training resources.,Confidence rating (0.4) is below the required operational threshold (0.5).,"{'supply_score': 2.39, 'current_demand_score': 50.0, 'current_gap': 47.61, 'priority_score': 48.63, 'future_demand_score': None, 'future_gap': None, 'growth_trend': None}",0.4,"{'has_supply': True, 'has_current_demand': False, 'has_future_demand': False}"
beed,,plumber,Insufficient Data,Data Ingestion Required,Collect further supply and demand data for plumber in beed before allocating government training resources.,Confidence rating (0.4) is below the required operational threshold (0.5).,"{'supply_score': 2.39, 'current_demand_score': 50.0, 'current_gap': 47.61, 'priority_score': 48.63, 'future_demand_score': None, 'future_gap': None, 'growth_trend': None}",0.4,"{'has_supply': True, 'has_current_demand': False, 'has_future_demand': False}"
bhandara,,information and communication technology system maintenance,Insufficient Data,Data Ingestion Required,Collect further supply and demand data for information and communication technology system maintenance in bhandara before allocating government training resources.,Confidence rating (0.4) is below the required operational threshold (0.5).,"{'supply_score': 2.39, 'current_demand_score': 50.0, 'current_gap': 47.61, 'priority_score': 48.63, 'future_demand_score': None, 'future_gap': None, 'growth_trend': None}",0.4,"{'has_supply': True, 'has_current_demand': False, 'has_future_demand': False}"
bhandara,,mechanic motor vehicle,Insufficient Data,Data Ingestion Required,Collect further supply and demand data for mechanic motor vehicle in bhandara before allocating government training resources.,Confidence rating (0.4) is below the required operational threshold (0.5).,"{'supply_score': 2.39, 'current_demand_score': 50.0, 'current_gap': 47.61, 'priority_score': 48.63, 'future_demand_score': None, 'future_gap': None, 'growth_trend': None}",0.4,"{'has_supply': True, 'has_current_demand': False, 'has_future_demand': False}"
buldhana,,electronics mechanic,Insufficient Data,Data Ingestion Required,Collect further supply and demand data for electronics mechanic in buldhana before allocating government training resources.,Confidence rating (0.4) is below the required operational threshold (0.5).,"{'supply_score': 2.39, 'current_demand_score': 50.0, 'current_gap': 47.61, 'priority_score': 48.63, 'future_demand_score': None, 'future_gap': None, 'growth_trend': None}",0.4,"{'has_supply': True, 'has_current_demand': False, 'has_future_demand': False}"
buldhana,,refrigeration and air conditioner technician,Insufficient Data,Data Ingestion Required,Collect further supply and demand data for refrigeration and air conditioner technician in buldhana before allocating government training resources.,Confidence rating (0.4) is below the required operational threshold (0.5).,"{'supply_score': 2.39, 'current_demand_score': 50.0, 'current_gap': 47.61, 'priority_score': 48.63, 'future_demand_score': None, 'future_gap': None, 'growth_trend': None}",0.4,"{'has_supply': True, 'has_current_demand': False, 'has_future_demand': False}"
chhatrapati sambhajinagar,,plumber,Insufficient Data,Data Ingestion Required,Collect further supply and demand data for plumber in chhatrapati sambhajinagar before allocating government training resources.,Confidence rating (0.4) is below the required operational threshold (0.5).,"{'supply_score': 2.39, 'current_demand_score': 50.0, 'current_gap': 47.61, 'priority_score': 48.63, 'future_demand_score': None, 'future_gap': None, 'growth_trend': None}",0.4,"{'has_supply': True, 'has_current_demand': False, 'has_future_demand': False}"
chhatrapati sambhajinagar,,"tool and die maker (press tools, jigs and fixtures)",Insufficient Data,Data Ingestion Required,"Collect further supply and demand data for tool and die maker (press tools, jigs and fixtures) in chhatrapati sambhajinagar before allocating government training resources.",Confidence rating (0.4) is below the required operational threshold (0.5).,"{'supply_score': 2.39, 'current_demand_score': 50.0, 'current_gap': 47.61, 'priority_score': 48.63, 'future_demand_score': None, 'future_gap': None, 'growth_trend': None}",0.4,"{'has_supply': True, 'has_current_demand': False, 'has_future_demand': False}"
dharashiv,,mechanic motor vehicle,Insufficient Data,Data Ingestion Required,Collect further supply and demand data for mechanic motor vehicle in dharashiv before allocating government training resources.,Confidence rating (0.4) is below the required operational threshold (0.5).,"{'supply_score': 2.39, 'current_demand_score': 50.0, 'current_gap': 47.61, 'priority_score': 48.63, 'future_demand_score': None, 'future_gap': None, 'growth_trend': None}",0.4,"{'has_supply': True, 'has_current_demand': False, 'has_future_demand': False}"
dhule,,electronics mechanic,Insufficient Data,Data Ingestion Required,Collect further supply and demand data for electronics mechanic in dhule before allocating government training resources.,Confidence rating (0.4) is below the required operational threshold (0.5).,"{'supply_score': 2.39, 'current_demand_score': 50.0, 'current_gap': 47.61, 'priority_score': 48.63, 'future_demand_score': None, 'future_gap': None, 'growth_trend': None}",0.4,"{'has_supply': True, 'has_current_demand': False, 'has_future_demand': False}"
dhule,,health sanitary inspector,Insufficient Data,Data Ingestion Required,Collect further supply and demand data for health sanitary inspector in dhule before allocating government training resources.,Confidence rating (0.4) is below the required operational threshold (0.5).,"{'supply_score': 2.39, 'current_demand_score': 50.0, 'current_gap': 47.61, 'priority_score': 48.63, 'future_demand_score': None, 'future_gap': None, 'growth_trend': None}",0.4,"{'has_supply': True, 'has_current_demand': False, 'has_future_demand': False}"
gadchiroli,,information and communication technology system maintenance,Insufficient Data,Data Ingestion Required,Collect further supply and demand data for information and communication technology system maintenance in gadchiroli before allocating government training resources.,Confidence rating (0.4) is below the required operational threshold (0.5).,"{'supply_score': 2.39, 'current_demand_score': 50.0, 'current_gap': 47.61, 'priority_score': 48.63, 'future_demand_score': None, 'future_gap': None, 'growth_trend': None}",0.4,"{'has_supply': True, 'has_current_demand': False, 'has_future_demand': False}"
gadchiroli,,plumber,Insufficient Data,Data Ingestion Required,Collect further supply and demand data for plumber in gadchiroli before allocating government training resources.,Confidence rating (0.4) is below the required operational threshold (0.5).,"{'supply_score': 2.39, 'current_demand_score': 50.0, 'current_gap': 47.61, 'priority_score': 48.63, 'future_demand_score': None, 'future_gap': None, 'growth_trend': None}",0.4,"{'has_supply': True, 'has_current_demand': False, 'has_future_demand': False}"
gadchiroli,,wood work technician,Insufficient Data,Data Ingestion Required,Collect further supply and demand data for wood work technician in gadchiroli before allocating government training resources.,Confidence rating (0.4) is below the required operational threshold (0.5).,"{'supply_score': 2.39, 'current_demand_score': 50.0, 'current_gap': 47.61, 'priority_score': 48.63, 'future_demand_score': None, 'future_gap': None, 'growth_trend': None}",0.4,"{'has_supply': True, 'has_current_demand': False, 'has_future_demand': False}"
hingoli,,cosmetology,Insufficient Data,Data Ingestion Required,Collect further supply and demand data for cosmetology in hingoli before allocating government training resources.,Confidence rating (0.4) is below the required operational threshold (0.5).,"{'supply_score': 2.39, 'current_demand_score': 50.0, 'current_gap': 47.61, 'priority_score': 48.63, 'future_demand_score': None, 'future_gap': None, 'growth_trend': None}",0.4,"{'has_supply': True, 'has_current_demand': False, 'has_future_demand': False}"
jalgaon,,wood work technician,Insufficient Data,Data Ingestion Required,Collect further supply and demand data for wood work technician in jalgaon before allocating government training resources.,Confidence rating (0.4) is below the required operational threshold (0.5).,"{'supply_score': 2.39, 'current_demand_score': 50.0, 'current_gap': 47.61, 'priority_score': 48.63, 'future_demand_score': None, 'future_gap': None, 'growth_trend': None}",0.4,"{'has_supply': True, 'has_current_demand': False, 'has_future_demand': False}"
jalna,,draughtsman civil,Insufficient Data,Data Ingestion Required,Collect further supply and demand data for draughtsman civil in jalna before allocating government training resources.,Confidence rating (0.4) is below the required operational threshold (0.5).,"{'supply_score': 2.39, 'current_demand_score': 50.0, 'current_gap': 47.61, 'priority_score': 48.63, 'future_demand_score': None, 'future_gap': None, 'growth_trend': None}",0.4,"{'has_supply': True, 'has_current_demand': False, 'has_future_demand': False}"
jalna,,mechanic diesel under dual system training,Insufficient Data,Data Ingestion Required,Collect further supply and demand data for mechanic diesel under dual system training in jalna before allocating government training resources.,Confidence rating (0.4) is below the required operational threshold (0.5).,"{'supply_score': 2.39, 'current_demand_score': 50.0, 'current_gap': 47.61, 'priority_score': 48.63, 'future_demand_score': None, 'future_gap': None, 'growth_trend': None}",0.4,"{'has_supply': True, 'has_current_demand': False, 'has_future_demand': False}"
kolhapur,,plumber,Insufficient Data,Data Ingestion Required,Collect further supply and demand data for plumber in kolhapur before allocating government training resources.,Confidence rating (0.4) is below the required operational threshold (0.5).,"{'supply_score': 2.39, 'current_demand_score': 50.0, 'current_gap': 47.61, 'priority_score': 48.63, 'future_demand_score': None, 'future_gap': None, 'growth_trend': None}",0.4,"{'has_supply': True, 'has_current_demand': False, 'has_future_demand': False}"
mumbai,,cosmetology,Insufficient Data,Data Ingestion Required,Collect further supply and demand data for cosmetology in mumbai before allocating government training resources.,Confidence rating (0.4) is below the required operational threshold (0.5).,"{'supply_score': 2.39, 'current_demand_score': 50.0, 'current_gap': 47.61, 'priority_score': 48.63, 'future_demand_score': None, 'future_gap': None, 'growth_trend': None}",0.4,"{'has_supply': True, 'has_current_demand': False, 'has_future_demand': False}"
mumbai,,desktop publishing operator,Insufficient Data,Data Ingestion Required,Collect further supply and demand data for desktop publishing operator in mumbai before allocating government training resources.,Confidence rating (0.4) is below the required operational threshold (0.5).,"{'supply_score': 2.39, 'current_demand_score': 50.0, 'current_gap': 47.61, 'priority_score': 48.63, 'future_demand_score': None, 'future_gap': None, 'growth_trend': None}",0.4,"{'has_supply': True, 'has_current_demand': False, 'has_future_demand': False}"
mumbai,,draughtsman civil,Insufficient Data,Data Ingestion Required,Collect further supply and demand data for draughtsman civil in mumbai before allocating government training resources.,Confidence rating (0.4) is below the required operational threshold (0.5).,"{'supply_score': 2.39, 'current_demand_score': 50.0, 'current_gap': 47.61, 'priority_score': 48.63, 'future_demand_score': None, 'future_gap': None, 'growth_trend': None}",0.4,"{'has_supply': True, 'has_current_demand': False, 'has_future_demand': False}"
mumbai,,plumber,Insufficient Data,Data Ingestion Required,Collect further supply and demand data for plumber in mumbai before allocating government training resources.,Confidence rating (0.4) is below the required operational threshold (0.5).,"{'supply_score': 2.39, 'current_demand_score': 50.0, 'current_gap': 47.61, 'priority_score': 48.63, 'future_demand_score': None, 'future_gap': None, 'growth_trend': None}",0.4,"{'has_supply': True, 'has_current_demand': False, 'has_future_demand': False}"
mumbai,,refrigeration and air conditioner technician,Insufficient Data,Data Ingestion Required,Collect further supply and demand data for refrigeration and air conditioner technician in mumbai before allocating government training resources.,Confidence rating (0.4) is below the required operational threshold (0.5).,"{'supply_score': 2.39, 'current_demand_score': 50.0, 'current_gap': 47.61, 'priority_score': 48.63, 'future_demand_score': None, 'future_gap': None, 'growth_trend': None}",0.4,"{'has_supply': True, 'has_current_demand': False, 'has_future_demand': False}"
mumbai,,wood work technician,Insufficient Data,Data Ingestion Required,Collect further supply and demand data for wood work technician in mumbai before allocating government training resources.,Confidence rating (0.4) is below the required operational threshold (0.5).,"{'supply_score': 2.39, 'current_demand_score': 50.0, 'current_gap': 47.61, 'priority_score': 48.63, 'future_demand_score': None, 'future_gap': None, 'growth_trend': None}",0.4,"{'has_supply': True, 'has_current_demand': False, 'has_future_demand': False}"
mumbai suburban,,computer operator and programming assistant,Insufficient Data,Data Ingestion Required,Collect further supply and demand data for computer operator and programming assistant in mumbai suburban before allocating government training resources.,Confidence rating (0.4) is below the required operational threshold (0.5).,"{'supply_score': 2.39, 'current_demand_score': 50.0, 'current_gap': 47.61, 'priority_score': 48.63, 'future_demand_score': None, 'future_gap': None, 'growth_trend': None}",0.4,"{'has_supply': True, 'has_current_demand': False, 'has_future_demand': False}"
mumbai suburban,,electronics mechanic under dual training system,Insufficient Data,Data Ingestion Required,Collect further supply and demand data for electronics mechanic under dual training system in mumbai suburban before allocating government training resources.,Confidence rating (0.4) is below the required operational threshold (0.5).,"{'supply_score': 2.39, 'current_demand_score': 50.0, 'current_gap': 47.61, 'priority_score': 48.63, 'future_demand_score': None, 'future_gap': None, 'growth_trend': None}",0.4,"{'has_supply': True, 'has_current_demand': False, 'has_future_demand': False}"
mumbai suburban,,refrigeration and air conditioner technician under dual training system,Insufficient Data,Data Ingestion Required,Collect further supply and demand data for refrigeration and air conditioner technician under dual training system in mumbai suburban before allocating government training resources.,Confidence rating (0.4) is below the required operational threshold (0.5).,"{'supply_score': 2.39, 'current_demand_score': 50.0, 'current_gap': 47.61, 'priority_score': 48.63, 'future_demand_score': None, 'future_gap': None, 'growth_trend': None}",0.4,"{'has_supply': True, 'has_current_demand': False, 'has_future_demand': False}"
nagpur,,fruit and vegetable processing,Insufficient Data,Data Ingestion Required,Collect further supply and demand data for fruit and vegetable processing in nagpur before allocating government training resources.,Confidence rating (0.4) is below the required operational threshold (0.5).,"{'supply_score': 2.39, 'current_demand_score': 50.0, 'current_gap': 47.61, 'priority_score': 48.63, 'future_demand_score': None, 'future_gap': None, 'growth_trend': None}",0.4,"{'has_supply': True, 'has_current_demand': False, 'has_future_demand': False}"
nagpur,,mechanic diesel under dual system training,Insufficient Data,Data Ingestion Required,Collect further supply and demand data for mechanic diesel under dual system training in nagpur before allocating government training resources.,Confidence rating (0.4) is below the required operational threshold (0.5).,"{'supply_score': 2.39, 'current_demand_score': 50.0, 'current_gap': 47.61, 'priority_score': 48.63, 'future_demand_score': None, 'future_gap': None, 'growth_trend': None}",0.4,"{'has_supply': True, 'has_current_demand': False, 'has_future_demand': False}"
nagpur,,stenographer secretarial assistant (english),Insufficient Data,Data Ingestion Required,Collect further supply and demand data for stenographer secretarial assistant (english) in nagpur before allocating government training resources.,Confidence rating (0.4) is below the required operational threshold (0.5).,"{'supply_score': 2.39, 'current_demand_score': 50.0, 'current_gap': 47.61, 'priority_score': 48.63, 'future_demand_score': None, 'future_gap': None, 'growth_trend': None}",0.4,"{'has_supply': True, 'has_current_demand': False, 'has_future_demand': False}"
nagpur,,surveyor,Insufficient Data,Data Ingestion Required,Collect further supply and demand data for surveyor in nagpur before allocating government training resources.,Confidence rating (0.4) is below the required operational threshold (0.5).,"{'supply_score': 2.39, 'current_demand_score': 50.0, 'current_gap': 47.61, 'priority_score': 48.63, 'future_demand_score': None, 'future_gap': None, 'growth_trend': None}",0.4,"{'has_supply': True, 'has_current_demand': False, 'has_future_demand': False}"
nagpur,,wood work technician,Insufficient Data,Data Ingestion Required,Collect further supply and demand data for wood work technician in nagpur before allocating government training resources.,Confidence rating (0.4) is below the required operational threshold (0.5).,"{'supply_score': 2.39, 'current_demand_score': 50.0, 'current_gap': 47.61, 'priority_score': 48.63, 'future_demand_score': None, 'future_gap': None, 'growth_trend': None}",0.4,"{'has_supply': True, 'has_current_demand': False, 'has_future_demand': False}"
nanded,,mason (building constructor),Insufficient Data,Data Ingestion Required,Collect further supply and demand data for mason (building constructor) in nanded before allocating government training resources.,Confidence rating (0.4) is below the required operational threshold (0.5).,"{'supply_score': 2.39, 'current_demand_score': 50.0, 'current_gap': 47.61, 'priority_score': 48.63, 'future_demand_score': None, 'future_gap': None, 'growth_trend': None}",0.4,"{'has_supply': True, 'has_current_demand': False, 'has_future_demand': False}"
nanded,,refrigeration and air conditioner technician,Insufficient Data,Data Ingestion Required,Collect further supply and demand data for refrigeration and air conditioner technician in nanded before allocating government training resources.,Confidence rating (0.4) is below the required operational threshold (0.5).,"{'supply_score': 2.39, 'current_demand_score': 50.0, 'current_gap': 47.61, 'priority_score': 48.63, 'future_demand_score': None, 'future_gap': None, 'growth_trend': None}",0.4,"{'has_supply': True, 'has_current_demand': False, 'has_future_demand': False}"
nashik,,draughtsman civil,Insufficient Data,Data Ingestion Required,Collect further supply and demand data for draughtsman civil in nashik before allocating government training resources.,Confidence rating (0.4) is below the required operational threshold (0.5).,"{'supply_score': 2.39, 'current_demand_score': 50.0, 'current_gap': 47.61, 'priority_score': 48.63, 'future_demand_score': None, 'future_gap': None, 'growth_trend': None}",0.4,"{'has_supply': True, 'has_current_demand': False, 'has_future_demand': False}"
nashik,,"tool and die maker (press tools, jigs and fixtures)",Insufficient Data,Data Ingestion Required,"Collect further supply and demand data for tool and die maker (press tools, jigs and fixtures) in nashik before allocating government training resources.",Confidence rating (0.4) is below the required operational threshold (0.5).,"{'supply_score': 2.39, 'current_demand_score': 50.0, 'current_gap': 47.61, 'priority_score': 48.63, 'future_demand_score': None, 'future_gap': None, 'growth_trend': None}",0.4,"{'has_supply': True, 'has_current_demand': False, 'has_future_demand': False}"
palghar,,plumber,Insufficient Data,Data Ingestion Required,Collect further supply and demand data for plumber in palghar before allocating government training resources.,Confidence rating (0.4) is below the required operational threshold (0.5).,"{'supply_score': 2.39, 'current_demand_score': 50.0, 'current_gap': 47.61, 'priority_score': 48.63, 'future_demand_score': None, 'future_gap': None, 'growth_trend': None}",0.4,"{'has_supply': True, 'has_current_demand': False, 'has_future_demand': False}"
parbhani,,mechanic motor vehicle under dual system training,Insufficient Data,Data Ingestion Required,Collect further supply and demand data for mechanic motor vehicle under dual system training in parbhani before allocating government training resources.,Confidence rating (0.4) is below the required operational threshold (0.5).,"{'supply_score': 2.39, 'current_demand_score': 50.0, 'current_gap': 47.61, 'priority_score': 48.63, 'future_demand_score': None, 'future_gap': None, 'growth_trend': None}",0.4,"{'has_supply': True, 'has_current_demand': False, 'has_future_demand': False}"
pune,,desktop publishing operator,Insufficient Data,Data Ingestion Required,Collect further supply and demand data for desktop publishing operator in pune before allocating government training resources.,Confidence rating (0.4) is below the required operational threshold (0.5).,"{'supply_score': 2.39, 'current_demand_score': 50.0, 'current_gap': 47.61, 'priority_score': 48.63, 'future_demand_score': None, 'future_gap': None, 'growth_trend': None}",0.4,"{'has_supply': True, 'has_current_demand': False, 'has_future_demand': False}"
pune,,fruit and vegetable processing,Insufficient Data,Data Ingestion Required,Collect further supply and demand data for fruit and vegetable processing in pune before allocating government training resources.,Confidence rating (0.4) is below the required operational threshold (0.5).,"{'supply_score': 2.39, 'current_demand_score': 50.0, 'current_gap': 47.61, 'priority_score': 48.63, 'future_demand_score': None, 'future_gap': None, 'growth_trend': None}",0.4,"{'has_supply': True, 'has_current_demand': False, 'has_future_demand': False}"
pune,,instrument mechanic,Insufficient Data,Data Ingestion Required,Collect further supply and demand data for instrument mechanic in pune before allocating government training resources.,Confidence rating (0.4) is below the required operational threshold (0.5).,"{'supply_score': 2.39, 'current_demand_score': 50.0, 'current_gap': 47.61, 'priority_score': 48.63, 'future_demand_score': None, 'future_gap': None, 'growth_trend': None}",0.4,"{'has_supply': True, 'has_current_demand': False, 'has_future_demand': False}"
pune,,mechanic machine tool maintenance,Insufficient Data,Data Ingestion Required,Collect further supply and demand data for mechanic machine tool maintenance in pune before allocating government training resources.,Confidence rating (0.4) is below the required operational threshold (0.5).,"{'supply_score': 2.39, 'current_demand_score': 50.0, 'current_gap': 47.61, 'priority_score': 48.63, 'future_demand_score': None, 'future_gap': None, 'growth_trend': None}",0.4,"{'has_supply': True, 'has_current_demand': False, 'has_future_demand': False}"
pune,,"tool and die maker (press tools, jigs and fixtures)",Insufficient Data,Data Ingestion Required,"Collect further supply and demand data for tool and die maker (press tools, jigs and fixtures) in pune before allocating government training resources.",Confidence rating (0.4) is below the required operational threshold (0.5).,"{'supply_score': 2.39, 'current_demand_score': 50.0, 'current_gap': 47.61, 'priority_score': 48.63, 'future_demand_score': None, 'future_gap': None, 'growth_trend': None}",0.4,"{'has_supply': True, 'has_current_demand': False, 'has_future_demand': False}"
pune,,wood work technician,Insufficient Data,Data Ingestion Required,Collect further supply and demand data for wood work technician in pune before allocating government training resources.,Confidence rating (0.4) is below the required operational threshold (0.5).,"{'supply_score': 2.39, 'current_demand_score': 50.0, 'current_gap': 47.61, 'priority_score': 48.63, 'future_demand_score': None, 'future_gap': None, 'growth_trend': None}",0.4,"{'has_supply': True, 'has_current_demand': False, 'has_future_demand': False}"
raigad,,refrigeration and air conditioner technician,Insufficient Data,Data Ingestion Required,Collect further supply and demand data for refrigeration and air conditioner technician in raigad before allocating government training resources.,Confidence rating (0.4) is below the required operational threshold (0.5).,"{'supply_score': 2.39, 'current_demand_score': 50.0, 'current_gap': 47.61, 'priority_score': 48.63, 'future_demand_score': None, 'future_gap': None, 'growth_trend': None}",0.4,"{'has_supply': True, 'has_current_demand': False, 'has_future_demand': False}"
satara,,draughtsman civil,Insufficient Data,Data Ingestion Required,Collect further supply and demand data for draughtsman civil in satara before allocating government training resources.,Confidence rating (0.4) is below the required operational threshold (0.5).,"{'supply_score': 2.39, 'current_demand_score': 50.0, 'current_gap': 47.61, 'priority_score': 48.63, 'future_demand_score': None, 'future_gap': None, 'growth_trend': None}",0.4,"{'has_supply': True, 'has_current_demand': False, 'has_future_demand': False}"
sindhudurg,,computer operator and programming assistant,Insufficient Data,Data Ingestion Required,Collect further supply and demand data for computer operator and programming assistant in sindhudurg before allocating government training resources.,Confidence rating (0.4) is below the required operational threshold (0.5).,"{'supply_score': 2.39, 'current_demand_score': 50.0, 'current_gap': 47.61, 'priority_score': 48.63, 'future_demand_score': None, 'future_gap': None, 'growth_trend': None}",0.4,"{'has_supply': True, 'has_current_demand': False, 'has_future_demand': False}"
solapur,,plumber,Insufficient Data,Data Ingestion Required,Collect further supply and demand data for plumber in solapur before allocating government training resources.,Confidence rating (0.4) is below the required operational threshold (0.5).,"{'supply_score': 2.39, 'current_demand_score': 50.0, 'current_gap': 47.61, 'priority_score': 48.63, 'future_demand_score': None, 'future_gap': None, 'growth_trend': None}",0.4,"{'has_supply': True, 'has_current_demand': False, 'has_future_demand': False}"
wardha,,mechanic motor vehicle,Insufficient Data,Data Ingestion Required,Collect further supply and demand data for mechanic motor vehicle in wardha before allocating government training resources.,Confidence rating (0.4) is below the required operational threshold (0.5).,"{'supply_score': 2.39, 'current_demand_score': 50.0, 'current_gap': 47.61, 'priority_score': 48.63, 'future_demand_score': None, 'future_gap': None, 'growth_trend': None}",0.4,"{'has_supply': True, 'has_current_demand': False, 'has_future_demand': False}"
wardha,,plumber,Insufficient Data,Data Ingestion Required,Collect further supply and demand data for plumber in wardha before allocating government training resources.,Confidence rating (0.4) is below the required operational threshold (0.5).,"{'supply_score': 2.39, 'current_demand_score': 50.0, 'current_gap': 47.61, 'priority_score': 48.63, 'future_demand_score': None, 'future_gap': None, 'growth_trend': None}",0.4,"{'has_supply': True, 'has_current_demand': False, 'has_future_demand': False}"
washim,,cosmetology,Insufficient Data,Data Ingestion Required,Collect further supply and demand data for cosmetology in washim before allocating government training resources.,Confidence rating (0.4) is below the required operational threshold (0.5).,"{'supply_score': 2.39, 'current_demand_score': 50.0, 'current_gap': 47.61, 'priority_score': 48.63, 'future_demand_score': None, 'future_gap': None, 'growth_trend': None}",0.4,"{'has_supply': True, 'has_current_demand': False, 'has_future_demand': False}"
yavatmal,,plumber,Insufficient Data,Data Ingestion Required,Collect further supply and demand data for plumber in yavatmal before allocating government training resources.,Confidence rating (0.4) is below the required operational threshold (0.5).,"{'supply_score': 2.39, 'current_demand_score': 50.0, 'current_gap': 47.61, 'priority_score': 48.63, 'future_demand_score': None, 'future_gap': None, 'growth_trend': None}",0.4,"{'has_supply': True, 'has_current_demand': False, 'has_future_demand': False}"
yavatmal,,wood work technician,Insufficient Data,Data Ingestion Required,Collect further supply and demand data for wood work technician in yavatmal before allocating government training resources.,Confidence rating (0.4) is below the required operational threshold (0.5).,"{'supply_score': 2.39, 'current_demand_score': 50.0, 'current_gap': 47.61, 'priority_score': 48.63, 'future_demand_score': None, 'future_gap': None, 'growth_trend': None}",0.4,"{'has_supply': True, 'has_current_demand': False, 'has_future_demand': False}"
ahmednagar,,dress making,Insufficient Data,Data Ingestion Required,Collect further supply and demand data for dress making in ahmednagar before allocating government training resources.,Confidence rating (0.4) is below the required operational threshold (0.5).,"{'supply_score': 2.73, 'current_demand_score': 50.0, 'current_gap': 47.27, 'priority_score': 48.44, 'future_demand_score': None, 'future_gap': None, 'growth_trend': None}",0.4,"{'has_supply': True, 'has_current_demand': False, 'has_future_demand': False}"
ahmednagar,,mechanic tractor,Insufficient Data,Data Ingestion Required,Collect further supply and demand data for mechanic tractor in ahmednagar before allocating government training resources.,Confidence rating (0.4) is below the required operational threshold (0.5).,"{'supply_score': 2.73, 'current_demand_score': 50.0, 'current_gap': 47.27, 'priority_score': 48.44, 'future_demand_score': None, 'future_gap': None, 'growth_trend': None}",0.4,"{'has_supply': True, 'has_current_demand': False, 'has_future_demand': False}"
ahmednagar,,painter general,Insufficient Data,Data Ingestion Required,Collect further supply and demand data for painter general in ahmednagar before allocating government training resources.,Confidence rating (0.4) is below the required operational threshold (0.5).,"{'supply_score': 2.73, 'current_demand_score': 50.0, 'current_gap': 47.27, 'priority_score': 48.44, 'future_demand_score': None, 'future_gap': None, 'growth_trend': None}",0.4,"{'has_supply': True, 'has_current_demand': False, 'has_future_demand': False}"
ahmednagar,,pump operator cum mechanic,Insufficient Data,Data Ingestion Required,Collect further supply and demand data for pump operator cum mechanic in ahmednagar before allocating government training resources.,Confidence rating (0.4) is below the required operational threshold (0.5).,"{'supply_score': 2.73, 'current_demand_score': 50.0, 'current_gap': 47.27, 'priority_score': 48.44, 'future_demand_score': None, 'future_gap': None, 'growth_trend': None}",0.4,"{'has_supply': True, 'has_current_demand': False, 'has_future_demand': False}"
akola,,mechanic tractor,Insufficient Data,Data Ingestion Required,Collect further supply and demand data for mechanic tractor in akola before allocating government training resources.,Confidence rating (0.4) is below the required operational threshold (0.5).,"{'supply_score': 2.73, 'current_demand_score': 50.0, 'current_gap': 47.27, 'priority_score': 48.44, 'future_demand_score': None, 'future_gap': None, 'growth_trend': None}",0.4,"{'has_supply': True, 'has_current_demand': False, 'has_future_demand': False}"
amravati,,draughtsman mechanical,Insufficient Data,Data Ingestion Required,Collect further supply and demand data for draughtsman mechanical in amravati before allocating government training resources.,Confidence rating (0.4) is below the required operational threshold (0.5).,"{'supply_score': 2.73, 'current_demand_score': 50.0, 'current_gap': 47.27, 'priority_score': 48.44, 'future_demand_score': None, 'future_gap': None, 'growth_trend': None}",0.4,"{'has_supply': True, 'has_current_demand': False, 'has_future_demand': False}"
bhandara,,wireman,Insufficient Data,Data Ingestion Required,Collect further supply and demand data for wireman in bhandara before allocating government training resources.,Confidence rating (0.4) is below the required operational threshold (0.5).,"{'supply_score': 2.73, 'current_demand_score': 50.0, 'current_gap': 47.27, 'priority_score': 48.44, 'future_demand_score': None, 'future_gap': None, 'growth_trend': None}",0.4,"{'has_supply': True, 'has_current_demand': False, 'has_future_demand': False}"
buldhana,,sewing technology,Insufficient Data,Data Ingestion Required,Collect further supply and demand data for sewing technology in buldhana before allocating government training resources.,Confidence rating (0.4) is below the required operational threshold (0.5).,"{'supply_score': 2.73, 'current_demand_score': 50.0, 'current_gap': 47.27, 'priority_score': 48.44, 'future_demand_score': None, 'future_gap': None, 'growth_trend': None}",0.4,"{'has_supply': True, 'has_current_demand': False, 'has_future_demand': False}"
chandrapur,,fashion design and technology,Insufficient Data,Data Ingestion Required,Collect further supply and demand data for fashion design and technology in chandrapur before allocating government training resources.,Confidence rating (0.4) is below the required operational threshold (0.5).,"{'supply_score': 2.73, 'current_demand_score': 50.0, 'current_gap': 47.27, 'priority_score': 48.44, 'future_demand_score': None, 'future_gap': None, 'growth_trend': None}",0.4,"{'has_supply': True, 'has_current_demand': False, 'has_future_demand': False}"
chandrapur,,turner,Insufficient Data,Data Ingestion Required,Collect further supply and demand data for turner in chandrapur before allocating government training resources.,Confidence rating (0.4) is below the required operational threshold (0.5).,"{'supply_score': 2.73, 'current_demand_score': 50.0, 'current_gap': 47.27, 'priority_score': 48.44, 'future_demand_score': None, 'future_gap': None, 'growth_trend': None}",0.4,"{'has_supply': True, 'has_current_demand': False, 'has_future_demand': False}"
dhule,,machinist,Insufficient Data,Data Ingestion Required,Collect further supply and demand data for machinist in dhule before allocating government training resources.,Confidence rating (0.4) is below the required operational threshold (0.5).,"{'supply_score': 2.73, 'current_demand_score': 50.0, 'current_gap': 47.27, 'priority_score': 48.44, 'future_demand_score': None, 'future_gap': None, 'growth_trend': None}",0.4,"{'has_supply': True, 'has_current_demand': False, 'has_future_demand': False}"
dhule,,solar technician (electrical),Insufficient Data,Data Ingestion Required,Collect further supply and demand data for solar technician (electrical) in dhule before allocating government training resources.,Confidence rating (0.4) is below the required operational threshold (0.5).,"{'supply_score': 2.73, 'current_demand_score': 50.0, 'current_gap': 47.27, 'priority_score': 48.44, 'future_demand_score': None, 'future_gap': None, 'growth_trend': None}",0.4,"{'has_supply': True, 'has_current_demand': False, 'has_future_demand': False}"
gondia,,sewing technology,Insufficient Data,Data Ingestion Required,Collect further supply and demand data for sewing technology in gondia before allocating government training resources.,Confidence rating (0.4) is below the required operational threshold (0.5).,"{'supply_score': 2.73, 'current_demand_score': 50.0, 'current_gap': 47.27, 'priority_score': 48.44, 'future_demand_score': None, 'future_gap': None, 'growth_trend': None}",0.4,"{'has_supply': True, 'has_current_demand': False, 'has_future_demand': False}"
gondia,,wireman,Insufficient Data,Data Ingestion Required,Collect further supply and demand data for wireman in gondia before allocating government training resources.,Confidence rating (0.4) is below the required operational threshold (0.5).,"{'supply_score': 2.73, 'current_demand_score': 50.0, 'current_gap': 47.27, 'priority_score': 48.44, 'future_demand_score': None, 'future_gap': None, 'growth_trend': None}",0.4,"{'has_supply': True, 'has_current_demand': False, 'has_future_demand': False}"
hingoli,,solar technician (electrical),Insufficient Data,Data Ingestion Required,Collect further supply and demand data for solar technician (electrical) in hingoli before allocating government training resources.,Confidence rating (0.4) is below the required operational threshold (0.5).,"{'supply_score': 2.73, 'current_demand_score': 50.0, 'current_gap': 47.27, 'priority_score': 48.44, 'future_demand_score': None, 'future_gap': None, 'growth_trend': None}",0.4,"{'has_supply': True, 'has_current_demand': False, 'has_future_demand': False}"
jalgaon,,draughtsman mechanical,Insufficient Data,Data Ingestion Required,Collect further supply and demand data for draughtsman mechanical in jalgaon before allocating government training resources.,Confidence rating (0.4) is below the required operational threshold (0.5).,"{'supply_score': 2.73, 'current_demand_score': 50.0, 'current_gap': 47.27, 'priority_score': 48.44, 'future_demand_score': None, 'future_gap': None, 'growth_trend': None}",0.4,"{'has_supply': True, 'has_current_demand': False, 'has_future_demand': False}"
jalgaon,,pump operator cum mechanic,Insufficient Data,Data Ingestion Required,Collect further supply and demand data for pump operator cum mechanic in jalgaon before allocating government training resources.,Confidence rating (0.4) is below the required operational threshold (0.5).,"{'supply_score': 2.73, 'current_demand_score': 50.0, 'current_gap': 47.27, 'priority_score': 48.44, 'future_demand_score': None, 'future_gap': None, 'growth_trend': None}",0.4,"{'has_supply': True, 'has_current_demand': False, 'has_future_demand': False}"
jalgaon,,sewing technology,Insufficient Data,Data Ingestion Required,Collect further supply and demand data for sewing technology in jalgaon before allocating government training resources.,Confidence rating (0.4) is below the required operational threshold (0.5).,"{'supply_score': 2.73, 'current_demand_score': 50.0, 'current_gap': 47.27, 'priority_score': 48.44, 'future_demand_score': None, 'future_gap': None, 'growth_trend': None}",0.4,"{'has_supply': True, 'has_current_demand': False, 'has_future_demand': False}"
jalgaon,,sheet metal worker,Insufficient Data,Data Ingestion Required,Collect further supply and demand data for sheet metal worker in jalgaon before allocating government training resources.,Confidence rating (0.4) is below the required operational threshold (0.5).,"{'supply_score': 2.73, 'current_demand_score': 50.0, 'current_gap': 47.27, 'priority_score': 48.44, 'future_demand_score': None, 'future_gap': None, 'growth_trend': None}",0.4,"{'has_supply': True, 'has_current_demand': False, 'has_future_demand': False}"
jalgaon,,turner,Insufficient Data,Data Ingestion Required,Collect further supply and demand data for turner in jalgaon before allocating government training resources.,Confidence rating (0.4) is below the required operational threshold (0.5).,"{'supply_score': 2.73, 'current_demand_score': 50.0, 'current_gap': 47.27, 'priority_score': 48.44, 'future_demand_score': None, 'future_gap': None, 'growth_trend': None}",0.4,"{'has_supply': True, 'has_current_demand': False, 'has_future_demand': False}"
jalna,,sheet metal worker,Insufficient Data,Data Ingestion Required,Collect further supply and demand data for sheet metal worker in jalna before allocating government training resources.,Confidence rating (0.4) is below the required operational threshold (0.5).,"{'supply_score': 2.73, 'current_demand_score': 50.0, 'current_gap': 47.27, 'priority_score': 48.44, 'future_demand_score': None, 'future_gap': None, 'growth_trend': None}",0.4,"{'has_supply': True, 'has_current_demand': False, 'has_future_demand': False}"
kolhapur,,machinist grinder,Insufficient Data,Data Ingestion Required,Collect further supply and demand data for machinist grinder in kolhapur before allocating government training resources.,Confidence rating (0.4) is below the required operational threshold (0.5).,"{'supply_score': 2.73, 'current_demand_score': 50.0, 'current_gap': 47.27, 'priority_score': 48.44, 'future_demand_score': None, 'future_gap': None, 'growth_trend': None}",0.4,"{'has_supply': True, 'has_current_demand': False, 'has_future_demand': False}"
kolhapur,,pump operator cum mechanic,Insufficient Data,Data Ingestion Required,Collect further supply and demand data for pump operator cum mechanic in kolhapur before allocating government training resources.,Confidence rating (0.4) is below the required operational threshold (0.5).,"{'supply_score': 2.73, 'current_demand_score': 50.0, 'current_gap': 47.27, 'priority_score': 48.44, 'future_demand_score': None, 'future_gap': None, 'growth_trend': None}",0.4,"{'has_supply': True, 'has_current_demand': False, 'has_future_demand': False}"
kolhapur,,sewing technology,Insufficient Data,Data Ingestion Required,Collect further supply and demand data for sewing technology in kolhapur before allocating government training resources.,Confidence rating (0.4) is below the required operational threshold (0.5).,"{'supply_score': 2.73, 'current_demand_score': 50.0, 'current_gap': 47.27, 'priority_score': 48.44, 'future_demand_score': None, 'future_gap': None, 'growth_trend': None}",0.4,"{'has_supply': True, 'has_current_demand': False, 'has_future_demand': False}"
latur,,mechanic tractor,Insufficient Data,Data Ingestion Required,Collect further supply and demand data for mechanic tractor in latur before allocating government training resources.,Confidence rating (0.4) is below the required operational threshold (0.5).,"{'supply_score': 2.73, 'current_demand_score': 50.0, 'current_gap': 47.27, 'priority_score': 48.44, 'future_demand_score': None, 'future_gap': None, 'growth_trend': None}",0.4,"{'has_supply': True, 'has_current_demand': False, 'has_future_demand': False}"
mumbai,,fashion design and technology,Insufficient Data,Data Ingestion Required,Collect further supply and demand data for fashion design and technology in mumbai before allocating government training resources.,Confidence rating (0.4) is below the required operational threshold (0.5).,"{'supply_score': 2.73, 'current_demand_score': 50.0, 'current_gap': 47.27, 'priority_score': 48.44, 'future_demand_score': None, 'future_gap': None, 'growth_trend': None}",0.4,"{'has_supply': True, 'has_current_demand': False, 'has_future_demand': False}"
mumbai,,machinist,Insufficient Data,Data Ingestion Required,Collect further supply and demand data for machinist in mumbai before allocating government training resources.,Confidence rating (0.4) is below the required operational threshold (0.5).,"{'supply_score': 2.73, 'current_demand_score': 50.0, 'current_gap': 47.27, 'priority_score': 48.44, 'future_demand_score': None, 'future_gap': None, 'growth_trend': None}",0.4,"{'has_supply': True, 'has_current_demand': False, 'has_future_demand': False}"
mumbai suburban,,draughtsman mechanical,Insufficient Data,Data Ingestion Required,Collect further supply and demand data for draughtsman mechanical in mumbai suburban before allocating government training resources.,Confidence rating (0.4) is below the required operational threshold (0.5).,"{'supply_score': 2.73, 'current_demand_score': 50.0, 'current_gap': 47.27, 'priority_score': 48.44, 'future_demand_score': None, 'future_gap': None, 'growth_trend': None}",0.4,"{'has_supply': True, 'has_current_demand': False, 'has_future_demand': False}"
nandurbar,,wireman,Insufficient Data,Data Ingestion Required,Collect further supply and demand data for wireman in nandurbar before allocating government training resources.,Confidence rating (0.4) is below the required operational threshold (0.5).,"{'supply_score': 2.73, 'current_demand_score': 50.0, 'current_gap': 47.27, 'priority_score': 48.44, 'future_demand_score': None, 'future_gap': None, 'growth_trend': None}",0.4,"{'has_supply': True, 'has_current_demand': False, 'has_future_demand': False}"
palghar,,dress making,Insufficient Data,Data Ingestion Required,Collect further supply and demand data for dress making in palghar before allocating government training resources.,Confidence rating (0.4) is below the required operational threshold (0.5).,"{'supply_score': 2.73, 'current_demand_score': 50.0, 'current_gap': 47.27, 'priority_score': 48.44, 'future_demand_score': None, 'future_gap': None, 'growth_trend': None}",0.4,"{'has_supply': True, 'has_current_demand': False, 'has_future_demand': False}"
parbhani,,dress making,Insufficient Data,Data Ingestion Required,Collect further supply and demand data for dress making in parbhani before allocating government training resources.,Confidence rating (0.4) is below the required operational threshold (0.5).,"{'supply_score': 2.73, 'current_demand_score': 50.0, 'current_gap': 47.27, 'priority_score': 48.44, 'future_demand_score': None, 'future_gap': None, 'growth_trend': None}",0.4,"{'has_supply': True, 'has_current_demand': False, 'has_future_demand': False}"
parbhani,,mechanic tractor,Insufficient Data,Data Ingestion Required,Collect further supply and demand data for mechanic tractor in parbhani before allocating government training resources.,Confidence rating (0.4) is below the required operational threshold (0.5).,"{'supply_score': 2.73, 'current_demand_score': 50.0, 'current_gap': 47.27, 'priority_score': 48.44, 'future_demand_score': None, 'future_gap': None, 'growth_trend': None}",0.4,"{'has_supply': True, 'has_current_demand': False, 'has_future_demand': False}"
pune,,fashion design and technology,Insufficient Data,Data Ingestion Required,Collect further supply and demand data for fashion design and technology in pune before allocating government training resources.,Confidence rating (0.4) is below the required operational threshold (0.5).,"{'supply_score': 2.73, 'current_demand_score': 50.0, 'current_gap': 47.27, 'priority_score': 48.44, 'future_demand_score': None, 'future_gap': None, 'growth_trend': None}",0.4,"{'has_supply': True, 'has_current_demand': False, 'has_future_demand': False}"
raigad,,maintenance mechanic (chemical plant),Insufficient Data,Data Ingestion Required,Collect further supply and demand data for maintenance mechanic (chemical plant) in raigad before allocating government training resources.,Confidence rating (0.4) is below the required operational threshold (0.5).,"{'supply_score': 2.73, 'current_demand_score': 50.0, 'current_gap': 47.27, 'priority_score': 48.44, 'future_demand_score': None, 'future_gap': None, 'growth_trend': None}",0.4,"{'has_supply': True, 'has_current_demand': False, 'has_future_demand': False}"
ratnagiri,,solar technician (electrical),Insufficient Data,Data Ingestion Required,Collect further supply and demand data for solar technician (electrical) in ratnagiri before allocating government training resources.,Confidence rating (0.4) is below the required operational threshold (0.5).,"{'supply_score': 2.73, 'current_demand_score': 50.0, 'current_gap': 47.27, 'priority_score': 48.44, 'future_demand_score': None, 'future_gap': None, 'growth_trend': None}",0.4,"{'has_supply': True, 'has_current_demand': False, 'has_future_demand': False}"
ratnagiri,,wireman,Insufficient Data,Data Ingestion Required,Collect further supply and demand data for wireman in ratnagiri before allocating government training resources.,Confidence rating (0.4) is below the required operational threshold (0.5).,"{'supply_score': 2.73, 'current_demand_score': 50.0, 'current_gap': 47.27, 'priority_score': 48.44, 'future_demand_score': None, 'future_gap': None, 'growth_trend': None}",0.4,"{'has_supply': True, 'has_current_demand': False, 'has_future_demand': False}"
sangli,,dress making,Insufficient Data,Data Ingestion Required,Collect further supply and demand data for dress making in sangli before allocating government training resources.,Confidence rating (0.4) is below the required operational threshold (0.5).,"{'supply_score': 2.73, 'current_demand_score': 50.0, 'current_gap': 47.27, 'priority_score': 48.44, 'future_demand_score': None, 'future_gap': None, 'growth_trend': None}",0.4,"{'has_supply': True, 'has_current_demand': False, 'has_future_demand': False}"
satara,,machinist grinder,Insufficient Data,Data Ingestion Required,Collect further supply and demand data for machinist grinder in satara before allocating government training resources.,Confidence rating (0.4) is below the required operational threshold (0.5).,"{'supply_score': 2.73, 'current_demand_score': 50.0, 'current_gap': 47.27, 'priority_score': 48.44, 'future_demand_score': None, 'future_gap': None, 'growth_trend': None}",0.4,"{'has_supply': True, 'has_current_demand': False, 'has_future_demand': False}"
satara,,mechanic tractor,Insufficient Data,Data Ingestion Required,Collect further supply and demand data for mechanic tractor in satara before allocating government training resources.,Confidence rating (0.4) is below the required operational threshold (0.5).,"{'supply_score': 2.73, 'current_demand_score': 50.0, 'current_gap': 47.27, 'priority_score': 48.44, 'future_demand_score': None, 'future_gap': None, 'growth_trend': None}",0.4,"{'has_supply': True, 'has_current_demand': False, 'has_future_demand': False}"
sindhudurg,,wireman,Insufficient Data,Data Ingestion Required,Collect further supply and demand data for wireman in sindhudurg before allocating government training resources.,Confidence rating (0.4) is below the required operational threshold (0.5).,"{'supply_score': 2.73, 'current_demand_score': 50.0, 'current_gap': 47.27, 'priority_score': 48.44, 'future_demand_score': None, 'future_gap': None, 'growth_trend': None}",0.4,"{'has_supply': True, 'has_current_demand': False, 'has_future_demand': False}"
solapur,,draughtsman mechanical,Insufficient Data,Data Ingestion Required,Collect further supply and demand data for draughtsman mechanical in solapur before allocating government training resources.,Confidence rating (0.4) is below the required operational threshold (0.5).,"{'supply_score': 2.73, 'current_demand_score': 50.0, 'current_gap': 47.27, 'priority_score': 48.44, 'future_demand_score': None, 'future_gap': None, 'growth_trend': None}",0.4,"{'has_supply': True, 'has_current_demand': False, 'has_future_demand': False}"
solapur,,dress making,Insufficient Data,Data Ingestion Required,Collect further supply and demand data for dress making in solapur before allocating government training resources.,Confidence rating (0.4) is below the required operational threshold (0.5).,"{'supply_score': 2.73, 'current_demand_score': 50.0, 'current_gap': 47.27, 'priority_score': 48.44, 'future_demand_score': None, 'future_gap': None, 'growth_trend': None}",0.4,"{'has_supply': True, 'has_current_demand': False, 'has_future_demand': False}"
solapur,,turner,Insufficient Data,Data Ingestion Required,Collect further supply and demand data for turner in solapur before allocating government training resources.,Confidence rating (0.4) is below the required operational threshold (0.5).,"{'supply_score': 2.73, 'current_demand_score': 50.0, 'current_gap': 47.27, 'priority_score': 48.44, 'future_demand_score': None, 'future_gap': None, 'growth_trend': None}",0.4,"{'has_supply': True, 'has_current_demand': False, 'has_future_demand': False}"
solapur,,welder under dual system training,Insufficient Data,Data Ingestion Required,Collect further supply and demand data for welder under dual system training in solapur before allocating government training resources.,Confidence rating (0.4) is below the required operational threshold (0.5).,"{'supply_score': 2.73, 'current_demand_score': 50.0, 'current_gap': 47.27, 'priority_score': 48.44, 'future_demand_score': None, 'future_gap': None, 'growth_trend': None}",0.4,"{'has_supply': True, 'has_current_demand': False, 'has_future_demand': False}"
thane,,draughtsman mechanical,Insufficient Data,Data Ingestion Required,Collect further supply and demand data for draughtsman mechanical in thane before allocating government training resources.,Confidence rating (0.4) is below the required operational threshold (0.5).,"{'supply_score': 2.73, 'current_demand_score': 50.0, 'current_gap': 47.27, 'priority_score': 48.44, 'future_demand_score': None, 'future_gap': None, 'growth_trend': None}",0.4,"{'has_supply': True, 'has_current_demand': False, 'has_future_demand': False}"
thane,,sewing technology,Insufficient Data,Data Ingestion Required,Collect further supply and demand data for sewing technology in thane before allocating government training resources.,Confidence rating (0.4) is below the required operational threshold (0.5).,"{'supply_score': 2.73, 'current_demand_score': 50.0, 'current_gap': 47.27, 'priority_score': 48.44, 'future_demand_score': None, 'future_gap': None, 'growth_trend': None}",0.4,"{'has_supply': True, 'has_current_demand': False, 'has_future_demand': False}"
wardha,,sewing technology,Insufficient Data,Data Ingestion Required,Collect further supply and demand data for sewing technology in wardha before allocating government training resources.,Confidence rating (0.4) is below the required operational threshold (0.5).,"{'supply_score': 2.73, 'current_demand_score': 50.0, 'current_gap': 47.27, 'priority_score': 48.44, 'future_demand_score': None, 'future_gap': None, 'growth_trend': None}",0.4,"{'has_supply': True, 'has_current_demand': False, 'has_future_demand': False}"
wardha,,turner,Insufficient Data,Data Ingestion Required,Collect further supply and demand data for turner in wardha before allocating government training resources.,Confidence rating (0.4) is below the required operational threshold (0.5).,"{'supply_score': 2.73, 'current_demand_score': 50.0, 'current_gap': 47.27, 'priority_score': 48.44, 'future_demand_score': None, 'future_gap': None, 'growth_trend': None}",0.4,"{'has_supply': True, 'has_current_demand': False, 'has_future_demand': False}"
washim,,dress making,Insufficient Data,Data Ingestion Required,Collect further supply and demand data for dress making in washim before allocating government training resources.,Confidence rating (0.4) is below the required operational threshold (0.5).,"{'supply_score': 2.73, 'current_demand_score': 50.0, 'current_gap': 47.27, 'priority_score': 48.44, 'future_demand_score': None, 'future_gap': None, 'growth_trend': None}",0.4,"{'has_supply': True, 'has_current_demand': False, 'has_future_demand': False}"
washim,,solar technician (electrical),Insufficient Data,Data Ingestion Required,Collect further supply and demand data for solar technician (electrical) in washim before allocating government training resources.,Confidence rating (0.4) is below the required operational threshold (0.5).,"{'supply_score': 2.73, 'current_demand_score': 50.0, 'current_gap': 47.27, 'priority_score': 48.44, 'future_demand_score': None, 'future_gap': None, 'growth_trend': None}",0.4,"{'has_supply': True, 'has_current_demand': False, 'has_future_demand': False}"
washim,,wireman,Insufficient Data,Data Ingestion Required,Collect further supply and demand data for wireman in washim before allocating government training resources.,Confidence rating (0.4) is below the required operational threshold (0.5).,"{'supply_score': 2.73, 'current_demand_score': 50.0, 'current_gap': 47.27, 'priority_score': 48.44, 'future_demand_score': None, 'future_gap': None, 'growth_trend': None}",0.4,"{'has_supply': True, 'has_current_demand': False, 'has_future_demand': False}"
yavatmal,,mechanic tractor,Insufficient Data,Data Ingestion Required,Collect further supply and demand data for mechanic tractor in yavatmal before allocating government training resources.,Confidence rating (0.4) is below the required operational threshold (0.5).,"{'supply_score': 2.73, 'current_demand_score': 50.0, 'current_gap': 47.27, 'priority_score': 48.44, 'future_demand_score': None, 'future_gap': None, 'growth_trend': None}",0.4,"{'has_supply': True, 'has_current_demand': False, 'has_future_demand': False}"
ahmednagar,,cosmetology,Insufficient Data,Data Ingestion Required,Collect further supply and demand data for cosmetology in ahmednagar before allocating government training resources.,Confidence rating (0.4) is below the required operational threshold (0.5).,"{'supply_score': 3.41, 'current_demand_score': 50.0, 'current_gap': 46.59, 'priority_score': 48.05, 'future_demand_score': None, 'future_gap': None, 'growth_trend': None}",0.4,"{'has_supply': True, 'has_current_demand': False, 'has_future_demand': False}"
ahmednagar,,refrigeration and air conditioner technician,Insufficient Data,Data Ingestion Required,Collect further supply and demand data for refrigeration and air conditioner technician in ahmednagar before allocating government training resources.,Confidence rating (0.4) is below the required operational threshold (0.5).,"{'supply_score': 3.41, 'current_demand_score': 50.0, 'current_gap': 46.59, 'priority_score': 48.05, 'future_demand_score': None, 'future_gap': None, 'growth_trend': None}",0.4,"{'has_supply': True, 'has_current_demand': False, 'has_future_demand': False}"
akola,,interior design and decoration,Insufficient Data,Data Ingestion Required,Collect further supply and demand data for interior design and decoration in akola before allocating government training resources.,Confidence rating (0.4) is below the required operational threshold (0.5).,"{'supply_score': 3.41, 'current_demand_score': 50.0, 'current_gap': 46.59, 'priority_score': 48.05, 'future_demand_score': None, 'future_gap': None, 'growth_trend': None}",0.4,"{'has_supply': True, 'has_current_demand': False, 'has_future_demand': False}"
akola,,mechanic motor vehicle,Insufficient Data,Data Ingestion Required,Collect further supply and demand data for mechanic motor vehicle in akola before allocating government training resources.,Confidence rating (0.4) is below the required operational threshold (0.5).,"{'supply_score': 3.41, 'current_demand_score': 50.0, 'current_gap': 46.59, 'priority_score': 48.05, 'future_demand_score': None, 'future_gap': None, 'growth_trend': None}",0.4,"{'has_supply': True, 'has_current_demand': False, 'has_future_demand': False}"
akola,,wood work technician,Insufficient Data,Data Ingestion Required,Collect further supply and demand data for wood work technician in akola before allocating government training resources.,Confidence rating (0.4) is below the required operational threshold (0.5).,"{'supply_score': 3.41, 'current_demand_score': 50.0, 'current_gap': 46.59, 'priority_score': 48.05, 'future_demand_score': None, 'future_gap': None, 'growth_trend': None}",0.4,"{'has_supply': True, 'has_current_demand': False, 'has_future_demand': False}"
beed,,cosmetology,Insufficient Data,Data Ingestion Required,Collect further supply and demand data for cosmetology in beed before allocating government training resources.,Confidence rating (0.4) is below the required operational threshold (0.5).,"{'supply_score': 3.41, 'current_demand_score': 50.0, 'current_gap': 46.59, 'priority_score': 48.05, 'future_demand_score': None, 'future_gap': None, 'growth_trend': None}",0.4,"{'has_supply': True, 'has_current_demand': False, 'has_future_demand': False}"
bhandara,,electronics mechanic,Insufficient Data,Data Ingestion Required,Collect further supply and demand data for electronics mechanic in bhandara before allocating government training resources.,Confidence rating (0.4) is below the required operational threshold (0.5).,"{'supply_score': 3.41, 'current_demand_score': 50.0, 'current_gap': 46.59, 'priority_score': 48.05, 'future_demand_score': None, 'future_gap': None, 'growth_trend': None}",0.4,"{'has_supply': True, 'has_current_demand': False, 'has_future_demand': False}"
buldhana,,wood work technician,Insufficient Data,Data Ingestion Required,Collect further supply and demand data for wood work technician in buldhana before allocating government training resources.,Confidence rating (0.4) is below the required operational threshold (0.5).,"{'supply_score': 3.41, 'current_demand_score': 50.0, 'current_gap': 46.59, 'priority_score': 48.05, 'future_demand_score': None, 'future_gap': None, 'growth_trend': None}",0.4,"{'has_supply': True, 'has_current_demand': False, 'has_future_demand': False}"
chandrapur,,cosmetology,Insufficient Data,Data Ingestion Required,Collect further supply and demand data for cosmetology in chandrapur before allocating government training resources.,Confidence rating (0.4) is below the required operational threshold (0.5).,"{'supply_score': 3.41, 'current_demand_score': 50.0, 'current_gap': 46.59, 'priority_score': 48.05, 'future_demand_score': None, 'future_gap': None, 'growth_trend': None}",0.4,"{'has_supply': True, 'has_current_demand': False, 'has_future_demand': False}"
chandrapur,,plumber,Insufficient Data,Data Ingestion Required,Collect further supply and demand data for plumber in chandrapur before allocating government training resources.,Confidence rating (0.4) is below the required operational threshold (0.5).,"{'supply_score': 3.41, 'current_demand_score': 50.0, 'current_gap': 46.59, 'priority_score': 48.05, 'future_demand_score': None, 'future_gap': None, 'growth_trend': None}",0.4,"{'has_supply': True, 'has_current_demand': False, 'has_future_demand': False}"
chandrapur,,refrigeration and air conditioner technician,Insufficient Data,Data Ingestion Required,Collect further supply and demand data for refrigeration and air conditioner technician in chandrapur before allocating government training resources.,Confidence rating (0.4) is below the required operational threshold (0.5).,"{'supply_score': 3.41, 'current_demand_score': 50.0, 'current_gap': 46.59, 'priority_score': 48.05, 'future_demand_score': None, 'future_gap': None, 'growth_trend': None}",0.4,"{'has_supply': True, 'has_current_demand': False, 'has_future_demand': False}"
chhatrapati sambhajinagar,,electronics mechanic,Insufficient Data,Data Ingestion Required,Collect further supply and demand data for electronics mechanic in chhatrapati sambhajinagar before allocating government training resources.,Confidence rating (0.4) is below the required operational threshold (0.5).,"{'supply_score': 3.41, 'current_demand_score': 50.0, 'current_gap': 46.59, 'priority_score': 48.05, 'future_demand_score': None, 'future_gap': None, 'growth_trend': None}",0.4,"{'has_supply': True, 'has_current_demand': False, 'has_future_demand': False}"
chhatrapati sambhajinagar,,wood work technician,Insufficient Data,Data Ingestion Required,Collect further supply and demand data for wood work technician in chhatrapati sambhajinagar before allocating government training resources.,Confidence rating (0.4) is below the required operational threshold (0.5).,"{'supply_score': 3.41, 'current_demand_score': 50.0, 'current_gap': 46.59, 'priority_score': 48.05, 'future_demand_score': None, 'future_gap': None, 'growth_trend': None}",0.4,"{'has_supply': True, 'has_current_demand': False, 'has_future_demand': False}"
dharashiv,,electronics mechanic,Insufficient Data,Data Ingestion Required,Collect further supply and demand data for electronics mechanic in dharashiv before allocating government training resources.,Confidence rating (0.4) is below the required operational threshold (0.5).,"{'supply_score': 3.41, 'current_demand_score': 50.0, 'current_gap': 46.59, 'priority_score': 48.05, 'future_demand_score': None, 'future_gap': None, 'growth_trend': None}",0.4,"{'has_supply': True, 'has_current_demand': False, 'has_future_demand': False}"
gadchiroli,,mechanic motor vehicle,Insufficient Data,Data Ingestion Required,Collect further supply and demand data for mechanic motor vehicle in gadchiroli before allocating government training resources.,Confidence rating (0.4) is below the required operational threshold (0.5).,"{'supply_score': 3.41, 'current_demand_score': 50.0, 'current_gap': 46.59, 'priority_score': 48.05, 'future_demand_score': None, 'future_gap': None, 'growth_trend': None}",0.4,"{'has_supply': True, 'has_current_demand': False, 'has_future_demand': False}"
gadchiroli,,refrigeration and air conditioner technician,Insufficient Data,Data Ingestion Required,Collect further supply and demand data for refrigeration and air conditioner technician in gadchiroli before allocating government training resources.,Confidence rating (0.4) is below the required operational threshold (0.5).,"{'supply_score': 3.41, 'current_demand_score': 50.0, 'current_gap': 46.59, 'priority_score': 48.05, 'future_demand_score': None, 'future_gap': None, 'growth_trend': None}",0.4,"{'has_supply': True, 'has_current_demand': False, 'has_future_demand': False}"
gondia,,computer operator and programming assistant,Insufficient Data,Data Ingestion Required,Collect further supply and demand data for computer operator and programming assistant in gondia before allocating government training resources.,Confidence rating (0.4) is below the required operational threshold (0.5).,"{'supply_score': 3.41, 'current_demand_score': 50.0, 'current_gap': 46.59, 'priority_score': 48.05, 'future_demand_score': None, 'future_gap': None, 'growth_trend': None}",0.4,"{'has_supply': True, 'has_current_demand': False, 'has_future_demand': False}"
gondia,,mechanic diesel,Insufficient Data,Data Ingestion Required,Collect further supply and demand data for mechanic diesel in gondia before allocating government training resources.,Confidence rating (0.4) is below the required operational threshold (0.5).,"{'supply_score': 3.41, 'current_demand_score': 50.0, 'current_gap': 46.59, 'priority_score': 48.05, 'future_demand_score': None, 'future_gap': None, 'growth_trend': None}",0.4,"{'has_supply': True, 'has_current_demand': False, 'has_future_demand': False}"
gondia,,mechanic motor vehicle,Insufficient Data,Data Ingestion Required,Collect further supply and demand data for mechanic motor vehicle in gondia before allocating government training resources.,Confidence rating (0.4) is below the required operational threshold (0.5).,"{'supply_score': 3.41, 'current_demand_score': 50.0, 'current_gap': 46.59, 'priority_score': 48.05, 'future_demand_score': None, 'future_gap': None, 'growth_trend': None}",0.4,"{'has_supply': True, 'has_current_demand': False, 'has_future_demand': False}"
jalgaon,,electronics mechanic,Insufficient Data,Data Ingestion Required,Collect further supply and demand data for electronics mechanic in jalgaon before allocating government training resources.,Confidence rating (0.4) is below the required operational threshold (0.5).,"{'supply_score': 3.41, 'current_demand_score': 50.0, 'current_gap': 46.59, 'priority_score': 48.05, 'future_demand_score': None, 'future_gap': None, 'growth_trend': None}",0.4,"{'has_supply': True, 'has_current_demand': False, 'has_future_demand': False}"
jalgaon,,health sanitary inspector,Insufficient Data,Data Ingestion Required,Collect further supply and demand data for health sanitary inspector in jalgaon before allocating government training resources.,Confidence rating (0.4) is below the required operational threshold (0.5).,"{'supply_score': 3.41, 'current_demand_score': 50.0, 'current_gap': 46.59, 'priority_score': 48.05, 'future_demand_score': None, 'future_gap': None, 'growth_trend': None}",0.4,"{'has_supply': True, 'has_current_demand': False, 'has_future_demand': False}"
jalna,,computer operator and programming assistant,Insufficient Data,Data Ingestion Required,Collect further supply and demand data for computer operator and programming assistant in jalna before allocating government training resources.,Confidence rating (0.4) is below the required operational threshold (0.5).,"{'supply_score': 3.41, 'current_demand_score': 50.0, 'current_gap': 46.59, 'priority_score': 48.05, 'future_demand_score': None, 'future_gap': None, 'growth_trend': None}",0.4,"{'has_supply': True, 'has_current_demand': False, 'has_future_demand': False}"
latur,,mechanic motor vehicle,Insufficient Data,Data Ingestion Required,Collect further supply and demand data for mechanic motor vehicle in latur before allocating government training resources.,Confidence rating (0.4) is below the required operational threshold (0.5).,"{'supply_score': 3.41, 'current_demand_score': 50.0, 'current_gap': 46.59, 'priority_score': 48.05, 'future_demand_score': None, 'future_gap': None, 'growth_trend': None}",0.4,"{'has_supply': True, 'has_current_demand': False, 'has_future_demand': False}"
latur,,surveyor,Insufficient Data,Data Ingestion Required,Collect further supply and demand data for surveyor in latur before allocating government training resources.,Confidence rating (0.4) is below the required operational threshold (0.5).,"{'supply_score': 3.41, 'current_demand_score': 50.0, 'current_gap': 46.59, 'priority_score': 48.05, 'future_demand_score': None, 'future_gap': None, 'growth_trend': None}",0.4,"{'has_supply': True, 'has_current_demand': False, 'has_future_demand': False}"
latur,,wood work technician,Insufficient Data,Data Ingestion Required,Collect further supply and demand data for wood work technician in latur before allocating government training resources.,Confidence rating (0.4) is below the required operational threshold (0.5).,"{'supply_score': 3.41, 'current_demand_score': 50.0, 'current_gap': 46.59, 'priority_score': 48.05, 'future_demand_score': None, 'future_gap': None, 'growth_trend': None}",0.4,"{'has_supply': True, 'has_current_demand': False, 'has_future_demand': False}"
mumbai,,computer hardware and network maintenance,Insufficient Data,Data Ingestion Required,Collect further supply and demand data for computer hardware and network maintenance in mumbai before allocating government training resources.,Confidence rating (0.4) is below the required operational threshold (0.5).,"{'supply_score': 3.41, 'current_demand_score': 50.0, 'current_gap': 46.59, 'priority_score': 48.05, 'future_demand_score': None, 'future_gap': None, 'growth_trend': None}",0.4,"{'has_supply': True, 'has_current_demand': False, 'has_future_demand': False}"
mumbai suburban,,food production (general),Insufficient Data,Data Ingestion Required,Collect further supply and demand data for food production (general) in mumbai suburban before allocating government training resources.,Confidence rating (0.4) is below the required operational threshold (0.5).,"{'supply_score': 3.41, 'current_demand_score': 50.0, 'current_gap': 46.59, 'priority_score': 48.05, 'future_demand_score': None, 'future_gap': None, 'growth_trend': None}",0.4,"{'has_supply': True, 'has_current_demand': False, 'has_future_demand': False}"
mumbai suburban,,information and communication technology system maintenance,Insufficient Data,Data Ingestion Required,Collect further supply and demand data for information and communication technology system maintenance in mumbai suburban before allocating government training resources.,Confidence rating (0.4) is below the required operational threshold (0.5).,"{'supply_score': 3.41, 'current_demand_score': 50.0, 'current_gap': 46.59, 'priority_score': 48.05, 'future_demand_score': None, 'future_gap': None, 'growth_trend': None}",0.4,"{'has_supply': True, 'has_current_demand': False, 'has_future_demand': False}"
nagpur,,information and communication technology system maintenance,Insufficient Data,Data Ingestion Required,Collect further supply and demand data for information and communication technology system maintenance in nagpur before allocating government training resources.,Confidence rating (0.4) is below the required operational threshold (0.5).,"{'supply_score': 3.41, 'current_demand_score': 50.0, 'current_gap': 46.59, 'priority_score': 48.05, 'future_demand_score': None, 'future_gap': None, 'growth_trend': None}",0.4,"{'has_supply': True, 'has_current_demand': False, 'has_future_demand': False}"
nashik,,refrigeration and air conditioner technician,Insufficient Data,Data Ingestion Required,Collect further supply and demand data for refrigeration and air conditioner technician in nashik before allocating government training resources.,Confidence rating (0.4) is below the required operational threshold (0.5).,"{'supply_score': 3.41, 'current_demand_score': 50.0, 'current_gap': 46.59, 'priority_score': 48.05, 'future_demand_score': None, 'future_gap': None, 'growth_trend': None}",0.4,"{'has_supply': True, 'has_current_demand': False, 'has_future_demand': False}"
nashik,,surveyor,Insufficient Data,Data Ingestion Required,Collect further supply and demand data for surveyor in nashik before allocating government training resources.,Confidence rating (0.4) is below the required operational threshold (0.5).,"{'supply_score': 3.41, 'current_demand_score': 50.0, 'current_gap': 46.59, 'priority_score': 48.05, 'future_demand_score': None, 'future_gap': None, 'growth_trend': None}",0.4,"{'has_supply': True, 'has_current_demand': False, 'has_future_demand': False}"
palghar,,mechanic motor vehicle,Insufficient Data,Data Ingestion Required,Collect further supply and demand data for mechanic motor vehicle in palghar before allocating government training resources.,Confidence rating (0.4) is below the required operational threshold (0.5).,"{'supply_score': 3.41, 'current_demand_score': 50.0, 'current_gap': 46.59, 'priority_score': 48.05, 'future_demand_score': None, 'future_gap': None, 'growth_trend': None}",0.4,"{'has_supply': True, 'has_current_demand': False, 'has_future_demand': False}"
palghar,,refrigeration and air conditioner technician,Insufficient Data,Data Ingestion Required,Collect further supply and demand data for refrigeration and air conditioner technician in palghar before allocating government training resources.,Confidence rating (0.4) is below the required operational threshold (0.5).,"{'supply_score': 3.41, 'current_demand_score': 50.0, 'current_gap': 46.59, 'priority_score': 48.05, 'future_demand_score': None, 'future_gap': None, 'growth_trend': None}",0.4,"{'has_supply': True, 'has_current_demand': False, 'has_future_demand': False}"
parbhani,,cosmetology,Insufficient Data,Data Ingestion Required,Collect further supply and demand data for cosmetology in parbhani before allocating government training resources.,Confidence rating (0.4) is below the required operational threshold (0.5).,"{'supply_score': 3.41, 'current_demand_score': 50.0, 'current_gap': 46.59, 'priority_score': 48.05, 'future_demand_score': None, 'future_gap': None, 'growth_trend': None}",0.4,"{'has_supply': True, 'has_current_demand': False, 'has_future_demand': False}"
parbhani,,mechanic diesel,Insufficient Data,Data Ingestion Required,Collect further supply and demand data for mechanic diesel in parbhani before allocating government training resources.,Confidence rating (0.4) is below the required operational threshold (0.5).,"{'supply_score': 3.41, 'current_demand_score': 50.0, 'current_gap': 46.59, 'priority_score': 48.05, 'future_demand_score': None, 'future_gap': None, 'growth_trend': None}",0.4,"{'has_supply': True, 'has_current_demand': False, 'has_future_demand': False}"
pune,,computer hardware and network maintenance,Insufficient Data,Data Ingestion Required,Collect further supply and demand data for computer hardware and network maintenance in pune before allocating government training resources.,Confidence rating (0.4) is below the required operational threshold (0.5).,"{'supply_score': 3.41, 'current_demand_score': 50.0, 'current_gap': 46.59, 'priority_score': 48.05, 'future_demand_score': None, 'future_gap': None, 'growth_trend': None}",0.4,"{'has_supply': True, 'has_current_demand': False, 'has_future_demand': False}"
pune,,information and communication technology system maintenance,Insufficient Data,Data Ingestion Required,Collect further supply and demand data for information and communication technology system maintenance in pune before allocating government training resources.,Confidence rating (0.4) is below the required operational threshold (0.5).,"{'supply_score': 3.41, 'current_demand_score': 50.0, 'current_gap': 46.59, 'priority_score': 48.05, 'future_demand_score': None, 'future_gap': None, 'growth_trend': None}",0.4,"{'has_supply': True, 'has_current_demand': False, 'has_future_demand': False}"
pune,,surveyor,Insufficient Data,Data Ingestion Required,Collect further supply and demand data for surveyor in pune before allocating government training resources.,Confidence rating (0.4) is below the required operational threshold (0.5).,"{'supply_score': 3.41, 'current_demand_score': 50.0, 'current_gap': 46.59, 'priority_score': 48.05, 'future_demand_score': None, 'future_gap': None, 'growth_trend': None}",0.4,"{'has_supply': True, 'has_current_demand': False, 'has_future_demand': False}"
raigad,,attendant operator (chemical plant),Insufficient Data,Data Ingestion Required,Collect further supply and demand data for attendant operator (chemical plant) in raigad before allocating government training resources.,Confidence rating (0.4) is below the required operational threshold (0.5).,"{'supply_score': 3.41, 'current_demand_score': 50.0, 'current_gap': 46.59, 'priority_score': 48.05, 'future_demand_score': None, 'future_gap': None, 'growth_trend': None}",0.4,"{'has_supply': True, 'has_current_demand': False, 'has_future_demand': False}"
raigad,,mechanic diesel,Insufficient Data,Data Ingestion Required,Collect further supply and demand data for mechanic diesel in raigad before allocating government training resources.,Confidence rating (0.4) is below the required operational threshold (0.5).,"{'supply_score': 3.41, 'current_demand_score': 50.0, 'current_gap': 46.59, 'priority_score': 48.05, 'future_demand_score': None, 'future_gap': None, 'growth_trend': None}",0.4,"{'has_supply': True, 'has_current_demand': False, 'has_future_demand': False}"
ratnagiri,,draughtsman civil,Insufficient Data,Data Ingestion Required,Collect further supply and demand data for draughtsman civil in ratnagiri before allocating government training resources.,Confidence rating (0.4) is below the required operational threshold (0.5).,"{'supply_score': 3.41, 'current_demand_score': 50.0, 'current_gap': 46.59, 'priority_score': 48.05, 'future_demand_score': None, 'future_gap': None, 'growth_trend': None}",0.4,"{'has_supply': True, 'has_current_demand': False, 'has_future_demand': False}"
sangli,,electronics mechanic,Insufficient Data,Data Ingestion Required,Collect further supply and demand data for electronics mechanic in sangli before allocating government training resources.,Confidence rating (0.4) is below the required operational threshold (0.5).,"{'supply_score': 3.41, 'current_demand_score': 50.0, 'current_gap': 46.59, 'priority_score': 48.05, 'future_demand_score': None, 'future_gap': None, 'growth_trend': None}",0.4,"{'has_supply': True, 'has_current_demand': False, 'has_future_demand': False}"
satara,,plumber,Insufficient Data,Data Ingestion Required,Collect further supply and demand data for plumber in satara before allocating government training resources.,Confidence rating (0.4) is below the required operational threshold (0.5).,"{'supply_score': 3.41, 'current_demand_score': 50.0, 'current_gap': 46.59, 'priority_score': 48.05, 'future_demand_score': None, 'future_gap': None, 'growth_trend': None}",0.4,"{'has_supply': True, 'has_current_demand': False, 'has_future_demand': False}"
sindhudurg,,geo-informatics assistant,Insufficient Data,Data Ingestion Required,Collect further supply and demand data for geo-informatics assistant in sindhudurg before allocating government training resources.,Confidence rating (0.4) is below the required operational threshold (0.5).,"{'supply_score': 3.41, 'current_demand_score': 50.0, 'current_gap': 46.59, 'priority_score': 48.05, 'future_demand_score': None, 'future_gap': None, 'growth_trend': None}",0.4,"{'has_supply': True, 'has_current_demand': False, 'has_future_demand': False}"
solapur,,electronics mechanic,Insufficient Data,Data Ingestion Required,Collect further supply and demand data for electronics mechanic in solapur before allocating government training resources.,Confidence rating (0.4) is below the required operational threshold (0.5).,"{'supply_score': 3.41, 'current_demand_score': 50.0, 'current_gap': 46.59, 'priority_score': 48.05, 'future_demand_score': None, 'future_gap': None, 'growth_trend': None}",0.4,"{'has_supply': True, 'has_current_demand': False, 'has_future_demand': False}"
solapur,,refrigeration and air conditioner technician,Insufficient Data,Data Ingestion Required,Collect further supply and demand data for refrigeration and air conditioner technician in solapur before allocating government training resources.,Confidence rating (0.4) is below the required operational threshold (0.5).,"{'supply_score': 3.41, 'current_demand_score': 50.0, 'current_gap': 46.59, 'priority_score': 48.05, 'future_demand_score': None, 'future_gap': None, 'growth_trend': None}",0.4,"{'has_supply': True, 'has_current_demand': False, 'has_future_demand': False}"
solapur,,wood work technician,Insufficient Data,Data Ingestion Required,Collect further supply and demand data for wood work technician in solapur before allocating government training resources.,Confidence rating (0.4) is below the required operational threshold (0.5).,"{'supply_score': 3.41, 'current_demand_score': 50.0, 'current_gap': 46.59, 'priority_score': 48.05, 'future_demand_score': None, 'future_gap': None, 'growth_trend': None}",0.4,"{'has_supply': True, 'has_current_demand': False, 'has_future_demand': False}"
thane,,cosmetology,Insufficient Data,Data Ingestion Required,Collect further supply and demand data for cosmetology in thane before allocating government training resources.,Confidence rating (0.4) is below the required operational threshold (0.5).,"{'supply_score': 3.41, 'current_demand_score': 50.0, 'current_gap': 46.59, 'priority_score': 48.05, 'future_demand_score': None, 'future_gap': None, 'growth_trend': None}",0.4,"{'has_supply': True, 'has_current_demand': False, 'has_future_demand': False}"
thane,,electronics mechanic,Insufficient Data,Data Ingestion Required,Collect further supply and demand data for electronics mechanic in thane before allocating government training resources.,Confidence rating (0.4) is below the required operational threshold (0.5).,"{'supply_score': 3.41, 'current_demand_score': 50.0, 'current_gap': 46.59, 'priority_score': 48.05, 'future_demand_score': None, 'future_gap': None, 'growth_trend': None}",0.4,"{'has_supply': True, 'has_current_demand': False, 'has_future_demand': False}"
thane,,plumber,Insufficient Data,Data Ingestion Required,Collect further supply and demand data for plumber in thane before allocating government training resources.,Confidence rating (0.4) is below the required operational threshold (0.5).,"{'supply_score': 3.41, 'current_demand_score': 50.0, 'current_gap': 46.59, 'priority_score': 48.05, 'future_demand_score': None, 'future_gap': None, 'growth_trend': None}",0.4,"{'has_supply': True, 'has_current_demand': False, 'has_future_demand': False}"
thane,,stenographer secretarial assistant (english),Insufficient Data,Data Ingestion Required,Collect further supply and demand data for stenographer secretarial assistant (english) in thane before allocating government training resources.,Confidence rating (0.4) is below the required operational threshold (0.5).,"{'supply_score': 3.41, 'current_demand_score': 50.0, 'current_gap': 46.59, 'priority_score': 48.05, 'future_demand_score': None, 'future_gap': None, 'growth_trend': None}",0.4,"{'has_supply': True, 'has_current_demand': False, 'has_future_demand': False}"
washim,,mechanic motor vehicle,Insufficient Data,Data Ingestion Required,Collect further supply and demand data for mechanic motor vehicle in washim before allocating government training resources.,Confidence rating (0.4) is below the required operational threshold (0.5).,"{'supply_score': 3.41, 'current_demand_score': 50.0, 'current_gap': 46.59, 'priority_score': 48.05, 'future_demand_score': None, 'future_gap': None, 'growth_trend': None}",0.4,"{'has_supply': True, 'has_current_demand': False, 'has_future_demand': False}"
washim,,wood work technician,Insufficient Data,Data Ingestion Required,Collect further supply and demand data for wood work technician in washim before allocating government training resources.,Confidence rating (0.4) is below the required operational threshold (0.5).,"{'supply_score': 3.41, 'current_demand_score': 50.0, 'current_gap': 46.59, 'priority_score': 48.05, 'future_demand_score': None, 'future_gap': None, 'growth_trend': None}",0.4,"{'has_supply': True, 'has_current_demand': False, 'has_future_demand': False}"
yavatmal,,electronics mechanic,Insufficient Data,Data Ingestion Required,Collect further supply and demand data for electronics mechanic in yavatmal before allocating government training resources.,Confidence rating (0.4) is below the required operational threshold (0.5).,"{'supply_score': 3.41, 'current_demand_score': 50.0, 'current_gap': 46.59, 'priority_score': 48.05, 'future_demand_score': None, 'future_gap': None, 'growth_trend': None}",0.4,"{'has_supply': True, 'has_current_demand': False, 'has_future_demand': False}"
ahmednagar,,machinist,Insufficient Data,Data Ingestion Required,Collect further supply and demand data for machinist in ahmednagar before allocating government training resources.,Confidence rating (0.4) is below the required operational threshold (0.5).,"{'supply_score': 3.58, 'current_demand_score': 50.0, 'current_gap': 46.42, 'priority_score': 47.95, 'future_demand_score': None, 'future_gap': None, 'growth_trend': None}",0.4,"{'has_supply': True, 'has_current_demand': False, 'has_future_demand': False}"
chandrapur,,pump operator cum mechanic,Insufficient Data,Data Ingestion Required,Collect further supply and demand data for pump operator cum mechanic in chandrapur before allocating government training resources.,Confidence rating (0.4) is below the required operational threshold (0.5).,"{'supply_score': 3.58, 'current_demand_score': 50.0, 'current_gap': 46.42, 'priority_score': 47.95, 'future_demand_score': None, 'future_gap': None, 'growth_trend': None}",0.4,"{'has_supply': True, 'has_current_demand': False, 'has_future_demand': False}"
gadchiroli,,mechanic tractor,Insufficient Data,Data Ingestion Required,Collect further supply and demand data for mechanic tractor in gadchiroli before allocating government training resources.,Confidence rating (0.4) is below the required operational threshold (0.5).,"{'supply_score': 3.58, 'current_demand_score': 50.0, 'current_gap': 46.42, 'priority_score': 47.95, 'future_demand_score': None, 'future_gap': None, 'growth_trend': None}",0.4,"{'has_supply': True, 'has_current_demand': False, 'has_future_demand': False}"
gondia,,dress making,Insufficient Data,Data Ingestion Required,Collect further supply and demand data for dress making in gondia before allocating government training resources.,Confidence rating (0.4) is below the required operational threshold (0.5).,"{'supply_score': 3.58, 'current_demand_score': 50.0, 'current_gap': 46.42, 'priority_score': 47.95, 'future_demand_score': None, 'future_gap': None, 'growth_trend': None}",0.4,"{'has_supply': True, 'has_current_demand': False, 'has_future_demand': False}"
jalgaon,,fitter under dual training system,Insufficient Data,Data Ingestion Required,Collect further supply and demand data for fitter under dual training system in jalgaon before allocating government training resources.,Confidence rating (0.4) is below the required operational threshold (0.5).,"{'supply_score': 3.58, 'current_demand_score': 50.0, 'current_gap': 46.42, 'priority_score': 47.95, 'future_demand_score': None, 'future_gap': None, 'growth_trend': None}",0.4,"{'has_supply': True, 'has_current_demand': False, 'has_future_demand': False}"
jalgaon,,machinist,Insufficient Data,Data Ingestion Required,Collect further supply and demand data for machinist in jalgaon before allocating government training resources.,Confidence rating (0.4) is below the required operational threshold (0.5).,"{'supply_score': 3.58, 'current_demand_score': 50.0, 'current_gap': 46.42, 'priority_score': 47.95, 'future_demand_score': None, 'future_gap': None, 'growth_trend': None}",0.4,"{'has_supply': True, 'has_current_demand': False, 'has_future_demand': False}"
jalna,,dress making,Insufficient Data,Data Ingestion Required,Collect further supply and demand data for dress making in jalna before allocating government training resources.,Confidence rating (0.4) is below the required operational threshold (0.5).,"{'supply_score': 3.58, 'current_demand_score': 50.0, 'current_gap': 46.42, 'priority_score': 47.95, 'future_demand_score': None, 'future_gap': None, 'growth_trend': None}",0.4,"{'has_supply': True, 'has_current_demand': False, 'has_future_demand': False}"
latur,,machinist,Insufficient Data,Data Ingestion Required,Collect further supply and demand data for machinist in latur before allocating government training resources.,Confidence rating (0.4) is below the required operational threshold (0.5).,"{'supply_score': 3.58, 'current_demand_score': 50.0, 'current_gap': 46.42, 'priority_score': 47.95, 'future_demand_score': None, 'future_gap': None, 'growth_trend': None}",0.4,"{'has_supply': True, 'has_current_demand': False, 'has_future_demand': False}"
mumbai,,draughtsman mechanical,Insufficient Data,Data Ingestion Required,Collect further supply and demand data for draughtsman mechanical in mumbai before allocating government training resources.,Confidence rating (0.4) is below the required operational threshold (0.5).,"{'supply_score': 3.58, 'current_demand_score': 50.0, 'current_gap': 46.42, 'priority_score': 47.95, 'future_demand_score': None, 'future_gap': None, 'growth_trend': None}",0.4,"{'has_supply': True, 'has_current_demand': False, 'has_future_demand': False}"
mumbai,,welder,Insufficient Data,Data Ingestion Required,Collect further supply and demand data for welder in mumbai before allocating government training resources.,Confidence rating (0.4) is below the required operational threshold (0.5).,"{'supply_score': 3.58, 'current_demand_score': 50.0, 'current_gap': 46.42, 'priority_score': 47.95, 'future_demand_score': None, 'future_gap': None, 'growth_trend': None}",0.4,"{'has_supply': True, 'has_current_demand': False, 'has_future_demand': False}"
mumbai suburban,,wireman,Insufficient Data,Data Ingestion Required,Collect further supply and demand data for wireman in mumbai suburban before allocating government training resources.,Confidence rating (0.4) is below the required operational threshold (0.5).,"{'supply_score': 3.58, 'current_demand_score': 50.0, 'current_gap': 46.42, 'priority_score': 47.95, 'future_demand_score': None, 'future_gap': None, 'growth_trend': None}",0.4,"{'has_supply': True, 'has_current_demand': False, 'has_future_demand': False}"
nagpur,,dress making,Insufficient Data,Data Ingestion Required,Collect further supply and demand data for dress making in nagpur before allocating government training resources.,Confidence rating (0.4) is below the required operational threshold (0.5).,"{'supply_score': 3.58, 'current_demand_score': 50.0, 'current_gap': 46.42, 'priority_score': 47.95, 'future_demand_score': None, 'future_gap': None, 'growth_trend': None}",0.4,"{'has_supply': True, 'has_current_demand': False, 'has_future_demand': False}"
nagpur,,machinist,Insufficient Data,Data Ingestion Required,Collect further supply and demand data for machinist in nagpur before allocating government training resources.,Confidence rating (0.4) is below the required operational threshold (0.5).,"{'supply_score': 3.58, 'current_demand_score': 50.0, 'current_gap': 46.42, 'priority_score': 47.95, 'future_demand_score': None, 'future_gap': None, 'growth_trend': None}",0.4,"{'has_supply': True, 'has_current_demand': False, 'has_future_demand': False}"
nagpur,,pump operator cum mechanic,Insufficient Data,Data Ingestion Required,Collect further supply and demand data for pump operator cum mechanic in nagpur before allocating government training resources.,Confidence rating (0.4) is below the required operational threshold (0.5).,"{'supply_score': 3.58, 'current_demand_score': 50.0, 'current_gap': 46.42, 'priority_score': 47.95, 'future_demand_score': None, 'future_gap': None, 'growth_trend': None}",0.4,"{'has_supply': True, 'has_current_demand': False, 'has_future_demand': False}"
nandurbar,,dress making,Insufficient Data,Data Ingestion Required,Collect further supply and demand data for dress making in nandurbar before allocating government training resources.,Confidence rating (0.4) is below the required operational threshold (0.5).,"{'supply_score': 3.58, 'current_demand_score': 50.0, 'current_gap': 46.42, 'priority_score': 47.95, 'future_demand_score': None, 'future_gap': None, 'growth_trend': None}",0.4,"{'has_supply': True, 'has_current_demand': False, 'has_future_demand': False}"
nandurbar,,sewing technology,Insufficient Data,Data Ingestion Required,Collect further supply and demand data for sewing technology in nandurbar before allocating government training resources.,Confidence rating (0.4) is below the required operational threshold (0.5).,"{'supply_score': 3.58, 'current_demand_score': 50.0, 'current_gap': 46.42, 'priority_score': 47.95, 'future_demand_score': None, 'future_gap': None, 'growth_trend': None}",0.4,"{'has_supply': True, 'has_current_demand': False, 'has_future_demand': False}"
palghar,,wireman,Insufficient Data,Data Ingestion Required,Collect further supply and demand data for wireman in palghar before allocating government training resources.,Confidence rating (0.4) is below the required operational threshold (0.5).,"{'supply_score': 3.58, 'current_demand_score': 50.0, 'current_gap': 46.42, 'priority_score': 47.95, 'future_demand_score': None, 'future_gap': None, 'growth_trend': None}",0.4,"{'has_supply': True, 'has_current_demand': False, 'has_future_demand': False}"
raigad,,machinist,Insufficient Data,Data Ingestion Required,Collect further supply and demand data for machinist in raigad before allocating government training resources.,Confidence rating (0.4) is below the required operational threshold (0.5).,"{'supply_score': 3.58, 'current_demand_score': 50.0, 'current_gap': 46.42, 'priority_score': 47.95, 'future_demand_score': None, 'future_gap': None, 'growth_trend': None}",0.4,"{'has_supply': True, 'has_current_demand': False, 'has_future_demand': False}"
raigad,,turner,Insufficient Data,Data Ingestion Required,Collect further supply and demand data for turner in raigad before allocating government training resources.,Confidence rating (0.4) is below the required operational threshold (0.5).,"{'supply_score': 3.58, 'current_demand_score': 50.0, 'current_gap': 46.42, 'priority_score': 47.95, 'future_demand_score': None, 'future_gap': None, 'growth_trend': None}",0.4,"{'has_supply': True, 'has_current_demand': False, 'has_future_demand': False}"
ratnagiri,,dress making,Insufficient Data,Data Ingestion Required,Collect further supply and demand data for dress making in ratnagiri before allocating government training resources.,Confidence rating (0.4) is below the required operational threshold (0.5).,"{'supply_score': 3.58, 'current_demand_score': 50.0, 'current_gap': 46.42, 'priority_score': 47.95, 'future_demand_score': None, 'future_gap': None, 'growth_trend': None}",0.4,"{'has_supply': True, 'has_current_demand': False, 'has_future_demand': False}"
sindhudurg,,electrician,Insufficient Data,Data Ingestion Required,Collect further supply and demand data for electrician in sindhudurg before allocating government training resources.,Confidence rating (0.4) is below the required operational threshold (0.5).,"{'supply_score': 3.58, 'current_demand_score': 50.0, 'current_gap': 46.42, 'priority_score': 47.95, 'future_demand_score': None, 'future_gap': None, 'growth_trend': None}",0.4,"{'has_supply': True, 'has_current_demand': False, 'has_future_demand': False}"
solapur,,machinist,Insufficient Data,Data Ingestion Required,Collect further supply and demand data for machinist in solapur before allocating government training resources.,Confidence rating (0.4) is below the required operational threshold (0.5).,"{'supply_score': 3.58, 'current_demand_score': 50.0, 'current_gap': 46.42, 'priority_score': 47.95, 'future_demand_score': None, 'future_gap': None, 'growth_trend': None}",0.4,"{'has_supply': True, 'has_current_demand': False, 'has_future_demand': False}"
solapur,,mechanic tractor,Insufficient Data,Data Ingestion Required,Collect further supply and demand data for mechanic tractor in solapur before allocating government training resources.,Confidence rating (0.4) is below the required operational threshold (0.5).,"{'supply_score': 3.58, 'current_demand_score': 50.0, 'current_gap': 46.42, 'priority_score': 47.95, 'future_demand_score': None, 'future_gap': None, 'growth_trend': None}",0.4,"{'has_supply': True, 'has_current_demand': False, 'has_future_demand': False}"
thane,,machinist,Insufficient Data,Data Ingestion Required,Collect further supply and demand data for machinist in thane before allocating government training resources.,Confidence rating (0.4) is below the required operational threshold (0.5).,"{'supply_score': 3.58, 'current_demand_score': 50.0, 'current_gap': 46.42, 'priority_score': 47.95, 'future_demand_score': None, 'future_gap': None, 'growth_trend': None}",0.4,"{'has_supply': True, 'has_current_demand': False, 'has_future_demand': False}"
yavatmal,,sewing technology,Insufficient Data,Data Ingestion Required,Collect further supply and demand data for sewing technology in yavatmal before allocating government training resources.,Confidence rating (0.4) is below the required operational threshold (0.5).,"{'supply_score': 3.58, 'current_demand_score': 50.0, 'current_gap': 46.42, 'priority_score': 47.95, 'future_demand_score': None, 'future_gap': None, 'growth_trend': None}",0.4,"{'has_supply': True, 'has_current_demand': False, 'has_future_demand': False}"
ahmednagar,,plumber,Insufficient Data,Data Ingestion Required,Collect further supply and demand data for plumber in ahmednagar before allocating government training resources.,Confidence rating (0.4) is below the required operational threshold (0.5).,"{'supply_score': 4.44, 'current_demand_score': 50.0, 'current_gap': 45.56, 'priority_score': 47.46, 'future_demand_score': None, 'future_gap': None, 'growth_trend': None}",0.4,"{'has_supply': True, 'has_current_demand': False, 'has_future_demand': False}"
akola,,cosmetology,Insufficient Data,Data Ingestion Required,Collect further supply and demand data for cosmetology in akola before allocating government training resources.,Confidence rating (0.4) is below the required operational threshold (0.5).,"{'supply_score': 4.44, 'current_demand_score': 50.0, 'current_gap': 45.56, 'priority_score': 47.46, 'future_demand_score': None, 'future_gap': None, 'growth_trend': None}",0.4,"{'has_supply': True, 'has_current_demand': False, 'has_future_demand': False}"
akola,,fashion design and technology,Insufficient Data,Data Ingestion Required,Collect further supply and demand data for fashion design and technology in akola before allocating government training resources.,Confidence rating (0.4) is below the required operational threshold (0.5).,"{'supply_score': 4.44, 'current_demand_score': 50.0, 'current_gap': 45.56, 'priority_score': 47.46, 'future_demand_score': None, 'future_gap': None, 'growth_trend': None}",0.4,"{'has_supply': True, 'has_current_demand': False, 'has_future_demand': False}"
amravati,,refrigeration and air conditioner technician,Insufficient Data,Data Ingestion Required,Collect further supply and demand data for refrigeration and air conditioner technician in amravati before allocating government training resources.,Confidence rating (0.4) is below the required operational threshold (0.5).,"{'supply_score': 4.44, 'current_demand_score': 50.0, 'current_gap': 45.56, 'priority_score': 47.46, 'future_demand_score': None, 'future_gap': None, 'growth_trend': None}",0.4,"{'has_supply': True, 'has_current_demand': False, 'has_future_demand': False}"
amravati,,sheet metal worker,Insufficient Data,Data Ingestion Required,Collect further supply and demand data for sheet metal worker in amravati before allocating government training resources.,Confidence rating (0.4) is below the required operational threshold (0.5).,"{'supply_score': 4.44, 'current_demand_score': 50.0, 'current_gap': 45.56, 'priority_score': 47.46, 'future_demand_score': None, 'future_gap': None, 'growth_trend': None}",0.4,"{'has_supply': True, 'has_current_demand': False, 'has_future_demand': False}"
beed,,sheet metal worker,Insufficient Data,Data Ingestion Required,Collect further supply and demand data for sheet metal worker in beed before allocating government training resources.,Confidence rating (0.4) is below the required operational threshold (0.5).,"{'supply_score': 4.44, 'current_demand_score': 50.0, 'current_gap': 45.56, 'priority_score': 47.46, 'future_demand_score': None, 'future_gap': None, 'growth_trend': None}",0.4,"{'has_supply': True, 'has_current_demand': False, 'has_future_demand': False}"
buldhana,,plumber,Insufficient Data,Data Ingestion Required,Collect further supply and demand data for plumber in buldhana before allocating government training resources.,Confidence rating (0.4) is below the required operational threshold (0.5).,"{'supply_score': 4.44, 'current_demand_score': 50.0, 'current_gap': 45.56, 'priority_score': 47.46, 'future_demand_score': None, 'future_gap': None, 'growth_trend': None}",0.4,"{'has_supply': True, 'has_current_demand': False, 'has_future_demand': False}"
chandrapur,,dress making,Insufficient Data,Data Ingestion Required,Collect further supply and demand data for dress making in chandrapur before allocating government training resources.,Confidence rating (0.4) is below the required operational threshold (0.5).,"{'supply_score': 4.44, 'current_demand_score': 50.0, 'current_gap': 45.56, 'priority_score': 47.46, 'future_demand_score': None, 'future_gap': None, 'growth_trend': None}",0.4,"{'has_supply': True, 'has_current_demand': False, 'has_future_demand': False}"
chhatrapati sambhajinagar,,dress making,Insufficient Data,Data Ingestion Required,Collect further supply and demand data for dress making in chhatrapati sambhajinagar before allocating government training resources.,Confidence rating (0.4) is below the required operational threshold (0.5).,"{'supply_score': 4.44, 'current_demand_score': 50.0, 'current_gap': 45.56, 'priority_score': 47.46, 'future_demand_score': None, 'future_gap': None, 'growth_trend': None}",0.4,"{'has_supply': True, 'has_current_demand': False, 'has_future_demand': False}"
chhatrapati sambhajinagar,,mechanic diesel,Insufficient Data,Data Ingestion Required,Collect further supply and demand data for mechanic diesel in chhatrapati sambhajinagar before allocating government training resources.,Confidence rating (0.4) is below the required operational threshold (0.5).,"{'supply_score': 4.44, 'current_demand_score': 50.0, 'current_gap': 45.56, 'priority_score': 47.46, 'future_demand_score': None, 'future_gap': None, 'growth_trend': None}",0.4,"{'has_supply': True, 'has_current_demand': False, 'has_future_demand': False}"
chhatrapati sambhajinagar,,solar technician (electrical),Insufficient Data,Data Ingestion Required,Collect further supply and demand data for solar technician (electrical) in chhatrapati sambhajinagar before allocating government training resources.,Confidence rating (0.4) is below the required operational threshold (0.5).,"{'supply_score': 4.44, 'current_demand_score': 50.0, 'current_gap': 45.56, 'priority_score': 47.46, 'future_demand_score': None, 'future_gap': None, 'growth_trend': None}",0.4,"{'has_supply': True, 'has_current_demand': False, 'has_future_demand': False}"
dharashiv,,dress making,Insufficient Data,Data Ingestion Required,Collect further supply and demand data for dress making in dharashiv before allocating government training resources.,Confidence rating (0.4) is below the required operational threshold (0.5).,"{'supply_score': 4.44, 'current_demand_score': 50.0, 'current_gap': 45.56, 'priority_score': 47.46, 'future_demand_score': None, 'future_gap': None, 'growth_trend': None}",0.4,"{'has_supply': True, 'has_current_demand': False, 'has_future_demand': False}"
dhule,,refrigeration and air conditioner technician,Insufficient Data,Data Ingestion Required,Collect further supply and demand data for refrigeration and air conditioner technician in dhule before allocating government training resources.,Confidence rating (0.4) is below the required operational threshold (0.5).,"{'supply_score': 4.44, 'current_demand_score': 50.0, 'current_gap': 45.56, 'priority_score': 47.46, 'future_demand_score': None, 'future_gap': None, 'growth_trend': None}",0.4,"{'has_supply': True, 'has_current_demand': False, 'has_future_demand': False}"
gadchiroli,,electronics mechanic,Insufficient Data,Data Ingestion Required,Collect further supply and demand data for electronics mechanic in gadchiroli before allocating government training resources.,Confidence rating (0.4) is below the required operational threshold (0.5).,"{'supply_score': 4.44, 'current_demand_score': 50.0, 'current_gap': 45.56, 'priority_score': 47.46, 'future_demand_score': None, 'future_gap': None, 'growth_trend': None}",0.4,"{'has_supply': True, 'has_current_demand': False, 'has_future_demand': False}"
hingoli,,fitter,Insufficient Data,Data Ingestion Required,Collect further supply and demand data for fitter in hingoli before allocating government training resources.,Confidence rating (0.4) is below the required operational threshold (0.5).,"{'supply_score': 4.44, 'current_demand_score': 50.0, 'current_gap': 45.56, 'priority_score': 47.46, 'future_demand_score': None, 'future_gap': None, 'growth_trend': None}",0.4,"{'has_supply': True, 'has_current_demand': False, 'has_future_demand': False}"
jalgaon,,solar technician (electrical),Insufficient Data,Data Ingestion Required,Collect further supply and demand data for solar technician (electrical) in jalgaon before allocating government training resources.,Confidence rating (0.4) is below the required operational threshold (0.5).,"{'supply_score': 4.44, 'current_demand_score': 50.0, 'current_gap': 45.56, 'priority_score': 47.46, 'future_demand_score': None, 'future_gap': None, 'growth_trend': None}",0.4,"{'has_supply': True, 'has_current_demand': False, 'has_future_demand': False}"
jalna,,fitter,Insufficient Data,Data Ingestion Required,Collect further supply and demand data for fitter in jalna before allocating government training resources.,Confidence rating (0.4) is below the required operational threshold (0.5).,"{'supply_score': 4.44, 'current_demand_score': 50.0, 'current_gap': 45.56, 'priority_score': 47.46, 'future_demand_score': None, 'future_gap': None, 'growth_trend': None}",0.4,"{'has_supply': True, 'has_current_demand': False, 'has_future_demand': False}"
latur,,information and communication technology system maintenance,Insufficient Data,Data Ingestion Required,Collect further supply and demand data for information and communication technology system maintenance in latur before allocating government training resources.,Confidence rating (0.4) is below the required operational threshold (0.5).,"{'supply_score': 4.44, 'current_demand_score': 50.0, 'current_gap': 45.56, 'priority_score': 47.46, 'future_demand_score': None, 'future_gap': None, 'growth_trend': None}",0.4,"{'has_supply': True, 'has_current_demand': False, 'has_future_demand': False}"
mumbai,,electronics mechanic,Insufficient Data,Data Ingestion Required,Collect further supply and demand data for electronics mechanic in mumbai before allocating government training resources.,Confidence rating (0.4) is below the required operational threshold (0.5).,"{'supply_score': 4.44, 'current_demand_score': 50.0, 'current_gap': 45.56, 'priority_score': 47.46, 'future_demand_score': None, 'future_gap': None, 'growth_trend': None}",0.4,"{'has_supply': True, 'has_current_demand': False, 'has_future_demand': False}"
mumbai,,interior design and decoration,Insufficient Data,Data Ingestion Required,Collect further supply and demand data for interior design and decoration in mumbai before allocating government training resources.,Confidence rating (0.4) is below the required operational threshold (0.5).,"{'supply_score': 4.44, 'current_demand_score': 50.0, 'current_gap': 45.56, 'priority_score': 47.46, 'future_demand_score': None, 'future_gap': None, 'growth_trend': None}",0.4,"{'has_supply': True, 'has_current_demand': False, 'has_future_demand': False}"
mumbai,,mechanic diesel,Insufficient Data,Data Ingestion Required,Collect further supply and demand data for mechanic diesel in mumbai before allocating government training resources.,Confidence rating (0.4) is below the required operational threshold (0.5).,"{'supply_score': 4.44, 'current_demand_score': 50.0, 'current_gap': 45.56, 'priority_score': 47.46, 'future_demand_score': None, 'future_gap': None, 'growth_trend': None}",0.4,"{'has_supply': True, 'has_current_demand': False, 'has_future_demand': False}"
mumbai,,mechanic motor vehicle,Insufficient Data,Data Ingestion Required,Collect further supply and demand data for mechanic motor vehicle in mumbai before allocating government training resources.,Confidence rating (0.4) is below the required operational threshold (0.5).,"{'supply_score': 4.44, 'current_demand_score': 50.0, 'current_gap': 45.56, 'priority_score': 47.46, 'future_demand_score': None, 'future_gap': None, 'growth_trend': None}",0.4,"{'has_supply': True, 'has_current_demand': False, 'has_future_demand': False}"
nanded,,dress making,Insufficient Data,Data Ingestion Required,Collect further supply and demand data for dress making in nanded before allocating government training resources.,Confidence rating (0.4) is below the required operational threshold (0.5).,"{'supply_score': 4.44, 'current_demand_score': 50.0, 'current_gap': 45.56, 'priority_score': 47.46, 'future_demand_score': None, 'future_gap': None, 'growth_trend': None}",0.4,"{'has_supply': True, 'has_current_demand': False, 'has_future_demand': False}"
nanded,,sewing technology,Insufficient Data,Data Ingestion Required,Collect further supply and demand data for sewing technology in nanded before allocating government training resources.,Confidence rating (0.4) is below the required operational threshold (0.5).,"{'supply_score': 4.44, 'current_demand_score': 50.0, 'current_gap': 45.56, 'priority_score': 47.46, 'future_demand_score': None, 'future_gap': None, 'growth_trend': None}",0.4,"{'has_supply': True, 'has_current_demand': False, 'has_future_demand': False}"
nanded,,solar technician (electrical),Insufficient Data,Data Ingestion Required,Collect further supply and demand data for solar technician (electrical) in nanded before allocating government training resources.,Confidence rating (0.4) is below the required operational threshold (0.5).,"{'supply_score': 4.44, 'current_demand_score': 50.0, 'current_gap': 45.56, 'priority_score': 47.46, 'future_demand_score': None, 'future_gap': None, 'growth_trend': None}",0.4,"{'has_supply': True, 'has_current_demand': False, 'has_future_demand': False}"
nashik,,information and communication technology system maintenance,Insufficient Data,Data Ingestion Required,Collect further supply and demand data for information and communication technology system maintenance in nashik before allocating government training resources.,Confidence rating (0.4) is below the required operational threshold (0.5).,"{'supply_score': 4.44, 'current_demand_score': 50.0, 'current_gap': 45.56, 'priority_score': 47.46, 'future_demand_score': None, 'future_gap': None, 'growth_trend': None}",0.4,"{'has_supply': True, 'has_current_demand': False, 'has_future_demand': False}"
nashik,,sheet metal worker,Insufficient Data,Data Ingestion Required,Collect further supply and demand data for sheet metal worker in nashik before allocating government training resources.,Confidence rating (0.4) is below the required operational threshold (0.5).,"{'supply_score': 4.44, 'current_demand_score': 50.0, 'current_gap': 45.56, 'priority_score': 47.46, 'future_demand_score': None, 'future_gap': None, 'growth_trend': None}",0.4,"{'has_supply': True, 'has_current_demand': False, 'has_future_demand': False}"
palghar,,mechanic diesel,Insufficient Data,Data Ingestion Required,Collect further supply and demand data for mechanic diesel in palghar before allocating government training resources.,Confidence rating (0.4) is below the required operational threshold (0.5).,"{'supply_score': 4.44, 'current_demand_score': 50.0, 'current_gap': 45.56, 'priority_score': 47.46, 'future_demand_score': None, 'future_gap': None, 'growth_trend': None}",0.4,"{'has_supply': True, 'has_current_demand': False, 'has_future_demand': False}"
parbhani,,computer operator and programming assistant,Insufficient Data,Data Ingestion Required,Collect further supply and demand data for computer operator and programming assistant in parbhani before allocating government training resources.,Confidence rating (0.4) is below the required operational threshold (0.5).,"{'supply_score': 4.44, 'current_demand_score': 50.0, 'current_gap': 45.56, 'priority_score': 47.46, 'future_demand_score': None, 'future_gap': None, 'growth_trend': None}",0.4,"{'has_supply': True, 'has_current_demand': False, 'has_future_demand': False}"
pune,,cosmetology,Insufficient Data,Data Ingestion Required,Collect further supply and demand data for cosmetology in pune before allocating government training resources.,Confidence rating (0.4) is below the required operational threshold (0.5).,"{'supply_score': 4.44, 'current_demand_score': 50.0, 'current_gap': 45.56, 'priority_score': 47.46, 'future_demand_score': None, 'future_gap': None, 'growth_trend': None}",0.4,"{'has_supply': True, 'has_current_demand': False, 'has_future_demand': False}"
pune,,draughtsman civil,Insufficient Data,Data Ingestion Required,Collect further supply and demand data for draughtsman civil in pune before allocating government training resources.,Confidence rating (0.4) is below the required operational threshold (0.5).,"{'supply_score': 4.44, 'current_demand_score': 50.0, 'current_gap': 45.56, 'priority_score': 47.46, 'future_demand_score': None, 'future_gap': None, 'growth_trend': None}",0.4,"{'has_supply': True, 'has_current_demand': False, 'has_future_demand': False}"
pune,,painter general,Insufficient Data,Data Ingestion Required,Collect further supply and demand data for painter general in pune before allocating government training resources.,Confidence rating (0.4) is below the required operational threshold (0.5).,"{'supply_score': 4.44, 'current_demand_score': 50.0, 'current_gap': 45.56, 'priority_score': 47.46, 'future_demand_score': None, 'future_gap': None, 'growth_trend': None}",0.4,"{'has_supply': True, 'has_current_demand': False, 'has_future_demand': False}"
pune,,sheet metal worker,Insufficient Data,Data Ingestion Required,Collect further supply and demand data for sheet metal worker in pune before allocating government training resources.,Confidence rating (0.4) is below the required operational threshold (0.5).,"{'supply_score': 4.44, 'current_demand_score': 50.0, 'current_gap': 45.56, 'priority_score': 47.46, 'future_demand_score': None, 'future_gap': None, 'growth_trend': None}",0.4,"{'has_supply': True, 'has_current_demand': False, 'has_future_demand': False}"
raigad,,computer operator and programming assistant,Insufficient Data,Data Ingestion Required,Collect further supply and demand data for computer operator and programming assistant in raigad before allocating government training resources.,Confidence rating (0.4) is below the required operational threshold (0.5).,"{'supply_score': 4.44, 'current_demand_score': 50.0, 'current_gap': 45.56, 'priority_score': 47.46, 'future_demand_score': None, 'future_gap': None, 'growth_trend': None}",0.4,"{'has_supply': True, 'has_current_demand': False, 'has_future_demand': False}"
raigad,,electronics mechanic,Insufficient Data,Data Ingestion Required,Collect further supply and demand data for electronics mechanic in raigad before allocating government training resources.,Confidence rating (0.4) is below the required operational threshold (0.5).,"{'supply_score': 4.44, 'current_demand_score': 50.0, 'current_gap': 45.56, 'priority_score': 47.46, 'future_demand_score': None, 'future_gap': None, 'growth_trend': None}",0.4,"{'has_supply': True, 'has_current_demand': False, 'has_future_demand': False}"
raigad,,sewing technology,Insufficient Data,Data Ingestion Required,Collect further supply and demand data for sewing technology in raigad before allocating government training resources.,Confidence rating (0.4) is below the required operational threshold (0.5).,"{'supply_score': 4.44, 'current_demand_score': 50.0, 'current_gap': 45.56, 'priority_score': 47.46, 'future_demand_score': None, 'future_gap': None, 'growth_trend': None}",0.4,"{'has_supply': True, 'has_current_demand': False, 'has_future_demand': False}"
ratnagiri,,refrigeration and air conditioner technician,Insufficient Data,Data Ingestion Required,Collect further supply and demand data for refrigeration and air conditioner technician in ratnagiri before allocating government training resources.,Confidence rating (0.4) is below the required operational threshold (0.5).,"{'supply_score': 4.44, 'current_demand_score': 50.0, 'current_gap': 45.56, 'priority_score': 47.46, 'future_demand_score': None, 'future_gap': None, 'growth_trend': None}",0.4,"{'has_supply': True, 'has_current_demand': False, 'has_future_demand': False}"
satara,,draughtsman mechanical,Insufficient Data,Data Ingestion Required,Collect further supply and demand data for draughtsman mechanical in satara before allocating government training resources.,Confidence rating (0.4) is below the required operational threshold (0.5).,"{'supply_score': 4.44, 'current_demand_score': 50.0, 'current_gap': 45.56, 'priority_score': 47.46, 'future_demand_score': None, 'future_gap': None, 'growth_trend': None}",0.4,"{'has_supply': True, 'has_current_demand': False, 'has_future_demand': False}"
satara,,mechanic motor vehicle,Insufficient Data,Data Ingestion Required,Collect further supply and demand data for mechanic motor vehicle in satara before allocating government training resources.,Confidence rating (0.4) is below the required operational threshold (0.5).,"{'supply_score': 4.44, 'current_demand_score': 50.0, 'current_gap': 45.56, 'priority_score': 47.46, 'future_demand_score': None, 'future_gap': None, 'growth_trend': None}",0.4,"{'has_supply': True, 'has_current_demand': False, 'has_future_demand': False}"
satara,,wireman,Insufficient Data,Data Ingestion Required,Collect further supply and demand data for wireman in satara before allocating government training resources.,Confidence rating (0.4) is below the required operational threshold (0.5).,"{'supply_score': 4.44, 'current_demand_score': 50.0, 'current_gap': 45.56, 'priority_score': 47.46, 'future_demand_score': None, 'future_gap': None, 'growth_trend': None}",0.4,"{'has_supply': True, 'has_current_demand': False, 'has_future_demand': False}"
thane,,dress making,Insufficient Data,Data Ingestion Required,Collect further supply and demand data for dress making in thane before allocating government training resources.,Confidence rating (0.4) is below the required operational threshold (0.5).,"{'supply_score': 4.44, 'current_demand_score': 50.0, 'current_gap': 45.56, 'priority_score': 47.46, 'future_demand_score': None, 'future_gap': None, 'growth_trend': None}",0.4,"{'has_supply': True, 'has_current_demand': False, 'has_future_demand': False}"
thane,,information and communication technology system maintenance,Insufficient Data,Data Ingestion Required,Collect further supply and demand data for information and communication technology system maintenance in thane before allocating government training resources.,Confidence rating (0.4) is below the required operational threshold (0.5).,"{'supply_score': 4.44, 'current_demand_score': 50.0, 'current_gap': 45.56, 'priority_score': 47.46, 'future_demand_score': None, 'future_gap': None, 'growth_trend': None}",0.4,"{'has_supply': True, 'has_current_demand': False, 'has_future_demand': False}"
wardha,,computer operator and programming assistant,Insufficient Data,Data Ingestion Required,Collect further supply and demand data for computer operator and programming assistant in wardha before allocating government training resources.,Confidence rating (0.4) is below the required operational threshold (0.5).,"{'supply_score': 4.44, 'current_demand_score': 50.0, 'current_gap': 45.56, 'priority_score': 47.46, 'future_demand_score': None, 'future_gap': None, 'growth_trend': None}",0.4,"{'has_supply': True, 'has_current_demand': False, 'has_future_demand': False}"
yavatmal,,information and communication technology system maintenance,Insufficient Data,Data Ingestion Required,Collect further supply and demand data for information and communication technology system maintenance in yavatmal before allocating government training resources.,Confidence rating (0.4) is below the required operational threshold (0.5).,"{'supply_score': 4.44, 'current_demand_score': 50.0, 'current_gap': 45.56, 'priority_score': 47.46, 'future_demand_score': None, 'future_gap': None, 'growth_trend': None}",0.4,"{'has_supply': True, 'has_current_demand': False, 'has_future_demand': False}"
akola,,dress making,Insufficient Data,Data Ingestion Required,Collect further supply and demand data for dress making in akola before allocating government training resources.,Confidence rating (0.4) is below the required operational threshold (0.5).,"{'supply_score': 5.29, 'current_demand_score': 50.0, 'current_gap': 44.71, 'priority_score': 46.98, 'future_demand_score': None, 'future_gap': None, 'growth_trend': None}",0.4,"{'has_supply': True, 'has_current_demand': False, 'has_future_demand': False}"
beed,,dress making,Insufficient Data,Data Ingestion Required,Collect further supply and demand data for dress making in beed before allocating government training resources.,Confidence rating (0.4) is below the required operational threshold (0.5).,"{'supply_score': 5.29, 'current_demand_score': 50.0, 'current_gap': 44.71, 'priority_score': 46.98, 'future_demand_score': None, 'future_gap': None, 'growth_trend': None}",0.4,"{'has_supply': True, 'has_current_demand': False, 'has_future_demand': False}"
bhandara,,dress making,Insufficient Data,Data Ingestion Required,Collect further supply and demand data for dress making in bhandara before allocating government training resources.,Confidence rating (0.4) is below the required operational threshold (0.5).,"{'supply_score': 5.29, 'current_demand_score': 50.0, 'current_gap': 44.71, 'priority_score': 46.98, 'future_demand_score': None, 'future_gap': None, 'growth_trend': None}",0.4,"{'has_supply': True, 'has_current_demand': False, 'has_future_demand': False}"
chhatrapati sambhajinagar,,wireman,Insufficient Data,Data Ingestion Required,Collect further supply and demand data for wireman in chhatrapati sambhajinagar before allocating government training resources.,Confidence rating (0.4) is below the required operational threshold (0.5).,"{'supply_score': 5.29, 'current_demand_score': 50.0, 'current_gap': 44.71, 'priority_score': 46.98, 'future_demand_score': None, 'future_gap': None, 'growth_trend': None}",0.4,"{'has_supply': True, 'has_current_demand': False, 'has_future_demand': False}"
dharashiv,,fitter,Insufficient Data,Data Ingestion Required,Collect further supply and demand data for fitter in dharashiv before allocating government training resources.,Confidence rating (0.4) is below the required operational threshold (0.5).,"{'supply_score': 5.29, 'current_demand_score': 50.0, 'current_gap': 44.71, 'priority_score': 46.98, 'future_demand_score': None, 'future_gap': None, 'growth_trend': None}",0.4,"{'has_supply': True, 'has_current_demand': False, 'has_future_demand': False}"
dharashiv,,solar technician (electrical),Insufficient Data,Data Ingestion Required,Collect further supply and demand data for solar technician (electrical) in dharashiv before allocating government training resources.,Confidence rating (0.4) is below the required operational threshold (0.5).,"{'supply_score': 5.29, 'current_demand_score': 50.0, 'current_gap': 44.71, 'priority_score': 46.98, 'future_demand_score': None, 'future_gap': None, 'growth_trend': None}",0.4,"{'has_supply': True, 'has_current_demand': False, 'has_future_demand': False}"
dhule,,turner,Insufficient Data,Data Ingestion Required,Collect further supply and demand data for turner in dhule before allocating government training resources.,Confidence rating (0.4) is below the required operational threshold (0.5).,"{'supply_score': 5.29, 'current_demand_score': 50.0, 'current_gap': 44.71, 'priority_score': 46.98, 'future_demand_score': None, 'future_gap': None, 'growth_trend': None}",0.4,"{'has_supply': True, 'has_current_demand': False, 'has_future_demand': False}"
dhule,,wireman,Insufficient Data,Data Ingestion Required,Collect further supply and demand data for wireman in dhule before allocating government training resources.,Confidence rating (0.4) is below the required operational threshold (0.5).,"{'supply_score': 5.29, 'current_demand_score': 50.0, 'current_gap': 44.71, 'priority_score': 46.98, 'future_demand_score': None, 'future_gap': None, 'growth_trend': None}",0.4,"{'has_supply': True, 'has_current_demand': False, 'has_future_demand': False}"
hingoli,,wireman,Insufficient Data,Data Ingestion Required,Collect further supply and demand data for wireman in hingoli before allocating government training resources.,Confidence rating (0.4) is below the required operational threshold (0.5).,"{'supply_score': 5.29, 'current_demand_score': 50.0, 'current_gap': 44.71, 'priority_score': 46.98, 'future_demand_score': None, 'future_gap': None, 'growth_trend': None}",0.4,"{'has_supply': True, 'has_current_demand': False, 'has_future_demand': False}"
kolhapur,,dress making,Insufficient Data,Data Ingestion Required,Collect further supply and demand data for dress making in kolhapur before allocating government training resources.,Confidence rating (0.4) is below the required operational threshold (0.5).,"{'supply_score': 5.29, 'current_demand_score': 50.0, 'current_gap': 44.71, 'priority_score': 46.98, 'future_demand_score': None, 'future_gap': None, 'growth_trend': None}",0.4,"{'has_supply': True, 'has_current_demand': False, 'has_future_demand': False}"
kolhapur,,wireman,Insufficient Data,Data Ingestion Required,Collect further supply and demand data for wireman in kolhapur before allocating government training resources.,Confidence rating (0.4) is below the required operational threshold (0.5).,"{'supply_score': 5.29, 'current_demand_score': 50.0, 'current_gap': 44.71, 'priority_score': 46.98, 'future_demand_score': None, 'future_gap': None, 'growth_trend': None}",0.4,"{'has_supply': True, 'has_current_demand': False, 'has_future_demand': False}"
mumbai suburban,,machinist,Insufficient Data,Data Ingestion Required,Collect further supply and demand data for machinist in mumbai suburban before allocating government training resources.,Confidence rating (0.4) is below the required operational threshold (0.5).,"{'supply_score': 5.29, 'current_demand_score': 50.0, 'current_gap': 44.71, 'priority_score': 46.98, 'future_demand_score': None, 'future_gap': None, 'growth_trend': None}",0.4,"{'has_supply': True, 'has_current_demand': False, 'has_future_demand': False}"
mumbai suburban,,turner,Insufficient Data,Data Ingestion Required,Collect further supply and demand data for turner in mumbai suburban before allocating government training resources.,Confidence rating (0.4) is below the required operational threshold (0.5).,"{'supply_score': 5.29, 'current_demand_score': 50.0, 'current_gap': 44.71, 'priority_score': 46.98, 'future_demand_score': None, 'future_gap': None, 'growth_trend': None}",0.4,"{'has_supply': True, 'has_current_demand': False, 'has_future_demand': False}"
nashik,,fashion design and technology,Insufficient Data,Data Ingestion Required,Collect further supply and demand data for fashion design and technology in nashik before allocating government training resources.,Confidence rating (0.4) is below the required operational threshold (0.5).,"{'supply_score': 5.29, 'current_demand_score': 50.0, 'current_gap': 44.71, 'priority_score': 46.98, 'future_demand_score': None, 'future_gap': None, 'growth_trend': None}",0.4,"{'has_supply': True, 'has_current_demand': False, 'has_future_demand': False}"
nashik,,machinist,Insufficient Data,Data Ingestion Required,Collect further supply and demand data for machinist in nashik before allocating government training resources.,Confidence rating (0.4) is below the required operational threshold (0.5).,"{'supply_score': 5.29, 'current_demand_score': 50.0, 'current_gap': 44.71, 'priority_score': 46.98, 'future_demand_score': None, 'future_gap': None, 'growth_trend': None}",0.4,"{'has_supply': True, 'has_current_demand': False, 'has_future_demand': False}"
nashik,,sewing technology,Insufficient Data,Data Ingestion Required,Collect further supply and demand data for sewing technology in nashik before allocating government training resources.,Confidence rating (0.4) is below the required operational threshold (0.5).,"{'supply_score': 5.29, 'current_demand_score': 50.0, 'current_gap': 44.71, 'priority_score': 46.98, 'future_demand_score': None, 'future_gap': None, 'growth_trend': None}",0.4,"{'has_supply': True, 'has_current_demand': False, 'has_future_demand': False}"
pune,,dress making,Insufficient Data,Data Ingestion Required,Collect further supply and demand data for dress making in pune before allocating government training resources.,Confidence rating (0.4) is below the required operational threshold (0.5).,"{'supply_score': 5.29, 'current_demand_score': 50.0, 'current_gap': 44.71, 'priority_score': 46.98, 'future_demand_score': None, 'future_gap': None, 'growth_trend': None}",0.4,"{'has_supply': True, 'has_current_demand': False, 'has_future_demand': False}"
pune,,machinist grinder,Insufficient Data,Data Ingestion Required,Collect further supply and demand data for machinist grinder in pune before allocating government training resources.,Confidence rating (0.4) is below the required operational threshold (0.5).,"{'supply_score': 5.29, 'current_demand_score': 50.0, 'current_gap': 44.71, 'priority_score': 46.98, 'future_demand_score': None, 'future_gap': None, 'growth_trend': None}",0.4,"{'has_supply': True, 'has_current_demand': False, 'has_future_demand': False}"
ratnagiri,,sewing technology,Insufficient Data,Data Ingestion Required,Collect further supply and demand data for sewing technology in ratnagiri before allocating government training resources.,Confidence rating (0.4) is below the required operational threshold (0.5).,"{'supply_score': 5.29, 'current_demand_score': 50.0, 'current_gap': 44.71, 'priority_score': 46.98, 'future_demand_score': None, 'future_gap': None, 'growth_trend': None}",0.4,"{'has_supply': True, 'has_current_demand': False, 'has_future_demand': False}"
sangli,,draughtsman mechanical,Insufficient Data,Data Ingestion Required,Collect further supply and demand data for draughtsman mechanical in sangli before allocating government training resources.,Confidence rating (0.4) is below the required operational threshold (0.5).,"{'supply_score': 5.29, 'current_demand_score': 50.0, 'current_gap': 44.71, 'priority_score': 46.98, 'future_demand_score': None, 'future_gap': None, 'growth_trend': None}",0.4,"{'has_supply': True, 'has_current_demand': False, 'has_future_demand': False}"
sangli,,machinist,Insufficient Data,Data Ingestion Required,Collect further supply and demand data for machinist in sangli before allocating government training resources.,Confidence rating (0.4) is below the required operational threshold (0.5).,"{'supply_score': 5.29, 'current_demand_score': 50.0, 'current_gap': 44.71, 'priority_score': 46.98, 'future_demand_score': None, 'future_gap': None, 'growth_trend': None}",0.4,"{'has_supply': True, 'has_current_demand': False, 'has_future_demand': False}"
sangli,,turner,Insufficient Data,Data Ingestion Required,Collect further supply and demand data for turner in sangli before allocating government training resources.,Confidence rating (0.4) is below the required operational threshold (0.5).,"{'supply_score': 5.29, 'current_demand_score': 50.0, 'current_gap': 44.71, 'priority_score': 46.98, 'future_demand_score': None, 'future_gap': None, 'growth_trend': None}",0.4,"{'has_supply': True, 'has_current_demand': False, 'has_future_demand': False}"
sangli,,wireman,Insufficient Data,Data Ingestion Required,Collect further supply and demand data for wireman in sangli before allocating government training resources.,Confidence rating (0.4) is below the required operational threshold (0.5).,"{'supply_score': 5.29, 'current_demand_score': 50.0, 'current_gap': 44.71, 'priority_score': 46.98, 'future_demand_score': None, 'future_gap': None, 'growth_trend': None}",0.4,"{'has_supply': True, 'has_current_demand': False, 'has_future_demand': False}"
thane,,turner,Insufficient Data,Data Ingestion Required,Collect further supply and demand data for turner in thane before allocating government training resources.,Confidence rating (0.4) is below the required operational threshold (0.5).,"{'supply_score': 5.29, 'current_demand_score': 50.0, 'current_gap': 44.71, 'priority_score': 46.98, 'future_demand_score': None, 'future_gap': None, 'growth_trend': None}",0.4,"{'has_supply': True, 'has_current_demand': False, 'has_future_demand': False}"
washim,,electrician,Insufficient Data,Data Ingestion Required,Collect further supply and demand data for electrician in washim before allocating government training resources.,Confidence rating (0.4) is below the required operational threshold (0.5).,"{'supply_score': 5.29, 'current_demand_score': 50.0, 'current_gap': 44.71, 'priority_score': 46.98, 'future_demand_score': None, 'future_gap': None, 'growth_trend': None}",0.4,"{'has_supply': True, 'has_current_demand': False, 'has_future_demand': False}"
amravati,,cosmetology,Insufficient Data,Data Ingestion Required,Collect further supply and demand data for cosmetology in amravati before allocating government training resources.,Confidence rating (0.4) is below the required operational threshold (0.5).,"{'supply_score': 5.46, 'current_demand_score': 50.0, 'current_gap': 44.54, 'priority_score': 46.88, 'future_demand_score': None, 'future_gap': None, 'growth_trend': None}",0.4,"{'has_supply': True, 'has_current_demand': False, 'has_future_demand': False}"
bhandara,,computer operator and programming assistant,Insufficient Data,Data Ingestion Required,Collect further supply and demand data for computer operator and programming assistant in bhandara before allocating government training resources.,Confidence rating (0.4) is below the required operational threshold (0.5).,"{'supply_score': 5.46, 'current_demand_score': 50.0, 'current_gap': 44.54, 'priority_score': 46.88, 'future_demand_score': None, 'future_gap': None, 'growth_trend': None}",0.4,"{'has_supply': True, 'has_current_demand': False, 'has_future_demand': False}"
buldhana,,cosmetology,Insufficient Data,Data Ingestion Required,Collect further supply and demand data for cosmetology in buldhana before allocating government training resources.,Confidence rating (0.4) is below the required operational threshold (0.5).,"{'supply_score': 5.46, 'current_demand_score': 50.0, 'current_gap': 44.54, 'priority_score': 46.88, 'future_demand_score': None, 'future_gap': None, 'growth_trend': None}",0.4,"{'has_supply': True, 'has_current_demand': False, 'has_future_demand': False}"
buldhana,,information and communication technology system maintenance,Insufficient Data,Data Ingestion Required,Collect further supply and demand data for information and communication technology system maintenance in buldhana before allocating government training resources.,Confidence rating (0.4) is below the required operational threshold (0.5).,"{'supply_score': 5.46, 'current_demand_score': 50.0, 'current_gap': 44.54, 'priority_score': 46.88, 'future_demand_score': None, 'future_gap': None, 'growth_trend': None}",0.4,"{'has_supply': True, 'has_current_demand': False, 'has_future_demand': False}"
buldhana,,mechanic motor vehicle,Insufficient Data,Data Ingestion Required,Collect further supply and demand data for mechanic motor vehicle in buldhana before allocating government training resources.,Confidence rating (0.4) is below the required operational threshold (0.5).,"{'supply_score': 5.46, 'current_demand_score': 50.0, 'current_gap': 44.54, 'priority_score': 46.88, 'future_demand_score': None, 'future_gap': None, 'growth_trend': None}",0.4,"{'has_supply': True, 'has_current_demand': False, 'has_future_demand': False}"
chandrapur,,information and communication technology system maintenance,Insufficient Data,Data Ingestion Required,Collect further supply and demand data for information and communication technology system maintenance in chandrapur before allocating government training resources.,Confidence rating (0.4) is below the required operational threshold (0.5).,"{'supply_score': 5.46, 'current_demand_score': 50.0, 'current_gap': 44.54, 'priority_score': 46.88, 'future_demand_score': None, 'future_gap': None, 'growth_trend': None}",0.4,"{'has_supply': True, 'has_current_demand': False, 'has_future_demand': False}"
chandrapur,,wood work technician,Insufficient Data,Data Ingestion Required,Collect further supply and demand data for wood work technician in chandrapur before allocating government training resources.,Confidence rating (0.4) is below the required operational threshold (0.5).,"{'supply_score': 5.46, 'current_demand_score': 50.0, 'current_gap': 44.54, 'priority_score': 46.88, 'future_demand_score': None, 'future_gap': None, 'growth_trend': None}",0.4,"{'has_supply': True, 'has_current_demand': False, 'has_future_demand': False}"
gadchiroli,,computer operator and programming assistant,Insufficient Data,Data Ingestion Required,Collect further supply and demand data for computer operator and programming assistant in gadchiroli before allocating government training resources.,Confidence rating (0.4) is below the required operational threshold (0.5).,"{'supply_score': 5.46, 'current_demand_score': 50.0, 'current_gap': 44.54, 'priority_score': 46.88, 'future_demand_score': None, 'future_gap': None, 'growth_trend': None}",0.4,"{'has_supply': True, 'has_current_demand': False, 'has_future_demand': False}"
hingoli,,computer operator and programming assistant,Insufficient Data,Data Ingestion Required,Collect further supply and demand data for computer operator and programming assistant in hingoli before allocating government training resources.,Confidence rating (0.4) is below the required operational threshold (0.5).,"{'supply_score': 5.46, 'current_demand_score': 50.0, 'current_gap': 44.54, 'priority_score': 46.88, 'future_demand_score': None, 'future_gap': None, 'growth_trend': None}",0.4,"{'has_supply': True, 'has_current_demand': False, 'has_future_demand': False}"
jalgaon,,refrigeration and air conditioner technician,Insufficient Data,Data Ingestion Required,Collect further supply and demand data for refrigeration and air conditioner technician in jalgaon before allocating government training resources.,Confidence rating (0.4) is below the required operational threshold (0.5).,"{'supply_score': 5.46, 'current_demand_score': 50.0, 'current_gap': 44.54, 'priority_score': 46.88, 'future_demand_score': None, 'future_gap': None, 'growth_trend': None}",0.4,"{'has_supply': True, 'has_current_demand': False, 'has_future_demand': False}"
kolhapur,,computer operator and programming assistant,Insufficient Data,Data Ingestion Required,Collect further supply and demand data for computer operator and programming assistant in kolhapur before allocating government training resources.,Confidence rating (0.4) is below the required operational threshold (0.5).,"{'supply_score': 5.46, 'current_demand_score': 50.0, 'current_gap': 44.54, 'priority_score': 46.88, 'future_demand_score': None, 'future_gap': None, 'growth_trend': None}",0.4,"{'has_supply': True, 'has_current_demand': False, 'has_future_demand': False}"
kolhapur,,draughtsman civil,Insufficient Data,Data Ingestion Required,Collect further supply and demand data for draughtsman civil in kolhapur before allocating government training resources.,Confidence rating (0.4) is below the required operational threshold (0.5).,"{'supply_score': 5.46, 'current_demand_score': 50.0, 'current_gap': 44.54, 'priority_score': 46.88, 'future_demand_score': None, 'future_gap': None, 'growth_trend': None}",0.4,"{'has_supply': True, 'has_current_demand': False, 'has_future_demand': False}"
kolhapur,,electronics mechanic,Insufficient Data,Data Ingestion Required,Collect further supply and demand data for electronics mechanic in kolhapur before allocating government training resources.,Confidence rating (0.4) is below the required operational threshold (0.5).,"{'supply_score': 5.46, 'current_demand_score': 50.0, 'current_gap': 44.54, 'priority_score': 46.88, 'future_demand_score': None, 'future_gap': None, 'growth_trend': None}",0.4,"{'has_supply': True, 'has_current_demand': False, 'has_future_demand': False}"
nagpur,,cosmetology,Insufficient Data,Data Ingestion Required,Collect further supply and demand data for cosmetology in nagpur before allocating government training resources.,Confidence rating (0.4) is below the required operational threshold (0.5).,"{'supply_score': 5.46, 'current_demand_score': 50.0, 'current_gap': 44.54, 'priority_score': 46.88, 'future_demand_score': None, 'future_gap': None, 'growth_trend': None}",0.4,"{'has_supply': True, 'has_current_demand': False, 'has_future_demand': False}"
nanded,,electronics mechanic,Insufficient Data,Data Ingestion Required,Collect further supply and demand data for electronics mechanic in nanded before allocating government training resources.,Confidence rating (0.4) is below the required operational threshold (0.5).,"{'supply_score': 5.46, 'current_demand_score': 50.0, 'current_gap': 44.54, 'priority_score': 46.88, 'future_demand_score': None, 'future_gap': None, 'growth_trend': None}",0.4,"{'has_supply': True, 'has_current_demand': False, 'has_future_demand': False}"
nanded,,mechanic diesel,Insufficient Data,Data Ingestion Required,Collect further supply and demand data for mechanic diesel in nanded before allocating government training resources.,Confidence rating (0.4) is below the required operational threshold (0.5).,"{'supply_score': 5.46, 'current_demand_score': 50.0, 'current_gap': 44.54, 'priority_score': 46.88, 'future_demand_score': None, 'future_gap': None, 'growth_trend': None}",0.4,"{'has_supply': True, 'has_current_demand': False, 'has_future_demand': False}"
nandurbar,,mechanic motor vehicle,Insufficient Data,Data Ingestion Required,Collect further supply and demand data for mechanic motor vehicle in nandurbar before allocating government training resources.,Confidence rating (0.4) is below the required operational threshold (0.5).,"{'supply_score': 5.46, 'current_demand_score': 50.0, 'current_gap': 44.54, 'priority_score': 46.88, 'future_demand_score': None, 'future_gap': None, 'growth_trend': None}",0.4,"{'has_supply': True, 'has_current_demand': False, 'has_future_demand': False}"
nashik,,cosmetology,Insufficient Data,Data Ingestion Required,Collect further supply and demand data for cosmetology in nashik before allocating government training resources.,Confidence rating (0.4) is below the required operational threshold (0.5).,"{'supply_score': 5.46, 'current_demand_score': 50.0, 'current_gap': 44.54, 'priority_score': 46.88, 'future_demand_score': None, 'future_gap': None, 'growth_trend': None}",0.4,"{'has_supply': True, 'has_current_demand': False, 'has_future_demand': False}"
nashik,,plumber,Insufficient Data,Data Ingestion Required,Collect further supply and demand data for plumber in nashik before allocating government training resources.,Confidence rating (0.4) is below the required operational threshold (0.5).,"{'supply_score': 5.46, 'current_demand_score': 50.0, 'current_gap': 44.54, 'priority_score': 46.88, 'future_demand_score': None, 'future_gap': None, 'growth_trend': None}",0.4,"{'has_supply': True, 'has_current_demand': False, 'has_future_demand': False}"
nashik,,wood work technician,Insufficient Data,Data Ingestion Required,Collect further supply and demand data for wood work technician in nashik before allocating government training resources.,Confidence rating (0.4) is below the required operational threshold (0.5).,"{'supply_score': 5.46, 'current_demand_score': 50.0, 'current_gap': 44.54, 'priority_score': 46.88, 'future_demand_score': None, 'future_gap': None, 'growth_trend': None}",0.4,"{'has_supply': True, 'has_current_demand': False, 'has_future_demand': False}"
raigad,,mechanic motor vehicle,Insufficient Data,Data Ingestion Required,Collect further supply and demand data for mechanic motor vehicle in raigad before allocating government training resources.,Confidence rating (0.4) is below the required operational threshold (0.5).,"{'supply_score': 5.46, 'current_demand_score': 50.0, 'current_gap': 44.54, 'priority_score': 46.88, 'future_demand_score': None, 'future_gap': None, 'growth_trend': None}",0.4,"{'has_supply': True, 'has_current_demand': False, 'has_future_demand': False}"
ratnagiri,,mechanic motor vehicle,Insufficient Data,Data Ingestion Required,Collect further supply and demand data for mechanic motor vehicle in ratnagiri before allocating government training resources.,Confidence rating (0.4) is below the required operational threshold (0.5).,"{'supply_score': 5.46, 'current_demand_score': 50.0, 'current_gap': 44.54, 'priority_score': 46.88, 'future_demand_score': None, 'future_gap': None, 'growth_trend': None}",0.4,"{'has_supply': True, 'has_current_demand': False, 'has_future_demand': False}"
sindhudurg,,mechanic diesel,Insufficient Data,Data Ingestion Required,Collect further supply and demand data for mechanic diesel in sindhudurg before allocating government training resources.,Confidence rating (0.4) is below the required operational threshold (0.5).,"{'supply_score': 5.46, 'current_demand_score': 50.0, 'current_gap': 44.54, 'priority_score': 46.88, 'future_demand_score': None, 'future_gap': None, 'growth_trend': None}",0.4,"{'has_supply': True, 'has_current_demand': False, 'has_future_demand': False}"
washim,,mechanic diesel,Insufficient Data,Data Ingestion Required,Collect further supply and demand data for mechanic diesel in washim before allocating government training resources.,Confidence rating (0.4) is below the required operational threshold (0.5).,"{'supply_score': 5.46, 'current_demand_score': 50.0, 'current_gap': 44.54, 'priority_score': 46.88, 'future_demand_score': None, 'future_gap': None, 'growth_trend': None}",0.4,"{'has_supply': True, 'has_current_demand': False, 'has_future_demand': False}"
akola,,electrician,Insufficient Data,Data Ingestion Required,Collect further supply and demand data for electrician in akola before allocating government training resources.,Confidence rating (0.4) is below the required operational threshold (0.5).,"{'supply_score': 6.14, 'current_demand_score': 50.0, 'current_gap': 43.86, 'priority_score': 46.49, 'future_demand_score': None, 'future_gap': None, 'growth_trend': None}",0.4,"{'has_supply': True, 'has_current_demand': False, 'has_future_demand': False}"
akola,,wireman,Insufficient Data,Data Ingestion Required,Collect further supply and demand data for wireman in akola before allocating government training resources.,Confidence rating (0.4) is below the required operational threshold (0.5).,"{'supply_score': 6.14, 'current_demand_score': 50.0, 'current_gap': 43.86, 'priority_score': 46.49, 'future_demand_score': None, 'future_gap': None, 'growth_trend': None}",0.4,"{'has_supply': True, 'has_current_demand': False, 'has_future_demand': False}"
beed,,solar technician (electrical),Insufficient Data,Data Ingestion Required,Collect further supply and demand data for solar technician (electrical) in beed before allocating government training resources.,Confidence rating (0.4) is below the required operational threshold (0.5).,"{'supply_score': 6.14, 'current_demand_score': 50.0, 'current_gap': 43.86, 'priority_score': 46.49, 'future_demand_score': None, 'future_gap': None, 'growth_trend': None}",0.4,"{'has_supply': True, 'has_current_demand': False, 'has_future_demand': False}"
gadchiroli,,wireman,Insufficient Data,Data Ingestion Required,Collect further supply and demand data for wireman in gadchiroli before allocating government training resources.,Confidence rating (0.4) is below the required operational threshold (0.5).,"{'supply_score': 6.14, 'current_demand_score': 50.0, 'current_gap': 43.86, 'priority_score': 46.49, 'future_demand_score': None, 'future_gap': None, 'growth_trend': None}",0.4,"{'has_supply': True, 'has_current_demand': False, 'has_future_demand': False}"
hingoli,,electrician,Insufficient Data,Data Ingestion Required,Collect further supply and demand data for electrician in hingoli before allocating government training resources.,Confidence rating (0.4) is below the required operational threshold (0.5).,"{'supply_score': 6.14, 'current_demand_score': 50.0, 'current_gap': 43.86, 'priority_score': 46.49, 'future_demand_score': None, 'future_gap': None, 'growth_trend': None}",0.4,"{'has_supply': True, 'has_current_demand': False, 'has_future_demand': False}"
hingoli,,welder,Insufficient Data,Data Ingestion Required,Collect further supply and demand data for welder in hingoli before allocating government training resources.,Confidence rating (0.4) is below the required operational threshold (0.5).,"{'supply_score': 6.14, 'current_demand_score': 50.0, 'current_gap': 43.86, 'priority_score': 46.49, 'future_demand_score': None, 'future_gap': None, 'growth_trend': None}",0.4,"{'has_supply': True, 'has_current_demand': False, 'has_future_demand': False}"
jalgaon,,wireman,Insufficient Data,Data Ingestion Required,Collect further supply and demand data for wireman in jalgaon before allocating government training resources.,Confidence rating (0.4) is below the required operational threshold (0.5).,"{'supply_score': 6.14, 'current_demand_score': 50.0, 'current_gap': 43.86, 'priority_score': 46.49, 'future_demand_score': None, 'future_gap': None, 'growth_trend': None}",0.4,"{'has_supply': True, 'has_current_demand': False, 'has_future_demand': False}"
nagpur,,turner,Insufficient Data,Data Ingestion Required,Collect further supply and demand data for turner in nagpur before allocating government training resources.,Confidence rating (0.4) is below the required operational threshold (0.5).,"{'supply_score': 6.14, 'current_demand_score': 50.0, 'current_gap': 43.86, 'priority_score': 46.49, 'future_demand_score': None, 'future_gap': None, 'growth_trend': None}",0.4,"{'has_supply': True, 'has_current_demand': False, 'has_future_demand': False}"
palghar,,sewing technology,Insufficient Data,Data Ingestion Required,Collect further supply and demand data for sewing technology in palghar before allocating government training resources.,Confidence rating (0.4) is below the required operational threshold (0.5).,"{'supply_score': 6.14, 'current_demand_score': 50.0, 'current_gap': 43.86, 'priority_score': 46.49, 'future_demand_score': None, 'future_gap': None, 'growth_trend': None}",0.4,"{'has_supply': True, 'has_current_demand': False, 'has_future_demand': False}"
wardha,,wireman,Insufficient Data,Data Ingestion Required,Collect further supply and demand data for wireman in wardha before allocating government training resources.,Confidence rating (0.4) is below the required operational threshold (0.5).,"{'supply_score': 6.14, 'current_demand_score': 50.0, 'current_gap': 43.86, 'priority_score': 46.49, 'future_demand_score': None, 'future_gap': None, 'growth_trend': None}",0.4,"{'has_supply': True, 'has_current_demand': False, 'has_future_demand': False}"
washim,,fitter,Insufficient Data,Data Ingestion Required,Collect further supply and demand data for fitter in washim before allocating government training resources.,Confidence rating (0.4) is below the required operational threshold (0.5).,"{'supply_score': 6.14, 'current_demand_score': 50.0, 'current_gap': 43.86, 'priority_score': 46.49, 'future_demand_score': None, 'future_gap': None, 'growth_trend': None}",0.4,"{'has_supply': True, 'has_current_demand': False, 'has_future_demand': False}"
beed,,computer operator and programming assistant,Insufficient Data,Data Ingestion Required,Collect further supply and demand data for computer operator and programming assistant in beed before allocating government training resources.,Confidence rating (0.4) is below the required operational threshold (0.5).,"{'supply_score': 6.48, 'current_demand_score': 50.0, 'current_gap': 43.52, 'priority_score': 46.3, 'future_demand_score': None, 'future_gap': None, 'growth_trend': None}",0.4,"{'has_supply': True, 'has_current_demand': False, 'has_future_demand': False}"
beed,,mechanic diesel,Insufficient Data,Data Ingestion Required,Collect further supply and demand data for mechanic diesel in beed before allocating government training resources.,Confidence rating (0.4) is below the required operational threshold (0.5).,"{'supply_score': 6.48, 'current_demand_score': 50.0, 'current_gap': 43.52, 'priority_score': 46.3, 'future_demand_score': None, 'future_gap': None, 'growth_trend': None}",0.4,"{'has_supply': True, 'has_current_demand': False, 'has_future_demand': False}"
buldhana,,mechanic diesel,Insufficient Data,Data Ingestion Required,Collect further supply and demand data for mechanic diesel in buldhana before allocating government training resources.,Confidence rating (0.4) is below the required operational threshold (0.5).,"{'supply_score': 6.48, 'current_demand_score': 50.0, 'current_gap': 43.52, 'priority_score': 46.3, 'future_demand_score': None, 'future_gap': None, 'growth_trend': None}",0.4,"{'has_supply': True, 'has_current_demand': False, 'has_future_demand': False}"
chandrapur,,electronics mechanic,Insufficient Data,Data Ingestion Required,Collect further supply and demand data for electronics mechanic in chandrapur before allocating government training resources.,Confidence rating (0.4) is below the required operational threshold (0.5).,"{'supply_score': 6.48, 'current_demand_score': 50.0, 'current_gap': 43.52, 'priority_score': 46.3, 'future_demand_score': None, 'future_gap': None, 'growth_trend': None}",0.4,"{'has_supply': True, 'has_current_demand': False, 'has_future_demand': False}"
chandrapur,,mechanic motor vehicle,Insufficient Data,Data Ingestion Required,Collect further supply and demand data for mechanic motor vehicle in chandrapur before allocating government training resources.,Confidence rating (0.4) is below the required operational threshold (0.5).,"{'supply_score': 6.48, 'current_demand_score': 50.0, 'current_gap': 43.52, 'priority_score': 46.3, 'future_demand_score': None, 'future_gap': None, 'growth_trend': None}",0.4,"{'has_supply': True, 'has_current_demand': False, 'has_future_demand': False}"
dhule,,computer operator and programming assistant,Insufficient Data,Data Ingestion Required,Collect further supply and demand data for computer operator and programming assistant in dhule before allocating government training resources.,Confidence rating (0.4) is below the required operational threshold (0.5).,"{'supply_score': 6.48, 'current_demand_score': 50.0, 'current_gap': 43.52, 'priority_score': 46.3, 'future_demand_score': None, 'future_gap': None, 'growth_trend': None}",0.4,"{'has_supply': True, 'has_current_demand': False, 'has_future_demand': False}"
jalgaon,,cosmetology,Insufficient Data,Data Ingestion Required,Collect further supply and demand data for cosmetology in jalgaon before allocating government training resources.,Confidence rating (0.4) is below the required operational threshold (0.5).,"{'supply_score': 6.48, 'current_demand_score': 50.0, 'current_gap': 43.52, 'priority_score': 46.3, 'future_demand_score': None, 'future_gap': None, 'growth_trend': None}",0.4,"{'has_supply': True, 'has_current_demand': False, 'has_future_demand': False}"
mumbai,,information and communication technology system maintenance,Insufficient Data,Data Ingestion Required,Collect further supply and demand data for information and communication technology system maintenance in mumbai before allocating government training resources.,Confidence rating (0.4) is below the required operational threshold (0.5).,"{'supply_score': 6.48, 'current_demand_score': 50.0, 'current_gap': 43.52, 'priority_score': 46.3, 'future_demand_score': None, 'future_gap': None, 'growth_trend': None}",0.4,"{'has_supply': True, 'has_current_demand': False, 'has_future_demand': False}"
mumbai suburban,,refrigeration and air conditioner technician,Insufficient Data,Data Ingestion Required,Collect further supply and demand data for refrigeration and air conditioner technician in mumbai suburban before allocating government training resources.,Confidence rating (0.4) is below the required operational threshold (0.5).,"{'supply_score': 6.48, 'current_demand_score': 50.0, 'current_gap': 43.52, 'priority_score': 46.3, 'future_demand_score': None, 'future_gap': None, 'growth_trend': None}",0.4,"{'has_supply': True, 'has_current_demand': False, 'has_future_demand': False}"
nagpur,,draughtsman civil,Insufficient Data,Data Ingestion Required,Collect further supply and demand data for draughtsman civil in nagpur before allocating government training resources.,Confidence rating (0.4) is below the required operational threshold (0.5).,"{'supply_score': 6.48, 'current_demand_score': 50.0, 'current_gap': 43.52, 'priority_score': 46.3, 'future_demand_score': None, 'future_gap': None, 'growth_trend': None}",0.4,"{'has_supply': True, 'has_current_demand': False, 'has_future_demand': False}"
raigad,,plumber,Insufficient Data,Data Ingestion Required,Collect further supply and demand data for plumber in raigad before allocating government training resources.,Confidence rating (0.4) is below the required operational threshold (0.5).,"{'supply_score': 6.48, 'current_demand_score': 50.0, 'current_gap': 43.52, 'priority_score': 46.3, 'future_demand_score': None, 'future_gap': None, 'growth_trend': None}",0.4,"{'has_supply': True, 'has_current_demand': False, 'has_future_demand': False}"
satara,,electronics mechanic,Insufficient Data,Data Ingestion Required,Collect further supply and demand data for electronics mechanic in satara before allocating government training resources.,Confidence rating (0.4) is below the required operational threshold (0.5).,"{'supply_score': 6.48, 'current_demand_score': 50.0, 'current_gap': 43.52, 'priority_score': 46.3, 'future_demand_score': None, 'future_gap': None, 'growth_trend': None}",0.4,"{'has_supply': True, 'has_current_demand': False, 'has_future_demand': False}"
thane,,mechanic motor vehicle,Insufficient Data,Data Ingestion Required,Collect further supply and demand data for mechanic motor vehicle in thane before allocating government training resources.,Confidence rating (0.4) is below the required operational threshold (0.5).,"{'supply_score': 6.48, 'current_demand_score': 50.0, 'current_gap': 43.52, 'priority_score': 46.3, 'future_demand_score': None, 'future_gap': None, 'growth_trend': None}",0.4,"{'has_supply': True, 'has_current_demand': False, 'has_future_demand': False}"
thane,,refrigeration and air conditioner technician,Insufficient Data,Data Ingestion Required,Collect further supply and demand data for refrigeration and air conditioner technician in thane before allocating government training resources.,Confidence rating (0.4) is below the required operational threshold (0.5).,"{'supply_score': 6.48, 'current_demand_score': 50.0, 'current_gap': 43.52, 'priority_score': 46.3, 'future_demand_score': None, 'future_gap': None, 'growth_trend': None}",0.4,"{'has_supply': True, 'has_current_demand': False, 'has_future_demand': False}"
washim,,computer operator and programming assistant,Insufficient Data,Data Ingestion Required,Collect further supply and demand data for computer operator and programming assistant in washim before allocating government training resources.,Confidence rating (0.4) is below the required operational threshold (0.5).,"{'supply_score': 6.48, 'current_demand_score': 50.0, 'current_gap': 43.52, 'priority_score': 46.3, 'future_demand_score': None, 'future_gap': None, 'growth_trend': None}",0.4,"{'has_supply': True, 'has_current_demand': False, 'has_future_demand': False}"
akola,,fitter,Insufficient Data,Data Ingestion Required,Collect further supply and demand data for fitter in akola before allocating government training resources.,Confidence rating (0.4) is below the required operational threshold (0.5).,"{'supply_score': 7.0, 'current_demand_score': 50.0, 'current_gap': 43.0, 'priority_score': 46.0, 'future_demand_score': None, 'future_gap': None, 'growth_trend': None}",0.4,"{'has_supply': True, 'has_current_demand': False, 'has_future_demand': False}"
amravati,,sewing technology,Insufficient Data,Data Ingestion Required,Collect further supply and demand data for sewing technology in amravati before allocating government training resources.,Confidence rating (0.4) is below the required operational threshold (0.5).,"{'supply_score': 7.0, 'current_demand_score': 50.0, 'current_gap': 43.0, 'priority_score': 46.0, 'future_demand_score': None, 'future_gap': None, 'growth_trend': None}",0.4,"{'has_supply': True, 'has_current_demand': False, 'has_future_demand': False}"
gadchiroli,,electrician,Insufficient Data,Data Ingestion Required,Collect further supply and demand data for electrician in gadchiroli before allocating government training resources.,Confidence rating (0.4) is below the required operational threshold (0.5).,"{'supply_score': 7.0, 'current_demand_score': 50.0, 'current_gap': 43.0, 'priority_score': 46.0, 'future_demand_score': None, 'future_gap': None, 'growth_trend': None}",0.4,"{'has_supply': True, 'has_current_demand': False, 'has_future_demand': False}"
kolhapur,,sheet metal worker,Insufficient Data,Data Ingestion Required,Collect further supply and demand data for sheet metal worker in kolhapur before allocating government training resources.,Confidence rating (0.4) is below the required operational threshold (0.5).,"{'supply_score': 7.0, 'current_demand_score': 50.0, 'current_gap': 43.0, 'priority_score': 46.0, 'future_demand_score': None, 'future_gap': None, 'growth_trend': None}",0.4,"{'has_supply': True, 'has_current_demand': False, 'has_future_demand': False}"
kolhapur,,turner,Insufficient Data,Data Ingestion Required,Collect further supply and demand data for turner in kolhapur before allocating government training resources.,Confidence rating (0.4) is below the required operational threshold (0.5).,"{'supply_score': 7.0, 'current_demand_score': 50.0, 'current_gap': 43.0, 'priority_score': 46.0, 'future_demand_score': None, 'future_gap': None, 'growth_trend': None}",0.4,"{'has_supply': True, 'has_current_demand': False, 'has_future_demand': False}"
parbhani,,fitter,Insufficient Data,Data Ingestion Required,Collect further supply and demand data for fitter in parbhani before allocating government training resources.,Confidence rating (0.4) is below the required operational threshold (0.5).,"{'supply_score': 7.0, 'current_demand_score': 50.0, 'current_gap': 43.0, 'priority_score': 46.0, 'future_demand_score': None, 'future_gap': None, 'growth_trend': None}",0.4,"{'has_supply': True, 'has_current_demand': False, 'has_future_demand': False}"
raigad,,wireman,Insufficient Data,Data Ingestion Required,Collect further supply and demand data for wireman in raigad before allocating government training resources.,Confidence rating (0.4) is below the required operational threshold (0.5).,"{'supply_score': 7.0, 'current_demand_score': 50.0, 'current_gap': 43.0, 'priority_score': 46.0, 'future_demand_score': None, 'future_gap': None, 'growth_trend': None}",0.4,"{'has_supply': True, 'has_current_demand': False, 'has_future_demand': False}"
sindhudurg,,welder,Insufficient Data,Data Ingestion Required,Collect further supply and demand data for welder in sindhudurg before allocating government training resources.,Confidence rating (0.4) is below the required operational threshold (0.5).,"{'supply_score': 7.0, 'current_demand_score': 50.0, 'current_gap': 43.0, 'priority_score': 46.0, 'future_demand_score': None, 'future_gap': None, 'growth_trend': None}",0.4,"{'has_supply': True, 'has_current_demand': False, 'has_future_demand': False}"
solapur,,wireman,Insufficient Data,Data Ingestion Required,Collect further supply and demand data for wireman in solapur before allocating government training resources.,Confidence rating (0.4) is below the required operational threshold (0.5).,"{'supply_score': 7.0, 'current_demand_score': 50.0, 'current_gap': 43.0, 'priority_score': 46.0, 'future_demand_score': None, 'future_gap': None, 'growth_trend': None}",0.4,"{'has_supply': True, 'has_current_demand': False, 'has_future_demand': False}"
wardha,,solar technician (electrical),Insufficient Data,Data Ingestion Required,Collect further supply and demand data for solar technician (electrical) in wardha before allocating government training resources.,Confidence rating (0.4) is below the required operational threshold (0.5).,"{'supply_score': 7.0, 'current_demand_score': 50.0, 'current_gap': 43.0, 'priority_score': 46.0, 'future_demand_score': None, 'future_gap': None, 'growth_trend': None}",0.4,"{'has_supply': True, 'has_current_demand': False, 'has_future_demand': False}"
yavatmal,,solar technician (electrical),Insufficient Data,Data Ingestion Required,Collect further supply and demand data for solar technician (electrical) in yavatmal before allocating government training resources.,Confidence rating (0.4) is below the required operational threshold (0.5).,"{'supply_score': 7.0, 'current_demand_score': 50.0, 'current_gap': 43.0, 'priority_score': 46.0, 'future_demand_score': None, 'future_gap': None, 'growth_trend': None}",0.4,"{'has_supply': True, 'has_current_demand': False, 'has_future_demand': False}"
ahmednagar,,electronics mechanic,Insufficient Data,Data Ingestion Required,Collect further supply and demand data for electronics mechanic in ahmednagar before allocating government training resources.,Confidence rating (0.4) is below the required operational threshold (0.5).,"{'supply_score': 7.51, 'current_demand_score': 50.0, 'current_gap': 42.49, 'priority_score': 45.71, 'future_demand_score': None, 'future_gap': None, 'growth_trend': None}",0.4,"{'has_supply': True, 'has_current_demand': False, 'has_future_demand': False}"
akola,,mechanic diesel,Insufficient Data,Data Ingestion Required,Collect further supply and demand data for mechanic diesel in akola before allocating government training resources.,Confidence rating (0.4) is below the required operational threshold (0.5).,"{'supply_score': 7.51, 'current_demand_score': 50.0, 'current_gap': 42.49, 'priority_score': 45.71, 'future_demand_score': None, 'future_gap': None, 'growth_trend': None}",0.4,"{'has_supply': True, 'has_current_demand': False, 'has_future_demand': False}"
amravati,,electronics mechanic,Insufficient Data,Data Ingestion Required,Collect further supply and demand data for electronics mechanic in amravati before allocating government training resources.,Confidence rating (0.4) is below the required operational threshold (0.5).,"{'supply_score': 7.51, 'current_demand_score': 50.0, 'current_gap': 42.49, 'priority_score': 45.71, 'future_demand_score': None, 'future_gap': None, 'growth_trend': None}",0.4,"{'has_supply': True, 'has_current_demand': False, 'has_future_demand': False}"
jalgaon,,mechanic motor vehicle,Insufficient Data,Data Ingestion Required,Collect further supply and demand data for mechanic motor vehicle in jalgaon before allocating government training resources.,Confidence rating (0.4) is below the required operational threshold (0.5).,"{'supply_score': 7.51, 'current_demand_score': 50.0, 'current_gap': 42.49, 'priority_score': 45.71, 'future_demand_score': None, 'future_gap': None, 'growth_trend': None}",0.4,"{'has_supply': True, 'has_current_demand': False, 'has_future_demand': False}"
nagpur,,refrigeration and air conditioner technician,Insufficient Data,Data Ingestion Required,Collect further supply and demand data for refrigeration and air conditioner technician in nagpur before allocating government training resources.,Confidence rating (0.4) is below the required operational threshold (0.5).,"{'supply_score': 7.51, 'current_demand_score': 50.0, 'current_gap': 42.49, 'priority_score': 45.71, 'future_demand_score': None, 'future_gap': None, 'growth_trend': None}",0.4,"{'has_supply': True, 'has_current_demand': False, 'has_future_demand': False}"
pune,,plumber,Insufficient Data,Data Ingestion Required,Collect further supply and demand data for plumber in pune before allocating government training resources.,Confidence rating (0.4) is below the required operational threshold (0.5).,"{'supply_score': 7.51, 'current_demand_score': 50.0, 'current_gap': 42.49, 'priority_score': 45.71, 'future_demand_score': None, 'future_gap': None, 'growth_trend': None}",0.4,"{'has_supply': True, 'has_current_demand': False, 'has_future_demand': False}"
satara,,computer operator and programming assistant,Insufficient Data,Data Ingestion Required,Collect further supply and demand data for computer operator and programming assistant in satara before allocating government training resources.,Confidence rating (0.4) is below the required operational threshold (0.5).,"{'supply_score': 7.51, 'current_demand_score': 50.0, 'current_gap': 42.49, 'priority_score': 45.71, 'future_demand_score': None, 'future_gap': None, 'growth_trend': None}",0.4,"{'has_supply': True, 'has_current_demand': False, 'has_future_demand': False}"
satara,,mechanic diesel,Insufficient Data,Data Ingestion Required,Collect further supply and demand data for mechanic diesel in satara before allocating government training resources.,Confidence rating (0.4) is below the required operational threshold (0.5).,"{'supply_score': 7.51, 'current_demand_score': 50.0, 'current_gap': 42.49, 'priority_score': 45.71, 'future_demand_score': None, 'future_gap': None, 'growth_trend': None}",0.4,"{'has_supply': True, 'has_current_demand': False, 'has_future_demand': False}"
amravati,,fashion design and technology,Insufficient Data,Data Ingestion Required,Collect further supply and demand data for fashion design and technology in amravati before allocating government training resources.,Confidence rating (0.4) is below the required operational threshold (0.5).,"{'supply_score': 7.85, 'current_demand_score': 50.0, 'current_gap': 42.15, 'priority_score': 45.51, 'future_demand_score': None, 'future_gap': None, 'growth_trend': None}",0.4,"{'has_supply': True, 'has_current_demand': False, 'has_future_demand': False}"
beed,,fitter,Insufficient Data,Data Ingestion Required,Collect further supply and demand data for fitter in beed before allocating government training resources.,Confidence rating (0.4) is below the required operational threshold (0.5).,"{'supply_score': 7.85, 'current_demand_score': 50.0, 'current_gap': 42.15, 'priority_score': 45.51, 'future_demand_score': None, 'future_gap': None, 'growth_trend': None}",0.4,"{'has_supply': True, 'has_current_demand': False, 'has_future_demand': False}"
chhatrapati sambhajinagar,,welder,Insufficient Data,Data Ingestion Required,Collect further supply and demand data for welder in chhatrapati sambhajinagar before allocating government training resources.,Confidence rating (0.4) is below the required operational threshold (0.5).,"{'supply_score': 7.85, 'current_demand_score': 50.0, 'current_gap': 42.15, 'priority_score': 45.51, 'future_demand_score': None, 'future_gap': None, 'growth_trend': None}",0.4,"{'has_supply': True, 'has_current_demand': False, 'has_future_demand': False}"
gondia,,welder,Insufficient Data,Data Ingestion Required,Collect further supply and demand data for welder in gondia before allocating government training resources.,Confidence rating (0.4) is below the required operational threshold (0.5).,"{'supply_score': 7.85, 'current_demand_score': 50.0, 'current_gap': 42.15, 'priority_score': 45.51, 'future_demand_score': None, 'future_gap': None, 'growth_trend': None}",0.4,"{'has_supply': True, 'has_current_demand': False, 'has_future_demand': False}"
latur,,dress making,Insufficient Data,Data Ingestion Required,Collect further supply and demand data for dress making in latur before allocating government training resources.,Confidence rating (0.4) is below the required operational threshold (0.5).,"{'supply_score': 7.85, 'current_demand_score': 50.0, 'current_gap': 42.15, 'priority_score': 45.51, 'future_demand_score': None, 'future_gap': None, 'growth_trend': None}",0.4,"{'has_supply': True, 'has_current_demand': False, 'has_future_demand': False}"
mumbai,,electrician,Insufficient Data,Data Ingestion Required,Collect further supply and demand data for electrician in mumbai before allocating government training resources.,Confidence rating (0.4) is below the required operational threshold (0.5).,"{'supply_score': 7.85, 'current_demand_score': 50.0, 'current_gap': 42.15, 'priority_score': 45.51, 'future_demand_score': None, 'future_gap': None, 'growth_trend': None}",0.4,"{'has_supply': True, 'has_current_demand': False, 'has_future_demand': False}"
mumbai,,fitter,Insufficient Data,Data Ingestion Required,Collect further supply and demand data for fitter in mumbai before allocating government training resources.,Confidence rating (0.4) is below the required operational threshold (0.5).,"{'supply_score': 7.85, 'current_demand_score': 50.0, 'current_gap': 42.15, 'priority_score': 45.51, 'future_demand_score': None, 'future_gap': None, 'growth_trend': None}",0.4,"{'has_supply': True, 'has_current_demand': False, 'has_future_demand': False}"
nandurbar,,welder,Insufficient Data,Data Ingestion Required,Collect further supply and demand data for welder in nandurbar before allocating government training resources.,Confidence rating (0.4) is below the required operational threshold (0.5).,"{'supply_score': 7.85, 'current_demand_score': 50.0, 'current_gap': 42.15, 'priority_score': 45.51, 'future_demand_score': None, 'future_gap': None, 'growth_trend': None}",0.4,"{'has_supply': True, 'has_current_demand': False, 'has_future_demand': False}"
pune,,solar technician (electrical),Insufficient Data,Data Ingestion Required,Collect further supply and demand data for solar technician (electrical) in pune before allocating government training resources.,Confidence rating (0.4) is below the required operational threshold (0.5).,"{'supply_score': 7.85, 'current_demand_score': 50.0, 'current_gap': 42.15, 'priority_score': 45.51, 'future_demand_score': None, 'future_gap': None, 'growth_trend': None}",0.4,"{'has_supply': True, 'has_current_demand': False, 'has_future_demand': False}"
satara,,machinist,Insufficient Data,Data Ingestion Required,Collect further supply and demand data for machinist in satara before allocating government training resources.,Confidence rating (0.4) is below the required operational threshold (0.5).,"{'supply_score': 7.85, 'current_demand_score': 50.0, 'current_gap': 42.15, 'priority_score': 45.51, 'future_demand_score': None, 'future_gap': None, 'growth_trend': None}",0.4,"{'has_supply': True, 'has_current_demand': False, 'has_future_demand': False}"
bhandara,,mechanic diesel,Insufficient Data,Data Ingestion Required,Collect further supply and demand data for mechanic diesel in bhandara before allocating government training resources.,Confidence rating (0.4) is below the required operational threshold (0.5).,"{'supply_score': 8.53, 'current_demand_score': 50.0, 'current_gap': 41.47, 'priority_score': 45.13, 'future_demand_score': None, 'future_gap': None, 'growth_trend': None}",0.4,"{'has_supply': True, 'has_current_demand': False, 'has_future_demand': False}"
gadchiroli,,mechanic diesel,Insufficient Data,Data Ingestion Required,Collect further supply and demand data for mechanic diesel in gadchiroli before allocating government training resources.,Confidence rating (0.4) is below the required operational threshold (0.5).,"{'supply_score': 8.53, 'current_demand_score': 50.0, 'current_gap': 41.47, 'priority_score': 45.13, 'future_demand_score': None, 'future_gap': None, 'growth_trend': None}",0.4,"{'has_supply': True, 'has_current_demand': False, 'has_future_demand': False}"
kolhapur,,mechanic motor vehicle,Insufficient Data,Data Ingestion Required,Collect further supply and demand data for mechanic motor vehicle in kolhapur before allocating government training resources.,Confidence rating (0.4) is below the required operational threshold (0.5).,"{'supply_score': 8.53, 'current_demand_score': 50.0, 'current_gap': 41.47, 'priority_score': 45.13, 'future_demand_score': None, 'future_gap': None, 'growth_trend': None}",0.4,"{'has_supply': True, 'has_current_demand': False, 'has_future_demand': False}"
latur,,electronics mechanic,Insufficient Data,Data Ingestion Required,Collect further supply and demand data for electronics mechanic in latur before allocating government training resources.,Confidence rating (0.4) is below the required operational threshold (0.5).,"{'supply_score': 8.53, 'current_demand_score': 50.0, 'current_gap': 41.47, 'priority_score': 45.13, 'future_demand_score': None, 'future_gap': None, 'growth_trend': None}",0.4,"{'has_supply': True, 'has_current_demand': False, 'has_future_demand': False}"
mumbai suburban,,mechanic motor vehicle,Insufficient Data,Data Ingestion Required,Collect further supply and demand data for mechanic motor vehicle in mumbai suburban before allocating government training resources.,Confidence rating (0.4) is below the required operational threshold (0.5).,"{'supply_score': 8.53, 'current_demand_score': 50.0, 'current_gap': 41.47, 'priority_score': 45.13, 'future_demand_score': None, 'future_gap': None, 'growth_trend': None}",0.4,"{'has_supply': True, 'has_current_demand': False, 'has_future_demand': False}"
nanded,,mechanic motor vehicle,Insufficient Data,Data Ingestion Required,Collect further supply and demand data for mechanic motor vehicle in nanded before allocating government training resources.,Confidence rating (0.4) is below the required operational threshold (0.5).,"{'supply_score': 8.53, 'current_demand_score': 50.0, 'current_gap': 41.47, 'priority_score': 45.13, 'future_demand_score': None, 'future_gap': None, 'growth_trend': None}",0.4,"{'has_supply': True, 'has_current_demand': False, 'has_future_demand': False}"
palghar,,computer operator and programming assistant,Insufficient Data,Data Ingestion Required,Collect further supply and demand data for computer operator and programming assistant in palghar before allocating government training resources.,Confidence rating (0.4) is below the required operational threshold (0.5).,"{'supply_score': 8.53, 'current_demand_score': 50.0, 'current_gap': 41.47, 'priority_score': 45.13, 'future_demand_score': None, 'future_gap': None, 'growth_trend': None}",0.4,"{'has_supply': True, 'has_current_demand': False, 'has_future_demand': False}"
ahmednagar,,turner,Insufficient Data,Data Ingestion Required,Collect further supply and demand data for turner in ahmednagar before allocating government training resources.,Confidence rating (0.4) is below the required operational threshold (0.5).,"{'supply_score': 8.7, 'current_demand_score': 50.0, 'current_gap': 41.3, 'priority_score': 45.03, 'future_demand_score': None, 'future_gap': None, 'growth_trend': None}",0.4,"{'has_supply': True, 'has_current_demand': False, 'has_future_demand': False}"
buldhana,,dress making,Insufficient Data,Data Ingestion Required,Collect further supply and demand data for dress making in buldhana before allocating government training resources.,Confidence rating (0.4) is below the required operational threshold (0.5).,"{'supply_score': 8.7, 'current_demand_score': 50.0, 'current_gap': 41.3, 'priority_score': 45.03, 'future_demand_score': None, 'future_gap': None, 'growth_trend': None}",0.4,"{'has_supply': True, 'has_current_demand': False, 'has_future_demand': False}"
buldhana,,wireman,Insufficient Data,Data Ingestion Required,Collect further supply and demand data for wireman in buldhana before allocating government training resources.,Confidence rating (0.4) is below the required operational threshold (0.5).,"{'supply_score': 8.7, 'current_demand_score': 50.0, 'current_gap': 41.3, 'priority_score': 45.03, 'future_demand_score': None, 'future_gap': None, 'growth_trend': None}",0.4,"{'has_supply': True, 'has_current_demand': False, 'has_future_demand': False}"
chhatrapati sambhajinagar,,fitter,Insufficient Data,Data Ingestion Required,Collect further supply and demand data for fitter in chhatrapati sambhajinagar before allocating government training resources.,Confidence rating (0.4) is below the required operational threshold (0.5).,"{'supply_score': 8.7, 'current_demand_score': 50.0, 'current_gap': 41.3, 'priority_score': 45.03, 'future_demand_score': None, 'future_gap': None, 'growth_trend': None}",0.4,"{'has_supply': True, 'has_current_demand': False, 'has_future_demand': False}"
gadchiroli,,dress making,Insufficient Data,Data Ingestion Required,Collect further supply and demand data for dress making in gadchiroli before allocating government training resources.,Confidence rating (0.4) is below the required operational threshold (0.5).,"{'supply_score': 8.7, 'current_demand_score': 50.0, 'current_gap': 41.3, 'priority_score': 45.03, 'future_demand_score': None, 'future_gap': None, 'growth_trend': None}",0.4,"{'has_supply': True, 'has_current_demand': False, 'has_future_demand': False}"
gadchiroli,,fitter,Insufficient Data,Data Ingestion Required,Collect further supply and demand data for fitter in gadchiroli before allocating government training resources.,Confidence rating (0.4) is below the required operational threshold (0.5).,"{'supply_score': 8.7, 'current_demand_score': 50.0, 'current_gap': 41.3, 'priority_score': 45.03, 'future_demand_score': None, 'future_gap': None, 'growth_trend': None}",0.4,"{'has_supply': True, 'has_current_demand': False, 'has_future_demand': False}"
jalna,,electrician,Insufficient Data,Data Ingestion Required,Collect further supply and demand data for electrician in jalna before allocating government training resources.,Confidence rating (0.4) is below the required operational threshold (0.5).,"{'supply_score': 8.7, 'current_demand_score': 50.0, 'current_gap': 41.3, 'priority_score': 45.03, 'future_demand_score': None, 'future_gap': None, 'growth_trend': None}",0.4,"{'has_supply': True, 'has_current_demand': False, 'has_future_demand': False}"
kolhapur,,machinist,Insufficient Data,Data Ingestion Required,Collect further supply and demand data for machinist in kolhapur before allocating government training resources.,Confidence rating (0.4) is below the required operational threshold (0.5).,"{'supply_score': 8.7, 'current_demand_score': 50.0, 'current_gap': 41.3, 'priority_score': 45.03, 'future_demand_score': None, 'future_gap': None, 'growth_trend': None}",0.4,"{'has_supply': True, 'has_current_demand': False, 'has_future_demand': False}"
nagpur,,wireman,Insufficient Data,Data Ingestion Required,Collect further supply and demand data for wireman in nagpur before allocating government training resources.,Confidence rating (0.4) is below the required operational threshold (0.5).,"{'supply_score': 8.7, 'current_demand_score': 50.0, 'current_gap': 41.3, 'priority_score': 45.03, 'future_demand_score': None, 'future_gap': None, 'growth_trend': None}",0.4,"{'has_supply': True, 'has_current_demand': False, 'has_future_demand': False}"
nandurbar,,electrician,Insufficient Data,Data Ingestion Required,Collect further supply and demand data for electrician in nandurbar before allocating government training resources.,Confidence rating (0.4) is below the required operational threshold (0.5).,"{'supply_score': 8.7, 'current_demand_score': 50.0, 'current_gap': 41.3, 'priority_score': 45.03, 'future_demand_score': None, 'future_gap': None, 'growth_trend': None}",0.4,"{'has_supply': True, 'has_current_demand': False, 'has_future_demand': False}"
parbhani,,wireman,Insufficient Data,Data Ingestion Required,Collect further supply and demand data for wireman in parbhani before allocating government training resources.,Confidence rating (0.4) is below the required operational threshold (0.5).,"{'supply_score': 8.7, 'current_demand_score': 50.0, 'current_gap': 41.3, 'priority_score': 45.03, 'future_demand_score': None, 'future_gap': None, 'growth_trend': None}",0.4,"{'has_supply': True, 'has_current_demand': False, 'has_future_demand': False}"
satara,,turner,Insufficient Data,Data Ingestion Required,Collect further supply and demand data for turner in satara before allocating government training resources.,Confidence rating (0.4) is below the required operational threshold (0.5).,"{'supply_score': 8.7, 'current_demand_score': 50.0, 'current_gap': 41.3, 'priority_score': 45.03, 'future_demand_score': None, 'future_gap': None, 'growth_trend': None}",0.4,"{'has_supply': True, 'has_current_demand': False, 'has_future_demand': False}"
amravati,,dress making,Insufficient Data,Data Ingestion Required,Collect further supply and demand data for dress making in amravati before allocating government training resources.,Confidence rating (0.4) is below the required operational threshold (0.5).,"{'supply_score': 9.56, 'current_demand_score': 50.0, 'current_gap': 40.44, 'priority_score': 44.54, 'future_demand_score': None, 'future_gap': None, 'growth_trend': None}",0.4,"{'has_supply': True, 'has_current_demand': False, 'has_future_demand': False}"
amravati,,information and communication technology system maintenance,Insufficient Data,Data Ingestion Required,Collect further supply and demand data for information and communication technology system maintenance in amravati before allocating government training resources.,Confidence rating (0.4) is below the required operational threshold (0.5).,"{'supply_score': 9.56, 'current_demand_score': 50.0, 'current_gap': 40.44, 'priority_score': 44.54, 'future_demand_score': None, 'future_gap': None, 'growth_trend': None}",0.4,"{'has_supply': True, 'has_current_demand': False, 'has_future_demand': False}"
buldhana,,solar technician (electrical),Insufficient Data,Data Ingestion Required,Collect further supply and demand data for solar technician (electrical) in buldhana before allocating government training resources.,Confidence rating (0.4) is below the required operational threshold (0.5).,"{'supply_score': 9.56, 'current_demand_score': 50.0, 'current_gap': 40.44, 'priority_score': 44.54, 'future_demand_score': None, 'future_gap': None, 'growth_trend': None}",0.4,"{'has_supply': True, 'has_current_demand': False, 'has_future_demand': False}"
chandrapur,,sewing technology,Insufficient Data,Data Ingestion Required,Collect further supply and demand data for sewing technology in chandrapur before allocating government training resources.,Confidence rating (0.4) is below the required operational threshold (0.5).,"{'supply_score': 9.56, 'current_demand_score': 50.0, 'current_gap': 40.44, 'priority_score': 44.54, 'future_demand_score': None, 'future_gap': None, 'growth_trend': None}",0.4,"{'has_supply': True, 'has_current_demand': False, 'has_future_demand': False}"
chhatrapati sambhajinagar,,computer operator and programming assistant,Insufficient Data,Data Ingestion Required,Collect further supply and demand data for computer operator and programming assistant in chhatrapati sambhajinagar before allocating government training resources.,Confidence rating (0.4) is below the required operational threshold (0.5).,"{'supply_score': 9.56, 'current_demand_score': 50.0, 'current_gap': 40.44, 'priority_score': 44.54, 'future_demand_score': None, 'future_gap': None, 'growth_trend': None}",0.4,"{'has_supply': True, 'has_current_demand': False, 'has_future_demand': False}"
dharashiv,,wireman,Insufficient Data,Data Ingestion Required,Collect further supply and demand data for wireman in dharashiv before allocating government training resources.,Confidence rating (0.4) is below the required operational threshold (0.5).,"{'supply_score': 9.56, 'current_demand_score': 50.0, 'current_gap': 40.44, 'priority_score': 44.54, 'future_demand_score': None, 'future_gap': None, 'growth_trend': None}",0.4,"{'has_supply': True, 'has_current_demand': False, 'has_future_demand': False}"
jalgaon,,mechanic diesel,Insufficient Data,Data Ingestion Required,Collect further supply and demand data for mechanic diesel in jalgaon before allocating government training resources.,Confidence rating (0.4) is below the required operational threshold (0.5).,"{'supply_score': 9.56, 'current_demand_score': 50.0, 'current_gap': 40.44, 'priority_score': 44.54, 'future_demand_score': None, 'future_gap': None, 'growth_trend': None}",0.4,"{'has_supply': True, 'has_current_demand': False, 'has_future_demand': False}"
latur,,mechanic diesel,Insufficient Data,Data Ingestion Required,Collect further supply and demand data for mechanic diesel in latur before allocating government training resources.,Confidence rating (0.4) is below the required operational threshold (0.5).,"{'supply_score': 9.56, 'current_demand_score': 50.0, 'current_gap': 40.44, 'priority_score': 44.54, 'future_demand_score': None, 'future_gap': None, 'growth_trend': None}",0.4,"{'has_supply': True, 'has_current_demand': False, 'has_future_demand': False}"
mumbai suburban,,electronics mechanic,Insufficient Data,Data Ingestion Required,Collect further supply and demand data for electronics mechanic in mumbai suburban before allocating government training resources.,Confidence rating (0.4) is below the required operational threshold (0.5).,"{'supply_score': 9.56, 'current_demand_score': 50.0, 'current_gap': 40.44, 'priority_score': 44.54, 'future_demand_score': None, 'future_gap': None, 'growth_trend': None}",0.4,"{'has_supply': True, 'has_current_demand': False, 'has_future_demand': False}"
nagpur,,electronics mechanic,Insufficient Data,Data Ingestion Required,Collect further supply and demand data for electronics mechanic in nagpur before allocating government training resources.,Confidence rating (0.4) is below the required operational threshold (0.5).,"{'supply_score': 9.56, 'current_demand_score': 50.0, 'current_gap': 40.44, 'priority_score': 44.54, 'future_demand_score': None, 'future_gap': None, 'growth_trend': None}",0.4,"{'has_supply': True, 'has_current_demand': False, 'has_future_demand': False}"
nagpur,,mechanic motor vehicle,Insufficient Data,Data Ingestion Required,Collect further supply and demand data for mechanic motor vehicle in nagpur before allocating government training resources.,Confidence rating (0.4) is below the required operational threshold (0.5).,"{'supply_score': 9.56, 'current_demand_score': 50.0, 'current_gap': 40.44, 'priority_score': 44.54, 'future_demand_score': None, 'future_gap': None, 'growth_trend': None}",0.4,"{'has_supply': True, 'has_current_demand': False, 'has_future_demand': False}"
nandurbar,,fitter,Insufficient Data,Data Ingestion Required,Collect further supply and demand data for fitter in nandurbar before allocating government training resources.,Confidence rating (0.4) is below the required operational threshold (0.5).,"{'supply_score': 9.56, 'current_demand_score': 50.0, 'current_gap': 40.44, 'priority_score': 44.54, 'future_demand_score': None, 'future_gap': None, 'growth_trend': None}",0.4,"{'has_supply': True, 'has_current_demand': False, 'has_future_demand': False}"
nashik,,electronics mechanic,Insufficient Data,Data Ingestion Required,Collect further supply and demand data for electronics mechanic in nashik before allocating government training resources.,Confidence rating (0.4) is below the required operational threshold (0.5).,"{'supply_score': 9.56, 'current_demand_score': 50.0, 'current_gap': 40.44, 'priority_score': 44.54, 'future_demand_score': None, 'future_gap': None, 'growth_trend': None}",0.4,"{'has_supply': True, 'has_current_demand': False, 'has_future_demand': False}"
nashik,,mechanic diesel,Insufficient Data,Data Ingestion Required,Collect further supply and demand data for mechanic diesel in nashik before allocating government training resources.,Confidence rating (0.4) is below the required operational threshold (0.5).,"{'supply_score': 9.56, 'current_demand_score': 50.0, 'current_gap': 40.44, 'priority_score': 44.54, 'future_demand_score': None, 'future_gap': None, 'growth_trend': None}",0.4,"{'has_supply': True, 'has_current_demand': False, 'has_future_demand': False}"
nashik,,turner,Insufficient Data,Data Ingestion Required,Collect further supply and demand data for turner in nashik before allocating government training resources.,Confidence rating (0.4) is below the required operational threshold (0.5).,"{'supply_score': 9.56, 'current_demand_score': 50.0, 'current_gap': 40.44, 'priority_score': 44.54, 'future_demand_score': None, 'future_gap': None, 'growth_trend': None}",0.4,"{'has_supply': True, 'has_current_demand': False, 'has_future_demand': False}"
pune,,turner,Insufficient Data,Data Ingestion Required,Collect further supply and demand data for turner in pune before allocating government training resources.,Confidence rating (0.4) is below the required operational threshold (0.5).,"{'supply_score': 9.56, 'current_demand_score': 50.0, 'current_gap': 40.44, 'priority_score': 44.54, 'future_demand_score': None, 'future_gap': None, 'growth_trend': None}",0.4,"{'has_supply': True, 'has_current_demand': False, 'has_future_demand': False}"
ratnagiri,,computer operator and programming assistant,Insufficient Data,Data Ingestion Required,Collect further supply and demand data for computer operator and programming assistant in ratnagiri before allocating government training resources.,Confidence rating (0.4) is below the required operational threshold (0.5).,"{'supply_score': 9.56, 'current_demand_score': 50.0, 'current_gap': 40.44, 'priority_score': 44.54, 'future_demand_score': None, 'future_gap': None, 'growth_trend': None}",0.4,"{'has_supply': True, 'has_current_demand': False, 'has_future_demand': False}"
ratnagiri,,fitter,Insufficient Data,Data Ingestion Required,Collect further supply and demand data for fitter in ratnagiri before allocating government training resources.,Confidence rating (0.4) is below the required operational threshold (0.5).,"{'supply_score': 9.56, 'current_demand_score': 50.0, 'current_gap': 40.44, 'priority_score': 44.54, 'future_demand_score': None, 'future_gap': None, 'growth_trend': None}",0.4,"{'has_supply': True, 'has_current_demand': False, 'has_future_demand': False}"
sangli,,mechanic diesel,Insufficient Data,Data Ingestion Required,Collect further supply and demand data for mechanic diesel in sangli before allocating government training resources.,Confidence rating (0.4) is below the required operational threshold (0.5).,"{'supply_score': 9.56, 'current_demand_score': 50.0, 'current_gap': 40.44, 'priority_score': 44.54, 'future_demand_score': None, 'future_gap': None, 'growth_trend': None}",0.4,"{'has_supply': True, 'has_current_demand': False, 'has_future_demand': False}"
wardha,,welder,Insufficient Data,Data Ingestion Required,Collect further supply and demand data for welder in wardha before allocating government training resources.,Confidence rating (0.4) is below the required operational threshold (0.5).,"{'supply_score': 9.56, 'current_demand_score': 50.0, 'current_gap': 40.44, 'priority_score': 44.54, 'future_demand_score': None, 'future_gap': None, 'growth_trend': None}",0.4,"{'has_supply': True, 'has_current_demand': False, 'has_future_demand': False}"
akola,,solar technician (electrical),Insufficient Data,Data Ingestion Required,Collect further supply and demand data for solar technician (electrical) in akola before allocating government training resources.,Confidence rating (0.4) is below the required operational threshold (0.5).,"{'supply_score': 10.41, 'current_demand_score': 50.0, 'current_gap': 39.59, 'priority_score': 44.05, 'future_demand_score': None, 'future_gap': None, 'growth_trend': None}",0.4,"{'has_supply': True, 'has_current_demand': False, 'has_future_demand': False}"
bhandara,,welder,Insufficient Data,Data Ingestion Required,Collect further supply and demand data for welder in bhandara before allocating government training resources.,Confidence rating (0.4) is below the required operational threshold (0.5).,"{'supply_score': 10.41, 'current_demand_score': 50.0, 'current_gap': 39.59, 'priority_score': 44.05, 'future_demand_score': None, 'future_gap': None, 'growth_trend': None}",0.4,"{'has_supply': True, 'has_current_demand': False, 'has_future_demand': False}"
chandrapur,,wireman,Insufficient Data,Data Ingestion Required,Collect further supply and demand data for wireman in chandrapur before allocating government training resources.,Confidence rating (0.4) is below the required operational threshold (0.5).,"{'supply_score': 10.41, 'current_demand_score': 50.0, 'current_gap': 39.59, 'priority_score': 44.05, 'future_demand_score': None, 'future_gap': None, 'growth_trend': None}",0.4,"{'has_supply': True, 'has_current_demand': False, 'has_future_demand': False}"
gadchiroli,,sewing technology,Insufficient Data,Data Ingestion Required,Collect further supply and demand data for sewing technology in gadchiroli before allocating government training resources.,Confidence rating (0.4) is below the required operational threshold (0.5).,"{'supply_score': 10.41, 'current_demand_score': 50.0, 'current_gap': 39.59, 'priority_score': 44.05, 'future_demand_score': None, 'future_gap': None, 'growth_trend': None}",0.4,"{'has_supply': True, 'has_current_demand': False, 'has_future_demand': False}"
jalgaon,,dress making,Insufficient Data,Data Ingestion Required,Collect further supply and demand data for dress making in jalgaon before allocating government training resources.,Confidence rating (0.4) is below the required operational threshold (0.5).,"{'supply_score': 10.41, 'current_demand_score': 50.0, 'current_gap': 39.59, 'priority_score': 44.05, 'future_demand_score': None, 'future_gap': None, 'growth_trend': None}",0.4,"{'has_supply': True, 'has_current_demand': False, 'has_future_demand': False}"
jalna,,welder,Insufficient Data,Data Ingestion Required,Collect further supply and demand data for welder in jalna before allocating government training resources.,Confidence rating (0.4) is below the required operational threshold (0.5).,"{'supply_score': 10.41, 'current_demand_score': 50.0, 'current_gap': 39.59, 'priority_score': 44.05, 'future_demand_score': None, 'future_gap': None, 'growth_trend': None}",0.4,"{'has_supply': True, 'has_current_demand': False, 'has_future_demand': False}"
kolhapur,,draughtsman mechanical,Insufficient Data,Data Ingestion Required,Collect further supply and demand data for draughtsman mechanical in kolhapur before allocating government training resources.,Confidence rating (0.4) is below the required operational threshold (0.5).,"{'supply_score': 10.41, 'current_demand_score': 50.0, 'current_gap': 39.59, 'priority_score': 44.05, 'future_demand_score': None, 'future_gap': None, 'growth_trend': None}",0.4,"{'has_supply': True, 'has_current_demand': False, 'has_future_demand': False}"
mumbai suburban,,fitter,Insufficient Data,Data Ingestion Required,Collect further supply and demand data for fitter in mumbai suburban before allocating government training resources.,Confidence rating (0.4) is below the required operational threshold (0.5).,"{'supply_score': 10.41, 'current_demand_score': 50.0, 'current_gap': 39.59, 'priority_score': 44.05, 'future_demand_score': None, 'future_gap': None, 'growth_trend': None}",0.4,"{'has_supply': True, 'has_current_demand': False, 'has_future_demand': False}"
palghar,,electrician,Insufficient Data,Data Ingestion Required,Collect further supply and demand data for electrician in palghar before allocating government training resources.,Confidence rating (0.4) is below the required operational threshold (0.5).,"{'supply_score': 10.41, 'current_demand_score': 50.0, 'current_gap': 39.59, 'priority_score': 44.05, 'future_demand_score': None, 'future_gap': None, 'growth_trend': None}",0.4,"{'has_supply': True, 'has_current_demand': False, 'has_future_demand': False}"
yavatmal,,wireman,Insufficient Data,Data Ingestion Required,Collect further supply and demand data for wireman in yavatmal before allocating government training resources.,Confidence rating (0.4) is below the required operational threshold (0.5).,"{'supply_score': 10.41, 'current_demand_score': 50.0, 'current_gap': 39.59, 'priority_score': 44.05, 'future_demand_score': None, 'future_gap': None, 'growth_trend': None}",0.4,"{'has_supply': True, 'has_current_demand': False, 'has_future_demand': False}"
akola,,computer operator and programming assistant,Insufficient Data,Data Ingestion Required,Collect further supply and demand data for computer operator and programming assistant in akola before allocating government training resources.,Confidence rating (0.4) is below the required operational threshold (0.5).,"{'supply_score': 10.58, 'current_demand_score': 50.0, 'current_gap': 39.42, 'priority_score': 43.95, 'future_demand_score': None, 'future_gap': None, 'growth_trend': None}",0.4,"{'has_supply': True, 'has_current_demand': False, 'has_future_demand': False}"
nandurbar,,computer operator and programming assistant,Insufficient Data,Data Ingestion Required,Collect further supply and demand data for computer operator and programming assistant in nandurbar before allocating government training resources.,Confidence rating (0.4) is below the required operational threshold (0.5).,"{'supply_score': 10.58, 'current_demand_score': 50.0, 'current_gap': 39.42, 'priority_score': 43.95, 'future_demand_score': None, 'future_gap': None, 'growth_trend': None}",0.4,"{'has_supply': True, 'has_current_demand': False, 'has_future_demand': False}"
pune,,refrigeration and air conditioner technician,Insufficient Data,Data Ingestion Required,Collect further supply and demand data for refrigeration and air conditioner technician in pune before allocating government training resources.,Confidence rating (0.4) is below the required operational threshold (0.5).,"{'supply_score': 10.58, 'current_demand_score': 50.0, 'current_gap': 39.42, 'priority_score': 43.95, 'future_demand_score': None, 'future_gap': None, 'growth_trend': None}",0.4,"{'has_supply': True, 'has_current_demand': False, 'has_future_demand': False}"
sangli,,computer operator and programming assistant,Insufficient Data,Data Ingestion Required,Collect further supply and demand data for computer operator and programming assistant in sangli before allocating government training resources.,Confidence rating (0.4) is below the required operational threshold (0.5).,"{'supply_score': 10.58, 'current_demand_score': 50.0, 'current_gap': 39.42, 'priority_score': 43.95, 'future_demand_score': None, 'future_gap': None, 'growth_trend': None}",0.4,"{'has_supply': True, 'has_current_demand': False, 'has_future_demand': False}"
yavatmal,,mechanic diesel,Insufficient Data,Data Ingestion Required,Collect further supply and demand data for mechanic diesel in yavatmal before allocating government training resources.,Confidence rating (0.4) is below the required operational threshold (0.5).,"{'supply_score': 10.58, 'current_demand_score': 50.0, 'current_gap': 39.42, 'priority_score': 43.95, 'future_demand_score': None, 'future_gap': None, 'growth_trend': None}",0.4,"{'has_supply': True, 'has_current_demand': False, 'has_future_demand': False}"
amravati,,solar technician (electrical),Insufficient Data,Data Ingestion Required,Collect further supply and demand data for solar technician (electrical) in amravati before allocating government training resources.,Confidence rating (0.4) is below the required operational threshold (0.5).,"{'supply_score': 11.26, 'current_demand_score': 50.0, 'current_gap': 38.74, 'priority_score': 43.57, 'future_demand_score': None, 'future_gap': None, 'growth_trend': None}",0.4,"{'has_supply': True, 'has_current_demand': False, 'has_future_demand': False}"
beed,,wireman,Insufficient Data,Data Ingestion Required,Collect further supply and demand data for wireman in beed before allocating government training resources.,Confidence rating (0.4) is below the required operational threshold (0.5).,"{'supply_score': 11.26, 'current_demand_score': 50.0, 'current_gap': 38.74, 'priority_score': 43.57, 'future_demand_score': None, 'future_gap': None, 'growth_trend': None}",0.4,"{'has_supply': True, 'has_current_demand': False, 'has_future_demand': False}"
dhule,,welder,Insufficient Data,Data Ingestion Required,Collect further supply and demand data for welder in dhule before allocating government training resources.,Confidence rating (0.4) is below the required operational threshold (0.5).,"{'supply_score': 11.26, 'current_demand_score': 50.0, 'current_gap': 38.74, 'priority_score': 43.57, 'future_demand_score': None, 'future_gap': None, 'growth_trend': None}",0.4,"{'has_supply': True, 'has_current_demand': False, 'has_future_demand': False}"
nashik,,dress making,Insufficient Data,Data Ingestion Required,Collect further supply and demand data for dress making in nashik before allocating government training resources.,Confidence rating (0.4) is below the required operational threshold (0.5).,"{'supply_score': 11.26, 'current_demand_score': 50.0, 'current_gap': 38.74, 'priority_score': 43.57, 'future_demand_score': None, 'future_gap': None, 'growth_trend': None}",0.4,"{'has_supply': True, 'has_current_demand': False, 'has_future_demand': False}"
parbhani,,welder,Insufficient Data,Data Ingestion Required,Collect further supply and demand data for welder in parbhani before allocating government training resources.,Confidence rating (0.4) is below the required operational threshold (0.5).,"{'supply_score': 11.26, 'current_demand_score': 50.0, 'current_gap': 38.74, 'priority_score': 43.57, 'future_demand_score': None, 'future_gap': None, 'growth_trend': None}",0.4,"{'has_supply': True, 'has_current_demand': False, 'has_future_demand': False}"
pune,,draughtsman mechanical,Insufficient Data,Data Ingestion Required,Collect further supply and demand data for draughtsman mechanical in pune before allocating government training resources.,Confidence rating (0.4) is below the required operational threshold (0.5).,"{'supply_score': 11.26, 'current_demand_score': 50.0, 'current_gap': 38.74, 'priority_score': 43.57, 'future_demand_score': None, 'future_gap': None, 'growth_trend': None}",0.4,"{'has_supply': True, 'has_current_demand': False, 'has_future_demand': False}"
washim,,welder,Insufficient Data,Data Ingestion Required,Collect further supply and demand data for welder in washim before allocating government training resources.,Confidence rating (0.4) is below the required operational threshold (0.5).,"{'supply_score': 11.26, 'current_demand_score': 50.0, 'current_gap': 38.74, 'priority_score': 43.57, 'future_demand_score': None, 'future_gap': None, 'growth_trend': None}",0.4,"{'has_supply': True, 'has_current_demand': False, 'has_future_demand': False}"
ahmednagar,,mechanic diesel,Insufficient Data,Data Ingestion Required,Collect further supply and demand data for mechanic diesel in ahmednagar before allocating government training resources.,Confidence rating (0.4) is below the required operational threshold (0.5).,"{'supply_score': 11.6, 'current_demand_score': 50.0, 'current_gap': 38.4, 'priority_score': 43.37, 'future_demand_score': None, 'future_gap': None, 'growth_trend': None}",0.4,"{'has_supply': True, 'has_current_demand': False, 'has_future_demand': False}"
kolhapur,,mechanic diesel,Insufficient Data,Data Ingestion Required,Collect further supply and demand data for mechanic diesel in kolhapur before allocating government training resources.,Confidence rating (0.4) is below the required operational threshold (0.5).,"{'supply_score': 11.6, 'current_demand_score': 50.0, 'current_gap': 38.4, 'priority_score': 43.37, 'future_demand_score': None, 'future_gap': None, 'growth_trend': None}",0.4,"{'has_supply': True, 'has_current_demand': False, 'has_future_demand': False}"
sangli,,mechanic motor vehicle,Insufficient Data,Data Ingestion Required,Collect further supply and demand data for mechanic motor vehicle in sangli before allocating government training resources.,Confidence rating (0.4) is below the required operational threshold (0.5).,"{'supply_score': 11.6, 'current_demand_score': 50.0, 'current_gap': 38.4, 'priority_score': 43.37, 'future_demand_score': None, 'future_gap': None, 'growth_trend': None}",0.4,"{'has_supply': True, 'has_current_demand': False, 'has_future_demand': False}"
thane,,computer operator and programming assistant,Insufficient Data,Data Ingestion Required,Collect further supply and demand data for computer operator and programming assistant in thane before allocating government training resources.,Confidence rating (0.4) is below the required operational threshold (0.5).,"{'supply_score': 11.6, 'current_demand_score': 50.0, 'current_gap': 38.4, 'priority_score': 43.37, 'future_demand_score': None, 'future_gap': None, 'growth_trend': None}",0.4,"{'has_supply': True, 'has_current_demand': False, 'has_future_demand': False}"
yavatmal,,mechanic motor vehicle,Insufficient Data,Data Ingestion Required,Collect further supply and demand data for mechanic motor vehicle in yavatmal before allocating government training resources.,Confidence rating (0.4) is below the required operational threshold (0.5).,"{'supply_score': 11.6, 'current_demand_score': 50.0, 'current_gap': 38.4, 'priority_score': 43.37, 'future_demand_score': None, 'future_gap': None, 'growth_trend': None}",0.4,"{'has_supply': True, 'has_current_demand': False, 'has_future_demand': False}"
gadchiroli,,welder,Insufficient Data,Data Ingestion Required,Collect further supply and demand data for welder in gadchiroli before allocating government training resources.,Confidence rating (0.4) is below the required operational threshold (0.5).,"{'supply_score': 12.12, 'current_demand_score': 50.0, 'current_gap': 37.88, 'priority_score': 43.07, 'future_demand_score': None, 'future_gap': None, 'growth_trend': None}",0.4,"{'has_supply': True, 'has_current_demand': False, 'has_future_demand': False}"
latur,,fitter,Insufficient Data,Data Ingestion Required,Collect further supply and demand data for fitter in latur before allocating government training resources.,Confidence rating (0.4) is below the required operational threshold (0.5).,"{'supply_score': 12.12, 'current_demand_score': 50.0, 'current_gap': 37.88, 'priority_score': 43.07, 'future_demand_score': None, 'future_gap': None, 'growth_trend': None}",0.4,"{'has_supply': True, 'has_current_demand': False, 'has_future_demand': False}"
mumbai suburban,,welder,Insufficient Data,Data Ingestion Required,Collect further supply and demand data for welder in mumbai suburban before allocating government training resources.,Confidence rating (0.4) is below the required operational threshold (0.5).,"{'supply_score': 12.12, 'current_demand_score': 50.0, 'current_gap': 37.88, 'priority_score': 43.07, 'future_demand_score': None, 'future_gap': None, 'growth_trend': None}",0.4,"{'has_supply': True, 'has_current_demand': False, 'has_future_demand': False}"
nashik,,wireman,Insufficient Data,Data Ingestion Required,Collect further supply and demand data for wireman in nashik before allocating government training resources.,Confidence rating (0.4) is below the required operational threshold (0.5).,"{'supply_score': 12.12, 'current_demand_score': 50.0, 'current_gap': 37.88, 'priority_score': 43.07, 'future_demand_score': None, 'future_gap': None, 'growth_trend': None}",0.4,"{'has_supply': True, 'has_current_demand': False, 'has_future_demand': False}"
ahmednagar,,mechanic motor vehicle,Insufficient Data,Data Ingestion Required,Collect further supply and demand data for mechanic motor vehicle in ahmednagar before allocating government training resources.,Confidence rating (0.4) is below the required operational threshold (0.5).,"{'supply_score': 12.63, 'current_demand_score': 50.0, 'current_gap': 37.37, 'priority_score': 42.78, 'future_demand_score': None, 'future_gap': None, 'growth_trend': None}",0.4,"{'has_supply': True, 'has_current_demand': False, 'has_future_demand': False}"
amravati,,mechanic diesel,Insufficient Data,Data Ingestion Required,Collect further supply and demand data for mechanic diesel in amravati before allocating government training resources.,Confidence rating (0.4) is below the required operational threshold (0.5).,"{'supply_score': 12.63, 'current_demand_score': 50.0, 'current_gap': 37.37, 'priority_score': 42.78, 'future_demand_score': None, 'future_gap': None, 'growth_trend': None}",0.4,"{'has_supply': True, 'has_current_demand': False, 'has_future_demand': False}"
amravati,,mechanic motor vehicle,Insufficient Data,Data Ingestion Required,Collect further supply and demand data for mechanic motor vehicle in amravati before allocating government training resources.,Confidence rating (0.4) is below the required operational threshold (0.5).,"{'supply_score': 12.63, 'current_demand_score': 50.0, 'current_gap': 37.37, 'priority_score': 42.78, 'future_demand_score': None, 'future_gap': None, 'growth_trend': None}",0.4,"{'has_supply': True, 'has_current_demand': False, 'has_future_demand': False}"
dharashiv,,computer operator and programming assistant,Insufficient Data,Data Ingestion Required,Collect further supply and demand data for computer operator and programming assistant in dharashiv before allocating government training resources.,Confidence rating (0.4) is below the required operational threshold (0.5).,"{'supply_score': 12.63, 'current_demand_score': 50.0, 'current_gap': 37.37, 'priority_score': 42.78, 'future_demand_score': None, 'future_gap': None, 'growth_trend': None}",0.4,"{'has_supply': True, 'has_current_demand': False, 'has_future_demand': False}"
mumbai,,computer operator and programming assistant,Insufficient Data,Data Ingestion Required,Collect further supply and demand data for computer operator and programming assistant in mumbai before allocating government training resources.,Confidence rating (0.4) is below the required operational threshold (0.5).,"{'supply_score': 12.63, 'current_demand_score': 50.0, 'current_gap': 37.37, 'priority_score': 42.78, 'future_demand_score': None, 'future_gap': None, 'growth_trend': None}",0.4,"{'has_supply': True, 'has_current_demand': False, 'has_future_demand': False}"
ratnagiri,,mechanic diesel,Insufficient Data,Data Ingestion Required,Collect further supply and demand data for mechanic diesel in ratnagiri before allocating government training resources.,Confidence rating (0.4) is below the required operational threshold (0.5).,"{'supply_score': 12.63, 'current_demand_score': 50.0, 'current_gap': 37.37, 'priority_score': 42.78, 'future_demand_score': None, 'future_gap': None, 'growth_trend': None}",0.4,"{'has_supply': True, 'has_current_demand': False, 'has_future_demand': False}"
solapur,,computer operator and programming assistant,Insufficient Data,Data Ingestion Required,Collect further supply and demand data for computer operator and programming assistant in solapur before allocating government training resources.,Confidence rating (0.4) is below the required operational threshold (0.5).,"{'supply_score': 12.63, 'current_demand_score': 50.0, 'current_gap': 37.37, 'priority_score': 42.78, 'future_demand_score': None, 'future_gap': None, 'growth_trend': None}",0.4,"{'has_supply': True, 'has_current_demand': False, 'has_future_demand': False}"
akola,,welder,Insufficient Data,Data Ingestion Required,Collect further supply and demand data for welder in akola before allocating government training resources.,Confidence rating (0.4) is below the required operational threshold (0.5).,"{'supply_score': 12.97, 'current_demand_score': 50.0, 'current_gap': 37.03, 'priority_score': 42.59, 'future_demand_score': None, 'future_gap': None, 'growth_trend': None}",0.4,"{'has_supply': True, 'has_current_demand': False, 'has_future_demand': False}"
dharashiv,,electrician,Insufficient Data,Data Ingestion Required,Collect further supply and demand data for electrician in dharashiv before allocating government training resources.,Confidence rating (0.4) is below the required operational threshold (0.5).,"{'supply_score': 12.97, 'current_demand_score': 50.0, 'current_gap': 37.03, 'priority_score': 42.59, 'future_demand_score': None, 'future_gap': None, 'growth_trend': None}",0.4,"{'has_supply': True, 'has_current_demand': False, 'has_future_demand': False}"
raigad,,electrician,Insufficient Data,Data Ingestion Required,Collect further supply and demand data for electrician in raigad before allocating government training resources.,Confidence rating (0.4) is below the required operational threshold (0.5).,"{'supply_score': 12.97, 'current_demand_score': 50.0, 'current_gap': 37.03, 'priority_score': 42.59, 'future_demand_score': None, 'future_gap': None, 'growth_trend': None}",0.4,"{'has_supply': True, 'has_current_demand': False, 'has_future_demand': False}"
ratnagiri,,electrician,Insufficient Data,Data Ingestion Required,Collect further supply and demand data for electrician in ratnagiri before allocating government training resources.,Confidence rating (0.4) is below the required operational threshold (0.5).,"{'supply_score': 12.97, 'current_demand_score': 50.0, 'current_gap': 37.03, 'priority_score': 42.59, 'future_demand_score': None, 'future_gap': None, 'growth_trend': None}",0.4,"{'has_supply': True, 'has_current_demand': False, 'has_future_demand': False}"
ratnagiri,,welder,Insufficient Data,Data Ingestion Required,Collect further supply and demand data for welder in ratnagiri before allocating government training resources.,Confidence rating (0.4) is below the required operational threshold (0.5).,"{'supply_score': 12.97, 'current_demand_score': 50.0, 'current_gap': 37.03, 'priority_score': 42.59, 'future_demand_score': None, 'future_gap': None, 'growth_trend': None}",0.4,"{'has_supply': True, 'has_current_demand': False, 'has_future_demand': False}"
yavatmal,,dress making,Insufficient Data,Data Ingestion Required,Collect further supply and demand data for dress making in yavatmal before allocating government training resources.,Confidence rating (0.4) is below the required operational threshold (0.5).,"{'supply_score': 12.97, 'current_demand_score': 50.0, 'current_gap': 37.03, 'priority_score': 42.59, 'future_demand_score': None, 'future_gap': None, 'growth_trend': None}",0.4,"{'has_supply': True, 'has_current_demand': False, 'has_future_demand': False}"
solapur,,mechanic motor vehicle,Insufficient Data,Data Ingestion Required,Collect further supply and demand data for mechanic motor vehicle in solapur before allocating government training resources.,Confidence rating (0.4) is below the required operational threshold (0.5).,"{'supply_score': 13.65, 'current_demand_score': 50.0, 'current_gap': 36.35, 'priority_score': 42.2, 'future_demand_score': None, 'future_gap': None, 'growth_trend': None}",0.4,"{'has_supply': True, 'has_current_demand': False, 'has_future_demand': False}"
amravati,,wireman,Insufficient Data,Data Ingestion Required,Collect further supply and demand data for wireman in amravati before allocating government training resources.,Confidence rating (0.4) is below the required operational threshold (0.5).,"{'supply_score': 13.82, 'current_demand_score': 50.0, 'current_gap': 36.18, 'priority_score': 42.1, 'future_demand_score': None, 'future_gap': None, 'growth_trend': None}",0.4,"{'has_supply': True, 'has_current_demand': False, 'has_future_demand': False}"
dharashiv,,welder,Insufficient Data,Data Ingestion Required,Collect further supply and demand data for welder in dharashiv before allocating government training resources.,Confidence rating (0.4) is below the required operational threshold (0.5).,"{'supply_score': 13.82, 'current_demand_score': 50.0, 'current_gap': 36.18, 'priority_score': 42.1, 'future_demand_score': None, 'future_gap': None, 'growth_trend': None}",0.4,"{'has_supply': True, 'has_current_demand': False, 'has_future_demand': False}"
pune,,machinist,Insufficient Data,Data Ingestion Required,Collect further supply and demand data for machinist in pune before allocating government training resources.,Confidence rating (0.4) is below the required operational threshold (0.5).,"{'supply_score': 13.82, 'current_demand_score': 50.0, 'current_gap': 36.18, 'priority_score': 42.1, 'future_demand_score': None, 'future_gap': None, 'growth_trend': None}",0.4,"{'has_supply': True, 'has_current_demand': False, 'has_future_demand': False}"
pune,,wireman,Insufficient Data,Data Ingestion Required,Collect further supply and demand data for wireman in pune before allocating government training resources.,Confidence rating (0.4) is below the required operational threshold (0.5).,"{'supply_score': 13.82, 'current_demand_score': 50.0, 'current_gap': 36.18, 'priority_score': 42.1, 'future_demand_score': None, 'future_gap': None, 'growth_trend': None}",0.4,"{'has_supply': True, 'has_current_demand': False, 'has_future_demand': False}"
thane,,fitter,Insufficient Data,Data Ingestion Required,Collect further supply and demand data for fitter in thane before allocating government training resources.,Confidence rating (0.4) is below the required operational threshold (0.5).,"{'supply_score': 13.82, 'current_demand_score': 50.0, 'current_gap': 36.18, 'priority_score': 42.1, 'future_demand_score': None, 'future_gap': None, 'growth_trend': None}",0.4,"{'has_supply': True, 'has_current_demand': False, 'has_future_demand': False}"
ahmednagar,,computer operator and programming assistant,Insufficient Data,Data Ingestion Required,Collect further supply and demand data for computer operator and programming assistant in ahmednagar before allocating government training resources.,Confidence rating (0.4) is below the required operational threshold (0.5).,"{'supply_score': 14.68, 'current_demand_score': 50.0, 'current_gap': 35.32, 'priority_score': 41.61, 'future_demand_score': None, 'future_gap': None, 'growth_trend': None}",0.4,"{'has_supply': True, 'has_current_demand': False, 'has_future_demand': False}"
latur,,computer operator and programming assistant,Insufficient Data,Data Ingestion Required,Collect further supply and demand data for computer operator and programming assistant in latur before allocating government training resources.,Confidence rating (0.4) is below the required operational threshold (0.5).,"{'supply_score': 14.68, 'current_demand_score': 50.0, 'current_gap': 35.32, 'priority_score': 41.61, 'future_demand_score': None, 'future_gap': None, 'growth_trend': None}",0.4,"{'has_supply': True, 'has_current_demand': False, 'has_future_demand': False}"
latur,,wireman,Insufficient Data,Data Ingestion Required,Collect further supply and demand data for wireman in latur before allocating government training resources.,Confidence rating (0.4) is below the required operational threshold (0.5).,"{'supply_score': 14.68, 'current_demand_score': 50.0, 'current_gap': 35.32, 'priority_score': 41.61, 'future_demand_score': None, 'future_gap': None, 'growth_trend': None}",0.4,"{'has_supply': True, 'has_current_demand': False, 'has_future_demand': False}"
palghar,,fitter,Insufficient Data,Data Ingestion Required,Collect further supply and demand data for fitter in palghar before allocating government training resources.,Confidence rating (0.4) is below the required operational threshold (0.5).,"{'supply_score': 14.68, 'current_demand_score': 50.0, 'current_gap': 35.32, 'priority_score': 41.61, 'future_demand_score': None, 'future_gap': None, 'growth_trend': None}",0.4,"{'has_supply': True, 'has_current_demand': False, 'has_future_demand': False}"
satara,,welder,Insufficient Data,Data Ingestion Required,Collect further supply and demand data for welder in satara before allocating government training resources.,Confidence rating (0.4) is below the required operational threshold (0.5).,"{'supply_score': 14.68, 'current_demand_score': 50.0, 'current_gap': 35.32, 'priority_score': 41.61, 'future_demand_score': None, 'future_gap': None, 'growth_trend': None}",0.4,"{'has_supply': True, 'has_current_demand': False, 'has_future_demand': False}"
yavatmal,,cosmetology,Insufficient Data,Data Ingestion Required,Collect further supply and demand data for cosmetology in yavatmal before allocating government training resources.,Confidence rating (0.4) is below the required operational threshold (0.5).,"{'supply_score': 14.68, 'current_demand_score': 50.0, 'current_gap': 35.32, 'priority_score': 41.61, 'future_demand_score': None, 'future_gap': None, 'growth_trend': None}",0.4,"{'has_supply': True, 'has_current_demand': False, 'has_future_demand': False}"
nanded,,welder,Insufficient Data,Data Ingestion Required,Collect further supply and demand data for welder in nanded before allocating government training resources.,Confidence rating (0.4) is below the required operational threshold (0.5).,"{'supply_score': 15.53, 'current_demand_score': 50.0, 'current_gap': 34.47, 'priority_score': 41.13, 'future_demand_score': None, 'future_gap': None, 'growth_trend': None}",0.4,"{'has_supply': True, 'has_current_demand': False, 'has_future_demand': False}"
palghar,,welder,Insufficient Data,Data Ingestion Required,Collect further supply and demand data for welder in palghar before allocating government training resources.,Confidence rating (0.4) is below the required operational threshold (0.5).,"{'supply_score': 15.53, 'current_demand_score': 50.0, 'current_gap': 34.47, 'priority_score': 41.13, 'future_demand_score': None, 'future_gap': None, 'growth_trend': None}",0.4,"{'has_supply': True, 'has_current_demand': False, 'has_future_demand': False}"
raigad,,fitter,Insufficient Data,Data Ingestion Required,Collect further supply and demand data for fitter in raigad before allocating government training resources.,Confidence rating (0.4) is below the required operational threshold (0.5).,"{'supply_score': 15.53, 'current_demand_score': 50.0, 'current_gap': 34.47, 'priority_score': 41.13, 'future_demand_score': None, 'future_gap': None, 'growth_trend': None}",0.4,"{'has_supply': True, 'has_current_demand': False, 'has_future_demand': False}"
chandrapur,,computer operator and programming assistant,Insufficient Data,Data Ingestion Required,Collect further supply and demand data for computer operator and programming assistant in chandrapur before allocating government training resources.,Confidence rating (0.4) is below the required operational threshold (0.5).,"{'supply_score': 15.7, 'current_demand_score': 50.0, 'current_gap': 34.3, 'priority_score': 41.03, 'future_demand_score': None, 'future_gap': None, 'growth_trend': None}",0.4,"{'has_supply': True, 'has_current_demand': False, 'has_future_demand': False}"
jalgaon,,computer operator and programming assistant,Insufficient Data,Data Ingestion Required,Collect further supply and demand data for computer operator and programming assistant in jalgaon before allocating government training resources.,Confidence rating (0.4) is below the required operational threshold (0.5).,"{'supply_score': 15.7, 'current_demand_score': 50.0, 'current_gap': 34.3, 'priority_score': 41.03, 'future_demand_score': None, 'future_gap': None, 'growth_trend': None}",0.4,"{'has_supply': True, 'has_current_demand': False, 'has_future_demand': False}"
nagpur,,computer operator and programming assistant,Insufficient Data,Data Ingestion Required,Collect further supply and demand data for computer operator and programming assistant in nagpur before allocating government training resources.,Confidence rating (0.4) is below the required operational threshold (0.5).,"{'supply_score': 15.7, 'current_demand_score': 50.0, 'current_gap': 34.3, 'priority_score': 41.03, 'future_demand_score': None, 'future_gap': None, 'growth_trend': None}",0.4,"{'has_supply': True, 'has_current_demand': False, 'has_future_demand': False}"
mumbai suburban,,electrician,Insufficient Data,Data Ingestion Required,Collect further supply and demand data for electrician in mumbai suburban before allocating government training resources.,Confidence rating (0.4) is below the required operational threshold (0.5).,"{'supply_score': 16.38, 'current_demand_score': 50.0, 'current_gap': 33.62, 'priority_score': 40.64, 'future_demand_score': None, 'future_gap': None, 'growth_trend': None}",0.4,"{'has_supply': True, 'has_current_demand': False, 'has_future_demand': False}"
nanded,,fitter,Insufficient Data,Data Ingestion Required,Collect further supply and demand data for fitter in nanded before allocating government training resources.,Confidence rating (0.4) is below the required operational threshold (0.5).,"{'supply_score': 16.38, 'current_demand_score': 50.0, 'current_gap': 33.62, 'priority_score': 40.64, 'future_demand_score': None, 'future_gap': None, 'growth_trend': None}",0.4,"{'has_supply': True, 'has_current_demand': False, 'has_future_demand': False}"
thane,,electrician,Insufficient Data,Data Ingestion Required,Collect further supply and demand data for electrician in thane before allocating government training resources.,Confidence rating (0.4) is below the required operational threshold (0.5).,"{'supply_score': 16.38, 'current_demand_score': 50.0, 'current_gap': 33.62, 'priority_score': 40.64, 'future_demand_score': None, 'future_gap': None, 'growth_trend': None}",0.4,"{'has_supply': True, 'has_current_demand': False, 'has_future_demand': False}"
gondia,,fitter,Insufficient Data,Data Ingestion Required,Collect further supply and demand data for fitter in gondia before allocating government training resources.,Confidence rating (0.4) is below the required operational threshold (0.5).,"{'supply_score': 17.24, 'current_demand_score': 50.0, 'current_gap': 32.76, 'priority_score': 40.15, 'future_demand_score': None, 'future_gap': None, 'growth_trend': None}",0.4,"{'has_supply': True, 'has_current_demand': False, 'has_future_demand': False}"
satara,,electrician,Insufficient Data,Data Ingestion Required,Collect further supply and demand data for electrician in satara before allocating government training resources.,Confidence rating (0.4) is below the required operational threshold (0.5).,"{'supply_score': 17.24, 'current_demand_score': 50.0, 'current_gap': 32.76, 'priority_score': 40.15, 'future_demand_score': None, 'future_gap': None, 'growth_trend': None}",0.4,"{'has_supply': True, 'has_current_demand': False, 'has_future_demand': False}"
yavatmal,,electrician,Insufficient Data,Data Ingestion Required,Collect further supply and demand data for electrician in yavatmal before allocating government training resources.,Confidence rating (0.4) is below the required operational threshold (0.5).,"{'supply_score': 17.24, 'current_demand_score': 50.0, 'current_gap': 32.76, 'priority_score': 40.15, 'future_demand_score': None, 'future_gap': None, 'growth_trend': None}",0.4,"{'has_supply': True, 'has_current_demand': False, 'has_future_demand': False}"
yavatmal,,fitter,Insufficient Data,Data Ingestion Required,Collect further supply and demand data for fitter in yavatmal before allocating government training resources.,Confidence rating (0.4) is below the required operational threshold (0.5).,"{'supply_score': 17.24, 'current_demand_score': 50.0, 'current_gap': 32.76, 'priority_score': 40.15, 'future_demand_score': None, 'future_gap': None, 'growth_trend': None}",0.4,"{'has_supply': True, 'has_current_demand': False, 'has_future_demand': False}"
nanded,,computer operator and programming assistant,Insufficient Data,Data Ingestion Required,Collect further supply and demand data for computer operator and programming assistant in nanded before allocating government training resources.,Confidence rating (0.4) is below the required operational threshold (0.5).,"{'supply_score': 17.75, 'current_demand_score': 50.0, 'current_gap': 32.25, 'priority_score': 39.86, 'future_demand_score': None, 'future_gap': None, 'growth_trend': None}",0.4,"{'has_supply': True, 'has_current_demand': False, 'has_future_demand': False}"
yavatmal,,computer operator and programming assistant,Insufficient Data,Data Ingestion Required,Collect further supply and demand data for computer operator and programming assistant in yavatmal before allocating government training resources.,Confidence rating (0.4) is below the required operational threshold (0.5).,"{'supply_score': 17.75, 'current_demand_score': 50.0, 'current_gap': 32.25, 'priority_score': 39.86, 'future_demand_score': None, 'future_gap': None, 'growth_trend': None}",0.4,"{'has_supply': True, 'has_current_demand': False, 'has_future_demand': False}"
chhatrapati sambhajinagar,,electrician,Insufficient Data,Data Ingestion Required,Collect further supply and demand data for electrician in chhatrapati sambhajinagar before allocating government training resources.,Confidence rating (0.4) is below the required operational threshold (0.5).,"{'supply_score': 18.09, 'current_demand_score': 50.0, 'current_gap': 31.91, 'priority_score': 39.66, 'future_demand_score': None, 'future_gap': None, 'growth_trend': None}",0.4,"{'has_supply': True, 'has_current_demand': False, 'has_future_demand': False}"
latur,,welder,Insufficient Data,Data Ingestion Required,Collect further supply and demand data for welder in latur before allocating government training resources.,Confidence rating (0.4) is below the required operational threshold (0.5).,"{'supply_score': 18.09, 'current_demand_score': 50.0, 'current_gap': 31.91, 'priority_score': 39.66, 'future_demand_score': None, 'future_gap': None, 'growth_trend': None}",0.4,"{'has_supply': True, 'has_current_demand': False, 'has_future_demand': False}"
sangli,,electrician,Insufficient Data,Data Ingestion Required,Collect further supply and demand data for electrician in sangli before allocating government training resources.,Confidence rating (0.4) is below the required operational threshold (0.5).,"{'supply_score': 18.09, 'current_demand_score': 50.0, 'current_gap': 31.91, 'priority_score': 39.66, 'future_demand_score': None, 'future_gap': None, 'growth_trend': None}",0.4,"{'has_supply': True, 'has_current_demand': False, 'has_future_demand': False}"
solapur,,welder,Insufficient Data,Data Ingestion Required,Collect further supply and demand data for welder in solapur before allocating government training resources.,Confidence rating (0.4) is below the required operational threshold (0.5).,"{'supply_score': 18.09, 'current_demand_score': 50.0, 'current_gap': 31.91, 'priority_score': 39.66, 'future_demand_score': None, 'future_gap': None, 'growth_trend': None}",0.4,"{'has_supply': True, 'has_current_demand': False, 'has_future_demand': False}"
pune,,electronics mechanic,Insufficient Data,Data Ingestion Required,Collect further supply and demand data for electronics mechanic in pune before allocating government training resources.,Confidence rating (0.4) is below the required operational threshold (0.5).,"{'supply_score': 18.77, 'current_demand_score': 50.0, 'current_gap': 31.23, 'priority_score': 39.27, 'future_demand_score': None, 'future_gap': None, 'growth_trend': None}",0.4,"{'has_supply': True, 'has_current_demand': False, 'has_future_demand': False}"
solapur,,mechanic diesel,Insufficient Data,Data Ingestion Required,Collect further supply and demand data for mechanic diesel in solapur before allocating government training resources.,Confidence rating (0.4) is below the required operational threshold (0.5).,"{'supply_score': 18.77, 'current_demand_score': 50.0, 'current_gap': 31.23, 'priority_score': 39.27, 'future_demand_score': None, 'future_gap': None, 'growth_trend': None}",0.4,"{'has_supply': True, 'has_current_demand': False, 'has_future_demand': False}"
ahmednagar,,wireman,Insufficient Data,Data Ingestion Required,Collect further supply and demand data for wireman in ahmednagar before allocating government training resources.,Confidence rating (0.4) is below the required operational threshold (0.5).,"{'supply_score': 18.94, 'current_demand_score': 50.0, 'current_gap': 31.06, 'priority_score': 39.18, 'future_demand_score': None, 'future_gap': None, 'growth_trend': None}",0.4,"{'has_supply': True, 'has_current_demand': False, 'has_future_demand': False}"
beed,,welder,Insufficient Data,Data Ingestion Required,Collect further supply and demand data for welder in beed before allocating government training resources.,Confidence rating (0.4) is below the required operational threshold (0.5).,"{'supply_score': 18.94, 'current_demand_score': 50.0, 'current_gap': 31.06, 'priority_score': 39.18, 'future_demand_score': None, 'future_gap': None, 'growth_trend': None}",0.4,"{'has_supply': True, 'has_current_demand': False, 'has_future_demand': False}"
gondia,,electrician,Insufficient Data,Data Ingestion Required,Collect further supply and demand data for electrician in gondia before allocating government training resources.,Confidence rating (0.4) is below the required operational threshold (0.5).,"{'supply_score': 18.94, 'current_demand_score': 50.0, 'current_gap': 31.06, 'priority_score': 39.18, 'future_demand_score': None, 'future_gap': None, 'growth_trend': None}",0.4,"{'has_supply': True, 'has_current_demand': False, 'has_future_demand': False}"
parbhani,,electrician,Insufficient Data,Data Ingestion Required,Collect further supply and demand data for electrician in parbhani before allocating government training resources.,Confidence rating (0.4) is below the required operational threshold (0.5).,"{'supply_score': 18.94, 'current_demand_score': 50.0, 'current_gap': 31.06, 'priority_score': 39.18, 'future_demand_score': None, 'future_gap': None, 'growth_trend': None}",0.4,"{'has_supply': True, 'has_current_demand': False, 'has_future_demand': False}"
raigad,,welder,Insufficient Data,Data Ingestion Required,Collect further supply and demand data for welder in raigad before allocating government training resources.,Confidence rating (0.4) is below the required operational threshold (0.5).,"{'supply_score': 18.94, 'current_demand_score': 50.0, 'current_gap': 31.06, 'priority_score': 39.18, 'future_demand_score': None, 'future_gap': None, 'growth_trend': None}",0.4,"{'has_supply': True, 'has_current_demand': False, 'has_future_demand': False}"
sangli,,welder,Insufficient Data,Data Ingestion Required,Collect further supply and demand data for welder in sangli before allocating government training resources.,Confidence rating (0.4) is below the required operational threshold (0.5).,"{'supply_score': 18.94, 'current_demand_score': 50.0, 'current_gap': 31.06, 'priority_score': 39.18, 'future_demand_score': None, 'future_gap': None, 'growth_trend': None}",0.4,"{'has_supply': True, 'has_current_demand': False, 'has_future_demand': False}"
satara,,fitter,Insufficient Data,Data Ingestion Required,Collect further supply and demand data for fitter in satara before allocating government training resources.,Confidence rating (0.4) is below the required operational threshold (0.5).,"{'supply_score': 18.94, 'current_demand_score': 50.0, 'current_gap': 31.06, 'priority_score': 39.18, 'future_demand_score': None, 'future_gap': None, 'growth_trend': None}",0.4,"{'has_supply': True, 'has_current_demand': False, 'has_future_demand': False}"
buldhana,,computer operator and programming assistant,Insufficient Data,Data Ingestion Required,Collect further supply and demand data for computer operator and programming assistant in buldhana before allocating government training resources.,Confidence rating (0.4) is below the required operational threshold (0.5).,"{'supply_score': 19.8, 'current_demand_score': 50.0, 'current_gap': 30.2, 'priority_score': 38.69, 'future_demand_score': None, 'future_gap': None, 'growth_trend': None}",0.4,"{'has_supply': True, 'has_current_demand': False, 'has_future_demand': False}"
sangli,,fitter,Insufficient Data,Data Ingestion Required,Collect further supply and demand data for fitter in sangli before allocating government training resources.,Confidence rating (0.4) is below the required operational threshold (0.5).,"{'supply_score': 19.8, 'current_demand_score': 50.0, 'current_gap': 30.2, 'priority_score': 38.69, 'future_demand_score': None, 'future_gap': None, 'growth_trend': None}",0.4,"{'has_supply': True, 'has_current_demand': False, 'has_future_demand': False}"
solapur,,fitter,Insufficient Data,Data Ingestion Required,Collect further supply and demand data for fitter in solapur before allocating government training resources.,Confidence rating (0.4) is below the required operational threshold (0.5).,"{'supply_score': 19.8, 'current_demand_score': 50.0, 'current_gap': 30.2, 'priority_score': 38.69, 'future_demand_score': None, 'future_gap': None, 'growth_trend': None}",0.4,"{'has_supply': True, 'has_current_demand': False, 'has_future_demand': False}"
wardha,,electrician,Insufficient Data,Data Ingestion Required,Collect further supply and demand data for electrician in wardha before allocating government training resources.,Confidence rating (0.4) is below the required operational threshold (0.5).,"{'supply_score': 19.8, 'current_demand_score': 50.0, 'current_gap': 30.2, 'priority_score': 38.69, 'future_demand_score': None, 'future_gap': None, 'growth_trend': None}",0.4,"{'has_supply': True, 'has_current_demand': False, 'has_future_demand': False}"
wardha,,fitter,Insufficient Data,Data Ingestion Required,Collect further supply and demand data for fitter in wardha before allocating government training resources.,Confidence rating (0.4) is below the required operational threshold (0.5).,"{'supply_score': 19.8, 'current_demand_score': 50.0, 'current_gap': 30.2, 'priority_score': 38.69, 'future_demand_score': None, 'future_gap': None, 'growth_trend': None}",0.4,"{'has_supply': True, 'has_current_demand': False, 'has_future_demand': False}"
nashik,,mechanic motor vehicle,Insufficient Data,Data Ingestion Required,Collect further supply and demand data for mechanic motor vehicle in nashik before allocating government training resources.,Confidence rating (0.4) is below the required operational threshold (0.5).,"{'supply_score': 20.82, 'current_demand_score': 50.0, 'current_gap': 29.18, 'priority_score': 38.1, 'future_demand_score': None, 'future_gap': None, 'growth_trend': None}",0.4,"{'has_supply': True, 'has_current_demand': False, 'has_future_demand': False}"
buldhana,,fitter,Insufficient Data,Data Ingestion Required,Collect further supply and demand data for fitter in buldhana before allocating government training resources.,Confidence rating (0.4) is below the required operational threshold (0.5).,"{'supply_score': 21.5, 'current_demand_score': 50.0, 'current_gap': 28.5, 'priority_score': 37.71, 'future_demand_score': None, 'future_gap': None, 'growth_trend': None}",0.4,"{'has_supply': True, 'has_current_demand': False, 'has_future_demand': False}"
dhule,,electrician,Insufficient Data,Data Ingestion Required,Collect further supply and demand data for electrician in dhule before allocating government training resources.,Confidence rating (0.4) is below the required operational threshold (0.5).,"{'supply_score': 21.5, 'current_demand_score': 50.0, 'current_gap': 28.5, 'priority_score': 37.71, 'future_demand_score': None, 'future_gap': None, 'growth_trend': None}",0.4,"{'has_supply': True, 'has_current_demand': False, 'has_future_demand': False}"
thane,,welder,Insufficient Data,Data Ingestion Required,Collect further supply and demand data for welder in thane before allocating government training resources.,Confidence rating (0.4) is below the required operational threshold (0.5).,"{'supply_score': 21.5, 'current_demand_score': 50.0, 'current_gap': 28.5, 'priority_score': 37.71, 'future_demand_score': None, 'future_gap': None, 'growth_trend': None}",0.4,"{'has_supply': True, 'has_current_demand': False, 'has_future_demand': False}"
chandrapur,,mechanic diesel,Insufficient Data,Data Ingestion Required,Collect further supply and demand data for mechanic diesel in chandrapur before allocating government training resources.,Confidence rating (0.4) is below the required operational threshold (0.5).,"{'supply_score': 21.84, 'current_demand_score': 50.0, 'current_gap': 28.16, 'priority_score': 37.52, 'future_demand_score': None, 'future_gap': None, 'growth_trend': None}",0.4,"{'has_supply': True, 'has_current_demand': False, 'has_future_demand': False}"
nagpur,,mechanic diesel,Insufficient Data,Data Ingestion Required,Collect further supply and demand data for mechanic diesel in nagpur before allocating government training resources.,Confidence rating (0.4) is below the required operational threshold (0.5).,"{'supply_score': 21.84, 'current_demand_score': 50.0, 'current_gap': 28.16, 'priority_score': 37.52, 'future_demand_score': None, 'future_gap': None, 'growth_trend': None}",0.4,"{'has_supply': True, 'has_current_demand': False, 'has_future_demand': False}"
buldhana,,welder,Insufficient Data,Data Ingestion Required,Collect further supply and demand data for welder in buldhana before allocating government training resources.,Confidence rating (0.4) is below the required operational threshold (0.5).,"{'supply_score': 22.35, 'current_demand_score': 50.0, 'current_gap': 27.65, 'priority_score': 37.23, 'future_demand_score': None, 'future_gap': None, 'growth_trend': None}",0.4,"{'has_supply': True, 'has_current_demand': False, 'has_future_demand': False}"
dhule,,fitter,Insufficient Data,Data Ingestion Required,Collect further supply and demand data for fitter in dhule before allocating government training resources.,Confidence rating (0.4) is below the required operational threshold (0.5).,"{'supply_score': 22.35, 'current_demand_score': 50.0, 'current_gap': 27.65, 'priority_score': 37.23, 'future_demand_score': None, 'future_gap': None, 'growth_trend': None}",0.4,"{'has_supply': True, 'has_current_demand': False, 'has_future_demand': False}"
yavatmal,,welder,Insufficient Data,Data Ingestion Required,Collect further supply and demand data for welder in yavatmal before allocating government training resources.,Confidence rating (0.4) is below the required operational threshold (0.5).,"{'supply_score': 22.35, 'current_demand_score': 50.0, 'current_gap': 27.65, 'priority_score': 37.23, 'future_demand_score': None, 'future_gap': None, 'growth_trend': None}",0.4,"{'has_supply': True, 'has_current_demand': False, 'has_future_demand': False}"
amravati,,fitter,Insufficient Data,Data Ingestion Required,Collect further supply and demand data for fitter in amravati before allocating government training resources.,Confidence rating (0.4) is below the required operational threshold (0.5).,"{'supply_score': 24.06, 'current_demand_score': 50.0, 'current_gap': 25.94, 'priority_score': 36.25, 'future_demand_score': None, 'future_gap': None, 'growth_trend': None}",0.4,"{'has_supply': True, 'has_current_demand': False, 'has_future_demand': False}"
buldhana,,electrician,Insufficient Data,Data Ingestion Required,Collect further supply and demand data for electrician in buldhana before allocating government training resources.,Confidence rating (0.4) is below the required operational threshold (0.5).,"{'supply_score': 24.06, 'current_demand_score': 50.0, 'current_gap': 25.94, 'priority_score': 36.25, 'future_demand_score': None, 'future_gap': None, 'growth_trend': None}",0.4,"{'has_supply': True, 'has_current_demand': False, 'has_future_demand': False}"
solapur,,electrician,Insufficient Data,Data Ingestion Required,Collect further supply and demand data for electrician in solapur before allocating government training resources.,Confidence rating (0.4) is below the required operational threshold (0.5).,"{'supply_score': 24.06, 'current_demand_score': 50.0, 'current_gap': 25.94, 'priority_score': 36.25, 'future_demand_score': None, 'future_gap': None, 'growth_trend': None}",0.4,"{'has_supply': True, 'has_current_demand': False, 'has_future_demand': False}"
chandrapur,,welder,Insufficient Data,Data Ingestion Required,Collect further supply and demand data for welder in chandrapur before allocating government training resources.,Confidence rating (0.4) is below the required operational threshold (0.5).,"{'supply_score': 24.91, 'current_demand_score': 50.0, 'current_gap': 25.09, 'priority_score': 35.77, 'future_demand_score': None, 'future_gap': None, 'growth_trend': None}",0.4,"{'has_supply': True, 'has_current_demand': False, 'has_future_demand': False}"
nagpur,,welder,Insufficient Data,Data Ingestion Required,Collect further supply and demand data for welder in nagpur before allocating government training resources.,Confidence rating (0.4) is below the required operational threshold (0.5).,"{'supply_score': 24.91, 'current_demand_score': 50.0, 'current_gap': 25.09, 'priority_score': 35.77, 'future_demand_score': None, 'future_gap': None, 'growth_trend': None}",0.4,"{'has_supply': True, 'has_current_demand': False, 'has_future_demand': False}"
nanded,,wireman,Insufficient Data,Data Ingestion Required,Collect further supply and demand data for wireman in nanded before allocating government training resources.,Confidence rating (0.4) is below the required operational threshold (0.5).,"{'supply_score': 24.91, 'current_demand_score': 50.0, 'current_gap': 25.09, 'priority_score': 35.77, 'future_demand_score': None, 'future_gap': None, 'growth_trend': None}",0.4,"{'has_supply': True, 'has_current_demand': False, 'has_future_demand': False}"
pune,,mechanic motor vehicle,Insufficient Data,Data Ingestion Required,Collect further supply and demand data for mechanic motor vehicle in pune before allocating government training resources.,Confidence rating (0.4) is below the required operational threshold (0.5).,"{'supply_score': 24.91, 'current_demand_score': 50.0, 'current_gap': 25.09, 'priority_score': 35.77, 'future_demand_score': None, 'future_gap': None, 'growth_trend': None}",0.4,"{'has_supply': True, 'has_current_demand': False, 'has_future_demand': False}"
beed,,electrician,Insufficient Data,Data Ingestion Required,Collect further supply and demand data for electrician in beed before allocating government training resources.,Confidence rating (0.4) is below the required operational threshold (0.5).,"{'supply_score': 25.77, 'current_demand_score': 50.0, 'current_gap': 24.23, 'priority_score': 35.27, 'future_demand_score': None, 'future_gap': None, 'growth_trend': None}",0.4,"{'has_supply': True, 'has_current_demand': False, 'has_future_demand': False}"
amravati,,electrician,Insufficient Data,Data Ingestion Required,Collect further supply and demand data for electrician in amravati before allocating government training resources.,Confidence rating (0.4) is below the required operational threshold (0.5).,"{'supply_score': 26.62, 'current_demand_score': 50.0, 'current_gap': 23.38, 'priority_score': 34.79, 'future_demand_score': None, 'future_gap': None, 'growth_trend': None}",0.4,"{'has_supply': True, 'has_current_demand': False, 'has_future_demand': False}"
latur,,electrician,Insufficient Data,Data Ingestion Required,Collect further supply and demand data for electrician in latur before allocating government training resources.,Confidence rating (0.4) is below the required operational threshold (0.5).,"{'supply_score': 26.62, 'current_demand_score': 50.0, 'current_gap': 23.38, 'priority_score': 34.79, 'future_demand_score': None, 'future_gap': None, 'growth_trend': None}",0.4,"{'has_supply': True, 'has_current_demand': False, 'has_future_demand': False}"
kolhapur,,welder,Insufficient Data,Data Ingestion Required,Collect further supply and demand data for welder in kolhapur before allocating government training resources.,Confidence rating (0.4) is below the required operational threshold (0.5).,"{'supply_score': 28.33, 'current_demand_score': 50.0, 'current_gap': 21.67, 'priority_score': 33.81, 'future_demand_score': None, 'future_gap': None, 'growth_trend': None}",0.4,"{'has_supply': True, 'has_current_demand': False, 'has_future_demand': False}"
pune,,computer operator and programming assistant,Insufficient Data,Data Ingestion Required,Collect further supply and demand data for computer operator and programming assistant in pune before allocating government training resources.,Confidence rating (0.4) is below the required operational threshold (0.5).,"{'supply_score': 29.01, 'current_demand_score': 50.0, 'current_gap': 20.99, 'priority_score': 33.42, 'future_demand_score': None, 'future_gap': None, 'growth_trend': None}",0.4,"{'has_supply': True, 'has_current_demand': False, 'has_future_demand': False}"
pune,,mechanic diesel,Insufficient Data,Data Ingestion Required,Collect further supply and demand data for mechanic diesel in pune before allocating government training resources.,Confidence rating (0.4) is below the required operational threshold (0.5).,"{'supply_score': 29.01, 'current_demand_score': 50.0, 'current_gap': 20.99, 'priority_score': 33.42, 'future_demand_score': None, 'future_gap': None, 'growth_trend': None}",0.4,"{'has_supply': True, 'has_current_demand': False, 'has_future_demand': False}"
amravati,,computer operator and programming assistant,Insufficient Data,Data Ingestion Required,Collect further supply and demand data for computer operator and programming assistant in amravati before allocating government training resources.,Confidence rating (0.4) is below the required operational threshold (0.5).,"{'supply_score': 33.11, 'current_demand_score': 50.0, 'current_gap': 16.89, 'priority_score': 31.08, 'future_demand_score': None, 'future_gap': None, 'growth_trend': None}",0.4,"{'has_supply': True, 'has_current_demand': False, 'has_future_demand': False}"
ahmednagar,,welder,Insufficient Data,Data Ingestion Required,Collect further supply and demand data for welder in ahmednagar before allocating government training resources.,Confidence rating (0.4) is below the required operational threshold (0.5).,"{'supply_score': 33.45, 'current_demand_score': 50.0, 'current_gap': 16.55, 'priority_score': 30.89, 'future_demand_score': None, 'future_gap': None, 'growth_trend': None}",0.4,"{'has_supply': True, 'has_current_demand': False, 'has_future_demand': False}"
nashik,,computer operator and programming assistant,Insufficient Data,Data Ingestion Required,Collect further supply and demand data for computer operator and programming assistant in nashik before allocating government training resources.,Confidence rating (0.4) is below the required operational threshold (0.5).,"{'supply_score': 34.13, 'current_demand_score': 50.0, 'current_gap': 15.87, 'priority_score': 30.5, 'future_demand_score': None, 'future_gap': None, 'growth_trend': None}",0.4,"{'has_supply': True, 'has_current_demand': False, 'has_future_demand': False}"
amravati,,welder,Insufficient Data,Data Ingestion Required,Collect further supply and demand data for welder in amravati before allocating government training resources.,Confidence rating (0.4) is below the required operational threshold (0.5).,"{'supply_score': 34.3, 'current_demand_score': 50.0, 'current_gap': 15.7, 'priority_score': 30.4, 'future_demand_score': None, 'future_gap': None, 'growth_trend': None}",0.4,"{'has_supply': True, 'has_current_demand': False, 'has_future_demand': False}"
bhandara,,fitter,Insufficient Data,Data Ingestion Required,Collect further supply and demand data for fitter in bhandara before allocating government training resources.,Confidence rating (0.4) is below the required operational threshold (0.5).,"{'supply_score': 35.15, 'current_demand_score': 50.0, 'current_gap': 14.85, 'priority_score': 29.91, 'future_demand_score': None, 'future_gap': None, 'growth_trend': None}",0.4,"{'has_supply': True, 'has_current_demand': False, 'has_future_demand': False}"
bhandara,,electrician,Insufficient Data,Data Ingestion Required,Collect further supply and demand data for electrician in bhandara before allocating government training resources.,Confidence rating (0.4) is below the required operational threshold (0.5).,"{'supply_score': 36.01, 'current_demand_score': 50.0, 'current_gap': 13.99, 'priority_score': 29.42, 'future_demand_score': None, 'future_gap': None, 'growth_trend': None}",0.4,"{'has_supply': True, 'has_current_demand': False, 'has_future_demand': False}"
ahmednagar,,fitter,Insufficient Data,Data Ingestion Required,Collect further supply and demand data for fitter in ahmednagar before allocating government training resources.,Confidence rating (0.4) is below the required operational threshold (0.5).,"{'supply_score': 38.57, 'current_demand_score': 50.0, 'current_gap': 11.43, 'priority_score': 27.96, 'future_demand_score': None, 'future_gap': None, 'growth_trend': None}",0.4,"{'has_supply': True, 'has_current_demand': False, 'has_future_demand': False}"
nanded,,electrician,Insufficient Data,Data Ingestion Required,Collect further supply and demand data for electrician in nanded before allocating government training resources.,Confidence rating (0.4) is below the required operational threshold (0.5).,"{'supply_score': 38.57, 'current_demand_score': 50.0, 'current_gap': 11.43, 'priority_score': 27.96, 'future_demand_score': None, 'future_gap': None, 'growth_trend': None}",0.4,"{'has_supply': True, 'has_current_demand': False, 'has_future_demand': False}"
nashik,,welder,Insufficient Data,Data Ingestion Required,Collect further supply and demand data for welder in nashik before allocating government training resources.,Confidence rating (0.4) is below the required operational threshold (0.5).,"{'supply_score': 38.57, 'current_demand_score': 50.0, 'current_gap': 11.43, 'priority_score': 27.96, 'future_demand_score': None, 'future_gap': None, 'growth_trend': None}",0.4,"{'has_supply': True, 'has_current_demand': False, 'has_future_demand': False}"
chandrapur,,fitter,Insufficient Data,Data Ingestion Required,Collect further supply and demand data for fitter in chandrapur before allocating government training resources.,Confidence rating (0.4) is below the required operational threshold (0.5).,"{'supply_score': 40.27, 'current_demand_score': 50.0, 'current_gap': 9.73, 'priority_score': 26.99, 'future_demand_score': None, 'future_gap': None, 'growth_trend': None}",0.4,"{'has_supply': True, 'has_current_demand': False, 'has_future_demand': False}"
kolhapur,,fitter,Insufficient Data,Data Ingestion Required,Collect further supply and demand data for fitter in kolhapur before allocating government training resources.,Confidence rating (0.4) is below the required operational threshold (0.5).,"{'supply_score': 41.13, 'current_demand_score': 50.0, 'current_gap': 8.87, 'priority_score': 26.5, 'future_demand_score': None, 'future_gap': None, 'growth_trend': None}",0.4,"{'has_supply': True, 'has_current_demand': False, 'has_future_demand': False}"
ahmednagar,,electrician,Insufficient Data,Data Ingestion Required,Collect further supply and demand data for electrician in ahmednagar before allocating government training resources.,Confidence rating (0.4) is below the required operational threshold (0.5).,"{'supply_score': 41.98, 'current_demand_score': 50.0, 'current_gap': 8.02, 'priority_score': 26.01, 'future_demand_score': None, 'future_gap': None, 'growth_trend': None}",0.4,"{'has_supply': True, 'has_current_demand': False, 'has_future_demand': False}"
kolhapur,,electrician,Insufficient Data,Data Ingestion Required,Collect further supply and demand data for electrician in kolhapur before allocating government training resources.,Confidence rating (0.4) is below the required operational threshold (0.5).,"{'supply_score': 45.39, 'current_demand_score': 50.0, 'current_gap': 4.61, 'priority_score': 24.06, 'future_demand_score': None, 'future_gap': None, 'growth_trend': None}",0.4,"{'has_supply': True, 'has_current_demand': False, 'has_future_demand': False}"
pune,,fitter,Insufficient Data,Data Ingestion Required,Collect further supply and demand data for fitter in pune before allocating government training resources.,Confidence rating (0.4) is below the required operational threshold (0.5).,"{'supply_score': 46.25, 'current_demand_score': 50.0, 'current_gap': 3.75, 'priority_score': 23.57, 'future_demand_score': None, 'future_gap': None, 'growth_trend': None}",0.4,"{'has_supply': True, 'has_current_demand': False, 'has_future_demand': False}"
nashik,,electrician,Insufficient Data,Data Ingestion Required,Collect further supply and demand data for electrician in nashik before allocating government training resources.,Confidence rating (0.4) is below the required operational threshold (0.5).,"{'supply_score': 49.66, 'current_demand_score': 50.0, 'current_gap': 0.34, 'priority_score': 21.62, 'future_demand_score': None, 'future_gap': None, 'growth_trend': None}",0.4,"{'has_supply': True, 'has_current_demand': False, 'has_future_demand': False}"
nashik,,fitter,Insufficient Data,Data Ingestion Required,Collect further supply and demand data for fitter in nashik before allocating government training resources.,Confidence rating (0.4) is below the required operational threshold (0.5).,"{'supply_score': 49.66, 'current_demand_score': 50.0, 'current_gap': 0.34, 'priority_score': 21.62, 'future_demand_score': None, 'future_gap': None, 'growth_trend': None}",0.4,"{'has_supply': True, 'has_current_demand': False, 'has_future_demand': False}"
chandrapur,,electrician,Insufficient Data,Data Ingestion Required,Collect further supply and demand data for electrician in chandrapur before allocating government training resources.,Confidence rating (0.4) is below the required operational threshold (0.5).,"{'supply_score': 54.78, 'current_demand_score': 50.0, 'current_gap': -4.78, 'priority_score': 21.43, 'future_demand_score': None, 'future_gap': None, 'growth_trend': None}",0.4,"{'has_supply': True, 'has_current_demand': False, 'has_future_demand': False}"
jalgaon,,electrician,Insufficient Data,Data Ingestion Required,Collect further supply and demand data for electrician in jalgaon before allocating government training resources.,Confidence rating (0.4) is below the required operational threshold (0.5).,"{'supply_score': 100.0, 'current_demand_score': 50.0, 'current_gap': -50.0, 'priority_score': 21.43, 'future_demand_score': None, 'future_gap': None, 'growth_trend': None}",0.4,"{'has_supply': True, 'has_current_demand': False, 'has_future_demand': False}"
jalgaon,,fitter,Insufficient Data,Data Ingestion Required,Collect further supply and demand data for fitter in jalgaon before allocating government training resources.,Confidence rating (0.4) is below the required operational threshold (0.5).,"{'supply_score': 82.08, 'current_demand_score': 50.0, 'current_gap': -32.08, 'priority_score': 21.43, 'future_demand_score': None, 'future_gap': None, 'growth_trend': None}",0.4,"{'has_supply': True, 'has_current_demand': False, 'has_future_demand': False}"
jalgaon,,welder,Insufficient Data,Data Ingestion Required,Collect further supply and demand data for welder in jalgaon before allocating government training resources.,Confidence rating (0.4) is below the required operational threshold (0.5).,"{'supply_score': 55.63, 'current_demand_score': 50.0, 'current_gap': -5.63, 'priority_score': 21.43, 'future_demand_score': None, 'future_gap': None, 'growth_trend': None}",0.4,"{'has_supply': True, 'has_current_demand': False, 'has_future_demand': False}"
nagpur,,electrician,Insufficient Data,Data Ingestion Required,Collect further supply and demand data for electrician in nagpur before allocating government training resources.,Confidence rating (0.4) is below the required operational threshold (0.5).,"{'supply_score': 90.61, 'current_demand_score': 50.0, 'current_gap': -40.61, 'priority_score': 21.43, 'future_demand_score': None, 'future_gap': None, 'growth_trend': None}",0.4,"{'has_supply': True, 'has_current_demand': False, 'has_future_demand': False}"
nagpur,,fitter,Insufficient Data,Data Ingestion Required,Collect further supply and demand data for fitter in nagpur before allocating government training resources.,Confidence rating (0.4) is below the required operational threshold (0.5).,"{'supply_score': 66.72, 'current_demand_score': 50.0, 'current_gap': -16.72, 'priority_score': 21.43, 'future_demand_score': None, 'future_gap': None, 'growth_trend': None}",0.4,"{'has_supply': True, 'has_current_demand': False, 'has_future_demand': False}"
pune,,electrician,Insufficient Data,Data Ingestion Required,Collect further supply and demand data for electrician in pune before allocating government training resources.,Confidence rating (0.4) is below the required operational threshold (0.5).,"{'supply_score': 53.07, 'current_demand_score': 50.0, 'current_gap': -3.07, 'priority_score': 21.43, 'future_demand_score': None, 'future_gap': None, 'growth_trend': None}",0.4,"{'has_supply': True, 'has_current_demand': False, 'has_future_demand': False}"
pune,,welder,Insufficient Data,Data Ingestion Required,Collect further supply and demand data for welder in pune before allocating government training resources.,Confidence rating (0.4) is below the required operational threshold (0.5).,"{'supply_score': 54.78, 'current_demand_score': 50.0, 'current_gap': -4.78, 'priority_score': 21.43, 'future_demand_score': None, 'future_gap': None, 'growth_trend': None}",0.4,"{'has_supply': True, 'has_current_demand': False, 'has_future_demand': False}"
