district,sector,trade,supply_count,demand_count,supply_score,current_demand_score,future_demand_score,current_gap,future_gap,priority_score,gap_category,confidence_score,data_availability
ahmednagar,,attendant operator (chemical plant),24.0,,0.34,50.0,,49.66,,49.81,High Gap,0.4,"{'has_supply': True, 'has_current_demand': False, 'has_future_demand': False}"
ahmednagar,,computer operator and programming assistant,360.0,,14.68,50.0,,35.32,,41.61,High Gap,0.4,"{'has_supply': True, 'has_current_demand': False, 'has_future_demand': False}"
ahmednagar,,cosmetology,96.0,,3.41,50.0,,46.59,,48.05,High Gap,0.4,"{'has_supply': True, 'has_current_demand': False, 'has_future_demand': False}"
ahmednagar,,desktop publishing operator,24.0,,0.34,50.0,,49.66,,49.81,High Gap,0.4,"{'has_supply': True, 'has_current_demand': False, 'has_future_demand': False}"
ahmednagar,,draughtsman civil,24.0,,0.34,50.0,,49.66,,49.81,High Gap,0.4,"{'has_supply': True, 'has_current_demand': False, 'has_future_demand': False}"
ahmednagar,,draughtsman mechanical,40.0,,1.02,50.0,,48.98,,49.42,High Gap,0.4,"{'has_supply': True, 'has_current_demand': False, 'has_future_demand': False}"
ahmednagar,,dress making,80.0,,2.73,50.0,,47.27,,48.44,High Gap,0.4,"{'has_supply': True, 'has_current_demand': False, 'has_future_demand': False}"
ahmednagar,,electrician,1000.0,,41.98,50.0,,8.02,,26.01,Balanced,0.4,"{'has_supply': True, 'has_current_demand': False, 'has_future_demand': False}"
ahmednagar,,electrician under dual system training,20.0,,0.17,50.0,,49.83,,49.9,High Gap,0.4,"{'has_supply': True, 'has_current_demand': False, 'has_future_demand': False}"
ahmednagar,,electronics mechanic,192.0,,7.51,50.0,,42.49,,45.71,High Gap,0.4,"{'has_supply': True, 'has_current_demand': False, 'has_future_demand': False}"
ahmednagar,,electronics mechanic under dual training system,24.0,,0.34,50.0,,49.66,,49.81,High Gap,0.4,"{'has_supply': True, 'has_current_demand': False, 'has_future_demand': False}"
ahmednagar,,electroplater,20.0,,0.17,50.0,,49.83,,49.9,High Gap,0.4,"{'has_supply': True, 'has_current_demand': False, 'has_future_demand': False}"
ahmednagar,,fashion design and technology,20.0,,0.17,50.0,,49.83,,49.9,High Gap,0.4,"{'has_supply': True, 'has_current_demand': False, 'has_future_demand': False}"
ahmednagar,,fitter,920.0,,38.57,50.0,,11.43,,27.96,Moderate Gap,0.4,"{'has_supply': True, 'has_current_demand': False, 'has_future_demand': False}"
ahmednagar,,fitter under dual training system,20.0,,0.17,50.0,,49.83,,49.9,High Gap,0.4,"{'has_supply': True, 'has_current_demand': False, 'has_future_demand': False}"
ahmednagar,,foundryman,24.0,,0.34,50.0,,49.66,,49.81,High Gap,0.4,"{'has_supply': True, 'has_current_demand': False, 'has_future_demand': False}"
ahmednagar,,fruit and vegetable processing,24.0,,0.34,50.0,,49.66,,49.81,High Gap,0.4,"{'has_supply': True, 'has_current_demand': False, 'has_future_demand': False}"
ahmednagar,,information and communication technology system maintenance,24.0,,0.34,50.0,,49.66,,49.81,High Gap,0.4,"{'has_supply': True, 'has_current_demand': False, 'has_future_demand': False}"
ahmednagar,,machinist,100.0,,3.58,50.0,,46.42,,47.95,High Gap,0.4,"{'has_supply': True, 'has_current_demand': False, 'has_future_demand': False}"
ahmednagar,,machinist grinder,60.0,,1.88,50.0,,48.12,,48.93,High Gap,0.4,"{'has_supply': True, 'has_current_demand': False, 'has_future_demand': False}"
ahmednagar,,maintenance mechanic (chemical plant),20.0,,0.17,50.0,,49.83,,49.9,High Gap,0.4,"{'has_supply': True, 'has_current_demand': False, 'has_future_demand': False}"
ahmednagar,,mechanic auto electrical and electronics,20.0,,0.17,50.0,,49.83,,49.9,High Gap,0.4,"{'has_supply': True, 'has_current_demand': False, 'has_future_demand': False}"
ahmednagar,,mechanic diesel,288.0,,11.6,50.0,,38.4,,43.37,High Gap,0.4,"{'has_supply': True, 'has_current_demand': False, 'has_future_demand': False}"
ahmednagar,,mechanic diesel under dual system training,24.0,,0.34,50.0,,49.66,,49.81,High Gap,0.4,"{'has_supply': True, 'has_current_demand': False, 'has_future_demand': False}"
ahmednagar,,mechanic electric vehicle,24.0,,0.34,50.0,,49.66,,49.81,High Gap,0.4,"{'has_supply': True, 'has_current_demand': False, 'has_future_demand': False}"
ahmednagar,,mechanic machine tool maintenance,24.0,,0.34,50.0,,49.66,,49.81,High Gap,0.4,"{'has_supply': True, 'has_current_demand': False, 'has_future_demand': False}"
ahmednagar,,mechanic motor vehicle,312.0,,12.63,50.0,,37.37,,42.78,High Gap,0.4,"{'has_supply': True, 'has_current_demand': False, 'has_future_demand': False}"
ahmednagar,,mechanic motor vehicle under dual system training,24.0,,0.34,50.0,,49.66,,49.81,High Gap,0.4,"{'has_supply': True, 'has_current_demand': False, 'has_future_demand': False}"
ahmednagar,,mechanic tractor,80.0,,2.73,50.0,,47.27,,48.44,High Gap,0.4,"{'has_supply': True, 'has_current_demand': False, 'has_future_demand': False}"
ahmednagar,,painter general,80.0,,2.73,50.0,,47.27,,48.44,High Gap,0.4,"{'has_supply': True, 'has_current_demand': False, 'has_future_demand': False}"
ahmednagar,,plumber,120.0,,4.44,50.0,,45.56,,47.46,High Gap,0.4,"{'has_supply': True, 'has_current_demand': False, 'has_future_demand': False}"
ahmednagar,,pump operator cum mechanic,80.0,,2.73,50.0,,47.27,,48.44,High Gap,0.4,"{'has_supply': True, 'has_current_demand': False, 'has_future_demand': False}"
ahmednagar,,refrigeration and air conditioner technician,96.0,,3.41,50.0,,46.59,,48.05,High Gap,0.4,"{'has_supply': True, 'has_current_demand': False, 'has_future_demand': False}"
ahmednagar,,sewing technology,20.0,,0.17,50.0,,49.83,,49.9,High Gap,0.4,"{'has_supply': True, 'has_current_demand': False, 'has_future_demand': False}"
ahmednagar,,sewing technology under dual training system,20.0,,0.17,50.0,,49.83,,49.9,High Gap,0.4,"{'has_supply': True, 'has_current_demand': False, 'has_future_demand': False}"
ahmednagar,,sheet metal worker under dual system training,20.0,,0.17,50.0,,49.83,,49.9,High Gap,0.4,"{'has_supply': True, 'has_current_demand': False, 'has_future_demand': False}"
ahmednagar,,solar technician (electrical),40.0,,1.02,50.0,,48.98,,49.42,High Gap,0.4,"{'has_supply': True, 'has_current_demand': False, 'has_future_demand': False}"
ahmednagar,,stenographer secretarial assistant (english),48.0,,1.37,50.0,,48.63,,49.22,High Gap,0.4,"{'has_supply': True, 'has_current_demand': False, 'has_future_demand': False}"
ahmednagar,,surface ornamentation techniques (embroidery),40.0,,1.02,50.0,,48.98,,49.42,High Gap,0.4,"{'has_supply': True, 'has_current_demand': False, 'has_future_demand': False}"
ahmednagar,,"tool and die maker (press tools, jigs and fixtures)",48.0,,1.37,50.0,,48.63,,49.22,High Gap,0.4,"{'has_supply': True, 'has_current_demand': False, 'has_future_demand': False}"
ahmednagar,,turner,220.0,,8.7,50.0,,41.3,,45.03,High Gap,0.4,"{'has_supply': True, 'has_current_demand': False, 'has_future_demand': False}"
ahmednagar,,welder,800.0,,33.45,50.0,,16.55,,30.89,Moderate Gap,0.4,"{'has_supply': True, 'has_current_demand': False, 'has_future_demand': False}"
ahmednagar,,welder under dual system training,40.0,,1.02,50.0,,48.98,,49.42,High Gap,0.4,"{'has_supply': True, 'has_current_demand': False, 'has_future_demand': False}"
ahmednagar,,wireman,460.0,,18.94,50.0,,31.06,,39.18,High Gap,0.4,"{'has_supply': True, 'has_current_demand': False, 'has_future_demand': False}"
ahmednagar,,wood work technician,48.0,,1.37,50.0,,48.63,,49.22,High Gap,0.4,"{'has_supply': True, 'has_current_demand': False, 'has_future_demand': False}"
akola,,baker and confectioner,24.0,,0.34,50.0,,49.66,,49.81,High Gap,0.4,"{'has_supply': True, 'has_current_demand': False, 'has_future_demand': False}"
akola,,computer operator and programming assistant,264.0,,10.58,50.0,,39.42,,43.95,High Gap,0.4,"{'has_supply': True, 'has_current_demand': False, 'has_future_demand': False}"
akola,,cosmetology,120.0,,4.44,50.0,,45.56,,47.46,High Gap,0.4,"{'has_supply': True, 'has_current_demand': False, 'has_future_demand': False}"
akola,,draughtsman civil,48.0,,1.37,50.0,,48.63,,49.22,High Gap,0.4,"{'has_supply': True, 'has_current_demand': False, 'has_future_demand': False}"
akola,,draughtsman mechanical,20.0,,0.17,50.0,,49.83,,49.9,High Gap,0.4,"{'has_supply': True, 'has_current_demand': False, 'has_future_demand': False}"
akola,,dress making,140.0,,5.29,50.0,,44.71,,46.98,High Gap,0.4,"{'has_supply': True, 'has_current_demand': False, 'has_future_demand': False}"
akola,,electrician,160.0,,6.14,50.0,,43.86,,46.49,High Gap,0.4,"{'has_supply': True, 'has_current_demand': False, 'has_future_demand': False}"
akola,,electronics mechanic,72.0,,2.39,50.0,,47.61,,48.63,High Gap,0.4,"{'has_supply': True, 'has_current_demand': False, 'has_future_demand': False}"
akola,,fashion design and technology,120.0,,4.44,50.0,,45.56,,47.46,High Gap,0.4,"{'has_supply': True, 'has_current_demand': False, 'has_future_demand': False}"
akola,,fitter,180.0,,7.0,50.0,,43.0,,46.0,High Gap,0.4,"{'has_supply': True, 'has_current_demand': False, 'has_future_demand': False}"
akola,,fruit and vegetable processing,48.0,,1.37,50.0,,48.63,,49.22,High Gap,0.4,"{'has_supply': True, 'has_current_demand': False, 'has_future_demand': False}"
akola,,information and communication technology system maintenance,48.0,,1.37,50.0,,48.63,,49.22,High Gap,0.4,"{'has_supply': True, 'has_current_demand': False, 'has_future_demand': False}"
akola,,interior design and decoration,96.0,,3.41,50.0,,46.59,,48.05,High Gap,0.4,"{'has_supply': True, 'has_current_demand': False, 'has_future_demand': False}"
akola,,machinist,60.0,,1.88,50.0,,48.12,,48.93,High Gap,0.4,"{'has_supply': True, 'has_current_demand': False, 'has_future_demand': False}"
akola,,mason (building constructor),24.0,,0.34,50.0,,49.66,,49.81,High Gap,0.4,"{'has_supply': True, 'has_current_demand': False, 'has_future_demand': False}"
akola,,mechanic diesel,192.0,,7.51,50.0,,42.49,,45.71,High Gap,0.4,"{'has_supply': True, 'has_current_demand': False, 'has_future_demand': False}"
akola,,mechanic machine tool maintenance,24.0,,0.34,50.0,,49.66,,49.81,High Gap,0.4,"{'has_supply': True, 'has_current_demand': False, 'has_future_demand': False}"
akola,,mechanic motor vehicle,96.0,,3.41,50.0,,46.59,,48.05,High Gap,0.4,"{'has_supply': True, 'has_current_demand': False, 'has_future_demand': False}"
akola,,mechanic tractor,80.0,,2.73,50.0,,47.27,,48.44,High Gap,0.4,"{'has_supply': True, 'has_current_demand': False, 'has_future_demand': False}"
akola,,painter general,20.0,,0.17,50.0,,49.83,,49.9,High Gap,0.4,"{'has_supply': True, 'has_current_demand': False, 'has_future_demand': False}"
akola,,plastic processing operator,40.0,,1.02,50.0,,48.98,,49.42,High Gap,0.4,"{'has_supply': True, 'has_current_demand': False, 'has_future_demand': False}"
akola,,plumber,72.0,,2.39,50.0,,47.61,,48.63,High Gap,0.4,"{'has_supply': True, 'has_current_demand': False, 'has_future_demand': False}"
akola,,refrigeration and air conditioner technician,24.0,,0.34,50.0,,49.66,,49.81,High Gap,0.4,"{'has_supply': True, 'has_current_demand': False, 'has_future_demand': False}"
akola,,secretarial practice (english),24.0,,0.34,50.0,,49.66,,49.81,High Gap,0.4,"{'has_supply': True, 'has_current_demand': False, 'has_future_demand': False}"
akola,,sewing technology,60.0,,1.88,50.0,,48.12,,48.93,High Gap,0.4,"{'has_supply': True, 'has_current_demand': False, 'has_future_demand': False}"
akola,,sheet metal worker,40.0,,1.02,50.0,,48.98,,49.42,High Gap,0.4,"{'has_supply': True, 'has_current_demand': False, 'has_future_demand': False}"
akola,,solar technician (electrical),260.0,,10.41,50.0,,39.59,,44.05,High Gap,0.4,"{'has_supply': True, 'has_current_demand': False, 'has_future_demand': False}"
akola,,surveyor,24.0,,0.34,50.0,,49.66,,49.81,High Gap,0.4,"{'has_supply': True, 'has_current_demand': False, 'has_future_demand': False}"
akola,,tool and die maker (dies and moulds),24.0,,0.34,50.0,,49.66,,49.81,High Gap,0.4,"{'has_supply': True, 'has_current_demand': False, 'has_future_demand': False}"
akola,,turner,40.0,,1.02,50.0,,48.98,,49.42,High Gap,0.4,"{'has_supply': True, 'has_current_demand': False, 'has_future_demand': False}"
akola,,welder,320.0,,12.97,50.0,,37.03,,42.59,High Gap,0.4,"{'has_supply': True, 'has_current_demand': False, 'has_future_demand': False}"
akola,,wireman,160.0,,6.14,50.0,,43.86,,46.49,High Gap,0.4,"{'has_supply': True, 'has_current_demand': False, 'has_future_demand': False}"
akola,,wood work technician,96.0,,3.41,50.0,,46.59,,48.05,High Gap,0.4,"{'has_supply': True, 'has_current_demand': False, 'has_future_demand': False}"
amravati,,architectural draughtsman,24.0,,0.34,50.0,,49.66,,49.81,High Gap,0.4,"{'has_supply': True, 'has_current_demand': False, 'has_future_demand': False}"
amravati,,baker and confectioner,24.0,,0.34,50.0,,49.66,,49.81,High Gap,0.4,"{'has_supply': True, 'has_current_demand': False, 'has_future_demand': False}"
amravati,,computer operator and programming assistant,792.0,,33.11,50.0,,16.89,,31.08,Moderate Gap,0.4,"{'has_supply': True, 'has_current_demand': False, 'has_future_demand': False}"
amravati,,cosmetology,144.0,,5.46,50.0,,44.54,,46.88,High Gap,0.4,"{'has_supply': True, 'has_current_demand': False, 'has_future_demand': False}"
amravati,,draughtsman mechanical,80.0,,2.73,50.0,,47.27,,48.44,High Gap,0.4,"{'has_supply': True, 'has_current_demand': False, 'has_future_demand': False}"
amravati,,dress making,240.0,,9.56,50.0,,40.44,,44.54,High Gap,0.4,"{'has_supply': True, 'has_current_demand': False, 'has_future_demand': False}"
amravati,,electrician,640.0,,26.62,50.0,,23.38,,34.79,Moderate Gap,0.4,"{'has_supply': True, 'has_current_demand': False, 'has_future_demand': False}"
amravati,,electronics mechanic,192.0,,7.51,50.0,,42.49,,45.71,High Gap,0.4,"{'has_supply': True, 'has_current_demand': False, 'has_future_demand': False}"
amravati,,fashion design and technology,200.0,,7.85,50.0,,42.15,,45.51,High Gap,0.4,"{'has_supply': True, 'has_current_demand': False, 'has_future_demand': False}"
amravati,,fitter,580.0,,24.06,50.0,,25.94,,36.25,Moderate Gap,0.4,"{'has_supply': True, 'has_current_demand': False, 'has_future_demand': False}"
amravati,,food production (general),24.0,,0.34,50.0,,49.66,,49.81,High Gap,0.4,"{'has_supply': True, 'has_current_demand': False, 'has_future_demand': False}"
amravati,,foundryman,48.0,,1.37,50.0,,48.63,,49.22,High Gap,0.4,"{'has_supply': True, 'has_current_demand': False, 'has_future_demand': False}"
amravati,,fruit and vegetable processing,24.0,,0.34,50.0,,49.66,,49.81,High Gap,0.4,"{'has_supply': True, 'has_current_demand': False, 'has_future_demand': False}"
amravati,,information and communication technology system maintenance,240.0,,9.56,50.0,,40.44,,44.54,High Gap,0.4,"{'has_supply': True, 'has_current_demand': False, 'has_future_demand': False}"
amravati,,interior design and decoration,48.0,,1.37,50.0,,48.63,,49.22,High Gap,0.4,"{'has_supply': True, 'has_current_demand': False, 'has_future_demand': False}"
amravati,,machinist,60.0,,1.88,50.0,,48.12,,48.93,High Gap,0.4,"{'has_supply': True, 'has_current_demand': False, 'has_future_demand': False}"
amravati,,machinist grinder,20.0,,0.17,50.0,,49.83,,49.9,High Gap,0.4,"{'has_supply': True, 'has_current_demand': False, 'has_future_demand': False}"
amravati,,mason (building constructor),48.0,,1.37,50.0,,48.63,,49.22,High Gap,0.4,"{'has_supply': True, 'has_current_demand': False, 'has_future_demand': False}"
amravati,,mechanic diesel,312.0,,12.63,50.0,,37.37,,42.78,High Gap,0.4,"{'has_supply': True, 'has_current_demand': False, 'has_future_demand': False}"
amravati,,mechanic diesel under dual system training,24.0,,0.34,50.0,,49.66,,49.81,High Gap,0.4,"{'has_supply': True, 'has_current_demand': False, 'has_future_demand': False}"
amravati,,mechanic electric vehicle,72.0,,2.39,50.0,,47.61,,48.63,High Gap,0.4,"{'has_supply': True, 'has_current_demand': False, 'has_future_demand': False}"
amravati,,mechanic machine tool maintenance,24.0,,0.34,50.0,,49.66,,49.81,High Gap,0.4,"{'has_supply': True, 'has_current_demand': False, 'has_future_demand': False}"
amravati,,mechanic motor vehicle,312.0,,12.63,50.0,,37.37,,42.78,High Gap,0.4,"{'has_supply': True, 'has_current_demand': False, 'has_future_demand': False}"
amravati,,mechanic tractor,40.0,,1.02,50.0,,48.98,,49.42,High Gap,0.4,"{'has_supply': True, 'has_current_demand': False, 'has_future_demand': False}"
amravati,,"multimedia, animation and special effects",48.0,,1.37,50.0,,48.63,,49.22,High Gap,0.4,"{'has_supply': True, 'has_current_demand': False, 'has_future_demand': False}"
amravati,,painter general,40.0,,1.02,50.0,,48.98,,49.42,High Gap,0.4,"{'has_supply': True, 'has_current_demand': False, 'has_future_demand': False}"
amravati,,plastic processing operator,40.0,,1.02,50.0,,48.98,,49.42,High Gap,0.4,"{'has_supply': True, 'has_current_demand': False, 'has_future_demand': False}"
amravati,,plumber,72.0,,2.39,50.0,,47.61,,48.63,High Gap,0.4,"{'has_supply': True, 'has_current_demand': False, 'has_future_demand': False}"
amravati,,pump operator cum mechanic,40.0,,1.02,50.0,,48.98,,49.42,High Gap,0.4,"{'has_supply': True, 'has_current_demand': False, 'has_future_demand': False}"
amravati,,refrigeration and air conditioner technician,120.0,,4.44,50.0,,45.56,,47.46,High Gap,0.4,"{'has_supply': True, 'has_current_demand': False, 'has_future_demand': False}"
amravati,,secretarial practice (english),24.0,,0.34,50.0,,49.66,,49.81,High Gap,0.4,"{'has_supply': True, 'has_current_demand': False, 'has_future_demand': False}"
amravati,,sewing technology,180.0,,7.0,50.0,,43.0,,46.0,High Gap,0.4,"{'has_supply': True, 'has_current_demand': False, 'has_future_demand': False}"
amravati,,sheet metal worker,120.0,,4.44,50.0,,45.56,,47.46,High Gap,0.4,"{'has_supply': True, 'has_current_demand': False, 'has_future_demand': False}"
amravati,,solar technician (electrical),280.0,,11.26,50.0,,38.74,,43.57,High Gap,0.4,"{'has_supply': True, 'has_current_demand': False, 'has_future_demand': False}"
amravati,,stenographer secretarial assistant (english),48.0,,1.37,50.0,,48.63,,49.22,High Gap,0.4,"{'has_supply': True, 'has_current_demand': False, 'has_future_demand': False}"
amravati,,"tool and die maker (press tools, jigs and fixtures)",24.0,,0.34,50.0,,49.66,,49.81,High Gap,0.4,"{'has_supply': True, 'has_current_demand': False, 'has_future_demand': False}"
amravati,,turner,60.0,,1.88,50.0,,48.12,,48.93,High Gap,0.4,"{'has_supply': True, 'has_current_demand': False, 'has_future_demand': False}"
amravati,,welder,820.0,,34.3,50.0,,15.7,,30.4,Moderate Gap,0.4,"{'has_supply': True, 'has_current_demand': False, 'has_future_demand': False}"
amravati,,wireman,340.0,,13.82,50.0,,36.18,,42.1,High Gap,0.4,"{'has_supply': True, 'has_current_demand': False, 'has_future_demand': False}"
amravati,,wood work technician,72.0,,2.39,50.0,,47.61,,48.63,High Gap,0.4,"{'has_supply': True, 'has_current_demand': False, 'has_future_demand': False}"
beed,,computer hardware and network maintenance,48.0,,1.37,50.0,,48.63,,49.22,High Gap,0.4,"{'has_supply': True, 'has_current_demand': False, 'has_future_demand': False}"
beed,,computer operator and programming assistant,168.0,,6.48,50.0,,43.52,,46.3,High Gap,0.4,"{'has_supply': True, 'has_current_demand': False, 'has_future_demand': False}"
beed,,cosmetology,96.0,,3.41,50.0,,46.59,,48.05,High Gap,0.4,"{'has_supply': True, 'has_current_demand': False, 'has_future_demand': False}"
beed,,desktop publishing operator,24.0,,0.34,50.0,,49.66,,49.81,High Gap,0.4,"{'has_supply': True, 'has_current_demand': False, 'has_future_demand': False}"
beed,,draughtsman civil,24.0,,0.34,50.0,,49.66,,49.81,High Gap,0.4,"{'has_supply': True, 'has_current_demand': False, 'has_future_demand': False}"
beed,,draughtsman mechanical,20.0,,0.17,50.0,,49.83,,49.9,High Gap,0.4,"{'has_supply': True, 'has_current_demand': False, 'has_future_demand': False}"
beed,,dress making,140.0,,5.29,50.0,,44.71,,46.98,High Gap,0.4,"{'has_supply': True, 'has_current_demand': False, 'has_future_demand': False}"
beed,,electrician,620.0,,25.77,50.0,,24.23,,35.27,Moderate Gap,0.4,"{'has_supply': True, 'has_current_demand': False, 'has_future_demand': False}"
beed,,electrician under dual system training,20.0,,0.17,50.0,,49.83,,49.9,High Gap,0.4,"{'has_supply': True, 'has_current_demand': False, 'has_future_demand': False}"
beed,,electronics mechanic,72.0,,2.39,50.0,,47.61,,48.63,High Gap,0.4,"{'has_supply': True, 'has_current_demand': False, 'has_future_demand': False}"
beed,,fashion design and technology,40.0,,1.02,50.0,,48.98,,49.42,High Gap,0.4,"{'has_supply': True, 'has_current_demand': False, 'has_future_demand': False}"
beed,,fitter,200.0,,7.85,50.0,,42.15,,45.51,High Gap,0.4,"{'has_supply': True, 'has_current_demand': False, 'has_future_demand': False}"
beed,,fitter under dual training system,60.0,,1.88,50.0,,48.12,,48.93,High Gap,0.4,"{'has_supply': True, 'has_current_demand': False, 'has_future_demand': False}"
beed,,geo-informatics assistant,24.0,,0.34,50.0,,49.66,,49.81,High Gap,0.4,"{'has_supply': True, 'has_current_demand': False, 'has_future_demand': False}"
beed,,health sanitary inspector,48.0,,1.37,50.0,,48.63,,49.22,High Gap,0.4,"{'has_supply': True, 'has_current_demand': False, 'has_future_demand': False}"
beed,,machinist,20.0,,0.17,50.0,,49.83,,49.9,High Gap,0.4,"{'has_supply': True, 'has_current_demand': False, 'has_future_demand': False}"
beed,,machinist under dual training system,20.0,,0.17,50.0,,49.83,,49.9,High Gap,0.4,"{'has_supply': True, 'has_current_demand': False, 'has_future_demand': False}"
beed,,marketing executive,24.0,,0.34,50.0,,49.66,,49.81,High Gap,0.4,"{'has_supply': True, 'has_current_demand': False, 'has_future_demand': False}"
beed,,mason (building constructor),24.0,,0.34,50.0,,49.66,,49.81,High Gap,0.4,"{'has_supply': True, 'has_current_demand': False, 'has_future_demand': False}"
beed,,mechanic diesel,168.0,,6.48,50.0,,43.52,,46.3,High Gap,0.4,"{'has_supply': True, 'has_current_demand': False, 'has_future_demand': False}"
beed,,mechanic electric vehicle,24.0,,0.34,50.0,,49.66,,49.81,High Gap,0.4,"{'has_supply': True, 'has_current_demand': False, 'has_future_demand': False}"
beed,,mechanic machine tool maintenance,24.0,,0.34,50.0,,49.66,,49.81,High Gap,0.4,"{'has_supply': True, 'has_current_demand': False, 'has_future_demand': False}"
beed,,mechanic motor vehicle,72.0,,2.39,50.0,,47.61,,48.63,High Gap,0.4,"{'has_supply': True, 'has_current_demand': False, 'has_future_demand': False}"
beed,,operator advance machine tool,16.0,,0.0,50.0,,50.0,,50.0,High Gap,0.4,"{'has_supply': True, 'has_current_demand': False, 'has_future_demand': False}"
beed,,painter general,20.0,,0.17,50.0,,49.83,,49.9,High Gap,0.4,"{'has_supply': True, 'has_current_demand': False, 'has_future_demand': False}"
beed,,plumber,72.0,,2.39,50.0,,47.61,,48.63,High Gap,0.4,"{'has_supply': True, 'has_current_demand': False, 'has_future_demand': False}"
beed,,pump operator cum mechanic,60.0,,1.88,50.0,,48.12,,48.93,High Gap,0.4,"{'has_supply': True, 'has_current_demand': False, 'has_future_demand': False}"
beed,,refrigeration and air conditioner technician,48.0,,1.37,50.0,,48.63,,49.22,High Gap,0.4,"{'has_supply': True, 'has_current_demand': False, 'has_future_demand': False}"
beed,,secretarial practice (english),24.0,,0.34,50.0,,49.66,,49.81,High Gap,0.4,"{'has_supply': True, 'has_current_demand': False, 'has_future_demand': False}"
beed,,sewing technology,40.0,,1.02,50.0,,48.98,,49.42,High Gap,0.4,"{'has_supply': True, 'has_current_demand': False, 'has_future_demand': False}"
beed,,sheet metal worker,120.0,,4.44,50.0,,45.56,,47.46,High Gap,0.4,"{'has_supply': True, 'has_current_demand': False, 'has_future_demand': False}"
beed,,sheet metal worker under dual system training,20.0,,0.17,50.0,,49.83,,49.9,High Gap,0.4,"{'has_supply': True, 'has_current_demand': False, 'has_future_demand': False}"
beed,,solar technician (electrical),160.0,,6.14,50.0,,43.86,,46.49,High Gap,0.4,"{'has_supply': True, 'has_current_demand': False, 'has_future_demand': False}"
beed,,surveyor,24.0,,0.34,50.0,,49.66,,49.81,High Gap,0.4,"{'has_supply': True, 'has_current_demand': False, 'has_future_demand': False}"
beed,,"tool and die maker (press tools, jigs and fixtures)",24.0,,0.34,50.0,,49.66,,49.81,High Gap,0.4,"{'has_supply': True, 'has_current_demand': False, 'has_future_demand': False}"
beed,,turner,40.0,,1.02,50.0,,48.98,,49.42,High Gap,0.4,"{'has_supply': True, 'has_current_demand': False, 'has_future_demand': False}"
beed,,welder,460.0,,18.94,50.0,,31.06,,39.18,High Gap,0.4,"{'has_supply': True, 'has_current_demand': False, 'has_future_demand': False}"
beed,,welder under dual system training,20.0,,0.17,50.0,,49.83,,49.9,High Gap,0.4,"{'has_supply': True, 'has_current_demand': False, 'has_future_demand': False}"
beed,,wireman,280.0,,11.26,50.0,,38.74,,43.57,High Gap,0.4,"{'has_supply': True, 'has_current_demand': False, 'has_future_demand': False}"
beed,,wireman under dual training system,20.0,,0.17,50.0,,49.83,,49.9,High Gap,0.4,"{'has_supply': True, 'has_current_demand': False, 'has_future_demand': False}"
beed,,wood work technician,24.0,,0.34,50.0,,49.66,,49.81,High Gap,0.4,"{'has_supply': True, 'has_current_demand': False, 'has_future_demand': False}"
bhandara,,baker and confectioner,24.0,,0.34,50.0,,49.66,,49.81,High Gap,0.4,"{'has_supply': True, 'has_current_demand': False, 'has_future_demand': False}"
bhandara,,computer operator and programming assistant,144.0,,5.46,50.0,,44.54,,46.88,High Gap,0.4,"{'has_supply': True, 'has_current_demand': False, 'has_future_demand': False}"
bhandara,,cosmetology,24.0,,0.34,50.0,,49.66,,49.81,High Gap,0.4,"{'has_supply': True, 'has_current_demand': False, 'has_future_demand': False}"
bhandara,,desktop publishing operator,24.0,,0.34,50.0,,49.66,,49.81,High Gap,0.4,"{'has_supply': True, 'has_current_demand': False, 'has_future_demand': False}"
bhandara,,dress making,140.0,,5.29,50.0,,44.71,,46.98,High Gap,0.4,"{'has_supply': True, 'has_current_demand': False, 'has_future_demand': False}"
bhandara,,electrician,860.0,,36.01,50.0,,13.99,,29.42,Moderate Gap,0.4,"{'has_supply': True, 'has_current_demand': False, 'has_future_demand': False}"
bhandara,,electrician under dual system training,40.0,,1.02,50.0,,48.98,,49.42,High Gap,0.4,"{'has_supply': True, 'has_current_demand': False, 'has_future_demand': False}"
bhandara,,electronics mechanic,96.0,,3.41,50.0,,46.59,,48.05,High Gap,0.4,"{'has_supply': True, 'has_current_demand': False, 'has_future_demand': False}"
bhandara,,fashion design and technology,20.0,,0.17,50.0,,49.83,,49.9,High Gap,0.4,"{'has_supply': True, 'has_current_demand': False, 'has_future_demand': False}"
bhandara,,fitter,840.0,,35.15,50.0,,14.85,,29.91,Moderate Gap,0.4,"{'has_supply': True, 'has_current_demand': False, 'has_future_demand': False}"
bhandara,,fitter under dual training system,20.0,,0.17,50.0,,49.83,,49.9,High Gap,0.4,"{'has_supply': True, 'has_current_demand': False, 'has_future_demand': False}"
bhandara,,information and communication technology system maintenance,72.0,,2.39,50.0,,47.61,,48.63,High Gap,0.4,"{'has_supply': True, 'has_current_demand': False, 'has_future_demand': False}"
bhandara,,machinist,40.0,,1.02,50.0,,48.98,,49.42,High Gap,0.4,"{'has_supply': True, 'has_current_demand': False, 'has_future_demand': False}"
bhandara,,mechanic diesel,216.0,,8.53,50.0,,41.47,,45.13,High Gap,0.4,"{'has_supply': True, 'has_current_demand': False, 'has_future_demand': False}"
bhandara,,mechanic diesel under dual system training,24.0,,0.34,50.0,,49.66,,49.81,High Gap,0.4,"{'has_supply': True, 'has_current_demand': False, 'has_future_demand': False}"
bhandara,,mechanic motor vehicle,72.0,,2.39,50.0,,47.61,,48.63,High Gap,0.4,"{'has_supply': True, 'has_current_demand': False, 'has_future_demand': False}"
bhandara,,mechanic motor vehicle under dual system training,48.0,,1.37,50.0,,48.63,,49.22,High Gap,0.4,"{'has_supply': True, 'has_current_demand': False, 'has_future_demand': False}"
bhandara,,painter general,20.0,,0.17,50.0,,49.83,,49.9,High Gap,0.4,"{'has_supply': True, 'has_current_demand': False, 'has_future_demand': False}"
bhandara,,plastic processing operator,20.0,,0.17,50.0,,49.83,,49.9,High Gap,0.4,"{'has_supply': True, 'has_current_demand': False, 'has_future_demand': False}"
bhandara,,plumber,48.0,,1.37,50.0,,48.63,,49.22,High Gap,0.4,"{'has_supply': True, 'has_current_demand': False, 'has_future_demand': False}"
bhandara,,pump operator cum mechanic,20.0,,0.17,50.0,,49.83,,49.9,High Gap,0.4,"{'has_supply': True, 'has_current_demand': False, 'has_future_demand': False}"
bhandara,,refrigeration and air conditioner technician,48.0,,1.37,50.0,,48.63,,49.22,High Gap,0.4,"{'has_supply': True, 'has_current_demand': False, 'has_future_demand': False}"
bhandara,,secretarial practice (english),24.0,,0.34,50.0,,49.66,,49.81,High Gap,0.4,"{'has_supply': True, 'has_current_demand': False, 'has_future_demand': False}"
bhandara,,sewing technology,60.0,,1.88,50.0,,48.12,,48.93,High Gap,0.4,"{'has_supply': True, 'has_current_demand': False, 'has_future_demand': False}"
bhandara,,solar technician (electrical),20.0,,0.17,50.0,,49.83,,49.9,High Gap,0.4,"{'has_supply': True, 'has_current_demand': False, 'has_future_demand': False}"
bhandara,,turner,40.0,,1.02,50.0,,48.98,,49.42,High Gap,0.4,"{'has_supply': True, 'has_current_demand': False, 'has_future_demand': False}"
bhandara,,welder,260.0,,10.41,50.0,,39.59,,44.05,High Gap,0.4,"{'has_supply': True, 'has_current_demand': False, 'has_future_demand': False}"
bhandara,,welder under dual system training,20.0,,0.17,50.0,,49.83,,49.9,High Gap,0.4,"{'has_supply': True, 'has_current_demand': False, 'has_future_demand': False}"
bhandara,,wireman,80.0,,2.73,50.0,,47.27,,48.44,High Gap,0.4,"{'has_supply': True, 'has_current_demand': False, 'has_future_demand': False}"
bhandara,,wood work technician,48.0,,1.37,50.0,,48.63,,49.22,High Gap,0.4,"{'has_supply': True, 'has_current_demand': False, 'has_future_demand': False}"
buldhana,,architectural draughtsman,24.0,,0.34,50.0,,49.66,,49.81,High Gap,0.4,"{'has_supply': True, 'has_current_demand': False, 'has_future_demand': False}"
buldhana,,computer operator and programming assistant,480.0,,19.8,50.0,,30.2,,38.69,High Gap,0.4,"{'has_supply': True, 'has_current_demand': False, 'has_future_demand': False}"
buldhana,,cosmetology,144.0,,5.46,50.0,,44.54,,46.88,High Gap,0.4,"{'has_supply': True, 'has_current_demand': False, 'has_future_demand': False}"
buldhana,,draughtsman mechanical,20.0,,0.17,50.0,,49.83,,49.9,High Gap,0.4,"{'has_supply': True, 'has_current_demand': False, 'has_future_demand': False}"
buldhana,,dress making,220.0,,8.7,50.0,,41.3,,45.03,High Gap,0.4,"{'has_supply': True, 'has_current_demand': False, 'has_future_demand': False}"
buldhana,,electrician,580.0,,24.06,50.0,,25.94,,36.25,Moderate Gap,0.4,"{'has_supply': True, 'has_current_demand': False, 'has_future_demand': False}"
buldhana,,electronics mechanic,72.0,,2.39,50.0,,47.61,,48.63,High Gap,0.4,"{'has_supply': True, 'has_current_demand': False, 'has_future_demand': False}"
buldhana,,fashion design and technology,20.0,,0.17,50.0,,49.83,,49.9,High Gap,0.4,"{'has_supply': True, 'has_current_demand': False, 'has_future_demand': False}"
buldhana,,fitter,520.0,,21.5,50.0,,28.5,,37.71,Moderate Gap,0.4,"{'has_supply': True, 'has_current_demand': False, 'has_future_demand': False}"
buldhana,,foundryman,48.0,,1.37,50.0,,48.63,,49.22,High Gap,0.4,"{'has_supply': True, 'has_current_demand': False, 'has_future_demand': False}"
buldhana,,information and communication technology system maintenance,144.0,,5.46,50.0,,44.54,,46.88,High Gap,0.4,"{'has_supply': True, 'has_current_demand': False, 'has_future_demand': False}"
buldhana,,machinist,60.0,,1.88,50.0,,48.12,,48.93,High Gap,0.4,"{'has_supply': True, 'has_current_demand': False, 'has_future_demand': False}"
buldhana,,mason (building constructor),24.0,,0.34,50.0,,49.66,,49.81,High Gap,0.4,"{'has_supply': True, 'has_current_demand': False, 'has_future_demand': False}"
buldhana,,mechanic diesel,168.0,,6.48,50.0,,43.52,,46.3,High Gap,0.4,"{'has_supply': True, 'has_current_demand': False, 'has_future_demand': False}"
buldhana,,mechanic diesel under dual system training,24.0,,0.34,50.0,,49.66,,49.81,High Gap,0.4,"{'has_supply': True, 'has_current_demand': False, 'has_future_demand': False}"
buldhana,,mechanic electric vehicle,24.0,,0.34,50.0,,49.66,,49.81,High Gap,0.4,"{'has_supply': True, 'has_current_demand': False, 'has_future_demand': False}"
buldhana,,mechanic motor vehicle,144.0,,5.46,50.0,,44.54,,46.88,High Gap,0.4,"{'has_supply': True, 'has_current_demand': False, 'has_future_demand': False}"
buldhana,,mechanic tractor,40.0,,1.02,50.0,,48.98,,49.42,High Gap,0.4,"{'has_supply': True, 'has_current_demand': False, 'has_future_demand': False}"
buldhana,,painter general,40.0,,1.02,50.0,,48.98,,49.42,High Gap,0.4,"{'has_supply': True, 'has_current_demand': False, 'has_future_demand': False}"
buldhana,,plumber,120.0,,4.44,50.0,,45.56,,47.46,High Gap,0.4,"{'has_supply': True, 'has_current_demand': False, 'has_future_demand': False}"
buldhana,,pump operator cum mechanic,40.0,,1.02,50.0,,48.98,,49.42,High Gap,0.4,"{'has_supply': True, 'has_current_demand': False, 'has_future_demand': False}"
buldhana,,refrigeration and air conditioner technician,72.0,,2.39,50.0,,47.61,,48.63,High Gap,0.4,"{'has_supply': True, 'has_current_demand': False, 'has_future_demand': False}"
buldhana,,sewing technology,80.0,,2.73,50.0,,47.27,,48.44,High Gap,0.4,"{'has_supply': True, 'has_current_demand': False, 'has_future_demand': False}"
buldhana,,sheet metal worker,60.0,,1.88,50.0,,48.12,,48.93,High Gap,0.4,"{'has_supply': True, 'has_current_demand': False, 'has_future_demand': False}"
buldhana,,solar technician (electrical),240.0,,9.56,50.0,,40.44,,44.54,High Gap,0.4,"{'has_supply': True, 'has_current_demand': False, 'has_future_demand': False}"
buldhana,,surveyor,24.0,,0.34,50.0,,49.66,,49.81,High Gap,0.4,"{'has_supply': True, 'has_current_demand': False, 'has_future_demand': False}"
buldhana,,turner,40.0,,1.02,50.0,,48.98,,49.42,High Gap,0.4,"{'has_supply': True, 'has_current_demand': False, 'has_future_demand': False}"
buldhana,,welder,540.0,,22.35,50.0,,27.65,,37.23,Moderate Gap,0.4,"{'has_supply': True, 'has_current_demand': False, 'has_future_demand': False}"
buldhana,,welder (gmaw and gtaw),20.0,,0.17,50.0,,49.83,,49.9,High Gap,0.4,"{'has_supply': True, 'has_current_demand': False, 'has_future_demand': False}"
buldhana,,welder under dual system training,20.0,,0.17,50.0,,49.83,,49.9,High Gap,0.4,"{'has_supply': True, 'has_current_demand': False, 'has_future_demand': False}"
buldhana,,wireman,220.0,,8.7,50.0,,41.3,,45.03,High Gap,0.4,"{'has_supply': True, 'has_current_demand': False, 'has_future_demand': False}"
buldhana,,wood work technician,96.0,,3.41,50.0,,46.59,,48.05,High Gap,0.4,"{'has_supply': True, 'has_current_demand': False, 'has_future_demand': False}"
chandrapur,,baker and confectioner,24.0,,0.34,50.0,,49.66,,49.81,High Gap,0.4,"{'has_supply': True, 'has_current_demand': False, 'has_future_demand': False}"
chandrapur,,computer operator and programming assistant,384.0,,15.7,50.0,,34.3,,41.03,High Gap,0.4,"{'has_supply': True, 'has_current_demand': False, 'has_future_demand': False}"
chandrapur,,cosmetology,96.0,,3.41,50.0,,46.59,,48.05,High Gap,0.4,"{'has_supply': True, 'has_current_demand': False, 'has_future_demand': False}"
chandrapur,,draughtsman civil,24.0,,0.34,50.0,,49.66,,49.81,High Gap,0.4,"{'has_supply': True, 'has_current_demand': False, 'has_future_demand': False}"
chandrapur,,dress making,120.0,,4.44,50.0,,45.56,,47.46,High Gap,0.4,"{'has_supply': True, 'has_current_demand': False, 'has_future_demand': False}"
chandrapur,,electrician,1300.0,,54.78,50.0,,-4.78,,21.43,Balanced,0.4,"{'has_supply': True, 'has_current_demand': False, 'has_future_demand': False}"
chandrapur,,electronics mechanic,168.0,,6.48,50.0,,43.52,,46.3,High Gap,0.4,"{'has_supply': True, 'has_current_demand': False, 'has_future_demand': False}"
chandrapur,,fashion design and technology,80.0,,2.73,50.0,,47.27,,48.44,High Gap,0.4,"{'has_supply': True, 'has_current_demand': False, 'has_future_demand': False}"
chandrapur,,fitter,960.0,,40.27,50.0,,9.73,,26.99,Balanced,0.4,"{'has_supply': True, 'has_current_demand': False, 'has_future_demand': False}"
chandrapur,,health sanitary inspector,48.0,,1.37,50.0,,48.63,,49.22,High Gap,0.4,"{'has_supply': True, 'has_current_demand': False, 'has_future_demand': False}"
chandrapur,,information and communication technology system maintenance,144.0,,5.46,50.0,,44.54,,46.88,High Gap,0.4,"{'has_supply': True, 'has_current_demand': False, 'has_future_demand': False}"
chandrapur,,instrument mechanic,48.0,,1.37,50.0,,48.63,,49.22,High Gap,0.4,"{'has_supply': True, 'has_current_demand': False, 'has_future_demand': False}"
chandrapur,,machinist,60.0,,1.88,50.0,,48.12,,48.93,High Gap,0.4,"{'has_supply': True, 'has_current_demand': False, 'has_future_demand': False}"
chandrapur,,mason (building constructor),48.0,,1.37,50.0,,48.63,,49.22,High Gap,0.4,"{'has_supply': True, 'has_current_demand': False, 'has_future_demand': False}"
chandrapur,,mechanic auto electrical and electronics,40.0,,1.02,50.0,,48.98,,49.42,High Gap,0.4,"{'has_supply': True, 'has_current_demand': False, 'has_future_demand': False}"
chandrapur,,mechanic auto electrical and electronics under dual training system,20.0,,0.17,50.0,,49.83,,49.9,High Gap,0.4,"{'has_supply': True, 'has_current_demand': False, 'has_future_demand': False}"
chandrapur,,mechanic diesel,528.0,,21.84,50.0,,28.16,,37.52,Moderate Gap,0.4,"{'has_supply': True, 'has_current_demand': False, 'has_future_demand': False}"
chandrapur,,mechanic diesel under dual system training,24.0,,0.34,50.0,,49.66,,49.81,High Gap,0.4,"{'has_supply': True, 'has_current_demand': False, 'has_future_demand': False}"
chandrapur,,mechanic electric vehicle,24.0,,0.34,50.0,,49.66,,49.81,High Gap,0.4,"{'has_supply': True, 'has_current_demand': False, 'has_future_demand': False}"
chandrapur,,mechanic motor vehicle,168.0,,6.48,50.0,,43.52,,46.3,High Gap,0.4,"{'has_supply': True, 'has_current_demand': False, 'has_future_demand': False}"
chandrapur,,mechanic motor vehicle under dual system training,24.0,,0.34,50.0,,49.66,,49.81,High Gap,0.4,"{'has_supply': True, 'has_current_demand': False, 'has_future_demand': False}"
chandrapur,,mechanic tractor,40.0,,1.02,50.0,,48.98,,49.42,High Gap,0.4,"{'has_supply': True, 'has_current_demand': False, 'has_future_demand': False}"
chandrapur,,plumber,96.0,,3.41,50.0,,46.59,,48.05,High Gap,0.4,"{'has_supply': True, 'has_current_demand': False, 'has_future_demand': False}"
chandrapur,,pump operator cum mechanic,100.0,,3.58,50.0,,46.42,,47.95,High Gap,0.4,"{'has_supply': True, 'has_current_demand': False, 'has_future_demand': False}"
chandrapur,,refrigeration and air conditioner technician,96.0,,3.41,50.0,,46.59,,48.05,High Gap,0.4,"{'has_supply': True, 'has_current_demand': False, 'has_future_demand': False}"
chandrapur,,secretarial practice (english),24.0,,0.34,50.0,,49.66,,49.81,High Gap,0.4,"{'has_supply': True, 'has_current_demand': False, 'has_future_demand': False}"
chandrapur,,sewing technology,240.0,,9.56,50.0,,40.44,,44.54,High Gap,0.4,"{'has_supply': True, 'has_current_demand': False, 'has_future_demand': False}"
chandrapur,,sheet metal worker,20.0,,0.17,50.0,,49.83,,49.9,High Gap,0.4,"{'has_supply': True, 'has_current_demand': False, 'has_future_demand': False}"
chandrapur,,stenographer secretarial assistant (english),48.0,,1.37,50.0,,48.63,,49.22,High Gap,0.4,"{'has_supply': True, 'has_current_demand': False, 'has_future_demand': False}"
chandrapur,,turner,80.0,,2.73,50.0,,47.27,,48.44,High Gap,0.4,"{'has_supply': True, 'has_current_demand': False, 'has_future_demand': False}"
chandrapur,,welder,600.0,,24.91,50.0,,25.09,,35.77,Moderate Gap,0.4,"{'has_supply': True, 'has_current_demand': False, 'has_future_demand': False}"
chandrapur,,wireman,260.0,,10.41,50.0,,39.59,,44.05,High Gap,0.4,"{'has_supply': True, 'has_current_demand': False, 'has_future_demand': False}"
chandrapur,,wood work technician,144.0,,5.46,50.0,,44.54,,46.88,High Gap,0.4,"{'has_supply': True, 'has_current_demand': False, 'has_future_demand': False}"
chhatrapati sambhajinagar,,architectural draughtsman,24.0,,0.34,50.0,,49.66,,49.81,High Gap,0.4,"{'has_supply': True, 'has_current_demand': False, 'has_future_demand': False}"
chhatrapati sambhajinagar,,computer operator and programming assistant,240.0,,9.56,50.0,,40.44,,44.54,High Gap,0.4,"{'has_supply': True, 'has_current_demand': False, 'has_future_demand': False}"
chhatrapati sambhajinagar,,computer operator and programming assistant under dual training system,24.0,,0.34,50.0,,49.66,,49.81,High Gap,0.4,"{'has_supply': True, 'has_current_demand': False, 'has_future_demand': False}"
chhatrapati sambhajinagar,,cosmetology,24.0,,0.34,50.0,,49.66,,49.81,High Gap,0.4,"{'has_supply': True, 'has_current_demand': False, 'has_future_demand': False}"
chhatrapati sambhajinagar,,draughtsman civil,24.0,,0.34,50.0,,49.66,,49.81,High Gap,0.4,"{'has_supply': True, 'has_current_demand': False, 'has_future_demand': False}"
chhatrapati sambhajinagar,,draughtsman mechanical,20.0,,0.17,50.0,,49.83,,49.9,High Gap,0.4,"{'has_supply': True, 'has_current_demand': False, 'has_future_demand': False}"
chhatrapati sambhajinagar,,draughtsman mechanical under dual system training,20.0,,0.17,50.0,,49.83,,49.9,High Gap,0.4,"{'has_supply': True, 'has_current_demand': False, 'has_future_demand': False}"
chhatrapati sambhajinagar,,dress making,120.0,,4.44,50.0,,45.56,,47.46,High Gap,0.4,"{'has_supply': True, 'has_current_demand': False, 'has_future_demand': False}"
chhatrapati sambhajinagar,,electrician,440.0,,18.09,50.0,,31.91,,39.66,High Gap,0.4,"{'has_supply': True, 'has_current_demand': False, 'has_future_demand': False}"
chhatrapati sambhajinagar,,electrician under dual system training,20.0,,0.17,50.0,,49.83,,49.9,High Gap,0.4,"{'has_supply': True, 'has_current_demand': False, 'has_future_demand': False}"
chhatrapati sambhajinagar,,electronics mechanic,96.0,,3.41,50.0,,46.59,,48.05,High Gap,0.4,"{'has_supply': True, 'has_current_demand': False, 'has_future_demand': False}"
chhatrapati sambhajinagar,,electronics mechanic under dual training system,48.0,,1.37,50.0,,48.63,,49.22,High Gap,0.4,"{'has_supply': True, 'has_current_demand': False, 'has_future_demand': False}"
chhatrapati sambhajinagar,,fire technology and industrial safety management,48.0,,1.37,50.0,,48.63,,49.22,High Gap,0.4,"{'has_supply': True, 'has_current_demand': False, 'has_future_demand': False}"
chhatrapati sambhajinagar,,fitter,220.0,,8.7,50.0,,41.3,,45.03,High Gap,0.4,"{'has_supply': True, 'has_current_demand': False, 'has_future_demand': False}"
chhatrapati sambhajinagar,,fitter under dual training system,60.0,,1.88,50.0,,48.12,,48.93,High Gap,0.4,"{'has_supply': True, 'has_current_demand': False, 'has_future_demand': False}"
chhatrapati sambhajinagar,,fruit and vegetable processing,24.0,,0.34,50.0,,49.66,,49.81,High Gap,0.4,"{'has_supply': True, 'has_current_demand': False, 'has_future_demand': False}"
chhatrapati sambhajinagar,,information and communication technology system maintenance,48.0,,1.37,50.0,,48.63,,49.22,High Gap,0.4,"{'has_supply': True, 'has_current_demand': False, 'has_future_demand': False}"
chhatrapati sambhajinagar,,machinist,60.0,,1.88,50.0,,48.12,,48.93,High Gap,0.4,"{'has_supply': True, 'has_current_demand': False, 'has_future_demand': False}"
chhatrapati sambhajinagar,,machinist grinder,40.0,,1.02,50.0,,48.98,,49.42,High Gap,0.4,"{'has_supply': True, 'has_current_demand': False, 'has_future_demand': False}"
chhatrapati sambhajinagar,,machinist grinder under dual training system,40.0,,1.02,50.0,,48.98,,49.42,High Gap,0.4,"{'has_supply': True, 'has_current_demand': False, 'has_future_demand': False}"
chhatrapati sambhajinagar,,mason (building constructor),24.0,,0.34,50.0,,49.66,,49.81,High Gap,0.4,"{'has_supply': True, 'has_current_demand': False, 'has_future_demand': False}"
chhatrapati sambhajinagar,,mechanic consumer electronic appliances,24.0,,0.34,50.0,,49.66,,49.81,High Gap,0.4,"{'has_supply': True, 'has_current_demand': False, 'has_future_demand': False}"
chhatrapati sambhajinagar,,mechanic diesel,120.0,,4.44,50.0,,45.56,,47.46,High Gap,0.4,"{'has_supply': True, 'has_current_demand': False, 'has_future_demand': False}"
chhatrapati sambhajinagar,,mechanic diesel under dual system training,48.0,,1.37,50.0,,48.63,,49.22,High Gap,0.4,"{'has_supply': True, 'has_current_demand': False, 'has_future_demand': False}"
chhatrapati sambhajinagar,,mechanic machine tool maintenance,24.0,,0.34,50.0,,49.66,,49.81,High Gap,0.4,"{'has_supply': True, 'has_current_demand': False, 'has_future_demand': False}"
chhatrapati sambhajinagar,,mechanic motor vehicle,24.0,,0.34,50.0,,49.66,,49.81,High Gap,0.4,"{'has_supply': True, 'has_current_demand': False, 'has_future_demand': False}"
chhatrapati sambhajinagar,,mechanic motor vehicle under dual system training,48.0,,1.37,50.0,,48.63,,49.22,High Gap,0.4,"{'has_supply': True, 'has_current_demand': False, 'has_future_demand': False}"
chhatrapati sambhajinagar,,mechanic tractor,20.0,,0.17,50.0,,49.83,,49.9,High Gap,0.4,"{'has_supply': True, 'has_current_demand': False, 'has_future_demand': False}"
chhatrapati sambhajinagar,,operator advance machine tool,16.0,,0.0,50.0,,50.0,,50.0,High Gap,0.4,"{'has_supply': True, 'has_current_demand': False, 'has_future_demand': False}"
chhatrapati sambhajinagar,,painter general,20.0,,0.17,50.0,,49.83,,49.9,High Gap,0.4,"{'has_supply': True, 'has_current_demand': False, 'has_future_demand': False}"
chhatrapati sambhajinagar,,plumber,72.0,,2.39,50.0,,47.61,,48.63,High Gap,0.4,"{'has_supply': True, 'has_current_demand': False, 'has_future_demand': False}"
chhatrapati sambhajinagar,,pump operator cum mechanic,40.0,,1.02,50.0,,48.98,,49.42,High Gap,0.4,"{'has_supply': True, 'has_current_demand': False, 'has_future_demand': False}"
chhatrapati sambhajinagar,,refrigeration and air conditioner technician under dual training system,24.0,,0.34,50.0,,49.66,,49.81,High Gap,0.4,"{'has_supply': True, 'has_current_demand': False, 'has_future_demand': False}"
chhatrapati sambhajinagar,,secretarial practice (english),24.0,,0.34,50.0,,49.66,,49.81,High Gap,0.4,"{'has_supply': True, 'has_current_demand': False, 'has_future_demand': False}"
chhatrapati sambhajinagar,,sewing technology,20.0,,0.17,50.0,,49.83,,49.9,High Gap,0.4,"{'has_supply': True, 'has_current_demand': False, 'has_future_demand': False}"
chhatrapati sambhajinagar,,sheet metal worker under dual system training,40.0,,1.02,50.0,,48.98,,49.42,High Gap,0.4,"{'has_supply': True, 'has_current_demand': False, 'has_future_demand': False}"
chhatrapati sambhajinagar,,solar technician (electrical),120.0,,4.44,50.0,,45.56,,47.46,High Gap,0.4,"{'has_supply': True, 'has_current_demand': False, 'has_future_demand': False}"
chhatrapati sambhajinagar,,stenographer secretarial assistant (english),24.0,,0.34,50.0,,49.66,,49.81,High Gap,0.4,"{'has_supply': True, 'has_current_demand': False, 'has_future_demand': False}"
chhatrapati sambhajinagar,,surveyor,24.0,,0.34,50.0,,49.66,,49.81,High Gap,0.4,"{'has_supply': True, 'has_current_demand': False, 'has_future_demand': False}"
chhatrapati sambhajinagar,,"tool and die maker (press tools, jigs and fixtures)",72.0,,2.39,50.0,,47.61,,48.63,High Gap,0.4,"{'has_supply': True, 'has_current_demand': False, 'has_future_demand': False}"
chhatrapati sambhajinagar,,turner,60.0,,1.88,50.0,,48.12,,48.93,High Gap,0.4,"{'has_supply': True, 'has_current_demand': False, 'has_future_demand': False}"
chhatrapati sambhajinagar,,turner under dual training system,20.0,,0.17,50.0,,49.83,,49.9,High Gap,0.4,"{'has_supply': True, 'has_current_demand': False, 'has_future_demand': False}"
chhatrapati sambhajinagar,,welder,200.0,,7.85,50.0,,42.15,,45.51,High Gap,0.4,"{'has_supply': True, 'has_current_demand': False, 'has_future_demand': False}"
chhatrapati sambhajinagar,,welder (gmaw and gtaw),20.0,,0.17,50.0,,49.83,,49.9,High Gap,0.4,"{'has_supply': True, 'has_current_demand': False, 'has_future_demand': False}"
chhatrapati sambhajinagar,,welder (gmaw and gtaw) under dual system training,20.0,,0.17,50.0,,49.83,,49.9,High Gap,0.4,"{'has_supply': True, 'has_current_demand': False, 'has_future_demand': False}"
chhatrapati sambhajinagar,,welder under dual system training,40.0,,1.02,50.0,,48.98,,49.42,High Gap,0.4,"{'has_supply': True, 'has_current_demand': False, 'has_future_demand': False}"
chhatrapati sambhajinagar,,wireman,140.0,,5.29,50.0,,44.71,,46.98,High Gap,0.4,"{'has_supply': True, 'has_current_demand': False, 'has_future_demand': False}"
chhatrapati sambhajinagar,,wireman under dual training system,20.0,,0.17,50.0,,49.83,,49.9,High Gap,0.4,"{'has_supply': True, 'has_current_demand': False, 'has_future_demand': False}"
chhatrapati sambhajinagar,,wood work technician,96.0,,3.41,50.0,,46.59,,48.05,High Gap,0.4,"{'has_supply': True, 'has_current_demand': False, 'has_future_demand': False}"
dharashiv,,computer operator and programming assistant,312.0,,12.63,50.0,,37.37,,42.78,High Gap,0.4,"{'has_supply': True, 'has_current_demand': False, 'has_future_demand': False}"
dharashiv,,cosmetology,48.0,,1.37,50.0,,48.63,,49.22,High Gap,0.4,"{'has_supply': True, 'has_current_demand': False, 'has_future_demand': False}"
dharashiv,,desktop publishing operator,24.0,,0.34,50.0,,49.66,,49.81,High Gap,0.4,"{'has_supply': True, 'has_current_demand': False, 'has_future_demand': False}"
dharashiv,,dress making,120.0,,4.44,50.0,,45.56,,47.46,High Gap,0.4,"{'has_supply': True, 'has_current_demand': False, 'has_future_demand': False}"
dharashiv,,electrician,320.0,,12.97,50.0,,37.03,,42.59,High Gap,0.4,"{'has_supply': True, 'has_current_demand': False, 'has_future_demand': False}"
dharashiv,,electronics mechanic,96.0,,3.41,50.0,,46.59,,48.05,High Gap,0.4,"{'has_supply': True, 'has_current_demand': False, 'has_future_demand': False}"
dharashiv,,fashion design and technology,20.0,,0.17,50.0,,49.83,,49.9,High Gap,0.4,"{'has_supply': True, 'has_current_demand': False, 'has_future_demand': False}"
dharashiv,,fitter,140.0,,5.29,50.0,,44.71,,46.98,High Gap,0.4,"{'has_supply': True, 'has_current_demand': False, 'has_future_demand': False}"
dharashiv,,fruit and vegetable processing,24.0,,0.34,50.0,,49.66,,49.81,High Gap,0.4,"{'has_supply': True, 'has_current_demand': False, 'has_future_demand': False}"
dharashiv,,machinist,20.0,,0.17,50.0,,49.83,,49.9,High Gap,0.4,"{'has_supply': True, 'has_current_demand': False, 'has_future_demand': False}"
dharashiv,,mason (building constructor),24.0,,0.34,50.0,,49.66,,49.81,High Gap,0.4,"{'has_supply': True, 'has_current_demand': False, 'has_future_demand': False}"
dharashiv,,mechanic diesel,48.0,,1.37,50.0,,48.63,,49.22,High Gap,0.4,"{'has_supply': True, 'has_current_demand': False, 'has_future_demand': False}"
dharashiv,,mechanic electric vehicle,48.0,,1.37,50.0,,48.63,,49.22,High Gap,0.4,"{'has_supply': True, 'has_current_demand': False, 'has_future_demand': False}"
dharashiv,,mechanic motor vehicle,72.0,,2.39,50.0,,47.61,,48.63,High Gap,0.4,"{'has_supply': True, 'has_current_demand': False, 'has_future_demand': False}"
dharashiv,,mechanic motor vehicle under dual system training,24.0,,0.34,50.0,,49.66,,49.81,High Gap,0.4,"{'has_supply': True, 'has_current_demand': False, 'has_future_demand': False}"
dharashiv,,mechanic tractor,40.0,,1.02,50.0,,48.98,,49.42,High Gap,0.4,"{'has_supply': True, 'has_current_demand': False, 'has_future_demand': False}"
dharashiv,,painter general,40.0,,1.02,50.0,,48.98,,49.42,High Gap,0.4,"{'has_supply': True, 'has_current_demand': False, 'has_future_demand': False}"
dharashiv,,plumber,48.0,,1.37,50.0,,48.63,,49.22,High Gap,0.4,"{'has_supply': True, 'has_current_demand': False, 'has_future_demand': False}"
dharashiv,,pump operator cum mechanic,20.0,,0.17,50.0,,49.83,,49.9,High Gap,0.4,"{'has_supply': True, 'has_current_demand': False, 'has_future_demand': False}"
dharashiv,,refrigeration and air conditioner technician,24.0,,0.34,50.0,,49.66,,49.81,High Gap,0.4,"{'has_supply': True, 'has_current_demand': False, 'has_future_demand': False}"
dharashiv,,secretarial practice (english),24.0,,0.34,50.0,,49.66,,49.81,High Gap,0.4,"{'has_supply': True, 'has_current_demand': False, 'has_future_demand': False}"
dharashiv,,sheet metal worker,60.0,,1.88,50.0,,48.12,,48.93,High Gap,0.4,"{'has_supply': True, 'has_current_demand': False, 'has_future_demand': False}"
dharashiv,,sheet metal worker under dual system training,20.0,,0.17,50.0,,49.83,,49.9,High Gap,0.4,"{'has_supply': True, 'has_current_demand': False, 'has_future_demand': False}"
dharashiv,,solar technician (electrical),140.0,,5.29,50.0,,44.71,,46.98,High Gap,0.4,"{'has_supply': True, 'has_current_demand': False, 'has_future_demand': False}"
dharashiv,,surveyor,48.0,,1.37,50.0,,48.63,,49.22,High Gap,0.4,"{'has_supply': True, 'has_current_demand': False, 'has_future_demand': False}"
dharashiv,,"tool and die maker (press tools, jigs and fixtures)",24.0,,0.34,50.0,,49.66,,49.81,High Gap,0.4,"{'has_supply': True, 'has_current_demand': False, 'has_future_demand': False}"
dharashiv,,turner,20.0,,0.17,50.0,,49.83,,49.9,High Gap,0.4,"{'has_supply': True, 'has_current_demand': False, 'has_future_demand': False}"
dharashiv,,welder,340.0,,13.82,50.0,,36.18,,42.1,High Gap,0.4,"{'has_supply': True, 'has_current_demand': False, 'has_future_demand': False}"
dharashiv,,welder under dual system training,20.0,,0.17,50.0,,49.83,,49.9,High Gap,0.4,"{'has_supply': True, 'has_current_demand': False, 'has_future_demand': False}"
dharashiv,,wireman,240.0,,9.56,50.0,,40.44,,44.54,High Gap,0.4,"{'has_supply': True, 'has_current_demand': False, 'has_future_demand': False}"
dharashiv,,wireman under dual training system,20.0,,0.17,50.0,,49.83,,49.9,High Gap,0.4,"{'has_supply': True, 'has_current_demand': False, 'has_future_demand': False}"
dharashiv,,wood work technician,24.0,,0.34,50.0,,49.66,,49.81,High Gap,0.4,"{'has_supply': True, 'has_current_demand': False, 'has_future_demand': False}"
dhule,,computer operator and programming assistant,168.0,,6.48,50.0,,43.52,,46.3,High Gap,0.4,"{'has_supply': True, 'has_current_demand': False, 'has_future_demand': False}"
dhule,,draughtsman civil,24.0,,0.34,50.0,,49.66,,49.81,High Gap,0.4,"{'has_supply': True, 'has_current_demand': False, 'has_future_demand': False}"
dhule,,draughtsman mechanical,20.0,,0.17,50.0,,49.83,,49.9,High Gap,0.4,"{'has_supply': True, 'has_current_demand': False, 'has_future_demand': False}"
dhule,,dress making,60.0,,1.88,50.0,,48.12,,48.93,High Gap,0.4,"{'has_supply': True, 'has_current_demand': False, 'has_future_demand': False}"
dhule,,electrician,520.0,,21.5,50.0,,28.5,,37.71,Moderate Gap,0.4,"{'has_supply': True, 'has_current_demand': False, 'has_future_demand': False}"
dhule,,electronics mechanic,72.0,,2.39,50.0,,47.61,,48.63,High Gap,0.4,"{'has_supply': True, 'has_current_demand': False, 'has_future_demand': False}"
dhule,,electronics mechanic under dual training system,24.0,,0.34,50.0,,49.66,,49.81,High Gap,0.4,"{'has_supply': True, 'has_current_demand': False, 'has_future_demand': False}"
dhule,,fitter,540.0,,22.35,50.0,,27.65,,37.23,Moderate Gap,0.4,"{'has_supply': True, 'has_current_demand': False, 'has_future_demand': False}"
dhule,,foundryman,24.0,,0.34,50.0,,49.66,,49.81,High Gap,0.4,"{'has_supply': True, 'has_current_demand': False, 'has_future_demand': False}"
dhule,,health sanitary inspector,72.0,,2.39,50.0,,47.61,,48.63,High Gap,0.4,"{'has_supply': True, 'has_current_demand': False, 'has_future_demand': False}"
dhule,,information and communication technology system maintenance,24.0,,0.34,50.0,,49.66,,49.81,High Gap,0.4,"{'has_supply': True, 'has_current_demand': False, 'has_future_demand': False}"
dhule,,machinist,80.0,,2.73,50.0,,47.27,,48.44,High Gap,0.4,"{'has_supply': True, 'has_current_demand': False, 'has_future_demand': False}"
dhule,,machinist grinder,60.0,,1.88,50.0,,48.12,,48.93,High Gap,0.4,"{'has_supply': True, 'has_current_demand': False, 'has_future_demand': False}"
dhule,,mechanic diesel,24.0,,0.34,50.0,,49.66,,49.81,High Gap,0.4,"{'has_supply': True, 'has_current_demand': False, 'has_future_demand': False}"
dhule,,mechanic diesel under dual system training,48.0,,1.37,50.0,,48.63,,49.22,High Gap,0.4,"{'has_supply': True, 'has_current_demand': False, 'has_future_demand': False}"
dhule,,mechanic machine tool maintenance,24.0,,0.34,50.0,,49.66,,49.81,High Gap,0.4,"{'has_supply': True, 'has_current_demand': False, 'has_future_demand': False}"
dhule,,mechanic motor vehicle,48.0,,1.37,50.0,,48.63,,49.22,High Gap,0.4,"{'has_supply': True, 'has_current_demand': False, 'has_future_demand': False}"
dhule,,operator advance machine tool,16.0,,0.0,50.0,,50.0,,50.0,High Gap,0.4,"{'has_supply': True, 'has_current_demand': False, 'has_future_demand': False}"
dhule,,pump operator cum mechanic,40.0,,1.02,50.0,,48.98,,49.42,High Gap,0.4,"{'has_supply': True, 'has_current_demand': False, 'has_future_demand': False}"
dhule,,refrigeration and air conditioner technician,120.0,,4.44,50.0,,45.56,,47.46,High Gap,0.4,"{'has_supply': True, 'has_current_demand': False, 'has_future_demand': False}"
dhule,,sewing technology,60.0,,1.88,50.0,,48.12,,48.93,High Gap,0.4,"{'has_supply': True, 'has_current_demand': False, 'has_future_demand': False}"
dhule,,solar technician (electrical),80.0,,2.73,50.0,,47.27,,48.44,High Gap,0.4,"{'has_supply': True, 'has_current_demand': False, 'has_future_demand': False}"
dhule,,surface ornamentation techniques (embroidery),40.0,,1.02,50.0,,48.98,,49.42,High Gap,0.4,"{'has_supply': True, 'has_current_demand': False, 'has_future_demand': False}"
dhule,,surveyor,48.0,,1.37,50.0,,48.63,,49.22,High Gap,0.4,"{'has_supply': True, 'has_current_demand': False, 'has_future_demand': False}"
dhule,,turner,140.0,,5.29,50.0,,44.71,,46.98,High Gap,0.4,"{'has_supply': True, 'has_current_demand': False, 'has_future_demand': False}"
dhule,,welder,280.0,,11.26,50.0,,38.74,,43.57,High Gap,0.4,"{'has_supply': True, 'has_current_demand': False, 'has_future_demand': False}"
dhule,,wireman,140.0,,5.29,50.0,,44.71,,46.98,High Gap,0.4,"{'has_supply': True, 'has_current_demand': False, 'has_future_demand': False}"
dhule,,wood work technician,24.0,,0.34,50.0,,49.66,,49.81,High Gap,0.4,"{'has_supply': True, 'has_current_demand': False, 'has_future_demand': False}"
gadchiroli,,computer operator and programming assistant,144.0,,5.46,50.0,,44.54,,46.88,High Gap,0.4,"{'has_supply': True, 'has_current_demand': False, 'has_future_demand': False}"
gadchiroli,,cosmetology,48.0,,1.37,50.0,,48.63,,49.22,High Gap,0.4,"{'has_supply': True, 'has_current_demand': False, 'has_future_demand': False}"
gadchiroli,,draughtsman civil,24.0,,0.34,50.0,,49.66,,49.81,High Gap,0.4,"{'has_supply': True, 'has_current_demand': False, 'has_future_demand': False}"
gadchiroli,,dress making,220.0,,8.7,50.0,,41.3,,45.03,High Gap,0.4,"{'has_supply': True, 'has_current_demand': False, 'has_future_demand': False}"
gadchiroli,,electrician,180.0,,7.0,50.0,,43.0,,46.0,High Gap,0.4,"{'has_supply': True, 'has_current_demand': False, 'has_future_demand': False}"
gadchiroli,,electronics mechanic,120.0,,4.44,50.0,,45.56,,47.46,High Gap,0.4,"{'has_supply': True, 'has_current_demand': False, 'has_future_demand': False}"
gadchiroli,,fashion design and technology,40.0,,1.02,50.0,,48.98,,49.42,High Gap,0.4,"{'has_supply': True, 'has_current_demand': False, 'has_future_demand': False}"
gadchiroli,,fitter,220.0,,8.7,50.0,,41.3,,45.03,High Gap,0.4,"{'has_supply': True, 'has_current_demand': False, 'has_future_demand': False}"
gadchiroli,,information and communication technology system maintenance,72.0,,2.39,50.0,,47.61,,48.63,High Gap,0.4,"{'has_supply': True, 'has_current_demand': False, 'has_future_demand': False}"
gadchiroli,,interior design and decoration,24.0,,0.34,50.0,,49.66,,49.81,High Gap,0.4,"{'has_supply': True, 'has_current_demand': False, 'has_future_demand': False}"
gadchiroli,,machinist,20.0,,0.17,50.0,,49.83,,49.9,High Gap,0.4,"{'has_supply': True, 'has_current_demand': False, 'has_future_demand': False}"
gadchiroli,,machinist grinder,20.0,,0.17,50.0,,49.83,,49.9,High Gap,0.4,"{'has_supply': True, 'has_current_demand': False, 'has_future_demand': False}"
gadchiroli,,mechanic auto electrical and electronics,20.0,,0.17,50.0,,49.83,,49.9,High Gap,0.4,"{'has_supply': True, 'has_current_demand': False, 'has_future_demand': False}"
gadchiroli,,mechanic diesel,216.0,,8.53,50.0,,41.47,,45.13,High Gap,0.4,"{'has_supply': True, 'has_current_demand': False, 'has_future_demand': False}"
gadchiroli,,mechanic motor vehicle,96.0,,3.41,50.0,,46.59,,48.05,High Gap,0.4,"{'has_supply': True, 'has_current_demand': False, 'has_future_demand': False}"
gadchiroli,,mechanic tractor,100.0,,3.58,50.0,,46.42,,47.95,High Gap,0.4,"{'has_supply': True, 'has_current_demand': False, 'has_future_demand': False}"
gadchiroli,,painter general,20.0,,0.17,50.0,,49.83,,49.9,High Gap,0.4,"{'has_supply': True, 'has_current_demand': False, 'has_future_demand': False}"
gadchiroli,,plumber,72.0,,2.39,50.0,,47.61,,48.63,High Gap,0.4,"{'has_supply': True, 'has_current_demand': False, 'has_future_demand': False}"
gadchiroli,,pump operator cum mechanic,40.0,,1.02,50.0,,48.98,,49.42,High Gap,0.4,"{'has_supply': True, 'has_current_demand': False, 'has_future_demand': False}"
gadchiroli,,refrigeration and air conditioner technician,96.0,,3.41,50.0,,46.59,,48.05,High Gap,0.4,"{'has_supply': True, 'has_current_demand': False, 'has_future_demand': False}"
gadchiroli,,sewing technology,260.0,,10.41,50.0,,39.59,,44.05,High Gap,0.4,"{'has_supply': True, 'has_current_demand': False, 'has_future_demand': False}"
gadchiroli,,sheet metal worker,20.0,,0.17,50.0,,49.83,,49.9,High Gap,0.4,"{'has_supply': True, 'has_current_demand': False, 'has_future_demand': False}"
gadchiroli,,solar technician (electrical),60.0,,1.88,50.0,,48.12,,48.93,High Gap,0.4,"{'has_supply': True, 'has_current_demand': False, 'has_future_demand': False}"
gadchiroli,,turner,20.0,,0.17,50.0,,49.83,,49.9,High Gap,0.4,"{'has_supply': True, 'has_current_demand': False, 'has_future_demand': False}"
gadchiroli,,welder,300.0,,12.12,50.0,,37.88,,43.07,High Gap,0.4,"{'has_supply': True, 'has_current_demand': False, 'has_future_demand': False}"
gadchiroli,,wireman,160.0,,6.14,50.0,,43.86,,46.49,High Gap,0.4,"{'has_supply': True, 'has_current_demand': False, 'has_future_demand': False}"
gadchiroli,,wood work technician,72.0,,2.39,50.0,,47.61,,48.63,High Gap,0.4,"{'has_supply': True, 'has_current_demand': False, 'has_future_demand': False}"
gondia,,computer operator and programming assistant,96.0,,3.41,50.0,,46.59,,48.05,High Gap,0.4,"{'has_supply': True, 'has_current_demand': False, 'has_future_demand': False}"
gondia,,cosmetology,24.0,,0.34,50.0,,49.66,,49.81,High Gap,0.4,"{'has_supply': True, 'has_current_demand': False, 'has_future_demand': False}"
gondia,,draughtsman civil,24.0,,0.34,50.0,,49.66,,49.81,High Gap,0.4,"{'has_supply': True, 'has_current_demand': False, 'has_future_demand': False}"
gondia,,draughtsman mechanical,20.0,,0.17,50.0,,49.83,,49.9,High Gap,0.4,"{'has_supply': True, 'has_current_demand': False, 'has_future_demand': False}"
gondia,,dress making,100.0,,3.58,50.0,,46.42,,47.95,High Gap,0.4,"{'has_supply': True, 'has_current_demand': False, 'has_future_demand': False}"
gondia,,electrician,460.0,,18.94,50.0,,31.06,,39.18,High Gap,0.4,"{'has_supply': True, 'has_current_demand': False, 'has_future_demand': False}"
gondia,,electronics mechanic,48.0,,1.37,50.0,,48.63,,49.22,High Gap,0.4,"{'has_supply': True, 'has_current_demand': False, 'has_future_demand': False}"
gondia,,fashion design and technology,20.0,,0.17,50.0,,49.83,,49.9,High Gap,0.4,"{'has_supply': True, 'has_current_demand': False, 'has_future_demand': False}"
gondia,,fitter,420.0,,17.24,50.0,,32.76,,40.15,High Gap,0.4,"{'has_supply': True, 'has_current_demand': False, 'has_future_demand': False}"
gondia,,information and communication technology system maintenance,48.0,,1.37,50.0,,48.63,,49.22,High Gap,0.4,"{'has_supply': True, 'has_current_demand': False, 'has_future_demand': False}"
gondia,,machinist,40.0,,1.02,50.0,,48.98,,49.42,High Gap,0.4,"{'has_supply': True, 'has_current_demand': False, 'has_future_demand': False}"
gondia,,mechanic diesel,96.0,,3.41,50.0,,46.59,,48.05,High Gap,0.4,"{'has_supply': True, 'has_current_demand': False, 'has_future_demand': False}"
gondia,,mechanic electric vehicle,24.0,,0.34,50.0,,49.66,,49.81,High Gap,0.4,"{'has_supply': True, 'has_current_demand': False, 'has_future_demand': False}"
gondia,,mechanic motor vehicle,96.0,,3.41,50.0,,46.59,,48.05,High Gap,0.4,"{'has_supply': True, 'has_current_demand': False, 'has_future_demand': False}"
gondia,,painter general,20.0,,0.17,50.0,,49.83,,49.9,High Gap,0.4,"{'has_supply': True, 'has_current_demand': False, 'has_future_demand': False}"
gondia,,plumber,24.0,,0.34,50.0,,49.66,,49.81,High Gap,0.4,"{'has_supply': True, 'has_current_demand': False, 'has_future_demand': False}"
gondia,,pump operator cum mechanic,40.0,,1.02,50.0,,48.98,,49.42,High Gap,0.4,"{'has_supply': True, 'has_current_demand': False, 'has_future_demand': False}"
gondia,,refrigeration and air conditioner technician,24.0,,0.34,50.0,,49.66,,49.81,High Gap,0.4,"{'has_supply': True, 'has_current_demand': False, 'has_future_demand': False}"
gondia,,sewing technology,80.0,,2.73,50.0,,47.27,,48.44,High Gap,0.4,"{'has_supply': True, 'has_current_demand': False, 'has_future_demand': False}"
gondia,,solar technician (electrical),40.0,,1.02,50.0,,48.98,,49.42,High Gap,0.4,"{'has_supply': True, 'has_current_demand': False, 'has_future_demand': False}"
gondia,,stenographer secretarial assistant (english),24.0,,0.34,50.0,,49.66,,49.81,High Gap,0.4,"{'has_supply': True, 'has_current_demand': False, 'has_future_demand': False}"
gondia,,turner,60.0,,1.88,50.0,,48.12,,48.93,High Gap,0.4,"{'has_supply': True, 'has_current_demand': False, 'has_future_demand': False}"
gondia,,welder,200.0,,7.85,50.0,,42.15,,45.51,High Gap,0.4,"{'has_supply': True, 'has_current_demand': False, 'has_future_demand': False}"
gondia,,wireman,80.0,,2.73,50.0,,47.27,,48.44,High Gap,0.4,"{'has_supply': True, 'has_current_demand': False, 'has_future_demand': False}"
gondia,,wood work technician,24.0,,0.34,50.0,,49.66,,49.81,High Gap,0.4,"{'has_supply': True, 'has_current_demand': False, 'has_future_demand': False}"
hingoli,,architectural draughtsman,24.0,,0.34,50.0,,49.66,,49.81,High Gap,0.4,"{'has_supply': True, 'has_current_demand': False, 'has_future_demand': False}"
hingoli,,computer operator and programming assistant,144.0,,5.46,50.0,,44.54,,46.88,High Gap,0.4,"{'has_supply': True, 'has_current_demand': False, 'has_future_demand': False}"
hingoli,,cosmetology,72.0,,2.39,50.0,,47.61,,48.63,High Gap,0.4,"{'has_supply': True, 'has_current_demand': False, 'has_future_demand': False}"
hingoli,,dress making,40.0,,1.02,50.0,,48.98,,49.42,High Gap,0.4,"{'has_supply': True, 'has_current_demand': False, 'has_future_demand': False}"
hingoli,,electrician,160.0,,6.14,50.0,,43.86,,46.49,High Gap,0.4,"{'has_supply': True, 'has_current_demand': False, 'has_future_demand': False}"
hingoli,,electronics mechanic,48.0,,1.37,50.0,,48.63,,49.22,High Gap,0.4,"{'has_supply': True, 'has_current_demand': False, 'has_future_demand': False}"
hingoli,,fashion design and technology,20.0,,0.17,50.0,,49.83,,49.9,High Gap,0.4,"{'has_supply': True, 'has_current_demand': False, 'has_future_demand': False}"
hingoli,,fitter,120.0,,4.44,50.0,,45.56,,47.46,High Gap,0.4,"{'has_supply': True, 'has_current_demand': False, 'has_future_demand': False}"
hingoli,,mason (building constructor),24.0,,0.34,50.0,,49.66,,49.81,High Gap,0.4,"{'has_supply': True, 'has_current_demand': False, 'has_future_demand': False}"
hingoli,,mechanic diesel,24.0,,0.34,50.0,,49.66,,49.81,High Gap,0.4,"{'has_supply': True, 'has_current_demand': False, 'has_future_demand': False}"
hingoli,,mechanic motor vehicle,24.0,,0.34,50.0,,49.66,,49.81,High Gap,0.4,"{'has_supply': True, 'has_current_demand': False, 'has_future_demand': False}"
hingoli,,solar technician (electrical),80.0,,2.73,50.0,,47.27,,48.44,High Gap,0.4,"{'has_supply': True, 'has_current_demand': False, 'has_future_demand': False}"
hingoli,,welder,160.0,,6.14,50.0,,43.86,,46.49,High Gap,0.4,"{'has_supply': True, 'has_current_demand': False, 'has_future_demand': False}"
hingoli,,wireman,140.0,,5.29,50.0,,44.71,,46.98,High Gap,0.4,"{'has_supply': True, 'has_current_demand': False, 'has_future_demand': False}"
hingoli,,wood work technician,24.0,,0.34,50.0,,49.66,,49.81,High Gap,0.4,"{'has_supply': True, 'has_current_demand': False, 'has_future_demand': False}"
jalgaon,,baker and confectioner,24.0,,0.34,50.0,,49.66,,49.81,High Gap,0.4,"{'has_supply': True, 'has_current_demand': False, 'has_future_demand': False}"
jalgaon,,computer operator and programming assistant,384.0,,15.7,50.0,,34.3,,41.03,High Gap,0.4,"{'has_supply': True, 'has_current_demand': False, 'has_future_demand': False}"
jalgaon,,cosmetology,168.0,,6.48,50.0,,43.52,,46.3,High Gap,0.4,"{'has_supply': True, 'has_current_demand': False, 'has_future_demand': False}"
jalgaon,,draughtsman civil,24.0,,0.34,50.0,,49.66,,49.81,High Gap,0.4,"{'has_supply': True, 'has_current_demand': False, 'has_future_demand': False}"
jalgaon,,draughtsman mechanical,80.0,,2.73,50.0,,47.27,,48.44,High Gap,0.4,"{'has_supply': True, 'has_current_demand': False, 'has_future_demand': False}"
jalgaon,,dress making,260.0,,10.41,50.0,,39.59,,44.05,High Gap,0.4,"{'has_supply': True, 'has_current_demand': False, 'has_future_demand': False}"
jalgaon,,electrician,2360.0,,100.0,50.0,,-50.0,,21.43,Oversupply,0.4,"{'has_supply': True, 'has_current_demand': False, 'has_future_demand': False}"
jalgaon,,electrician under dual system training,40.0,,1.02,50.0,,48.98,,49.42,High Gap,0.4,"{'has_supply': True, 'has_current_demand': False, 'has_future_demand': False}"
jalgaon,,electronics mechanic,96.0,,3.41,50.0,,46.59,,48.05,High Gap,0.4,"{'has_supply': True, 'has_current_demand': False, 'has_future_demand': False}"
jalgaon,,fashion design and technology,20.0,,0.17,50.0,,49.83,,49.9,High Gap,0.4,"{'has_supply': True, 'has_current_demand': False, 'has_future_demand': False}"
jalgaon,,fitter,1940.0,,82.08,50.0,,-32.08,,21.43,Oversupply,0.4,"{'has_supply': True, 'has_current_demand': False, 'has_future_demand': False}"
jalgaon,,fitter under dual training system,100.0,,3.58,50.0,,46.42,,47.95,High Gap,0.4,"{'has_supply': True, 'has_current_demand': False, 'has_future_demand': False}"
jalgaon,,foundryman under dual training system,24.0,,0.34,50.0,,49.66,,49.81,High Gap,0.4,"{'has_supply': True, 'has_current_demand': False, 'has_future_demand': False}"
jalgaon,,health sanitary inspector,96.0,,3.41,50.0,,46.59,,48.05,High Gap,0.4,"{'has_supply': True, 'has_current_demand': False, 'has_future_demand': False}"
jalgaon,,machinist,100.0,,3.58,50.0,,46.42,,47.95,High Gap,0.4,"{'has_supply': True, 'has_current_demand': False, 'has_future_demand': False}"
jalgaon,,machinist grinder,60.0,,1.88,50.0,,48.12,,48.93,High Gap,0.4,"{'has_supply': True, 'has_current_demand': False, 'has_future_demand': False}"
jalgaon,,machinist under dual training system,40.0,,1.02,50.0,,48.98,,49.42,High Gap,0.4,"{'has_supply': True, 'has_current_demand': False, 'has_future_demand': False}"
jalgaon,,mechanic auto electrical and electronics,40.0,,1.02,50.0,,48.98,,49.42,High Gap,0.4,"{'has_supply': True, 'has_current_demand': False, 'has_future_demand': False}"
jalgaon,,mechanic diesel,240.0,,9.56,50.0,,40.44,,44.54,High Gap,0.4,"{'has_supply': True, 'has_current_demand': False, 'has_future_demand': False}"
jalgaon,,mechanic machine tool maintenance,24.0,,0.34,50.0,,49.66,,49.81,High Gap,0.4,"{'has_supply': True, 'has_current_demand': False, 'has_future_demand': False}"
jalgaon,,mechanic motor vehicle,192.0,,7.51,50.0,,42.49,,45.71,High Gap,0.4,"{'has_supply': True, 'has_current_demand': False, 'has_future_demand': False}"
jalgaon,,mechanic tractor,40.0,,1.02,50.0,,48.98,,49.42,High Gap,0.4,"{'has_supply': True, 'has_current_demand': False, 'has_future_demand': False}"
jalgaon,,operator advance machine tool,16.0,,0.0,50.0,,50.0,,50.0,High Gap,0.4,"{'has_supply': True, 'has_current_demand': False, 'has_future_demand': False}"
jalgaon,,plastic processing operator under dual training system,40.0,,1.02,50.0,,48.98,,49.42,High Gap,0.4,"{'has_supply': True, 'has_current_demand': False, 'has_future_demand': False}"
jalgaon,,plumber,48.0,,1.37,50.0,,48.63,,49.22,High Gap,0.4,"{'has_supply': True, 'has_current_demand': False, 'has_future_demand': False}"
jalgaon,,pump operator cum mechanic,80.0,,2.73,50.0,,47.27,,48.44,High Gap,0.4,"{'has_supply': True, 'has_current_demand': False, 'has_future_demand': False}"
jalgaon,,refrigeration and air conditioner technician,144.0,,5.46,50.0,,44.54,,46.88,High Gap,0.4,"{'has_supply': True, 'has_current_demand': False, 'has_future_demand': False}"
jalgaon,,sewing technology,80.0,,2.73,50.0,,47.27,,48.44,High Gap,0.4,"{'has_supply': True, 'has_current_demand': False, 'has_future_demand': False}"
jalgaon,,sheet metal worker,80.0,,2.73,50.0,,47.27,,48.44,High Gap,0.4,"{'has_supply': True, 'has_current_demand': False, 'has_future_demand': False}"
jalgaon,,solar technician (electrical),120.0,,4.44,50.0,,45.56,,47.46,High Gap,0.4,"{'has_supply': True, 'has_current_demand': False, 'has_future_demand': False}"
jalgaon,,surveyor,24.0,,0.34,50.0,,49.66,,49.81,High Gap,0.4,"{'has_supply': True, 'has_current_demand': False, 'has_future_demand': False}"
jalgaon,,tool and die maker (dies and moulds),24.0,,0.34,50.0,,49.66,,49.81,High Gap,0.4,"{'has_supply': True, 'has_current_demand': False, 'has_future_demand': False}"
jalgaon,,"tool and die maker (press tools, jigs and fixtures)",48.0,,1.37,50.0,,48.63,,49.22,High Gap,0.4,"{'has_supply': True, 'has_current_demand': False, 'has_future_demand': False}"
jalgaon,,turner,80.0,,2.73,50.0,,47.27,,48.44,High Gap,0.4,"{'has_supply': True, 'has_current_demand': False, 'has_future_demand': False}"
jalgaon,,turner under dual training system,40.0,,1.02,50.0,,48.98,,49.42,High Gap,0.4,"{'has_supply': True, 'has_current_demand': False, 'has_future_demand': False}"
jalgaon,,welder,1320.0,,55.63,50.0,,-5.63,,21.43,Balanced,0.4,"{'has_supply': True, 'has_current_demand': False, 'has_future_demand': False}"
jalgaon,,welder under dual system training,40.0,,1.02,50.0,,48.98,,49.42,High Gap,0.4,"{'has_supply': True, 'has_current_demand': False, 'has_future_demand': False}"
jalgaon,,wireman,160.0,,6.14,50.0,,43.86,,46.49,High Gap,0.4,"{'has_supply': True, 'has_current_demand': False, 'has_future_demand': False}"
jalgaon,,wood work technician,72.0,,2.39,50.0,,47.61,,48.63,High Gap,0.4,"{'has_supply': True, 'has_current_demand': False, 'has_future_demand': False}"
jalna,,baker and confectioner,24.0,,0.34,50.0,,49.66,,49.81,High Gap,0.4,"{'has_supply': True, 'has_current_demand': False, 'has_future_demand': False}"
jalna,,computer hardware and network maintenance,24.0,,0.34,50.0,,49.66,,49.81,High Gap,0.4,"{'has_supply': True, 'has_current_demand': False, 'has_future_demand': False}"
jalna,,computer operator and programming assistant,96.0,,3.41,50.0,,46.59,,48.05,High Gap,0.4,"{'has_supply': True, 'has_current_demand': False, 'has_future_demand': False}"
jalna,,cosmetology,24.0,,0.34,50.0,,49.66,,49.81,High Gap,0.4,"{'has_supply': True, 'has_current_demand': False, 'has_future_demand': False}"
jalna,,draughtsman civil,72.0,,2.39,50.0,,47.61,,48.63,High Gap,0.4,"{'has_supply': True, 'has_current_demand': False, 'has_future_demand': False}"
jalna,,dress making,100.0,,3.58,50.0,,46.42,,47.95,High Gap,0.4,"{'has_supply': True, 'has_current_demand': False, 'has_future_demand': False}"
jalna,,electrician,220.0,,8.7,50.0,,41.3,,45.03,High Gap,0.4,"{'has_supply': True, 'has_current_demand': False, 'has_future_demand': False}"
jalna,,electrician under dual system training,20.0,,0.17,50.0,,49.83,,49.9,High Gap,0.4,"{'has_supply': True, 'has_current_demand': False, 'has_future_demand': False}"
jalna,,electronics mechanic,24.0,,0.34,50.0,,49.66,,49.81,High Gap,0.4,"{'has_supply': True, 'has_current_demand': False, 'has_future_demand': False}"
jalna,,electronics mechanic under dual training system,24.0,,0.34,50.0,,49.66,,49.81,High Gap,0.4,"{'has_supply': True, 'has_current_demand': False, 'has_future_demand': False}"
jalna,,fashion design and technology,20.0,,0.17,50.0,,49.83,,49.9,High Gap,0.4,"{'has_supply': True, 'has_current_demand': False, 'has_future_demand': False}"
jalna,,fitter,120.0,,4.44,50.0,,45.56,,47.46,High Gap,0.4,"{'has_supply': True, 'has_current_demand': False, 'has_future_demand': False}"
jalna,,fitter under dual training system,40.0,,1.02,50.0,,48.98,,49.42,High Gap,0.4,"{'has_supply': True, 'has_current_demand': False, 'has_future_demand': False}"
jalna,,information and communication technology system maintenance,24.0,,0.34,50.0,,49.66,,49.81,High Gap,0.4,"{'has_supply': True, 'has_current_demand': False, 'has_future_demand': False}"
jalna,,machinist under dual training system,20.0,,0.17,50.0,,49.83,,49.9,High Gap,0.4,"{'has_supply': True, 'has_current_demand': False, 'has_future_demand': False}"
jalna,,mechanic diesel,48.0,,1.37,50.0,,48.63,,49.22,High Gap,0.4,"{'has_supply': True, 'has_current_demand': False, 'has_future_demand': False}"
jalna,,mechanic diesel under dual system training,72.0,,2.39,50.0,,47.61,,48.63,High Gap,0.4,"{'has_supply': True, 'has_current_demand': False, 'has_future_demand': False}"
jalna,,mechanic electric vehicle,24.0,,0.34,50.0,,49.66,,49.81,High Gap,0.4,"{'has_supply': True, 'has_current_demand': False, 'has_future_demand': False}"
jalna,,mechanic motor vehicle,24.0,,0.34,50.0,,49.66,,49.81,High Gap,0.4,"{'has_supply': True, 'has_current_demand': False, 'has_future_demand': False}"
jalna,,mechanic motor vehicle under dual system training,24.0,,0.34,50.0,,49.66,,49.81,High Gap,0.4,"{'has_supply': True, 'has_current_demand': False, 'has_future_demand': False}"
jalna,,pump operator cum mechanic,20.0,,0.17,50.0,,49.83,,49.9,High Gap,0.4,"{'has_supply': True, 'has_current_demand': False, 'has_future_demand': False}"
jalna,,refrigeration and air conditioner technician,48.0,,1.37,50.0,,48.63,,49.22,High Gap,0.4,"{'has_supply': True, 'has_current_demand': False, 'has_future_demand': False}"
jalna,,sewing technology,40.0,,1.02,50.0,,48.98,,49.42,High Gap,0.4,"{'has_supply': True, 'has_current_demand': False, 'has_future_demand': False}"
jalna,,sheet metal worker,80.0,,2.73,50.0,,47.27,,48.44,High Gap,0.4,"{'has_supply': True, 'has_current_demand': False, 'has_future_demand': False}"
jalna,,solar technician (electrical),20.0,,0.17,50.0,,49.83,,49.9,High Gap,0.4,"{'has_supply': True, 'has_current_demand': False, 'has_future_demand': False}"
jalna,,turner,20.0,,0.17,50.0,,49.83,,49.9,High Gap,0.4,"{'has_supply': True, 'has_current_demand': False, 'has_future_demand': False}"
jalna,,welder,260.0,,10.41,50.0,,39.59,,44.05,High Gap,0.4,"{'has_supply': True, 'has_current_demand': False, 'has_future_demand': False}"
jalna,,welder under dual system training,20.0,,0.17,50.0,,49.83,,49.9,High Gap,0.4,"{'has_supply': True, 'has_current_demand': False, 'has_future_demand': False}"
jalna,,wireman,40.0,,1.02,50.0,,48.98,,49.42,High Gap,0.4,"{'has_supply': True, 'has_current_demand': False, 'has_future_demand': False}"
jalna,,wireman under dual training system,20.0,,0.17,50.0,,49.83,,49.9,High Gap,0.4,"{'has_supply': True, 'has_current_demand': False, 'has_future_demand': False}"
kolhapur,,computer operator and programming assistant,144.0,,5.46,50.0,,44.54,,46.88,High Gap,0.4,"{'has_supply': True, 'has_current_demand': False, 'has_future_demand': False}"
kolhapur,,cosmetology,48.0,,1.37,50.0,,48.63,,49.22,High Gap,0.4,"{'has_supply': True, 'has_current_demand': False, 'has_future_demand': False}"
kolhapur,,draughtsman civil,144.0,,5.46,50.0,,44.54,,46.88,High Gap,0.4,"{'has_supply': True, 'has_current_demand': False, 'has_future_demand': False}"
kolhapur,,draughtsman mechanical,260.0,,10.41,50.0,,39.59,,44.05,High Gap,0.4,"{'has_supply': True, 'has_current_demand': False, 'has_future_demand': False}"
kolhapur,,dress making,140.0,,5.29,50.0,,44.71,,46.98,High Gap,0.4,"{'has_supply': True, 'has_current_demand': False, 'has_future_demand': False}"
kolhapur,,electrician,1080.0,,45.39,50.0,,4.61,,24.06,Balanced,0.4,"{'has_supply': True, 'has_current_demand': False, 'has_future_demand': False}"
kolhapur,,electronics mechanic,144.0,,5.46,50.0,,44.54,,46.88,High Gap,0.4,"{'has_supply': True, 'has_current_demand': False, 'has_future_demand': False}"
kolhapur,,electroplater,20.0,,0.17,50.0,,49.83,,49.9,High Gap,0.4,"{'has_supply': True, 'has_current_demand': False, 'has_future_demand': False}"
kolhapur,,fitter,980.0,,41.13,50.0,,8.87,,26.5,Balanced,0.4,"{'has_supply': True, 'has_current_demand': False, 'has_future_demand': False}"
kolhapur,,food production (general),24.0,,0.34,50.0,,49.66,,49.81,High Gap,0.4,"{'has_supply': True, 'has_current_demand': False, 'has_future_demand': False}"
kolhapur,,fruit and vegetable processing,24.0,,0.34,50.0,,49.66,,49.81,High Gap,0.4,"{'has_supply': True, 'has_current_demand': False, 'has_future_demand': False}"
kolhapur,,information and communication technology system maintenance,24.0,,0.34,50.0,,49.66,,49.81,High Gap,0.4,"{'has_supply': True, 'has_current_demand': False, 'has_future_demand': False}"
kolhapur,,machinist,220.0,,8.7,50.0,,41.3,,45.03,High Gap,0.4,"{'has_supply': True, 'has_current_demand': False, 'has_future_demand': False}"
kolhapur,,machinist grinder,80.0,,2.73,50.0,,47.27,,48.44,High Gap,0.4,"{'has_supply': True, 'has_current_demand': False, 'has_future_demand': False}"
kolhapur,,mason (building constructor),24.0,,0.34,50.0,,49.66,,49.81,High Gap,0.4,"{'has_supply': True, 'has_current_demand': False, 'has_future_demand': False}"
kolhapur,,mechanic agricultural machinery,24.0,,0.34,50.0,,49.66,,49.81,High Gap,0.4,"{'has_supply': True, 'has_current_demand': False, 'has_future_demand': False}"
kolhapur,,mechanic diesel,288.0,,11.6,50.0,,38.4,,43.37,High Gap,0.4,"{'has_supply': True, 'has_current_demand': False, 'has_future_demand': False}"
kolhapur,,mechanic machine tool maintenance,24.0,,0.34,50.0,,49.66,,49.81,High Gap,0.4,"{'has_supply': True, 'has_current_demand': False, 'has_future_demand': False}"
kolhapur,,mechanic motor vehicle,216.0,,8.53,50.0,,41.47,,45.13,High Gap,0.4,"{'has_supply': True, 'has_current_demand': False, 'has_future_demand': False}"
kolhapur,,mechanic tractor,60.0,,1.88,50.0,,48.12,,48.93,High Gap,0.4,"{'has_supply': True, 'has_current_demand': False, 'has_future_demand': False}"
kolhapur,,painter general,40.0,,1.02,50.0,,48.98,,49.42,High Gap,0.4,"{'has_supply': True, 'has_current_demand': False, 'has_future_demand': False}"
kolhapur,,plastic processing operator,40.0,,1.02,50.0,,48.98,,49.42,High Gap,0.4,"{'has_supply': True, 'has_current_demand': False, 'has_future_demand': False}"
kolhapur,,plumber,72.0,,2.39,50.0,,47.61,,48.63,High Gap,0.4,"{'has_supply': True, 'has_current_demand': False, 'has_future_demand': False}"
kolhapur,,pump operator cum mechanic,80.0,,2.73,50.0,,47.27,,48.44,High Gap,0.4,"{'has_supply': True, 'has_current_demand': False, 'has_future_demand': False}"
kolhapur,,refrigeration and air conditioner technician,48.0,,1.37,50.0,,48.63,,49.22,High Gap,0.4,"{'has_supply': True, 'has_current_demand': False, 'has_future_demand': False}"
kolhapur,,sewing technology,80.0,,2.73,50.0,,47.27,,48.44,High Gap,0.4,"{'has_supply': True, 'has_current_demand': False, 'has_future_demand': False}"
kolhapur,,sheet metal worker,180.0,,7.0,50.0,,43.0,,46.0,High Gap,0.4,"{'has_supply': True, 'has_current_demand': False, 'has_future_demand': False}"
kolhapur,,solar technician (electrical),60.0,,1.88,50.0,,48.12,,48.93,High Gap,0.4,"{'has_supply': True, 'has_current_demand': False, 'has_future_demand': False}"
kolhapur,,stenographer secretarial assistant (english),24.0,,0.34,50.0,,49.66,,49.81,High Gap,0.4,"{'has_supply': True, 'has_current_demand': False, 'has_future_demand': False}"
kolhapur,,surface ornamentation techniques (embroidery),20.0,,0.17,50.0,,49.83,,49.9,High Gap,0.4,"{'has_supply': True, 'has_current_demand': False, 'has_future_demand': False}"
kolhapur,,surveyor,24.0,,0.34,50.0,,49.66,,49.81,High Gap,0.4,"{'has_supply': True, 'has_current_demand': False, 'has_future_demand': False}"
kolhapur,,tool and die maker (dies and moulds),24.0,,0.34,50.0,,49.66,,49.81,High Gap,0.4,"{'has_supply': True, 'has_current_demand': False, 'has_future_demand': False}"
kolhapur,,turner,180.0,,7.0,50.0,,43.0,,46.0,High Gap,0.4,"{'has_supply': True, 'has_current_demand': False, 'has_future_demand': False}"
kolhapur,,welder,680.0,,28.33,50.0,,21.67,,33.81,Moderate Gap,0.4,"{'has_supply': True, 'has_current_demand': False, 'has_future_demand': False}"
kolhapur,,wireman,140.0,,5.29,50.0,,44.71,,46.98,High Gap,0.4,"{'has_supply': True, 'has_current_demand': False, 'has_future_demand': False}"
kolhapur,,wood work technician,24.0,,0.34,50.0,,49.66,,49.81,High Gap,0.4,"{'has_supply': True, 'has_current_demand': False, 'has_future_demand': False}"
latur,,computer operator and programming assistant,360.0,,14.68,50.0,,35.32,,41.61,High Gap,0.4,"{'has_supply': True, 'has_current_demand': False, 'has_future_demand': False}"
latur,,cosmetology,48.0,,1.37,50.0,,48.63,,49.22,High Gap,0.4,"{'has_supply': True, 'has_current_demand': False, 'has_future_demand': False}"
latur,,desktop publishing operator,24.0,,0.34,50.0,,49.66,,49.81,High Gap,0.4,"{'has_supply': True, 'has_current_demand': False, 'has_future_demand': False}"
latur,,draughtsman civil,48.0,,1.37,50.0,,48.63,,49.22,High Gap,0.4,"{'has_supply': True, 'has_current_demand': False, 'has_future_demand': False}"
latur,,draughtsman mechanical,20.0,,0.17,50.0,,49.83,,49.9,High Gap,0.4,"{'has_supply': True, 'has_current_demand': False, 'has_future_demand': False}"
latur,,dress making,200.0,,7.85,50.0,,42.15,,45.51,High Gap,0.4,"{'has_supply': True, 'has_current_demand': False, 'has_future_demand': False}"
latur,,electrician,640.0,,26.62,50.0,,23.38,,34.79,Moderate Gap,0.4,"{'has_supply': True, 'has_current_demand': False, 'has_future_demand': False}"
latur,,electrician under dual system training,20.0,,0.17,50.0,,49.83,,49.9,High Gap,0.4,"{'has_supply': True, 'has_current_demand': False, 'has_future_demand': False}"
latur,,electronics mechanic,216.0,,8.53,50.0,,41.47,,45.13,High Gap,0.4,"{'has_supply': True, 'has_current_demand': False, 'has_future_demand': False}"
latur,,fashion design and technology,20.0,,0.17,50.0,,49.83,,49.9,High Gap,0.4,"{'has_supply': True, 'has_current_demand': False, 'has_future_demand': False}"
latur,,fitter,300.0,,12.12,50.0,,37.88,,43.07,High Gap,0.4,"{'has_supply': True, 'has_current_demand': False, 'has_future_demand': False}"
latur,,fitter under dual training system,40.0,,1.02,50.0,,48.98,,49.42,High Gap,0.4,"{'has_supply': True, 'has_current_demand': False, 'has_future_demand': False}"
latur,,food production (general),24.0,,0.34,50.0,,49.66,,49.81,High Gap,0.4,"{'has_supply': True, 'has_current_demand': False, 'has_future_demand': False}"
latur,,fruit and vegetable processing,24.0,,0.34,50.0,,49.66,,49.81,High Gap,0.4,"{'has_supply': True, 'has_current_demand': False, 'has_future_demand': False}"
latur,,information and communication technology system maintenance,120.0,,4.44,50.0,,45.56,,47.46,High Gap,0.4,"{'has_supply': True, 'has_current_demand': False, 'has_future_demand': False}"
latur,,machinist,100.0,,3.58,50.0,,46.42,,47.95,High Gap,0.4,"{'has_supply': True, 'has_current_demand': False, 'has_future_demand': False}"
latur,,mechanic agricultural machinery,24.0,,0.34,50.0,,49.66,,49.81,High Gap,0.4,"{'has_supply': True, 'has_current_demand': False, 'has_future_demand': False}"
latur,,mechanic diesel,240.0,,9.56,50.0,,40.44,,44.54,High Gap,0.4,"{'has_supply': True, 'has_current_demand': False, 'has_future_demand': False}"
latur,,mechanic motor vehicle,96.0,,3.41,50.0,,46.59,,48.05,High Gap,0.4,"{'has_supply': True, 'has_current_demand': False, 'has_future_demand': False}"
latur,,mechanic tractor,80.0,,2.73,50.0,,47.27,,48.44,High Gap,0.4,"{'has_supply': True, 'has_current_demand': False, 'has_future_demand': False}"
latur,,operator advance machine tool,16.0,,0.0,50.0,,50.0,,50.0,High Gap,0.4,"{'has_supply': True, 'has_current_demand': False, 'has_future_demand': False}"
latur,,painter general,60.0,,1.88,50.0,,48.12,,48.93,High Gap,0.4,"{'has_supply': True, 'has_current_demand': False, 'has_future_demand': False}"
latur,,physiotherapy technician,24.0,,0.34,50.0,,49.66,,49.81,High Gap,0.4,"{'has_supply': True, 'has_current_demand': False, 'has_future_demand': False}"
latur,,plumber,48.0,,1.37,50.0,,48.63,,49.22,High Gap,0.4,"{'has_supply': True, 'has_current_demand': False, 'has_future_demand': False}"
latur,,pump operator cum mechanic,20.0,,0.17,50.0,,49.83,,49.9,High Gap,0.4,"{'has_supply': True, 'has_current_demand': False, 'has_future_demand': False}"
latur,,refrigeration and air conditioner technician,48.0,,1.37,50.0,,48.63,,49.22,High Gap,0.4,"{'has_supply': True, 'has_current_demand': False, 'has_future_demand': False}"
latur,,secretarial practice (english),24.0,,0.34,50.0,,49.66,,49.81,High Gap,0.4,"{'has_supply': True, 'has_current_demand': False, 'has_future_demand': False}"
latur,,sewing technology,60.0,,1.88,50.0,,48.12,,48.93,High Gap,0.4,"{'has_supply': True, 'has_current_demand': False, 'has_future_demand': False}"
latur,,stenographer secretarial assistant (english),24.0,,0.34,50.0,,49.66,,49.81,High Gap,0.4,"{'has_supply': True, 'has_current_demand': False, 'has_future_demand': False}"
latur,,surveyor,96.0,,3.41,50.0,,46.59,,48.05,High Gap,0.4,"{'has_supply': True, 'has_current_demand': False, 'has_future_demand': False}"
latur,,turner,40.0,,1.02,50.0,,48.98,,49.42,High Gap,0.4,"{'has_supply': True, 'has_current_demand': False, 'has_future_demand': False}"
latur,,welder,440.0,,18.09,50.0,,31.91,,39.66,High Gap,0.4,"{'has_supply': True, 'has_current_demand': False, 'has_future_demand': False}"
latur,,wireman,360.0,,14.68,50.0,,35.32,,41.61,High Gap,0.4,"{'has_supply': True, 'has_current_demand': False, 'has_future_demand': False}"
latur,,wood work technician,96.0,,3.41,50.0,,46.59,,48.05,High Gap,0.4,"{'has_supply': True, 'has_current_demand': False, 'has_future_demand': False}"
mumbai,,computer hardware and network maintenance,96.0,,3.41,50.0,,46.59,,48.05,High Gap,0.4,"{'has_supply': True, 'has_current_demand': False, 'has_future_demand': False}"
mumbai,,computer operator and programming assistant,312.0,,12.63,50.0,,37.37,,42.78,High Gap,0.4,"{'has_supply': True, 'has_current_demand': False, 'has_future_demand': False}"
mumbai,,cosmetology,72.0,,2.39,50.0,,47.61,,48.63,High Gap,0.4,"{'has_supply': True, 'has_current_demand': False, 'has_future_demand': False}"
mumbai,,desktop publishing operator,72.0,,2.39,50.0,,47.61,,48.63,High Gap,0.4,"{'has_supply': True, 'has_current_demand': False, 'has_future_demand': False}"
mumbai,,draughtsman civil,72.0,,2.39,50.0,,47.61,,48.63,High Gap,0.4,"{'has_supply': True, 'has_current_demand': False, 'has_future_demand': False}"
mumbai,,draughtsman mechanical,100.0,,3.58,50.0,,46.42,,47.95,High Gap,0.4,"{'has_supply': True, 'has_current_demand': False, 'has_future_demand': False}"
mumbai,,dress making,40.0,,1.02,50.0,,48.98,,49.42,High Gap,0.4,"{'has_supply': True, 'has_current_demand': False, 'has_future_demand': False}"
mumbai,,electrician,200.0,,7.85,50.0,,42.15,,45.51,High Gap,0.4,"{'has_supply': True, 'has_current_demand': False, 'has_future_demand': False}"
mumbai,,electronics mechanic,120.0,,4.44,50.0,,45.56,,47.46,High Gap,0.4,"{'has_supply': True, 'has_current_demand': False, 'has_future_demand': False}"
mumbai,,fashion design and technology,80.0,,2.73,50.0,,47.27,,48.44,High Gap,0.4,"{'has_supply': True, 'has_current_demand': False, 'has_future_demand': False}"
mumbai,,fitter,200.0,,7.85,50.0,,42.15,,45.51,High Gap,0.4,"{'has_supply': True, 'has_current_demand': False, 'has_future_demand': False}"
mumbai,,information and communication technology system maintenance,168.0,,6.48,50.0,,43.52,,46.3,High Gap,0.4,"{'has_supply': True, 'has_current_demand': False, 'has_future_demand': False}"
mumbai,,interior design and decoration,120.0,,4.44,50.0,,45.56,,47.46,High Gap,0.4,"{'has_supply': True, 'has_current_demand': False, 'has_future_demand': False}"
mumbai,,machinist,80.0,,2.73,50.0,,47.27,,48.44,High Gap,0.4,"{'has_supply': True, 'has_current_demand': False, 'has_future_demand': False}"
mumbai,,machinist grinder,40.0,,1.02,50.0,,48.98,,49.42,High Gap,0.4,"{'has_supply': True, 'has_current_demand': False, 'has_future_demand': False}"
mumbai,,mason (building constructor),24.0,,0.34,50.0,,49.66,,49.81,High Gap,0.4,"{'has_supply': True, 'has_current_demand': False, 'has_future_demand': False}"
mumbai,,mechanic diesel,120.0,,4.44,50.0,,45.56,,47.46,High Gap,0.4,"{'has_supply': True, 'has_current_demand': False, 'has_future_demand': False}"
mumbai,,mechanic machine tool maintenance,24.0,,0.34,50.0,,49.66,,49.81,High Gap,0.4,"{'has_supply': True, 'has_current_demand': False, 'has_future_demand': False}"
mumbai,,mechanic motor vehicle,120.0,,4.44,50.0,,45.56,,47.46,High Gap,0.4,"{'has_supply': True, 'has_current_demand': False, 'has_future_demand': False}"
mumbai,,painter general,60.0,,1.88,50.0,,48.12,,48.93,High Gap,0.4,"{'has_supply': True, 'has_current_demand': False, 'has_future_demand': False}"
mumbai,,plumber,72.0,,2.39,50.0,,47.61,,48.63,High Gap,0.4,"{'has_supply': True, 'has_current_demand': False, 'has_future_demand': False}"
mumbai,,refrigeration and air conditioner technician,72.0,,2.39,50.0,,47.61,,48.63,High Gap,0.4,"{'has_supply': True, 'has_current_demand': False, 'has_future_demand': False}"
mumbai,,secretarial practice (english),24.0,,0.34,50.0,,49.66,,49.81,High Gap,0.4,"{'has_supply': True, 'has_current_demand': False, 'has_future_demand': False}"
mumbai,,sheet metal worker,20.0,,0.17,50.0,,49.83,,49.9,High Gap,0.4,"{'has_supply': True, 'has_current_demand': False, 'has_future_demand': False}"
mumbai,,surveyor,24.0,,0.34,50.0,,49.66,,49.81,High Gap,0.4,"{'has_supply': True, 'has_current_demand': False, 'has_future_demand': False}"
mumbai,,technician mechatronics,24.0,,0.34,50.0,,49.66,,49.81,High Gap,0.4,"{'has_supply': True, 'has_current_demand': False, 'has_future_demand': False}"
mumbai,,"tool and die maker (press tools, jigs and fixtures)",24.0,,0.34,50.0,,49.66,,49.81,High Gap,0.4,"{'has_supply': True, 'has_current_demand': False, 'has_future_demand': False}"
mumbai,,turner,40.0,,1.02,50.0,,48.98,,49.42,High Gap,0.4,"{'has_supply': True, 'has_current_demand': False, 'has_future_demand': False}"
mumbai,,welder,100.0,,3.58,50.0,,46.42,,47.95,High Gap,0.4,"{'has_supply': True, 'has_current_demand': False, 'has_future_demand': False}"
mumbai,,wireman,60.0,,1.88,50.0,,48.12,,48.93,High Gap,0.4,"{'has_supply': True, 'has_current_demand': False, 'has_future_demand': False}"
mumbai,,wood work technician,72.0,,2.39,50.0,,47.61,,48.63,High Gap,0.4,"{'has_supply': True, 'has_current_demand': False, 'has_future_demand': False}"
mumbai suburban,,computer hardware and network maintenance,24.0,,0.34,50.0,,49.66,,49.81,High Gap,0.4,"{'has_supply': True, 'has_current_demand': False, 'has_future_demand': False}"
mumbai suburban,,computer operator and programming assistant,72.0,,2.39,50.0,,47.61,,48.63,High Gap,0.4,"{'has_supply': True, 'has_current_demand': False, 'has_future_demand': False}"
mumbai suburban,,cosmetology,24.0,,0.34,50.0,,49.66,,49.81,High Gap,0.4,"{'has_supply': True, 'has_current_demand': False, 'has_future_demand': False}"
mumbai suburban,,desktop publishing operator,48.0,,1.37,50.0,,48.63,,49.22,High Gap,0.4,"{'has_supply': True, 'has_current_demand': False, 'has_future_demand': False}"
mumbai suburban,,draughtsman mechanical,80.0,,2.73,50.0,,47.27,,48.44,High Gap,0.4,"{'has_supply': True, 'has_current_demand': False, 'has_future_demand': False}"
mumbai suburban,,electrician,400.0,,16.38,50.0,,33.62,,40.64,High Gap,0.4,"{'has_supply': True, 'has_current_demand': False, 'has_future_demand': False}"
mumbai suburban,,electrician under dual system training,20.0,,0.17,50.0,,49.83,,49.9,High Gap,0.4,"{'has_supply': True, 'has_current_demand': False, 'has_future_demand': False}"
mumbai suburban,,electronics mechanic,240.0,,9.56,50.0,,40.44,,44.54,High Gap,0.4,"{'has_supply': True, 'has_current_demand': False, 'has_future_demand': False}"
mumbai suburban,,electronics mechanic under dual training system,72.0,,2.39,50.0,,47.61,,48.63,High Gap,0.4,"{'has_supply': True, 'has_current_demand': False, 'has_future_demand': False}"
mumbai suburban,,fitter,260.0,,10.41,50.0,,39.59,,44.05,High Gap,0.4,"{'has_supply': True, 'has_current_demand': False, 'has_future_demand': False}"
mumbai suburban,,fitter under dual training system,40.0,,1.02,50.0,,48.98,,49.42,High Gap,0.4,"{'has_supply': True, 'has_current_demand': False, 'has_future_demand': False}"
mumbai suburban,,food and beverages services assistant,60.0,,1.88,50.0,,48.12,,48.93,High Gap,0.4,"{'has_supply': True, 'has_current_demand': False, 'has_future_demand': False}"
mumbai suburban,,food and beverages services assistant under dual training system,40.0,,1.02,50.0,,48.98,,49.42,High Gap,0.4,"{'has_supply': True, 'has_current_demand': False, 'has_future_demand': False}"
mumbai suburban,,food production (general),96.0,,3.41,50.0,,46.59,,48.05,High Gap,0.4,"{'has_supply': True, 'has_current_demand': False, 'has_future_demand': False}"
mumbai suburban,,food production (general) under dual training system,24.0,,0.34,50.0,,49.66,,49.81,High Gap,0.4,"{'has_supply': True, 'has_current_demand': False, 'has_future_demand': False}"
mumbai suburban,,information and communication technology system maintenance,96.0,,3.41,50.0,,46.59,,48.05,High Gap,0.4,"{'has_supply': True, 'has_current_demand': False, 'has_future_demand': False}"
mumbai suburban,,instrument mechanic,48.0,,1.37,50.0,,48.63,,49.22,High Gap,0.4,"{'has_supply': True, 'has_current_demand': False, 'has_future_demand': False}"
mumbai suburban,,interior design and decoration,24.0,,0.34,50.0,,49.66,,49.81,High Gap,0.4,"{'has_supply': True, 'has_current_demand': False, 'has_future_demand': False}"
mumbai suburban,,iot technician (smart city),48.0,,1.37,50.0,,48.63,,49.22,High Gap,0.4,"{'has_supply': True, 'has_current_demand': False, 'has_future_demand': False}"
mumbai suburban,,lift and escalator mechanic,24.0,,0.34,50.0,,49.66,,49.81,High Gap,0.4,"{'has_supply': True, 'has_current_demand': False, 'has_future_demand': False}"
mumbai suburban,,lift and escalator mechanic under dual training system,24.0,,0.34,50.0,,49.66,,49.81,High Gap,0.4,"{'has_supply': True, 'has_current_demand': False, 'has_future_demand': False}"
mumbai suburban,,machinist,140.0,,5.29,50.0,,44.71,,46.98,High Gap,0.4,"{'has_supply': True, 'has_current_demand': False, 'has_future_demand': False}"
mumbai suburban,,machinist grinder,40.0,,1.02,50.0,,48.98,,49.42,High Gap,0.4,"{'has_supply': True, 'has_current_demand': False, 'has_future_demand': False}"
mumbai suburban,,mechanic auto body painting,40.0,,1.02,50.0,,48.98,,49.42,High Gap,0.4,"{'has_supply': True, 'has_current_demand': False, 'has_future_demand': False}"
mumbai suburban,,mechanic auto body repair,40.0,,1.02,50.0,,48.98,,49.42,High Gap,0.4,"{'has_supply': True, 'has_current_demand': False, 'has_future_demand': False}"
mumbai suburban,,mechanic diesel,48.0,,1.37,50.0,,48.63,,49.22,High Gap,0.4,"{'has_supply': True, 'has_current_demand': False, 'has_future_demand': False}"
mumbai suburban,,mechanic machine tool maintenance,24.0,,0.34,50.0,,49.66,,49.81,High Gap,0.4,"{'has_supply': True, 'has_current_demand': False, 'has_future_demand': False}"
mumbai suburban,,mechanic motor vehicle,216.0,,8.53,50.0,,41.47,,45.13,High Gap,0.4,"{'has_supply': True, 'has_current_demand': False, 'has_future_demand': False}"
mumbai suburban,,mechanic two and three wheeler under dual training system,20.0,,0.17,50.0,,49.83,,49.9,High Gap,0.4,"{'has_supply': True, 'has_current_demand': False, 'has_future_demand': False}"
mumbai suburban,,plumber,24.0,,0.34,50.0,,49.66,,49.81,High Gap,0.4,"{'has_supply': True, 'has_current_demand': False, 'has_future_demand': False}"
mumbai suburban,,plumber under dual training system,48.0,,1.37,50.0,,48.63,,49.22,High Gap,0.4,"{'has_supply': True, 'has_current_demand': False, 'has_future_demand': False}"
mumbai suburban,,refrigeration and air conditioner technician,168.0,,6.48,50.0,,43.52,,46.3,High Gap,0.4,"{'has_supply': True, 'has_current_demand': False, 'has_future_demand': False}"
mumbai suburban,,refrigeration and air conditioner technician under dual training system,72.0,,2.39,50.0,,47.61,,48.63,High Gap,0.4,"{'has_supply': True, 'has_current_demand': False, 'has_future_demand': False}"
mumbai suburban,,sewing technology,20.0,,0.17,50.0,,49.83,,49.9,High Gap,0.4,"{'has_supply': True, 'has_current_demand': False, 'has_future_demand': False}"
mumbai suburban,,solar technician (electrical),40.0,,1.02,50.0,,48.98,,49.42,High Gap,0.4,"{'has_supply': True, 'has_current_demand': False, 'has_future_demand': False}"
mumbai suburban,,technician mechatronics,24.0,,0.34,50.0,,49.66,,49.81,High Gap,0.4,"{'has_supply': True, 'has_current_demand': False, 'has_future_demand': False}"
mumbai suburban,,technician power electronic systems,48.0,,1.37,50.0,,48.63,,49.22,High Gap,0.4,"{'has_supply': True, 'has_current_demand': False, 'has_future_demand': False}"
mumbai suburban,,technician power electronic systems under dual training system,24.0,,0.34,50.0,,49.66,,49.81,High Gap,0.4,"{'has_supply': True, 'has_current_demand': False, 'has_future_demand': False}"
mumbai suburban,,"tool and die maker (press tools, jigs and fixtures)",24.0,,0.34,50.0,,49.66,,49.81,High Gap,0.4,"{'has_supply': True, 'has_current_demand': False, 'has_future_demand': False}"
mumbai suburban,,turner,140.0,,5.29,50.0,,44.71,,46.98,High Gap,0.4,"{'has_supply': True, 'has_current_demand': False, 'has_future_demand': False}"
mumbai suburban,,welder,300.0,,12.12,50.0,,37.88,,43.07,High Gap,0.4,"{'has_supply': True, 'has_current_demand': False, 'has_future_demand': False}"
mumbai suburban,,welder (gmaw and gtaw),40.0,,1.02,50.0,,48.98,,49.42,High Gap,0.4,"{'has_supply': True, 'has_current_demand': False, 'has_future_demand': False}"
mumbai suburban,,welder under dual system training,20.0,,0.17,50.0,,49.83,,49.9,High Gap,0.4,"{'has_supply': True, 'has_current_demand': False, 'has_future_demand': False}"
mumbai suburban,,wireman,100.0,,3.58,50.0,,46.42,,47.95,High Gap,0.4,"{'has_supply': True, 'has_current_demand': False, 'has_future_demand': False}"
mumbai suburban,,wood work technician,24.0,,0.34,50.0,,49.66,,49.81,High Gap,0.4,"{'has_supply': True, 'has_current_demand': False, 'has_future_demand': False}"
nagpur,,aeronautical structure and equipment fitter,40.0,,1.02,50.0,,48.98,,49.42,High Gap,0.4,"{'has_supply': True, 'has_current_demand': False, 'has_future_demand': False}"
nagpur,,computer hardware and network maintenance,24.0,,0.34,50.0,,49.66,,49.81,High Gap,0.4,"{'has_supply': True, 'has_current_demand': False, 'has_future_demand': False}"
nagpur,,computer operator and programming assistant,384.0,,15.7,50.0,,34.3,,41.03,High Gap,0.4,"{'has_supply': True, 'has_current_demand': False, 'has_future_demand': False}"
nagpur,,cosmetology,144.0,,5.46,50.0,,44.54,,46.88,High Gap,0.4,"{'has_supply': True, 'has_current_demand': False, 'has_future_demand': False}"
nagpur,,draughtsman civil,168.0,,6.48,50.0,,43.52,,46.3,High Gap,0.4,"{'has_supply': True, 'has_current_demand': False, 'has_future_demand': False}"
nagpur,,draughtsman mechanical,20.0,,0.17,50.0,,49.83,,49.9,High Gap,0.4,"{'has_supply': True, 'has_current_demand': False, 'has_future_demand': False}"
nagpur,,dress making,100.0,,3.58,50.0,,46.42,,47.95,High Gap,0.4,"{'has_supply': True, 'has_current_demand': False, 'has_future_demand': False}"
nagpur,,dress making under dual training system,40.0,,1.02,50.0,,48.98,,49.42,High Gap,0.4,"{'has_supply': True, 'has_current_demand': False, 'has_future_demand': False}"
nagpur,,electrician,2140.0,,90.61,50.0,,-40.61,,21.43,Oversupply,0.4,"{'has_supply': True, 'has_current_demand': False, 'has_future_demand': False}"
nagpur,,electronics mechanic,240.0,,9.56,50.0,,40.44,,44.54,High Gap,0.4,"{'has_supply': True, 'has_current_demand': False, 'has_future_demand': False}"
nagpur,,fashion design and technology,40.0,,1.02,50.0,,48.98,,49.42,High Gap,0.4,"{'has_supply': True, 'has_current_demand': False, 'has_future_demand': False}"
nagpur,,fashion design and technology under dual system training,40.0,,1.02,50.0,,48.98,,49.42,High Gap,0.4,"{'has_supply': True, 'has_current_demand': False, 'has_future_demand': False}"
nagpur,,fitter,1580.0,,66.72,50.0,,-16.72,,21.43,Oversupply,0.4,"{'has_supply': True, 'has_current_demand': False, 'has_future_demand': False}"
nagpur,,fitter under dual training system,20.0,,0.17,50.0,,49.83,,49.9,High Gap,0.4,"{'has_supply': True, 'has_current_demand': False, 'has_future_demand': False}"
nagpur,,fruit and vegetable processing,72.0,,2.39,50.0,,47.61,,48.63,High Gap,0.4,"{'has_supply': True, 'has_current_demand': False, 'has_future_demand': False}"
nagpur,,health sanitary inspector,24.0,,0.34,50.0,,49.66,,49.81,High Gap,0.4,"{'has_supply': True, 'has_current_demand': False, 'has_future_demand': False}"
nagpur,,information and communication technology system maintenance,96.0,,3.41,50.0,,46.59,,48.05,High Gap,0.4,"{'has_supply': True, 'has_current_demand': False, 'has_future_demand': False}"
nagpur,,instrument mechanic,24.0,,0.34,50.0,,49.66,,49.81,High Gap,0.4,"{'has_supply': True, 'has_current_demand': False, 'has_future_demand': False}"
nagpur,,machinist,100.0,,3.58,50.0,,46.42,,47.95,High Gap,0.4,"{'has_supply': True, 'has_current_demand': False, 'has_future_demand': False}"
nagpur,,machinist grinder,40.0,,1.02,50.0,,48.98,,49.42,High Gap,0.4,"{'has_supply': True, 'has_current_demand': False, 'has_future_demand': False}"
nagpur,,machinist under dual training system,20.0,,0.17,50.0,,49.83,,49.9,High Gap,0.4,"{'has_supply': True, 'has_current_demand': False, 'has_future_demand': False}"
nagpur,,mason (building constructor),48.0,,1.37,50.0,,48.63,,49.22,High Gap,0.4,"{'has_supply': True, 'has_current_demand': False, 'has_future_demand': False}"
nagpur,,mechanic diesel,528.0,,21.84,50.0,,28.16,,37.52,Moderate Gap,0.4,"{'has_supply': True, 'has_current_demand': False, 'has_future_demand': False}"
nagpur,,mechanic diesel under dual system training,72.0,,2.39,50.0,,47.61,,48.63,High Gap,0.4,"{'has_supply': True, 'has_current_demand': False, 'has_future_demand': False}"
nagpur,,mechanic electric vehicle,24.0,,0.34,50.0,,49.66,,49.81,High Gap,0.4,"{'has_supply': True, 'has_current_demand': False, 'has_future_demand': False}"
nagpur,,mechanic motor vehicle,240.0,,9.56,50.0,,40.44,,44.54,High Gap,0.4,"{'has_supply': True, 'has_current_demand': False, 'has_future_demand': False}"
nagpur,,mechanic motor vehicle under dual system training,48.0,,1.37,50.0,,48.63,,49.22,High Gap,0.4,"{'has_supply': True, 'has_current_demand': False, 'has_future_demand': False}"
nagpur,,mechanic tractor,40.0,,1.02,50.0,,48.98,,49.42,High Gap,0.4,"{'has_supply': True, 'has_current_demand': False, 'has_future_demand': False}"
nagpur,,painter general under dual training system,20.0,,0.17,50.0,,49.83,,49.9,High Gap,0.4,"{'has_supply': True, 'has_current_demand': False, 'has_future_demand': False}"
nagpur,,plastic processing operator,40.0,,1.02,50.0,,48.98,,49.42,High Gap,0.4,"{'has_supply': True, 'has_current_demand': False, 'has_future_demand': False}"
nagpur,,plumber,48.0,,1.37,50.0,,48.63,,49.22,High Gap,0.4,"{'has_supply': True, 'has_current_demand': False, 'has_future_demand': False}"
nagpur,,pump operator cum mechanic,100.0,,3.58,50.0,,46.42,,47.95,High Gap,0.4,"{'has_supply': True, 'has_current_demand': False, 'has_future_demand': False}"
nagpur,,refrigeration and air conditioner technician,192.0,,7.51,50.0,,42.49,,45.71,High Gap,0.4,"{'has_supply': True, 'has_current_demand': False, 'has_future_demand': False}"
nagpur,,secretarial practice (english),24.0,,0.34,50.0,,49.66,,49.81,High Gap,0.4,"{'has_supply': True, 'has_current_demand': False, 'has_future_demand': False}"
nagpur,,sewing technology,40.0,,1.02,50.0,,48.98,,49.42,High Gap,0.4,"{'has_supply': True, 'has_current_demand': False, 'has_future_demand': False}"
nagpur,,sheet metal worker,40.0,,1.02,50.0,,48.98,,49.42,High Gap,0.4,"{'has_supply': True, 'has_current_demand': False, 'has_future_demand': False}"
nagpur,,solar technician (electrical),40.0,,1.02,50.0,,48.98,,49.42,High Gap,0.4,"{'has_supply': True, 'has_current_demand': False, 'has_future_demand': False}"
nagpur,,stenographer secretarial assistant (english),72.0,,2.39,50.0,,47.61,,48.63,High Gap,0.4,"{'has_supply': True, 'has_current_demand': False, 'has_future_demand': False}"
nagpur,,surveyor,72.0,,2.39,50.0,,47.61,,48.63,High Gap,0.4,"{'has_supply': True, 'has_current_demand': False, 'has_future_demand': False}"
nagpur,,"tool and die maker (press tools, jigs and fixtures)",48.0,,1.37,50.0,,48.63,,49.22,High Gap,0.4,"{'has_supply': True, 'has_current_demand': False, 'has_future_demand': False}"
nagpur,,turner,160.0,,6.14,50.0,,43.86,,46.49,High Gap,0.4,"{'has_supply': True, 'has_current_demand': False, 'has_future_demand': False}"
nagpur,,welder,600.0,,24.91,50.0,,25.09,,35.77,Moderate Gap,0.4,"{'has_supply': True, 'has_current_demand': False, 'has_future_demand': False}"
nagpur,,welder under dual system training,40.0,,1.02,50.0,,48.98,,49.42,High Gap,0.4,"{'has_supply': True, 'has_current_demand': False, 'has_future_demand': False}"
nagpur,,wireman,220.0,,8.7,50.0,,41.3,,45.03,High Gap,0.4,"{'has_supply': True, 'has_current_demand': False, 'has_future_demand': False}"
nagpur,,wood work technician,72.0,,2.39,50.0,,47.61,,48.63,High Gap,0.4,"{'has_supply': True, 'has_current_demand': False, 'has_future_demand': False}"
nanded,,architectural draughtsman,24.0,,0.34,50.0,,49.66,,49.81,High Gap,0.4,"{'has_supply': True, 'has_current_demand': False, 'has_future_demand': False}"
nanded,,computer hardware and network maintenance,24.0,,0.34,50.0,,49.66,,49.81,High Gap,0.4,"{'has_supply': True, 'has_current_demand': False, 'has_future_demand': False}"
nanded,,computer operator and programming assistant,432.0,,17.75,50.0,,32.25,,39.86,High Gap,0.4,"{'has_supply': True, 'has_current_demand': False, 'has_future_demand': False}"
nanded,,cosmetology,48.0,,1.37,50.0,,48.63,,49.22,High Gap,0.4,"{'has_supply': True, 'has_current_demand': False, 'has_future_demand': False}"
nanded,,desktop publishing operator,24.0,,0.34,50.0,,49.66,,49.81,High Gap,0.4,"{'has_supply': True, 'has_current_demand': False, 'has_future_demand': False}"
nanded,,draughtsman civil,48.0,,1.37,50.0,,48.63,,49.22,High Gap,0.4,"{'has_supply': True, 'has_current_demand': False, 'has_future_demand': False}"
nanded,,draughtsman mechanical,20.0,,0.17,50.0,,49.83,,49.9,High Gap,0.4,"{'has_supply': True, 'has_current_demand': False, 'has_future_demand': False}"
nanded,,dress making,120.0,,4.44,50.0,,45.56,,47.46,High Gap,0.4,"{'has_supply': True, 'has_current_demand': False, 'has_future_demand': False}"
nanded,,electrician,920.0,,38.57,50.0,,11.43,,27.96,Moderate Gap,0.4,"{'has_supply': True, 'has_current_demand': False, 'has_future_demand': False}"
nanded,,electrician under dual system training,60.0,,1.88,50.0,,48.12,,48.93,High Gap,0.4,"{'has_supply': True, 'has_current_demand': False, 'has_future_demand': False}"
nanded,,electronics mechanic,144.0,,5.46,50.0,,44.54,,46.88,High Gap,0.4,"{'has_supply': True, 'has_current_demand': False, 'has_future_demand': False}"
nanded,,fashion design and technology,60.0,,1.88,50.0,,48.12,,48.93,High Gap,0.4,"{'has_supply': True, 'has_current_demand': False, 'has_future_demand': False}"
nanded,,fitter,400.0,,16.38,50.0,,33.62,,40.64,High Gap,0.4,"{'has_supply': True, 'has_current_demand': False, 'has_future_demand': False}"
nanded,,fitter under dual training system,60.0,,1.88,50.0,,48.12,,48.93,High Gap,0.4,"{'has_supply': True, 'has_current_demand': False, 'has_future_demand': False}"
nanded,,foundryman,48.0,,1.37,50.0,,48.63,,49.22,High Gap,0.4,"{'has_supply': True, 'has_current_demand': False, 'has_future_demand': False}"
nanded,,health sanitary inspector,24.0,,0.34,50.0,,49.66,,49.81,High Gap,0.4,"{'has_supply': True, 'has_current_demand': False, 'has_future_demand': False}"
nanded,,hospital housekeeping,24.0,,0.34,50.0,,49.66,,49.81,High Gap,0.4,"{'has_supply': True, 'has_current_demand': False, 'has_future_demand': False}"
nanded,,machinist grinder,20.0,,0.17,50.0,,49.83,,49.9,High Gap,0.4,"{'has_supply': True, 'has_current_demand': False, 'has_future_demand': False}"
nanded,,machinist under dual training system,20.0,,0.17,50.0,,49.83,,49.9,High Gap,0.4,"{'has_supply': True, 'has_current_demand': False, 'has_future_demand': False}"
nanded,,mason (building constructor),72.0,,2.39,50.0,,47.61,,48.63,High Gap,0.4,"{'has_supply': True, 'has_current_demand': False, 'has_future_demand': False}"
nanded,,mechanic diesel,144.0,,5.46,50.0,,44.54,,46.88,High Gap,0.4,"{'has_supply': True, 'has_current_demand': False, 'has_future_demand': False}"
nanded,,mechanic diesel under dual system training,24.0,,0.34,50.0,,49.66,,49.81,High Gap,0.4,"{'has_supply': True, 'has_current_demand': False, 'has_future_demand': False}"
nanded,,mechanic electric vehicle,24.0,,0.34,50.0,,49.66,,49.81,High Gap,0.4,"{'has_supply': True, 'has_current_demand': False, 'has_future_demand': False}"
nanded,,mechanic motor vehicle,216.0,,8.53,50.0,,41.47,,45.13,High Gap,0.4,"{'has_supply': True, 'has_current_demand': False, 'has_future_demand': False}"
nanded,,mechanic motor vehicle under dual system training,48.0,,1.37,50.0,,48.63,,49.22,High Gap,0.4,"{'has_supply': True, 'has_current_demand': False, 'has_future_demand': False}"
nanded,,mechanic tractor,60.0,,1.88,50.0,,48.12,,48.93,High Gap,0.4,"{'has_supply': True, 'has_current_demand': False, 'has_future_demand': False}"
nanded,,painter general,20.0,,0.17,50.0,,49.83,,49.9,High Gap,0.4,"{'has_supply': True, 'has_current_demand': False, 'has_future_demand': False}"
nanded,,painter general under dual training system,20.0,,0.17,50.0,,49.83,,49.9,High Gap,0.4,"{'has_supply': True, 'has_current_demand': False, 'has_future_demand': False}"
nanded,,physiotherapy technician,24.0,,0.34,50.0,,49.66,,49.81,High Gap,0.4,"{'has_supply': True, 'has_current_demand': False, 'has_future_demand': False}"
nanded,,plumber,48.0,,1.37,50.0,,48.63,,49.22,High Gap,0.4,"{'has_supply': True, 'has_current_demand': False, 'has_future_demand': False}"
nanded,,pump operator cum mechanic,20.0,,0.17,50.0,,49.83,,49.9,High Gap,0.4,"{'has_supply': True, 'has_current_demand': False, 'has_future_demand': False}"
nanded,,refrigeration and air conditioner technician,72.0,,2.39,50.0,,47.61,,48.63,High Gap,0.4,"{'has_supply': True, 'has_current_demand': False, 'has_future_demand': False}"
nanded,,sewing technology,120.0,,4.44,50.0,,45.56,,47.46,High Gap,0.4,"{'has_supply': True, 'has_current_demand': False, 'has_future_demand': False}"
nanded,,sheet metal worker,20.0,,0.17,50.0,,49.83,,49.9,High Gap,0.4,"{'has_supply': True, 'has_current_demand': False, 'has_future_demand': False}"
nanded,,sheet metal worker under dual system training,20.0,,0.17,50.0,,49.83,,49.9,High Gap,0.4,"{'has_supply': True, 'has_current_demand': False, 'has_future_demand': False}"
nanded,,solar technician (electrical),120.0,,4.44,50.0,,45.56,,47.46,High Gap,0.4,"{'has_supply': True, 'has_current_demand': False, 'has_future_demand': False}"
nanded,,surveyor,48.0,,1.37,50.0,,48.63,,49.22,High Gap,0.4,"{'has_supply': True, 'has_current_demand': False, 'has_future_demand': False}"
nanded,,"tool and die maker (press tools, jigs and fixtures)",24.0,,0.34,50.0,,49.66,,49.81,High Gap,0.4,"{'has_supply': True, 'has_current_demand': False, 'has_future_demand': False}"
nanded,,"tool and die maker (press tools, jigs and fixtures) under dual training system",24.0,,0.34,50.0,,49.66,,49.81,High Gap,0.4,"{'has_supply': True, 'has_current_demand': False, 'has_future_demand': False}"
nanded,,turner,60.0,,1.88,50.0,,48.12,,48.93,High Gap,0.4,"{'has_supply': True, 'has_current_demand': False, 'has_future_demand': False}"
nanded,,turner under dual training system,20.0,,0.17,50.0,,49.83,,49.9,High Gap,0.4,"{'has_supply': True, 'has_current_demand': False, 'has_future_demand': False}"
nanded,,welder,380.0,,15.53,50.0,,34.47,,41.13,High Gap,0.4,"{'has_supply': True, 'has_current_demand': False, 'has_future_demand': False}"
nanded,,welder (gmaw and gtaw),20.0,,0.17,50.0,,49.83,,49.9,High Gap,0.4,"{'has_supply': True, 'has_current_demand': False, 'has_future_demand': False}"
nanded,,welder (gmaw and gtaw) under dual system training,20.0,,0.17,50.0,,49.83,,49.9,High Gap,0.4,"{'has_supply': True, 'has_current_demand': False, 'has_future_demand': False}"
nanded,,welder under dual system training,40.0,,1.02,50.0,,48.98,,49.42,High Gap,0.4,"{'has_supply': True, 'has_current_demand': False, 'has_future_demand': False}"
nanded,,wireman,600.0,,24.91,50.0,,25.09,,35.77,Moderate Gap,0.4,"{'has_supply': True, 'has_current_demand': False, 'has_future_demand': False}"
nanded,,wood work technician,48.0,,1.37,50.0,,48.63,,49.22,High Gap,0.4,"{'has_supply': True, 'has_current_demand': False, 'has_future_demand': False}"
nandurbar,,baker and confectioner,24.0,,0.34,50.0,,49.66,,49.81,High Gap,0.4,"{'has_supply': True, 'has_current_demand': False, 'has_future_demand': False}"
nandurbar,,computer operator and programming assistant,264.0,,10.58,50.0,,39.42,,43.95,High Gap,0.4,"{'has_supply': True, 'has_current_demand': False, 'has_future_demand': False}"
nandurbar,,cosmetology,24.0,,0.34,50.0,,49.66,,49.81,High Gap,0.4,"{'has_supply': True, 'has_current_demand': False, 'has_future_demand': False}"
nandurbar,,draughtsman civil,24.0,,0.34,50.0,,49.66,,49.81,High Gap,0.4,"{'has_supply': True, 'has_current_demand': False, 'has_future_demand': False}"
nandurbar,,dress making,100.0,,3.58,50.0,,46.42,,47.95,High Gap,0.4,"{'has_supply': True, 'has_current_demand': False, 'has_future_demand': False}"
nandurbar,,electrician,220.0,,8.7,50.0,,41.3,,45.03,High Gap,0.4,"{'has_supply': True, 'has_current_demand': False, 'has_future_demand': False}"
nandurbar,,electronics mechanic,24.0,,0.34,50.0,,49.66,,49.81,High Gap,0.4,"{'has_supply': True, 'has_current_demand': False, 'has_future_demand': False}"
nandurbar,,fashion design and technology,60.0,,1.88,50.0,,48.12,,48.93,High Gap,0.4,"{'has_supply': True, 'has_current_demand': False, 'has_future_demand': False}"
nandurbar,,fitter,240.0,,9.56,50.0,,40.44,,44.54,High Gap,0.4,"{'has_supply': True, 'has_current_demand': False, 'has_future_demand': False}"
nandurbar,,information and communication technology system maintenance,24.0,,0.34,50.0,,49.66,,49.81,High Gap,0.4,"{'has_supply': True, 'has_current_demand': False, 'has_future_demand': False}"
nandurbar,,machinist,40.0,,1.02,50.0,,48.98,,49.42,High Gap,0.4,"{'has_supply': True, 'has_current_demand': False, 'has_future_demand': False}"
nandurbar,,mechanic diesel,48.0,,1.37,50.0,,48.63,,49.22,High Gap,0.4,"{'has_supply': True, 'has_current_demand': False, 'has_future_demand': False}"
nandurbar,,mechanic motor vehicle,144.0,,5.46,50.0,,44.54,,46.88,High Gap,0.4,"{'has_supply': True, 'has_current_demand': False, 'has_future_demand': False}"
nandurbar,,mechanic tractor,40.0,,1.02,50.0,,48.98,,49.42,High Gap,0.4,"{'has_supply': True, 'has_current_demand': False, 'has_future_demand': False}"
nandurbar,,painter general,20.0,,0.17,50.0,,49.83,,49.9,High Gap,0.4,"{'has_supply': True, 'has_current_demand': False, 'has_future_demand': False}"
nandurbar,,plumber,24.0,,0.34,50.0,,49.66,,49.81,High Gap,0.4,"{'has_supply': True, 'has_current_demand': False, 'has_future_demand': False}"
nandurbar,,pump operator cum mechanic,20.0,,0.17,50.0,,49.83,,49.9,High Gap,0.4,"{'has_supply': True, 'has_current_demand': False, 'has_future_demand': False}"
nandurbar,,refrigeration and air conditioner technician,48.0,,1.37,50.0,,48.63,,49.22,High Gap,0.4,"{'has_supply': True, 'has_current_demand': False, 'has_future_demand': False}"
nandurbar,,sewing technology,100.0,,3.58,50.0,,46.42,,47.95,High Gap,0.4,"{'has_supply': True, 'has_current_demand': False, 'has_future_demand': False}"
nandurbar,,sheet metal worker,40.0,,1.02,50.0,,48.98,,49.42,High Gap,0.4,"{'has_supply': True, 'has_current_demand': False, 'has_future_demand': False}"
nandurbar,,solar technician (electrical),60.0,,1.88,50.0,,48.12,,48.93,High Gap,0.4,"{'has_supply': True, 'has_current_demand': False, 'has_future_demand': False}"
nandurbar,,stenographer secretarial assistant (english),48.0,,1.37,50.0,,48.63,,49.22,High Gap,0.4,"{'has_supply': True, 'has_current_demand': False, 'has_future_demand': False}"
nandurbar,,tool and die maker (dies and moulds),24.0,,0.34,50.0,,49.66,,49.81,High Gap,0.4,"{'has_supply': True, 'has_current_demand': False, 'has_future_demand': False}"
nandurbar,,turner,60.0,,1.88,50.0,,48.12,,48.93,High Gap,0.4,"{'has_supply': True, 'has_current_demand': False, 'has_future_demand': False}"
nandurbar,,welder,200.0,,7.85,50.0,,42.15,,45.51,High Gap,0.4,"{'has_supply': True, 'has_current_demand': False, 'has_future_demand': False}"
nandurbar,,wireman,80.0,,2.73,50.0,,47.27,,48.44,High Gap,0.4,"{'has_supply': True, 'has_current_demand': False, 'has_future_demand': False}"
nandurbar,,wood work technician,48.0,,1.37,50.0,,48.63,,49.22,High Gap,0.4,"{'has_supply': True, 'has_current_demand': False, 'has_future_demand': False}"
nashik,,aeronautical structure and equipment fitter,20.0,,0.17,50.0,,49.83,,49.9,High Gap,0.4,"{'has_supply': True, 'has_current_demand': False, 'has_future_demand': False}"
nashik,,architectural draughtsman,24.0,,0.34,50.0,,49.66,,49.81,High Gap,0.4,"{'has_supply': True, 'has_current_demand': False, 'has_future_demand': False}"
nashik,,computer operator and programming assistant,816.0,,34.13,50.0,,15.87,,30.5,Moderate Gap,0.4,"{'has_supply': True, 'has_current_demand': False, 'has_future_demand': False}"
nashik,,computer operator and programming assistant under dual training system,48.0,,1.37,50.0,,48.63,,49.22,High Gap,0.4,"{'has_supply': True, 'has_current_demand': False, 'has_future_demand': False}"
nashik,,cosmetology,144.0,,5.46,50.0,,44.54,,46.88,High Gap,0.4,"{'has_supply': True, 'has_current_demand': False, 'has_future_demand': False}"
nashik,,draughtsman civil,72.0,,2.39,50.0,,47.61,,48.63,High Gap,0.4,"{'has_supply': True, 'has_current_demand': False, 'has_future_demand': False}"
nashik,,draughtsman mechanical,60.0,,1.88,50.0,,48.12,,48.93,High Gap,0.4,"{'has_supply': True, 'has_current_demand': False, 'has_future_demand': False}"
nashik,,dress making,280.0,,11.26,50.0,,38.74,,43.57,High Gap,0.4,"{'has_supply': True, 'has_current_demand': False, 'has_future_demand': False}"
nashik,,electrician,1180.0,,49.66,50.0,,0.34,,21.62,Balanced,0.4,"{'has_supply': True, 'has_current_demand': False, 'has_future_demand': False}"
nashik,,electrician under dual system training,20.0,,0.17,50.0,,49.83,,49.9,High Gap,0.4,"{'has_supply': True, 'has_current_demand': False, 'has_future_demand': False}"
nashik,,electronics mechanic,240.0,,9.56,50.0,,40.44,,44.54,High Gap,0.4,"{'has_supply': True, 'has_current_demand': False, 'has_future_demand': False}"
nashik,,electronics mechanic under dual training system,24.0,,0.34,50.0,,49.66,,49.81,High Gap,0.4,"{'has_supply': True, 'has_current_demand': False, 'has_future_demand': False}"
nashik,,fashion design and technology,140.0,,5.29,50.0,,44.71,,46.98,High Gap,0.4,"{'has_supply': True, 'has_current_demand': False, 'has_future_demand': False}"
nashik,,fitter,1180.0,,49.66,50.0,,0.34,,21.62,Balanced,0.4,"{'has_supply': True, 'has_current_demand': False, 'has_future_demand': False}"
nashik,,food production (general),48.0,,1.37,50.0,,48.63,,49.22,High Gap,0.4,"{'has_supply': True, 'has_current_demand': False, 'has_future_demand': False}"
nashik,,foundryman,48.0,,1.37,50.0,,48.63,,49.22,High Gap,0.4,"{'has_supply': True, 'has_current_demand': False, 'has_future_demand': False}"
nashik,,health sanitary inspector,24.0,,0.34,50.0,,49.66,,49.81,High Gap,0.4,"{'has_supply': True, 'has_current_demand': False, 'has_future_demand': False}"
nashik,,information and communication technology system maintenance,120.0,,4.44,50.0,,45.56,,47.46,High Gap,0.4,"{'has_supply': True, 'has_current_demand': False, 'has_future_demand': False}"
nashik,,instrument mechanic,24.0,,0.34,50.0,,49.66,,49.81,High Gap,0.4,"{'has_supply': True, 'has_current_demand': False, 'has_future_demand': False}"
nashik,,interior design and decoration,24.0,,0.34,50.0,,49.66,,49.81,High Gap,0.4,"{'has_supply': True, 'has_current_demand': False, 'has_future_demand': False}"
nashik,,iot technician (smart city),24.0,,0.34,50.0,,49.66,,49.81,High Gap,0.4,"{'has_supply': True, 'has_current_demand': False, 'has_future_demand': False}"
nashik,,machinist,140.0,,5.29,50.0,,44.71,,46.98,High Gap,0.4,"{'has_supply': True, 'has_current_demand': False, 'has_future_demand': False}"
nashik,,machinist grinder,60.0,,1.88,50.0,,48.12,,48.93,High Gap,0.4,"{'has_supply': True, 'has_current_demand': False, 'has_future_demand': False}"
nashik,,machinist under dual training system,20.0,,0.17,50.0,,49.83,,49.9,High Gap,0.4,"{'has_supply': True, 'has_current_demand': False, 'has_future_demand': False}"
nashik,,mason (building constructor),48.0,,1.37,50.0,,48.63,,49.22,High Gap,0.4,"{'has_supply': True, 'has_current_demand': False, 'has_future_demand': False}"
nashik,,mechanic auto electrical and electronics,20.0,,0.17,50.0,,49.83,,49.9,High Gap,0.4,"{'has_supply': True, 'has_current_demand': False, 'has_future_demand': False}"
nashik,,mechanic diesel,240.0,,9.56,50.0,,40.44,,44.54,High Gap,0.4,"{'has_supply': True, 'has_current_demand': False, 'has_future_demand': False}"
nashik,,mechanic diesel under dual system training,24.0,,0.34,50.0,,49.66,,49.81,High Gap,0.4,"{'has_supply': True, 'has_current_demand': False, 'has_future_demand': False}"
nashik,,mechanic machine tool maintenance,24.0,,0.34,50.0,,49.66,,49.81,High Gap,0.4,"{'has_supply': True, 'has_current_demand': False, 'has_future_demand': False}"
nashik,,mechanic motor vehicle,504.0,,20.82,50.0,,29.18,,38.1,Moderate Gap,0.4,"{'has_supply': True, 'has_current_demand': False, 'has_future_demand': False}"
nashik,,operator advance machine tool,32.0,,0.68,50.0,,49.32,,49.61,High Gap,0.4,"{'has_supply': True, 'has_current_demand': False, 'has_future_demand': False}"
nashik,,painter general,20.0,,0.17,50.0,,49.83,,49.9,High Gap,0.4,"{'has_supply': True, 'has_current_demand': False, 'has_future_demand': False}"
nashik,,painter general under dual training system,20.0,,0.17,50.0,,49.83,,49.9,High Gap,0.4,"{'has_supply': True, 'has_current_demand': False, 'has_future_demand': False}"
nashik,,plastic processing operator,40.0,,1.02,50.0,,48.98,,49.42,High Gap,0.4,"{'has_supply': True, 'has_current_demand': False, 'has_future_demand': False}"
nashik,,plumber,144.0,,5.46,50.0,,44.54,,46.88,High Gap,0.4,"{'has_supply': True, 'has_current_demand': False, 'has_future_demand': False}"
nashik,,pump operator cum mechanic,60.0,,1.88,50.0,,48.12,,48.93,High Gap,0.4,"{'has_supply': True, 'has_current_demand': False, 'has_future_demand': False}"
nashik,,refrigeration and air conditioner technician,96.0,,3.41,50.0,,46.59,,48.05,High Gap,0.4,"{'has_supply': True, 'has_current_demand': False, 'has_future_demand': False}"
nashik,,secretarial practice (english),24.0,,0.34,50.0,,49.66,,49.81,High Gap,0.4,"{'has_supply': True, 'has_current_demand': False, 'has_future_demand': False}"
nashik,,sewing technology,140.0,,5.29,50.0,,44.71,,46.98,High Gap,0.4,"{'has_supply': True, 'has_current_demand': False, 'has_future_demand': False}"
nashik,,sheet metal worker,120.0,,4.44,50.0,,45.56,,47.46,High Gap,0.4,"{'has_supply': True, 'has_current_demand': False, 'has_future_demand': False}"
nashik,,sheet metal worker under dual system training,20.0,,0.17,50.0,,49.83,,49.9,High Gap,0.4,"{'has_supply': True, 'has_current_demand': False, 'has_future_demand': False}"
nashik,,solar technician (electrical),40.0,,1.02,50.0,,48.98,,49.42,High Gap,0.4,"{'has_supply': True, 'has_current_demand': False, 'has_future_demand': False}"
nashik,,stenographer secretarial assistant (english),48.0,,1.37,50.0,,48.63,,49.22,High Gap,0.4,"{'has_supply': True, 'has_current_demand': False, 'has_future_demand': False}"
nashik,,surveyor,96.0,,3.41,50.0,,46.59,,48.05,High Gap,0.4,"{'has_supply': True, 'has_current_demand': False, 'has_future_demand': False}"
nashik,,"tool and die maker (press tools, jigs and fixtures)",72.0,,2.39,50.0,,47.61,,48.63,High Gap,0.4,"{'has_supply': True, 'has_current_demand': False, 'has_future_demand': False}"
nashik,,turner,240.0,,9.56,50.0,,40.44,,44.54,High Gap,0.4,"{'has_supply': True, 'has_current_demand': False, 'has_future_demand': False}"
nashik,,welder,920.0,,38.57,50.0,,11.43,,27.96,Moderate Gap,0.4,"{'has_supply': True, 'has_current_demand': False, 'has_future_demand': False}"
nashik,,welder under dual system training,20.0,,0.17,50.0,,49.83,,49.9,High Gap,0.4,"{'has_supply': True, 'has_current_demand': False, 'has_future_demand': False}"
nashik,,wireman,300.0,,12.12,50.0,,37.88,,43.07,High Gap,0.4,"{'has_supply': True, 'has_current_demand': False, 'has_future_demand': False}"
nashik,,wood work technician,144.0,,5.46,50.0,,44.54,,46.88,High Gap,0.4,"{'has_supply': True, 'has_current_demand': False, 'has_future_demand': False}"
palghar,,computer hardware and network maintenance,24.0,,0.34,50.0,,49.66,,49.81,High Gap,0.4,"{'has_supply': True, 'has_current_demand': False, 'has_future_demand': False}"
palghar,,computer operator and programming assistant,216.0,,8.53,50.0,,41.47,,45.13,High Gap,0.4,"{'has_supply': True, 'has_current_demand': False, 'has_future_demand': False}"
palghar,,dress making,80.0,,2.73,50.0,,47.27,,48.44,High Gap,0.4,"{'has_supply': True, 'has_current_demand': False, 'has_future_demand': False}"
palghar,,electrician,260.0,,10.41,50.0,,39.59,,44.05,High Gap,0.4,"{'has_supply': True, 'has_current_demand': False, 'has_future_demand': False}"
palghar,,electronics mechanic,24.0,,0.34,50.0,,49.66,,49.81,High Gap,0.4,"{'has_supply': True, 'has_current_demand': False, 'has_future_demand': False}"
palghar,,fitter,360.0,,14.68,50.0,,35.32,,41.61,High Gap,0.4,"{'has_supply': True, 'has_current_demand': False, 'has_future_demand': False}"
palghar,,information and communication technology system maintenance,48.0,,1.37,50.0,,48.63,,49.22,High Gap,0.4,"{'has_supply': True, 'has_current_demand': False, 'has_future_demand': False}"
palghar,,interior design and decoration,24.0,,0.34,50.0,,49.66,,49.81,High Gap,0.4,"{'has_supply': True, 'has_current_demand': False, 'has_future_demand': False}"
palghar,,machinist,40.0,,1.02,50.0,,48.98,,49.42,High Gap,0.4,"{'has_supply': True, 'has_current_demand': False, 'has_future_demand': False}"
palghar,,machinist grinder,20.0,,0.17,50.0,,49.83,,49.9,High Gap,0.4,"{'has_supply': True, 'has_current_demand': False, 'has_future_demand': False}"
palghar,,mechanic diesel,120.0,,4.44,50.0,,45.56,,47.46,High Gap,0.4,"{'has_supply': True, 'has_current_demand': False, 'has_future_demand': False}"
palghar,,mechanic machine tool maintenance,24.0,,0.34,50.0,,49.66,,49.81,High Gap,0.4,"{'has_supply': True, 'has_current_demand': False, 'has_future_demand': False}"
palghar,,mechanic motor vehicle,96.0,,3.41,50.0,,46.59,,48.05,High Gap,0.4,"{'has_supply': True, 'has_current_demand': False, 'has_future_demand': False}"
palghar,,plastic processing operator,40.0,,1.02,50.0,,48.98,,49.42,High Gap,0.4,"{'has_supply': True, 'has_current_demand': False, 'has_future_demand': False}"
palghar,,plumber,72.0,,2.39,50.0,,47.61,,48.63,High Gap,0.4,"{'has_supply': True, 'has_current_demand': False, 'has_future_demand': False}"
palghar,,pump operator cum mechanic,20.0,,0.17,50.0,,49.83,,49.9,High Gap,0.4,"{'has_supply': True, 'has_current_demand': False, 'has_future_demand': False}"
palghar,,refrigeration and air conditioner technician,96.0,,3.41,50.0,,46.59,,48.05,High Gap,0.4,"{'has_supply': True, 'has_current_demand': False, 'has_future_demand': False}"
palghar,,sewing technology,160.0,,6.14,50.0,,43.86,,46.49,High Gap,0.4,"{'has_supply': True, 'has_current_demand': False, 'has_future_demand': False}"
palghar,,solar technician (electrical),40.0,,1.02,50.0,,48.98,,49.42,High Gap,0.4,"{'has_supply': True, 'has_current_demand': False, 'has_future_demand': False}"
palghar,,tool and die maker (dies and moulds),24.0,,0.34,50.0,,49.66,,49.81,High Gap,0.4,"{'has_supply': True, 'has_current_demand': False, 'has_future_demand': False}"
palghar,,turner,40.0,,1.02,50.0,,48.98,,49.42,High Gap,0.4,"{'has_supply': True, 'has_current_demand': False, 'has_future_demand': False}"
palghar,,welder,380.0,,15.53,50.0,,34.47,,41.13,High Gap,0.4,"{'has_supply': True, 'has_current_demand': False, 'has_future_demand': False}"
palghar,,wireman,100.0,,3.58,50.0,,46.42,,47.95,High Gap,0.4,"{'has_supply': True, 'has_current_demand': False, 'has_future_demand': False}"
palghar,,wood work technician,48.0,,1.37,50.0,,48.63,,49.22,High Gap,0.4,"{'has_supply': True, 'has_current_demand': False, 'has_future_demand': False}"
parbhani,,computer operator and programming assistant,120.0,,4.44,50.0,,45.56,,47.46,High Gap,0.4,"{'has_supply': True, 'has_current_demand': False, 'has_future_demand': False}"
parbhani,,cosmetology,96.0,,3.41,50.0,,46.59,,48.05,High Gap,0.4,"{'has_supply': True, 'has_current_demand': False, 'has_future_demand': False}"
parbhani,,draughtsman civil,24.0,,0.34,50.0,,49.66,,49.81,High Gap,0.4,"{'has_supply': True, 'has_current_demand': False, 'has_future_demand': False}"
parbhani,,draughtsman mechanical,20.0,,0.17,50.0,,49.83,,49.9,High Gap,0.4,"{'has_supply': True, 'has_current_demand': False, 'has_future_demand': False}"
parbhani,,dress making,80.0,,2.73,50.0,,47.27,,48.44,High Gap,0.4,"{'has_supply': True, 'has_current_demand': False, 'has_future_demand': False}"
parbhani,,electrician,460.0,,18.94,50.0,,31.06,,39.18,High Gap,0.4,"{'has_supply': True, 'has_current_demand': False, 'has_future_demand': False}"
parbhani,,electrician under dual system training,20.0,,0.17,50.0,,49.83,,49.9,High Gap,0.4,"{'has_supply': True, 'has_current_demand': False, 'has_future_demand': False}"
parbhani,,electronics mechanic,48.0,,1.37,50.0,,48.63,,49.22,High Gap,0.4,"{'has_supply': True, 'has_current_demand': False, 'has_future_demand': False}"
parbhani,,fashion design and technology,40.0,,1.02,50.0,,48.98,,49.42,High Gap,0.4,"{'has_supply': True, 'has_current_demand': False, 'has_future_demand': False}"
parbhani,,fire technology and industrial safety management,48.0,,1.37,50.0,,48.63,,49.22,High Gap,0.4,"{'has_supply': True, 'has_current_demand': False, 'has_future_demand': False}"
parbhani,,fitter,180.0,,7.0,50.0,,43.0,,46.0,High Gap,0.4,"{'has_supply': True, 'has_current_demand': False, 'has_future_demand': False}"
parbhani,,fitter under dual training system,20.0,,0.17,50.0,,49.83,,49.9,High Gap,0.4,"{'has_supply': True, 'has_current_demand': False, 'has_future_demand': False}"
parbhani,,geo-informatics assistant,48.0,,1.37,50.0,,48.63,,49.22,High Gap,0.4,"{'has_supply': True, 'has_current_demand': False, 'has_future_demand': False}"
parbhani,,machinist,40.0,,1.02,50.0,,48.98,,49.42,High Gap,0.4,"{'has_supply': True, 'has_current_demand': False, 'has_future_demand': False}"
parbhani,,machinist grinder,20.0,,0.17,50.0,,49.83,,49.9,High Gap,0.4,"{'has_supply': True, 'has_current_demand': False, 'has_future_demand': False}"
parbhani,,machinist under dual training system,20.0,,0.17,50.0,,49.83,,49.9,High Gap,0.4,"{'has_supply': True, 'has_current_demand': False, 'has_future_demand': False}"
parbhani,,mechanic auto body repair,40.0,,1.02,50.0,,48.98,,49.42,High Gap,0.4,"{'has_supply': True, 'has_current_demand': False, 'has_future_demand': False}"
parbhani,,mechanic diesel,96.0,,3.41,50.0,,46.59,,48.05,High Gap,0.4,"{'has_supply': True, 'has_current_demand': False, 'has_future_demand': False}"
parbhani,,mechanic diesel under dual system training,48.0,,1.37,50.0,,48.63,,49.22,High Gap,0.4,"{'has_supply': True, 'has_current_demand': False, 'has_future_demand': False}"
parbhani,,mechanic motor vehicle,48.0,,1.37,50.0,,48.63,,49.22,High Gap,0.4,"{'has_supply': True, 'has_current_demand': False, 'has_future_demand': False}"
parbhani,,mechanic motor vehicle under dual system training,72.0,,2.39,50.0,,47.61,,48.63,High Gap,0.4,"{'has_supply': True, 'has_current_demand': False, 'has_future_demand': False}"
parbhani,,mechanic tractor,80.0,,2.73,50.0,,47.27,,48.44,High Gap,0.4,"{'has_supply': True, 'has_current_demand': False, 'has_future_demand': False}"
parbhani,,painter general,20.0,,0.17,50.0,,49.83,,49.9,High Gap,0.4,"{'has_supply': True, 'has_current_demand': False, 'has_future_demand': False}"
parbhani,,plastic processing operator,40.0,,1.02,50.0,,48.98,,49.42,High Gap,0.4,"{'has_supply': True, 'has_current_demand': False, 'has_future_demand': False}"
parbhani,,plumber,48.0,,1.37,50.0,,48.63,,49.22,High Gap,0.4,"{'has_supply': True, 'has_current_demand': False, 'has_future_demand': False}"
parbhani,,pump operator cum mechanic,20.0,,0.17,50.0,,49.83,,49.9,High Gap,0.4,"{'has_supply': True, 'has_current_demand': False, 'has_future_demand': False}"
parbhani,,refrigeration and air conditioner technician,24.0,,0.34,50.0,,49.66,,49.81,High Gap,0.4,"{'has_supply': True, 'has_current_demand': False, 'has_future_demand': False}"
parbhani,,sewing technology,40.0,,1.02,50.0,,48.98,,49.42,High Gap,0.4,"{'has_supply': True, 'has_current_demand': False, 'has_future_demand': False}"
parbhani,,sheet metal worker,20.0,,0.17,50.0,,49.83,,49.9,High Gap,0.4,"{'has_supply': True, 'has_current_demand': False, 'has_future_demand': False}"
parbhani,,solar technician (electrical),40.0,,1.02,50.0,,48.98,,49.42,High Gap,0.4,"{'has_supply': True, 'has_current_demand': False, 'has_future_demand': False}"
parbhani,,stenographer secretarial assistant (english),48.0,,1.37,50.0,,48.63,,49.22,High Gap,0.4,"{'has_supply': True, 'has_current_demand': False, 'has_future_demand': False}"
parbhani,,surveyor,48.0,,1.37,50.0,,48.63,,49.22,High Gap,0.4,"{'has_supply': True, 'has_current_demand': False, 'has_future_demand': False}"
parbhani,,turner,40.0,,1.02,50.0,,48.98,,49.42,High Gap,0.4,"{'has_supply': True, 'has_current_demand': False, 'has_future_demand': False}"
parbhani,,welder,280.0,,11.26,50.0,,38.74,,43.57,High Gap,0.4,"{'has_supply': True, 'has_current_demand': False, 'has_future_demand': False}"
parbhani,,wireman,220.0,,8.7,50.0,,41.3,,45.03,High Gap,0.4,"{'has_supply': True, 'has_current_demand': False, 'has_future_demand': False}"
parbhani,,wood work technician,24.0,,0.34,50.0,,49.66,,49.81,High Gap,0.4,"{'has_supply': True, 'has_current_demand': False, 'has_future_demand': False}"
pune,,aeronautical structure and equipment fitter,20.0,,0.17,50.0,,49.83,,49.9,High Gap,0.4,"{'has_supply': True, 'has_current_demand': False, 'has_future_demand': False}"
pune,,computer hardware and network maintenance,96.0,,3.41,50.0,,46.59,,48.05,High Gap,0.4,"{'has_supply': True, 'has_current_demand': False, 'has_future_demand': False}"
pune,,computer operator and programming assistant,696.0,,29.01,50.0,,20.99,,33.42,Moderate Gap,0.4,"{'has_supply': True, 'has_current_demand': False, 'has_future_demand': False}"
pune,,cosmetology,120.0,,4.44,50.0,,45.56,,47.46,High Gap,0.4,"{'has_supply': True, 'has_current_demand': False, 'has_future_demand': False}"
pune,,desktop publishing operator,72.0,,2.39,50.0,,47.61,,48.63,High Gap,0.4,"{'has_supply': True, 'has_current_demand': False, 'has_future_demand': False}"
pune,,draughtsman civil,120.0,,4.44,50.0,,45.56,,47.46,High Gap,0.4,"{'has_supply': True, 'has_current_demand': False, 'has_future_demand': False}"
pune,,draughtsman mechanical,280.0,,11.26,50.0,,38.74,,43.57,High Gap,0.4,"{'has_supply': True, 'has_current_demand': False, 'has_future_demand': False}"
pune,,dress making,140.0,,5.29,50.0,,44.71,,46.98,High Gap,0.4,"{'has_supply': True, 'has_current_demand': False, 'has_future_demand': False}"
pune,,electrician,1260.0,,53.07,50.0,,-3.07,,21.43,Balanced,0.4,"{'has_supply': True, 'has_current_demand': False, 'has_future_demand': False}"
pune,,electrician under dual system training,20.0,,0.17,50.0,,49.83,,49.9,High Gap,0.4,"{'has_supply': True, 'has_current_demand': False, 'has_future_demand': False}"
pune,,electronics mechanic,456.0,,18.77,50.0,,31.23,,39.27,High Gap,0.4,"{'has_supply': True, 'has_current_demand': False, 'has_future_demand': False}"
pune,,electroplater,20.0,,0.17,50.0,,49.83,,49.9,High Gap,0.4,"{'has_supply': True, 'has_current_demand': False, 'has_future_demand': False}"
pune,,fashion design and technology,80.0,,2.73,50.0,,47.27,,48.44,High Gap,0.4,"{'has_supply': True, 'has_current_demand': False, 'has_future_demand': False}"
pune,,fire technology and industrial safety management,48.0,,1.37,50.0,,48.63,,49.22,High Gap,0.4,"{'has_supply': True, 'has_current_demand': False, 'has_future_demand': False}"
pune,,fitter,1100.0,,46.25,50.0,,3.75,,23.57,Balanced,0.4,"{'has_supply': True, 'has_current_demand': False, 'has_future_demand': False}"
pune,,fitter under dual training system,20.0,,0.17,50.0,,49.83,,49.9,High Gap,0.4,"{'has_supply': True, 'has_current_demand': False, 'has_future_demand': False}"
pune,,food production (general),24.0,,0.34,50.0,,49.66,,49.81,High Gap,0.4,"{'has_supply': True, 'has_current_demand': False, 'has_future_demand': False}"
pune,,fruit and vegetable processing,72.0,,2.39,50.0,,47.61,,48.63,High Gap,0.4,"{'has_supply': True, 'has_current_demand': False, 'has_future_demand': False}"
pune,,geo-informatics assistant,48.0,,1.37,50.0,,48.63,,49.22,High Gap,0.4,"{'has_supply': True, 'has_current_demand': False, 'has_future_demand': False}"
pune,,hospital housekeeping,24.0,,0.34,50.0,,49.66,,49.81,High Gap,0.4,"{'has_supply': True, 'has_current_demand': False, 'has_future_demand': False}"
pune,,human resourse executive,48.0,,1.37,50.0,,48.63,,49.22,High Gap,0.4,"{'has_supply': True, 'has_current_demand': False, 'has_future_demand': False}"
pune,,industrial painter,48.0,,1.37,50.0,,48.63,,49.22,High Gap,0.4,"{'has_supply': True, 'has_current_demand': False, 'has_future_demand': False}"
pune,,information and communication technology system maintenance,96.0,,3.41,50.0,,46.59,,48.05,High Gap,0.4,"{'has_supply': True, 'has_current_demand': False, 'has_future_demand': False}"
pune,,instrument mechanic,72.0,,2.39,50.0,,47.61,,48.63,High Gap,0.4,"{'has_supply': True, 'has_current_demand': False, 'has_future_demand': False}"
pune,,interior design and decoration,48.0,,1.37,50.0,,48.63,,49.22,High Gap,0.4,"{'has_supply': True, 'has_current_demand': False, 'has_future_demand': False}"
pune,,lift and escalator mechanic,24.0,,0.34,50.0,,49.66,,49.81,High Gap,0.4,"{'has_supply': True, 'has_current_demand': False, 'has_future_demand': False}"
pune,,machinist,340.0,,13.82,50.0,,36.18,,42.1,High Gap,0.4,"{'has_supply': True, 'has_current_demand': False, 'has_future_demand': False}"
pune,,machinist grinder,140.0,,5.29,50.0,,44.71,,46.98,High Gap,0.4,"{'has_supply': True, 'has_current_demand': False, 'has_future_demand': False}"
pune,,machinist grinder under dual training system,20.0,,0.17,50.0,,49.83,,49.9,High Gap,0.4,"{'has_supply': True, 'has_current_demand': False, 'has_future_demand': False}"
pune,,machinist under dual training system,20.0,,0.17,50.0,,49.83,,49.9,High Gap,0.4,"{'has_supply': True, 'has_current_demand': False, 'has_future_demand': False}"
pune,,mason (building constructor),24.0,,0.34,50.0,,49.66,,49.81,High Gap,0.4,"{'has_supply': True, 'has_current_demand': False, 'has_future_demand': False}"
pune,,mechanic auto body repair,20.0,,0.17,50.0,,49.83,,49.9,High Gap,0.4,"{'has_supply': True, 'has_current_demand': False, 'has_future_demand': False}"
pune,,mechanic auto electrical and electronics,60.0,,1.88,50.0,,48.12,,48.93,High Gap,0.4,"{'has_supply': True, 'has_current_demand': False, 'has_future_demand': False}"
pune,,mechanic auto electrical and electronics under dual training system,20.0,,0.17,50.0,,49.83,,49.9,High Gap,0.4,"{'has_supply': True, 'has_current_demand': False, 'has_future_demand': False}"
pune,,mechanic diesel,696.0,,29.01,50.0,,20.99,,33.42,Moderate Gap,0.4,"{'has_supply': True, 'has_current_demand': False, 'has_future_demand': False}"
pune,,mechanic diesel under dual system training,24.0,,0.34,50.0,,49.66,,49.81,High Gap,0.4,"{'has_supply': True, 'has_current_demand': False, 'has_future_demand': False}"
pune,,mechanic machine tool maintenance,72.0,,2.39,50.0,,47.61,,48.63,High Gap,0.4,"{'has_supply': True, 'has_current_demand': False, 'has_future_demand': False}"
pune,,mechanic motor vehicle,600.0,,24.91,50.0,,25.09,,35.77,Moderate Gap,0.4,"{'has_supply': True, 'has_current_demand': False, 'has_future_demand': False}"
pune,,mechanic tractor,40.0,,1.02,50.0,,48.98,,49.42,High Gap,0.4,"{'has_supply': True, 'has_current_demand': False, 'has_future_demand': False}"
pune,,"multimedia, animation and special effects",48.0,,1.37,50.0,,48.63,,49.22,High Gap,0.4,"{'has_supply': True, 'has_current_demand': False, 'has_future_demand': False}"
pune,,operator advance machine tool,16.0,,0.0,50.0,,50.0,,50.0,High Gap,0.4,"{'has_supply': True, 'has_current_demand': False, 'has_future_demand': False}"
pune,,painter general,120.0,,4.44,50.0,,45.56,,47.46,High Gap,0.4,"{'has_supply': True, 'has_current_demand': False, 'has_future_demand': False}"
pune,,painter general under dual training system,20.0,,0.17,50.0,,49.83,,49.9,High Gap,0.4,"{'has_supply': True, 'has_current_demand': False, 'has_future_demand': False}"
pune,,photographer,48.0,,1.37,50.0,,48.63,,49.22,High Gap,0.4,"{'has_supply': True, 'has_current_demand': False, 'has_future_demand': False}"
pune,,plastic processing operator,40.0,,1.02,50.0,,48.98,,49.42,High Gap,0.4,"{'has_supply': True, 'has_current_demand': False, 'has_future_demand': False}"
pune,,plumber,192.0,,7.51,50.0,,42.49,,45.71,High Gap,0.4,"{'has_supply': True, 'has_current_demand': False, 'has_future_demand': False}"
pune,,pump operator cum mechanic,40.0,,1.02,50.0,,48.98,,49.42,High Gap,0.4,"{'has_supply': True, 'has_current_demand': False, 'has_future_demand': False}"
pune,,refrigeration and air conditioner technician,264.0,,10.58,50.0,,39.42,,43.95,High Gap,0.4,"{'has_supply': True, 'has_current_demand': False, 'has_future_demand': False}"
pune,,secretarial practice (english),24.0,,0.34,50.0,,49.66,,49.81,High Gap,0.4,"{'has_supply': True, 'has_current_demand': False, 'has_future_demand': False}"
pune,,sewing technology,40.0,,1.02,50.0,,48.98,,49.42,High Gap,0.4,"{'has_supply': True, 'has_current_demand': False, 'has_future_demand': False}"
pune,,sheet metal worker,120.0,,4.44,50.0,,45.56,,47.46,High Gap,0.4,"{'has_supply': True, 'has_current_demand': False, 'has_future_demand': False}"
pune,,sheet metal worker under dual system training,20.0,,0.17,50.0,,49.83,,49.9,High Gap,0.4,"{'has_supply': True, 'has_current_demand': False, 'has_future_demand': False}"
pune,,smartphone technician cum app tester,48.0,,1.37,50.0,,48.63,,49.22,High Gap,0.4,"{'has_supply': True, 'has_current_demand': False, 'has_future_demand': False}"
pune,,solar technician (electrical),200.0,,7.85,50.0,,42.15,,45.51,High Gap,0.4,"{'has_supply': True, 'has_current_demand': False, 'has_future_demand': False}"
pune,,stenographer secretarial assistant (english),48.0,,1.37,50.0,,48.63,,49.22,High Gap,0.4,"{'has_supply': True, 'has_current_demand': False, 'has_future_demand': False}"
pune,,surveyor,96.0,,3.41,50.0,,46.59,,48.05,High Gap,0.4,"{'has_supply': True, 'has_current_demand': False, 'has_future_demand': False}"
pune,,technician power electronic systems,24.0,,0.34,50.0,,49.66,,49.81,High Gap,0.4,"{'has_supply': True, 'has_current_demand': False, 'has_future_demand': False}"
pune,,tool and die maker (dies and moulds),48.0,,1.37,50.0,,48.63,,49.22,High Gap,0.4,"{'has_supply': True, 'has_current_demand': False, 'has_future_demand': False}"
pune,,"tool and die maker (press tools, jigs and fixtures)",72.0,,2.39,50.0,,47.61,,48.63,High Gap,0.4,"{'has_supply': True, 'has_current_demand': False, 'has_future_demand': False}"
pune,,turner,240.0,,9.56,50.0,,40.44,,44.54,High Gap,0.4,"{'has_supply': True, 'has_current_demand': False, 'has_future_demand': False}"
pune,,welder,1300.0,,54.78,50.0,,-4.78,,21.43,Balanced,0.4,"{'has_supply': True, 'has_current_demand': False, 'has_future_demand': False}"
pune,,welder (gmaw and gtaw),60.0,,1.88,50.0,,48.12,,48.93,High Gap,0.4,"{'has_supply': True, 'has_current_demand': False, 'has_future_demand': False}"
pune,,welder under dual system training,20.0,,0.17,50.0,,49.83,,49.9,High Gap,0.4,"{'has_supply': True, 'has_current_demand': False, 'has_future_demand': False}"
pune,,wireman,340.0,,13.82,50.0,,36.18,,42.1,High Gap,0.4,"{'has_supply': True, 'has_current_demand': False, 'has_future_demand': False}"
pune,,wood work technician,72.0,,2.39,50.0,,47.61,,48.63,High Gap,0.4,"{'has_supply': True, 'has_current_demand': False, 'has_future_demand': False}"
raigad,,attendant operator (chemical plant),96.0,,3.41,50.0,,46.59,,48.05,High Gap,0.4,"{'has_supply': True, 'has_current_demand': False, 'has_future_demand': False}"
raigad,,computer operator and programming assistant,120.0,,4.44,50.0,,45.56,,47.46,High Gap,0.4,"{'has_supply': True, 'has_current_demand': False, 'has_future_demand': False}"
raigad,,computer operator and programming assistant under dual training system,48.0,,1.37,50.0,,48.63,,49.22,High Gap,0.4,"{'has_supply': True, 'has_current_demand': False, 'has_future_demand': False}"
raigad,,cosmetology,48.0,,1.37,50.0,,48.63,,49.22,High Gap,0.4,"{'has_supply': True, 'has_current_demand': False, 'has_future_demand': False}"
raigad,,draughtsman civil,48.0,,1.37,50.0,,48.63,,49.22,High Gap,0.4,"{'has_supply': True, 'has_current_demand': False, 'has_future_demand': False}"
raigad,,draughtsman mechanical,60.0,,1.88,50.0,,48.12,,48.93,High Gap,0.4,"{'has_supply': True, 'has_current_demand': False, 'has_future_demand': False}"
raigad,,dress making,20.0,,0.17,50.0,,49.83,,49.9,High Gap,0.4,"{'has_supply': True, 'has_current_demand': False, 'has_future_demand': False}"
raigad,,electrician,320.0,,12.97,50.0,,37.03,,42.59,High Gap,0.4,"{'has_supply': True, 'has_current_demand': False, 'has_future_demand': False}"
raigad,,electronics mechanic,120.0,,4.44,50.0,,45.56,,47.46,High Gap,0.4,"{'has_supply': True, 'has_current_demand': False, 'has_future_demand': False}"
raigad,,fashion design and technology,40.0,,1.02,50.0,,48.98,,49.42,High Gap,0.4,"{'has_supply': True, 'has_current_demand': False, 'has_future_demand': False}"
raigad,,fitter,380.0,,15.53,50.0,,34.47,,41.13,High Gap,0.4,"{'has_supply': True, 'has_current_demand': False, 'has_future_demand': False}"
raigad,,geo-informatics assistant,48.0,,1.37,50.0,,48.63,,49.22,High Gap,0.4,"{'has_supply': True, 'has_current_demand': False, 'has_future_demand': False}"
raigad,,instrument mechanic (chemical plant),40.0,,1.02,50.0,,48.98,,49.42,High Gap,0.4,"{'has_supply': True, 'has_current_demand': False, 'has_future_demand': False}"
raigad,,machinist,100.0,,3.58,50.0,,46.42,,47.95,High Gap,0.4,"{'has_supply': True, 'has_current_demand': False, 'has_future_demand': False}"
raigad,,machinist grinder,40.0,,1.02,50.0,,48.98,,49.42,High Gap,0.4,"{'has_supply': True, 'has_current_demand': False, 'has_future_demand': False}"
raigad,,maintenance mechanic (chemical plant),80.0,,2.73,50.0,,47.27,,48.44,High Gap,0.4,"{'has_supply': True, 'has_current_demand': False, 'has_future_demand': False}"
raigad,,marine fitter,20.0,,0.17,50.0,,49.83,,49.9,High Gap,0.4,"{'has_supply': True, 'has_current_demand': False, 'has_future_demand': False}"
raigad,,marketing executive,48.0,,1.37,50.0,,48.63,,49.22,High Gap,0.4,"{'has_supply': True, 'has_current_demand': False, 'has_future_demand': False}"
raigad,,mechanic diesel,96.0,,3.41,50.0,,46.59,,48.05,High Gap,0.4,"{'has_supply': True, 'has_current_demand': False, 'has_future_demand': False}"
raigad,,mechanic electric vehicle,24.0,,0.34,50.0,,49.66,,49.81,High Gap,0.4,"{'has_supply': True, 'has_current_demand': False, 'has_future_demand': False}"
raigad,,mechanic machine tool maintenance,24.0,,0.34,50.0,,49.66,,49.81,High Gap,0.4,"{'has_supply': True, 'has_current_demand': False, 'has_future_demand': False}"
raigad,,mechanic motor vehicle,144.0,,5.46,50.0,,44.54,,46.88,High Gap,0.4,"{'has_supply': True, 'has_current_demand': False, 'has_future_demand': False}"
raigad,,mechanic tractor,20.0,,0.17,50.0,,49.83,,49.9,High Gap,0.4,"{'has_supply': True, 'has_current_demand': False, 'has_future_demand': False}"
raigad,,painter general,40.0,,1.02,50.0,,48.98,,49.42,High Gap,0.4,"{'has_supply': True, 'has_current_demand': False, 'has_future_demand': False}"
raigad,,plastic processing operator,40.0,,1.02,50.0,,48.98,,49.42,High Gap,0.4,"{'has_supply': True, 'has_current_demand': False, 'has_future_demand': False}"
raigad,,plumber,168.0,,6.48,50.0,,43.52,,46.3,High Gap,0.4,"{'has_supply': True, 'has_current_demand': False, 'has_future_demand': False}"
raigad,,refrigeration and air conditioner technician,72.0,,2.39,50.0,,47.61,,48.63,High Gap,0.4,"{'has_supply': True, 'has_current_demand': False, 'has_future_demand': False}"
raigad,,sewing technology,120.0,,4.44,50.0,,45.56,,47.46,High Gap,0.4,"{'has_supply': True, 'has_current_demand': False, 'has_future_demand': False}"
raigad,,sheet metal worker,40.0,,1.02,50.0,,48.98,,49.42,High Gap,0.4,"{'has_supply': True, 'has_current_demand': False, 'has_future_demand': False}"
raigad,,solar technician (electrical),40.0,,1.02,50.0,,48.98,,49.42,High Gap,0.4,"{'has_supply': True, 'has_current_demand': False, 'has_future_demand': False}"
raigad,,stenographer secretarial assistant (english),48.0,,1.37,50.0,,48.63,,49.22,High Gap,0.4,"{'has_supply': True, 'has_current_demand': False, 'has_future_demand': False}"
raigad,,turner,100.0,,3.58,50.0,,46.42,,47.95,High Gap,0.4,"{'has_supply': True, 'has_current_demand': False, 'has_future_demand': False}"
raigad,,welder,460.0,,18.94,50.0,,31.06,,39.18,High Gap,0.4,"{'has_supply': True, 'has_current_demand': False, 'has_future_demand': False}"
raigad,,welder (gmaw and gtaw),40.0,,1.02,50.0,,48.98,,49.42,High Gap,0.4,"{'has_supply': True, 'has_current_demand': False, 'has_future_demand': False}"
raigad,,wireman,180.0,,7.0,50.0,,43.0,,46.0,High Gap,0.4,"{'has_supply': True, 'has_current_demand': False, 'has_future_demand': False}"
raigad,,wood work technician,24.0,,0.34,50.0,,49.66,,49.81,High Gap,0.4,"{'has_supply': True, 'has_current_demand': False, 'has_future_demand': False}"
ratnagiri,,attendant operator (chemical plant),48.0,,1.37,50.0,,48.63,,49.22,High Gap,0.4,"{'has_supply': True, 'has_current_demand': False, 'has_future_demand': False}"
ratnagiri,,computer operator and programming assistant,240.0,,9.56,50.0,,40.44,,44.54,High Gap,0.4,"{'has_supply': True, 'has_current_demand': False, 'has_future_demand': False}"
ratnagiri,,cosmetology,24.0,,0.34,50.0,,49.66,,49.81,High Gap,0.4,"{'has_supply': True, 'has_current_demand': False, 'has_future_demand': False}"
ratnagiri,,desktop publishing operator,48.0,,1.37,50.0,,48.63,,49.22,High Gap,0.4,"{'has_supply': True, 'has_current_demand': False, 'has_future_demand': False}"
ratnagiri,,draughtsman civil,96.0,,3.41,50.0,,46.59,,48.05,High Gap,0.4,"{'has_supply': True, 'has_current_demand': False, 'has_future_demand': False}"
ratnagiri,,draughtsman mechanical,40.0,,1.02,50.0,,48.98,,49.42,High Gap,0.4,"{'has_supply': True, 'has_current_demand': False, 'has_future_demand': False}"
ratnagiri,,dress making,100.0,,3.58,50.0,,46.42,,47.95,High Gap,0.4,"{'has_supply': True, 'has_current_demand': False, 'has_future_demand': False}"
ratnagiri,,electrician,320.0,,12.97,50.0,,37.03,,42.59,High Gap,0.4,"{'has_supply': True, 'has_current_demand': False, 'has_future_demand': False}"
ratnagiri,,electronics mechanic,48.0,,1.37,50.0,,48.63,,49.22,High Gap,0.4,"{'has_supply': True, 'has_current_demand': False, 'has_future_demand': False}"
ratnagiri,,fitter,240.0,,9.56,50.0,,40.44,,44.54,High Gap,0.4,"{'has_supply': True, 'has_current_demand': False, 'has_future_demand': False}"
ratnagiri,,food production (general),24.0,,0.34,50.0,,49.66,,49.81,High Gap,0.4,"{'has_supply': True, 'has_current_demand': False, 'has_future_demand': False}"
ratnagiri,,fruit and vegetable processing,24.0,,0.34,50.0,,49.66,,49.81,High Gap,0.4,"{'has_supply': True, 'has_current_demand': False, 'has_future_demand': False}"
ratnagiri,,information and communication technology system maintenance,48.0,,1.37,50.0,,48.63,,49.22,High Gap,0.4,"{'has_supply': True, 'has_current_demand': False, 'has_future_demand': False}"
ratnagiri,,instrument mechanic (chemical plant),20.0,,0.17,50.0,,49.83,,49.9,High Gap,0.4,"{'has_supply': True, 'has_current_demand': False, 'has_future_demand': False}"
ratnagiri,,interior design and decoration,48.0,,1.37,50.0,,48.63,,49.22,High Gap,0.4,"{'has_supply': True, 'has_current_demand': False, 'has_future_demand': False}"
ratnagiri,,machinist,40.0,,1.02,50.0,,48.98,,49.42,High Gap,0.4,"{'has_supply': True, 'has_current_demand': False, 'has_future_demand': False}"
ratnagiri,,machinist grinder,20.0,,0.17,50.0,,49.83,,49.9,High Gap,0.4,"{'has_supply': True, 'has_current_demand': False, 'has_future_demand': False}"
ratnagiri,,maintenance mechanic (chemical plant),40.0,,1.02,50.0,,48.98,,49.42,High Gap,0.4,"{'has_supply': True, 'has_current_demand': False, 'has_future_demand': False}"
ratnagiri,,mechanic diesel,312.0,,12.63,50.0,,37.37,,42.78,High Gap,0.4,"{'has_supply': True, 'has_current_demand': False, 'has_future_demand': False}"
ratnagiri,,mechanic diesel under dual system training,48.0,,1.37,50.0,,48.63,,49.22,High Gap,0.4,"{'has_supply': True, 'has_current_demand': False, 'has_future_demand': False}"
ratnagiri,,mechanic machine tool maintenance,24.0,,0.34,50.0,,49.66,,49.81,High Gap,0.4,"{'has_supply': True, 'has_current_demand': False, 'has_future_demand': False}"
ratnagiri,,mechanic motor vehicle,144.0,,5.46,50.0,,44.54,,46.88,High Gap,0.4,"{'has_supply': True, 'has_current_demand': False, 'has_future_demand': False}"
ratnagiri,,plumber,24.0,,0.34,50.0,,49.66,,49.81,High Gap,0.4,"{'has_supply': True, 'has_current_demand': False, 'has_future_demand': False}"
ratnagiri,,pump operator cum mechanic,40.0,,1.02,50.0,,48.98,,49.42,High Gap,0.4,"{'has_supply': True, 'has_current_demand': False, 'has_future_demand': False}"
ratnagiri,,refrigeration and air conditioner technician,120.0,,4.44,50.0,,45.56,,47.46,High Gap,0.4,"{'has_supply': True, 'has_current_demand': False, 'has_future_demand': False}"
ratnagiri,,sewing technology,140.0,,5.29,50.0,,44.71,,46.98,High Gap,0.4,"{'has_supply': True, 'has_current_demand': False, 'has_future_demand': False}"
ratnagiri,,sheet metal worker,40.0,,1.02,50.0,,48.98,,49.42,High Gap,0.4,"{'has_supply': True, 'has_current_demand': False, 'has_future_demand': False}"
ratnagiri,,solar technician (electrical),80.0,,2.73,50.0,,47.27,,48.44,High Gap,0.4,"{'has_supply': True, 'has_current_demand': False, 'has_future_demand': False}"
ratnagiri,,turner,60.0,,1.88,50.0,,48.12,,48.93,High Gap,0.4,"{'has_supply': True, 'has_current_demand': False, 'has_future_demand': False}"
ratnagiri,,welder,320.0,,12.97,50.0,,37.03,,42.59,High Gap,0.4,"{'has_supply': True, 'has_current_demand': False, 'has_future_demand': False}"
ratnagiri,,wireman,80.0,,2.73,50.0,,47.27,,48.44,High Gap,0.4,"{'has_supply': True, 'has_current_demand': False, 'has_future_demand': False}"
ratnagiri,,wood work technician,24.0,,0.34,50.0,,49.66,,49.81,High Gap,0.4,"{'has_supply': True, 'has_current_demand': False, 'has_future_demand': False}"
sangli,,architectural draughtsman,24.0,,0.34,50.0,,49.66,,49.81,High Gap,0.4,"{'has_supply': True, 'has_current_demand': False, 'has_future_demand': False}"
sangli,,computer operator and programming assistant,264.0,,10.58,50.0,,39.42,,43.95,High Gap,0.4,"{'has_supply': True, 'has_current_demand': False, 'has_future_demand': False}"
sangli,,cosmetology,48.0,,1.37,50.0,,48.63,,49.22,High Gap,0.4,"{'has_supply': True, 'has_current_demand': False, 'has_future_demand': False}"
sangli,,draughtsman civil,24.0,,0.34,50.0,,49.66,,49.81,High Gap,0.4,"{'has_supply': True, 'has_current_demand': False, 'has_future_demand': False}"
sangli,,draughtsman mechanical,140.0,,5.29,50.0,,44.71,,46.98,High Gap,0.4,"{'has_supply': True, 'has_current_demand': False, 'has_future_demand': False}"
sangli,,dress making,80.0,,2.73,50.0,,47.27,,48.44,High Gap,0.4,"{'has_supply': True, 'has_current_demand': False, 'has_future_demand': False}"
sangli,,electrician,440.0,,18.09,50.0,,31.91,,39.66,High Gap,0.4,"{'has_supply': True, 'has_current_demand': False, 'has_future_demand': False}"
sangli,,electronics mechanic,96.0,,3.41,50.0,,46.59,,48.05,High Gap,0.4,"{'has_supply': True, 'has_current_demand': False, 'has_future_demand': False}"
sangli,,fitter,480.0,,19.8,50.0,,30.2,,38.69,High Gap,0.4,"{'has_supply': True, 'has_current_demand': False, 'has_future_demand': False}"
sangli,,foundryman,24.0,,0.34,50.0,,49.66,,49.81,High Gap,0.4,"{'has_supply': True, 'has_current_demand': False, 'has_future_demand': False}"
sangli,,information and communication technology system maintenance,24.0,,0.34,50.0,,49.66,,49.81,High Gap,0.4,"{'has_supply': True, 'has_current_demand': False, 'has_future_demand': False}"
sangli,,machinist,140.0,,5.29,50.0,,44.71,,46.98,High Gap,0.4,"{'has_supply': True, 'has_current_demand': False, 'has_future_demand': False}"
sangli,,machinist grinder,60.0,,1.88,50.0,,48.12,,48.93,High Gap,0.4,"{'has_supply': True, 'has_current_demand': False, 'has_future_demand': False}"
sangli,,mason (building constructor),24.0,,0.34,50.0,,49.66,,49.81,High Gap,0.4,"{'has_supply': True, 'has_current_demand': False, 'has_future_demand': False}"
sangli,,mechanic auto body painting,40.0,,1.02,50.0,,48.98,,49.42,High Gap,0.4,"{'has_supply': True, 'has_current_demand': False, 'has_future_demand': False}"
sangli,,mechanic diesel,240.0,,9.56,50.0,,40.44,,44.54,High Gap,0.4,"{'has_supply': True, 'has_current_demand': False, 'has_future_demand': False}"
sangli,,mechanic machine tool maintenance,24.0,,0.34,50.0,,49.66,,49.81,High Gap,0.4,"{'has_supply': True, 'has_current_demand': False, 'has_future_demand': False}"
sangli,,mechanic motor vehicle,288.0,,11.6,50.0,,38.4,,43.37,High Gap,0.4,"{'has_supply': True, 'has_current_demand': False, 'has_future_demand': False}"
sangli,,mechanic tractor,40.0,,1.02,50.0,,48.98,,49.42,High Gap,0.4,"{'has_supply': True, 'has_current_demand': False, 'has_future_demand': False}"
sangli,,operator advance machine tool,16.0,,0.0,50.0,,50.0,,50.0,High Gap,0.4,"{'has_supply': True, 'has_current_demand': False, 'has_future_demand': False}"
sangli,,painter general,40.0,,1.02,50.0,,48.98,,49.42,High Gap,0.4,"{'has_supply': True, 'has_current_demand': False, 'has_future_demand': False}"
sangli,,plumber,24.0,,0.34,50.0,,49.66,,49.81,High Gap,0.4,"{'has_supply': True, 'has_current_demand': False, 'has_future_demand': False}"
sangli,,pump operator cum mechanic,40.0,,1.02,50.0,,48.98,,49.42,High Gap,0.4,"{'has_supply': True, 'has_current_demand': False, 'has_future_demand': False}"
sangli,,refrigeration and air conditioner technician,48.0,,1.37,50.0,,48.63,,49.22,High Gap,0.4,"{'has_supply': True, 'has_current_demand': False, 'has_future_demand': False}"
sangli,,sewing technology,20.0,,0.17,50.0,,49.83,,49.9,High Gap,0.4,"{'has_supply': True, 'has_current_demand': False, 'has_future_demand': False}"
sangli,,sheet metal worker,60.0,,1.88,50.0,,48.12,,48.93,High Gap,0.4,"{'has_supply': True, 'has_current_demand': False, 'has_future_demand': False}"
sangli,,solar technician (electrical),20.0,,0.17,50.0,,49.83,,49.9,High Gap,0.4,"{'has_supply': True, 'has_current_demand': False, 'has_future_demand': False}"
sangli,,stenographer secretarial assistant (english),24.0,,0.34,50.0,,49.66,,49.81,High Gap,0.4,"{'has_supply': True, 'has_current_demand': False, 'has_future_demand': False}"
sangli,,"tool and die maker (press tools, jigs and fixtures)",24.0,,0.34,50.0,,49.66,,49.81,High Gap,0.4,"{'has_supply': True, 'has_current_demand': False, 'has_future_demand': False}"
sangli,,turner,140.0,,5.29,50.0,,44.71,,46.98,High Gap,0.4,"{'has_supply': True, 'has_current_demand': False, 'has_future_demand': False}"
sangli,,welder,460.0,,18.94,50.0,,31.06,,39.18,High Gap,0.4,"{'has_supply': True, 'has_current_demand': False, 'has_future_demand': False}"
sangli,,welder (gmaw and gtaw),60.0,,1.88,50.0,,48.12,,48.93,High Gap,0.4,"{'has_supply': True, 'has_current_demand': False, 'has_future_demand': False}"
sangli,,wireman,140.0,,5.29,50.0,,44.71,,46.98,High Gap,0.4,"{'has_supply': True, 'has_current_demand': False, 'has_future_demand': False}"
sangli,,wood work technician,24.0,,0.34,50.0,,49.66,,49.81,High Gap,0.4,"{'has_supply': True, 'has_current_demand': False, 'has_future_demand': False}"
satara,,computer operator and programming assistant,192.0,,7.51,50.0,,42.49,,45.71,High Gap,0.4,"{'has_supply': True, 'has_current_demand': False, 'has_future_demand': False}"
satara,,cosmetology,24.0,,0.34,50.0,,49.66,,49.81,High Gap,0.4,"{'has_supply': True, 'has_current_demand': False, 'has_future_demand': False}"
satara,,draughtsman civil,72.0,,2.39,50.0,,47.61,,48.63,High Gap,0.4,"{'has_supply': True, 'has_current_demand': False, 'has_future_demand': False}"
satara,,draughtsman mechanical,120.0,,4.44,50.0,,45.56,,47.46,High Gap,0.4,"{'has_supply': True, 'has_current_demand': False, 'has_future_demand': False}"
satara,,dress making,20.0,,0.17,50.0,,49.83,,49.9,High Gap,0.4,"{'has_supply': True, 'has_current_demand': False, 'has_future_demand': False}"
satara,,electrician,420.0,,17.24,50.0,,32.76,,40.15,High Gap,0.4,"{'has_supply': True, 'has_current_demand': False, 'has_future_demand': False}"
satara,,electronics mechanic,168.0,,6.48,50.0,,43.52,,46.3,High Gap,0.4,"{'has_supply': True, 'has_current_demand': False, 'has_future_demand': False}"
satara,,fashion design and technology,40.0,,1.02,50.0,,48.98,,49.42,High Gap,0.4,"{'has_supply': True, 'has_current_demand': False, 'has_future_demand': False}"
satara,,fitter,460.0,,18.94,50.0,,31.06,,39.18,High Gap,0.4,"{'has_supply': True, 'has_current_demand': False, 'has_future_demand': False}"
satara,,information and communication technology system maintenance,24.0,,0.34,50.0,,49.66,,49.81,High Gap,0.4,"{'has_supply': True, 'has_current_demand': False, 'has_future_demand': False}"
satara,,machinist,200.0,,7.85,50.0,,42.15,,45.51,High Gap,0.4,"{'has_supply': True, 'has_current_demand': False, 'has_future_demand': False}"
satara,,machinist grinder,80.0,,2.73,50.0,,47.27,,48.44,High Gap,0.4,"{'has_supply': True, 'has_current_demand': False, 'has_future_demand': False}"
satara,,mechanic diesel,192.0,,7.51,50.0,,42.49,,45.71,High Gap,0.4,"{'has_supply': True, 'has_current_demand': False, 'has_future_demand': False}"
satara,,mechanic diesel under dual system training,48.0,,1.37,50.0,,48.63,,49.22,High Gap,0.4,"{'has_supply': True, 'has_current_demand': False, 'has_future_demand': False}"
satara,,mechanic machine tool maintenance,48.0,,1.37,50.0,,48.63,,49.22,High Gap,0.4,"{'has_supply': True, 'has_current_demand': False, 'has_future_demand': False}"
satara,,mechanic motor vehicle,120.0,,4.44,50.0,,45.56,,47.46,High Gap,0.4,"{'has_supply': True, 'has_current_demand': False, 'has_future_demand': False}"
satara,,mechanic tractor,80.0,,2.73,50.0,,47.27,,48.44,High Gap,0.4,"{'has_supply': True, 'has_current_demand': False, 'has_future_demand': False}"
satara,,painter general,40.0,,1.02,50.0,,48.98,,49.42,High Gap,0.4,"{'has_supply': True, 'has_current_demand': False, 'has_future_demand': False}"
satara,,plastic processing operator,40.0,,1.02,50.0,,48.98,,49.42,High Gap,0.4,"{'has_supply': True, 'has_current_demand': False, 'has_future_demand': False}"
satara,,plumber,96.0,,3.41,50.0,,46.59,,48.05,High Gap,0.4,"{'has_supply': True, 'has_current_demand': False, 'has_future_demand': False}"
satara,,refrigeration and air conditioner technician,48.0,,1.37,50.0,,48.63,,49.22,High Gap,0.4,"{'has_supply': True, 'has_current_demand': False, 'has_future_demand': False}"
satara,,sewing technology,60.0,,1.88,50.0,,48.12,,48.93,High Gap,0.4,"{'has_supply': True, 'has_current_demand': False, 'has_future_demand': False}"
satara,,sheet metal worker,60.0,,1.88,50.0,,48.12,,48.93,High Gap,0.4,"{'has_supply': True, 'has_current_demand': False, 'has_future_demand': False}"
satara,,solar technician (electrical),40.0,,1.02,50.0,,48.98,,49.42,High Gap,0.4,"{'has_supply': True, 'has_current_demand': False, 'has_future_demand': False}"
satara,,stenographer secretarial assistant (english),24.0,,0.34,50.0,,49.66,,49.81,High Gap,0.4,"{'has_supply': True, 'has_current_demand': False, 'has_future_demand': False}"
satara,,surveyor,24.0,,0.34,50.0,,49.66,,49.81,High Gap,0.4,"{'has_supply': True, 'has_current_demand': False, 'has_future_demand': False}"
satara,,tool and die maker (dies and moulds),24.0,,0.34,50.0,,49.66,,49.81,High Gap,0.4,"{'has_supply': True, 'has_current_demand': False, 'has_future_demand': False}"
satara,,"tool and die maker (press tools, jigs and fixtures)",24.0,,0.34,50.0,,49.66,,49.81,High Gap,0.4,"{'has_supply': True, 'has_current_demand': False, 'has_future_demand': False}"
satara,,turner,220.0,,8.7,50.0,,41.3,,45.03,High Gap,0.4,"{'has_supply': True, 'has_current_demand': False, 'has_future_demand': False}"
satara,,welder,360.0,,14.68,50.0,,35.32,,41.61,High Gap,0.4,"{'has_supply': True, 'has_current_demand': False, 'has_future_demand': False}"
satara,,welder (gmaw and gtaw),40.0,,1.02,50.0,,48.98,,49.42,High Gap,0.4,"{'has_supply': True, 'has_current_demand': False, 'has_future_demand': False}"
satara,,welder under dual system training,20.0,,0.17,50.0,,49.83,,49.9,High Gap,0.4,"{'has_supply': True, 'has_current_demand': False, 'has_future_demand': False}"
satara,,wireman,120.0,,4.44,50.0,,45.56,,47.46,High Gap,0.4,"{'has_supply': True, 'has_current_demand': False, 'has_future_demand': False}"
satara,,wood work technician,24.0,,0.34,50.0,,49.66,,49.81,High Gap,0.4,"{'has_supply': True, 'has_current_demand': False, 'has_future_demand': False}"
sindhudurg,,computer hardware and network maintenance,24.0,,0.34,50.0,,49.66,,49.81,High Gap,0.4,"{'has_supply': True, 'has_current_demand': False, 'has_future_demand': False}"
sindhudurg,,computer operator and programming assistant,72.0,,2.39,50.0,,47.61,,48.63,High Gap,0.4,"{'has_supply': True, 'has_current_demand': False, 'has_future_demand': False}"
sindhudurg,,dress making,60.0,,1.88,50.0,,48.12,,48.93,High Gap,0.4,"{'has_supply': True, 'has_current_demand': False, 'has_future_demand': False}"
sindhudurg,,electrician,100.0,,3.58,50.0,,46.42,,47.95,High Gap,0.4,"{'has_supply': True, 'has_current_demand': False, 'has_future_demand': False}"
sindhudurg,,electronics mechanic,24.0,,0.34,50.0,,49.66,,49.81,High Gap,0.4,"{'has_supply': True, 'has_current_demand': False, 'has_future_demand': False}"
sindhudurg,,fashion design and technology,20.0,,0.17,50.0,,49.83,,49.9,High Gap,0.4,"{'has_supply': True, 'has_current_demand': False, 'has_future_demand': False}"
sindhudurg,,fitter,60.0,,1.88,50.0,,48.12,,48.93,High Gap,0.4,"{'has_supply': True, 'has_current_demand': False, 'has_future_demand': False}"
sindhudurg,,food production (general),48.0,,1.37,50.0,,48.63,,49.22,High Gap,0.4,"{'has_supply': True, 'has_current_demand': False, 'has_future_demand': False}"
sindhudurg,,front office assistant,24.0,,0.34,50.0,,49.66,,49.81,High Gap,0.4,"{'has_supply': True, 'has_current_demand': False, 'has_future_demand': False}"
sindhudurg,,geo-informatics assistant,96.0,,3.41,50.0,,46.59,,48.05,High Gap,0.4,"{'has_supply': True, 'has_current_demand': False, 'has_future_demand': False}"
sindhudurg,,human resourse executive,48.0,,1.37,50.0,,48.63,,49.22,High Gap,0.4,"{'has_supply': True, 'has_current_demand': False, 'has_future_demand': False}"
sindhudurg,,information and communication technology system maintenance,24.0,,0.34,50.0,,49.66,,49.81,High Gap,0.4,"{'has_supply': True, 'has_current_demand': False, 'has_future_demand': False}"
sindhudurg,,interior design and decoration,24.0,,0.34,50.0,,49.66,,49.81,High Gap,0.4,"{'has_supply': True, 'has_current_demand': False, 'has_future_demand': False}"
sindhudurg,,marketing executive,48.0,,1.37,50.0,,48.63,,49.22,High Gap,0.4,"{'has_supply': True, 'has_current_demand': False, 'has_future_demand': False}"
sindhudurg,,mechanic auto electrical and electronics,20.0,,0.17,50.0,,49.83,,49.9,High Gap,0.4,"{'has_supply': True, 'has_current_demand': False, 'has_future_demand': False}"
sindhudurg,,mechanic diesel,144.0,,5.46,50.0,,44.54,,46.88,High Gap,0.4,"{'has_supply': True, 'has_current_demand': False, 'has_future_demand': False}"
sindhudurg,,mechanic electric vehicle,24.0,,0.34,50.0,,49.66,,49.81,High Gap,0.4,"{'has_supply': True, 'has_current_demand': False, 'has_future_demand': False}"
sindhudurg,,mechanic motor vehicle,24.0,,0.34,50.0,,49.66,,49.81,High Gap,0.4,"{'has_supply': True, 'has_current_demand': False, 'has_future_demand': False}"
sindhudurg,,plumber,24.0,,0.34,50.0,,49.66,,49.81,High Gap,0.4,"{'has_supply': True, 'has_current_demand': False, 'has_future_demand': False}"
sindhudurg,,refrigeration and air conditioner technician,48.0,,1.37,50.0,,48.63,,49.22,High Gap,0.4,"{'has_supply': True, 'has_current_demand': False, 'has_future_demand': False}"
sindhudurg,,sewing technology,40.0,,1.02,50.0,,48.98,,49.42,High Gap,0.4,"{'has_supply': True, 'has_current_demand': False, 'has_future_demand': False}"
sindhudurg,,sheet metal worker,20.0,,0.17,50.0,,49.83,,49.9,High Gap,0.4,"{'has_supply': True, 'has_current_demand': False, 'has_future_demand': False}"
sindhudurg,,solar technician (electrical),40.0,,1.02,50.0,,48.98,,49.42,High Gap,0.4,"{'has_supply': True, 'has_current_demand': False, 'has_future_demand': False}"
sindhudurg,,turner,20.0,,0.17,50.0,,49.83,,49.9,High Gap,0.4,"{'has_supply': True, 'has_current_demand': False, 'has_future_demand': False}"
sindhudurg,,welder,180.0,,7.0,50.0,,43.0,,46.0,High Gap,0.4,"{'has_supply': True, 'has_current_demand': False, 'has_future_demand': False}"
sindhudurg,,wireman,80.0,,2.73,50.0,,47.27,,48.44,High Gap,0.4,"{'has_supply': True, 'has_current_demand': False, 'has_future_demand': False}"
sindhudurg,,wood work technician,24.0,,0.34,50.0,,49.66,,49.81,High Gap,0.4,"{'has_supply': True, 'has_current_demand': False, 'has_future_demand': False}"
solapur,,computer operator and programming assistant,312.0,,12.63,50.0,,37.37,,42.78,High Gap,0.4,"{'has_supply': True, 'has_current_demand': False, 'has_future_demand': False}"
solapur,,cosmetology,24.0,,0.34,50.0,,49.66,,49.81,High Gap,0.4,"{'has_supply': True, 'has_current_demand': False, 'has_future_demand': False}"
solapur,,draughtsman civil,24.0,,0.34,50.0,,49.66,,49.81,High Gap,0.4,"{'has_supply': True, 'has_current_demand': False, 'has_future_demand': False}"
solapur,,draughtsman mechanical,80.0,,2.73,50.0,,47.27,,48.44,High Gap,0.4,"{'has_supply': True, 'has_current_demand': False, 'has_future_demand': False}"
solapur,,dress making,80.0,,2.73,50.0,,47.27,,48.44,High Gap,0.4,"{'has_supply': True, 'has_current_demand': False, 'has_future_demand': False}"
solapur,,dress making under dual training system,20.0,,0.17,50.0,,49.83,,49.9,High Gap,0.4,"{'has_supply': True, 'has_current_demand': False, 'has_future_demand': False}"
solapur,,electrician,580.0,,24.06,50.0,,25.94,,36.25,Moderate Gap,0.4,"{'has_supply': True, 'has_current_demand': False, 'has_future_demand': False}"
solapur,,electrician under dual system training,60.0,,1.88,50.0,,48.12,,48.93,High Gap,0.4,"{'has_supply': True, 'has_current_demand': False, 'has_future_demand': False}"
solapur,,electronics mechanic,96.0,,3.41,50.0,,46.59,,48.05,High Gap,0.4,"{'has_supply': True, 'has_current_demand': False, 'has_future_demand': False}"
solapur,,fitter,480.0,,19.8,50.0,,30.2,,38.69,High Gap,0.4,"{'has_supply': True, 'has_current_demand': False, 'has_future_demand': False}"
solapur,,fitter under dual training system,20.0,,0.17,50.0,,49.83,,49.9,High Gap,0.4,"{'has_supply': True, 'has_current_demand': False, 'has_future_demand': False}"
solapur,,foundryman,48.0,,1.37,50.0,,48.63,,49.22,High Gap,0.4,"{'has_supply': True, 'has_current_demand': False, 'has_future_demand': False}"
solapur,,fruit and vegetable processing,24.0,,0.34,50.0,,49.66,,49.81,High Gap,0.4,"{'has_supply': True, 'has_current_demand': False, 'has_future_demand': False}"
solapur,,information and communication technology system maintenance,48.0,,1.37,50.0,,48.63,,49.22,High Gap,0.4,"{'has_supply': True, 'has_current_demand': False, 'has_future_demand': False}"
solapur,,machinist,100.0,,3.58,50.0,,46.42,,47.95,High Gap,0.4,"{'has_supply': True, 'has_current_demand': False, 'has_future_demand': False}"
solapur,,mason (building constructor),24.0,,0.34,50.0,,49.66,,49.81,High Gap,0.4,"{'has_supply': True, 'has_current_demand': False, 'has_future_demand': False}"
solapur,,mechanic agricultural machinery,24.0,,0.34,50.0,,49.66,,49.81,High Gap,0.4,"{'has_supply': True, 'has_current_demand': False, 'has_future_demand': False}"
solapur,,mechanic diesel,456.0,,18.77,50.0,,31.23,,39.27,High Gap,0.4,"{'has_supply': True, 'has_current_demand': False, 'has_future_demand': False}"
solapur,,mechanic machine tool maintenance,24.0,,0.34,50.0,,49.66,,49.81,High Gap,0.4,"{'has_supply': True, 'has_current_demand': False, 'has_future_demand': False}"
solapur,,mechanic motor vehicle,336.0,,13.65,50.0,,36.35,,42.2,High Gap,0.4,"{'has_supply': True, 'has_current_demand': False, 'has_future_demand': False}"
solapur,,mechanic tractor,100.0,,3.58,50.0,,46.42,,47.95,High Gap,0.4,"{'has_supply': True, 'has_current_demand': False, 'has_future_demand': False}"
solapur,,operator advance machine tool,32.0,,0.68,50.0,,49.32,,49.61,High Gap,0.4,"{'has_supply': True, 'has_current_demand': False, 'has_future_demand': False}"
solapur,,painter general,40.0,,1.02,50.0,,48.98,,49.42,High Gap,0.4,"{'has_supply': True, 'has_current_demand': False, 'has_future_demand': False}"
solapur,,plumber,72.0,,2.39,50.0,,47.61,,48.63,High Gap,0.4,"{'has_supply': True, 'has_current_demand': False, 'has_future_demand': False}"
solapur,,pump operator cum mechanic,40.0,,1.02,50.0,,48.98,,49.42,High Gap,0.4,"{'has_supply': True, 'has_current_demand': False, 'has_future_demand': False}"
solapur,,refrigeration and air conditioner technician,96.0,,3.41,50.0,,46.59,,48.05,High Gap,0.4,"{'has_supply': True, 'has_current_demand': False, 'has_future_demand': False}"
solapur,,sewing technology,40.0,,1.02,50.0,,48.98,,49.42,High Gap,0.4,"{'has_supply': True, 'has_current_demand': False, 'has_future_demand': False}"
solapur,,sheet metal worker,60.0,,1.88,50.0,,48.12,,48.93,High Gap,0.4,"{'has_supply': True, 'has_current_demand': False, 'has_future_demand': False}"
solapur,,solar technician (electrical),60.0,,1.88,50.0,,48.12,,48.93,High Gap,0.4,"{'has_supply': True, 'has_current_demand': False, 'has_future_demand': False}"
solapur,,surface ornamentation techniques (embroidery),20.0,,0.17,50.0,,49.83,,49.9,High Gap,0.4,"{'has_supply': True, 'has_current_demand': False, 'has_future_demand': False}"
solapur,,textile wet processing technician,20.0,,0.17,50.0,,49.83,,49.9,High Gap,0.4,"{'has_supply': True, 'has_current_demand': False, 'has_future_demand': False}"
solapur,,tool and die maker (dies and moulds),24.0,,0.34,50.0,,49.66,,49.81,High Gap,0.4,"{'has_supply': True, 'has_current_demand': False, 'has_future_demand': False}"
solapur,,"tool and die maker (press tools, jigs and fixtures)",24.0,,0.34,50.0,,49.66,,49.81,High Gap,0.4,"{'has_supply': True, 'has_current_demand': False, 'has_future_demand': False}"
solapur,,turner,80.0,,2.73,50.0,,47.27,,48.44,High Gap,0.4,"{'has_supply': True, 'has_current_demand': False, 'has_future_demand': False}"
solapur,,welder,440.0,,18.09,50.0,,31.91,,39.66,High Gap,0.4,"{'has_supply': True, 'has_current_demand': False, 'has_future_demand': False}"
solapur,,welder (gmaw and gtaw),40.0,,1.02,50.0,,48.98,,49.42,High Gap,0.4,"{'has_supply': True, 'has_current_demand': False, 'has_future_demand': False}"
solapur,,welder under dual system training,80.0,,2.73,50.0,,47.27,,48.44,High Gap,0.4,"{'has_supply': True, 'has_current_demand': False, 'has_future_demand': False}"
solapur,,wireman,180.0,,7.0,50.0,,43.0,,46.0,High Gap,0.4,"{'has_supply': True, 'has_current_demand': False, 'has_future_demand': False}"
solapur,,wood work technician,96.0,,3.41,50.0,,46.59,,48.05,High Gap,0.4,"{'has_supply': True, 'has_current_demand': False, 'has_future_demand': False}"
thane,,attendant operator (chemical plant),24.0,,0.34,50.0,,49.66,,49.81,High Gap,0.4,"{'has_supply': True, 'has_current_demand': False, 'has_future_demand': False}"
thane,,computer hardware and network maintenance,48.0,,1.37,50.0,,48.63,,49.22,High Gap,0.4,"{'has_supply': True, 'has_current_demand': False, 'has_future_demand': False}"
thane,,computer operator and programming assistant,288.0,,11.6,50.0,,38.4,,43.37,High Gap,0.4,"{'has_supply': True, 'has_current_demand': False, 'has_future_demand': False}"
thane,,computer operator and programming assistant under dual training system,24.0,,0.34,50.0,,49.66,,49.81,High Gap,0.4,"{'has_supply': True, 'has_current_demand': False, 'has_future_demand': False}"
thane,,cosmetology,96.0,,3.41,50.0,,46.59,,48.05,High Gap,0.4,"{'has_supply': True, 'has_current_demand': False, 'has_future_demand': False}"
thane,,draughtsman civil,48.0,,1.37,50.0,,48.63,,49.22,High Gap,0.4,"{'has_supply': True, 'has_current_demand': False, 'has_future_demand': False}"
thane,,draughtsman mechanical,80.0,,2.73,50.0,,47.27,,48.44,High Gap,0.4,"{'has_supply': True, 'has_current_demand': False, 'has_future_demand': False}"
thane,,dress making,120.0,,4.44,50.0,,45.56,,47.46,High Gap,0.4,"{'has_supply': True, 'has_current_demand': False, 'has_future_demand': False}"
thane,,electrician,400.0,,16.38,50.0,,33.62,,40.64,High Gap,0.4,"{'has_supply': True, 'has_current_demand': False, 'has_future_demand': False}"
thane,,electronics mechanic,96.0,,3.41,50.0,,46.59,,48.05,High Gap,0.4,"{'has_supply': True, 'has_current_demand': False, 'has_future_demand': False}"
thane,,electroplater,20.0,,0.17,50.0,,49.83,,49.9,High Gap,0.4,"{'has_supply': True, 'has_current_demand': False, 'has_future_demand': False}"
thane,,fashion design and technology,40.0,,1.02,50.0,,48.98,,49.42,High Gap,0.4,"{'has_supply': True, 'has_current_demand': False, 'has_future_demand': False}"
thane,,fitter,340.0,,13.82,50.0,,36.18,,42.1,High Gap,0.4,"{'has_supply': True, 'has_current_demand': False, 'has_future_demand': False}"
thane,,geo-informatics assistant,48.0,,1.37,50.0,,48.63,,49.22,High Gap,0.4,"{'has_supply': True, 'has_current_demand': False, 'has_future_demand': False}"
thane,,human resourse executive,48.0,,1.37,50.0,,48.63,,49.22,High Gap,0.4,"{'has_supply': True, 'has_current_demand': False, 'has_future_demand': False}"
thane,,information and communication technology system maintenance,120.0,,4.44,50.0,,45.56,,47.46,High Gap,0.4,"{'has_supply': True, 'has_current_demand': False, 'has_future_demand': False}"
thane,,instrument mechanic,24.0,,0.34,50.0,,49.66,,49.81,High Gap,0.4,"{'has_supply': True, 'has_current_demand': False, 'has_future_demand': False}"
thane,,interior design and decoration,24.0,,0.34,50.0,,49.66,,49.81,High Gap,0.4,"{'has_supply': True, 'has_current_demand': False, 'has_future_demand': False}"
thane,,machinist,100.0,,3.58,50.0,,46.42,,47.95,High Gap,0.4,"{'has_supply': True, 'has_current_demand': False, 'has_future_demand': False}"
thane,,machinist grinder,40.0,,1.02,50.0,,48.98,,49.42,High Gap,0.4,"{'has_supply': True, 'has_current_demand': False, 'has_future_demand': False}"
thane,,maintenance mechanic (chemical plant),20.0,,0.17,50.0,,49.83,,49.9,High Gap,0.4,"{'has_supply': True, 'has_current_demand': False, 'has_future_demand': False}"
thane,,mechanic auto electrical and electronics,20.0,,0.17,50.0,,49.83,,49.9,High Gap,0.4,"{'has_supply': True, 'has_current_demand': False, 'has_future_demand': False}"
thane,,mechanic diesel,48.0,,1.37,50.0,,48.63,,49.22,High Gap,0.4,"{'has_supply': True, 'has_current_demand': False, 'has_future_demand': False}"
thane,,mechanic machine tool maintenance,48.0,,1.37,50.0,,48.63,,49.22,High Gap,0.4,"{'has_supply': True, 'has_current_demand': False, 'has_future_demand': False}"
thane,,mechanic motor vehicle,168.0,,6.48,50.0,,43.52,,46.3,High Gap,0.4,"{'has_supply': True, 'has_current_demand': False, 'has_future_demand': False}"
thane,,painter general,20.0,,0.17,50.0,,49.83,,49.9,High Gap,0.4,"{'has_supply': True, 'has_current_demand': False, 'has_future_demand': False}"
thane,,plastic processing operator,40.0,,1.02,50.0,,48.98,,49.42,High Gap,0.4,"{'has_supply': True, 'has_current_demand': False, 'has_future_demand': False}"
thane,,plumber,96.0,,3.41,50.0,,46.59,,48.05,High Gap,0.4,"{'has_supply': True, 'has_current_demand': False, 'has_future_demand': False}"
thane,,pump operator cum mechanic,20.0,,0.17,50.0,,49.83,,49.9,High Gap,0.4,"{'has_supply': True, 'has_current_demand': False, 'has_future_demand': False}"
thane,,refrigeration and air conditioner technician,168.0,,6.48,50.0,,43.52,,46.3,High Gap,0.4,"{'has_supply': True, 'has_current_demand': False, 'has_future_demand': False}"
thane,,secretarial practice (english),24.0,,0.34,50.0,,49.66,,49.81,High Gap,0.4,"{'has_supply': True, 'has_current_demand': False, 'has_future_demand': False}"
thane,,sewing technology,80.0,,2.73,50.0,,47.27,,48.44,High Gap,0.4,"{'has_supply': True, 'has_current_demand': False, 'has_future_demand': False}"
thane,,sewing technology under dual training system,20.0,,0.17,50.0,,49.83,,49.9,High Gap,0.4,"{'has_supply': True, 'has_current_demand': False, 'has_future_demand': False}"
thane,,sheet metal worker,40.0,,1.02,50.0,,48.98,,49.42,High Gap,0.4,"{'has_supply': True, 'has_current_demand': False, 'has_future_demand': False}"
thane,,solar technician (electrical),40.0,,1.02,50.0,,48.98,,49.42,High Gap,0.4,"{'has_supply': True, 'has_current_demand': False, 'has_future_demand': False}"
thane,,stenographer secretarial assistant (english),96.0,,3.41,50.0,,46.59,,48.05,High Gap,0.4,"{'has_supply': True, 'has_current_demand': False, 'has_future_demand': False}"
thane,,technician medical electronics,24.0,,0.34,50.0,,49.66,,49.81,High Gap,0.4,"{'has_supply': True, 'has_current_demand': False, 'has_future_demand': False}"
thane,,tool and die maker (dies and moulds),24.0,,0.34,50.0,,49.66,,49.81,High Gap,0.4,"{'has_supply': True, 'has_current_demand': False, 'has_future_demand': False}"
thane,,turner,140.0,,5.29,50.0,,44.71,,46.98,High Gap,0.4,"{'has_supply': True, 'has_current_demand': False, 'has_future_demand': False}"
thane,,welder,520.0,,21.5,50.0,,28.5,,37.71,Moderate Gap,0.4,"{'has_supply': True, 'has_current_demand': False, 'has_future_demand': False}"
thane,,welder under dual system training,20.0,,0.17,50.0,,49.83,,49.9,High Gap,0.4,"{'has_supply': True, 'has_current_demand': False, 'has_future_demand': False}"
thane,,wireman,60.0,,1.88,50.0,,48.12,,48.93,High Gap,0.4,"{'has_supply': True, 'has_current_demand': False, 'has_future_demand': False}"
thane,,wood work technician,24.0,,0.34,50.0,,49.66,,49.81,High Gap,0.4,"{'has_supply': True, 'has_current_demand': False, 'has_future_demand': False}"
wardha,,computer hardware and network maintenance,24.0,,0.34,50.0,,49.66,,49.81,High Gap,0.4,"{'has_supply': True, 'has_current_demand': False, 'has_future_demand': False}"
wardha,,computer operator and programming assistant,120.0,,4.44,50.0,,45.56,,47.46,High Gap,0.4,"{'has_supply': True, 'has_current_demand': False, 'has_future_demand': False}"
wardha,,cosmetology,24.0,,0.34,50.0,,49.66,,49.81,High Gap,0.4,"{'has_supply': True, 'has_current_demand': False, 'has_future_demand': False}"
wardha,,dress making,60.0,,1.88,50.0,,48.12,,48.93,High Gap,0.4,"{'has_supply': True, 'has_current_demand': False, 'has_future_demand': False}"
wardha,,electrician,480.0,,19.8,50.0,,30.2,,38.69,High Gap,0.4,"{'has_supply': True, 'has_current_demand': False, 'has_future_demand': False}"
wardha,,electrician under dual system training,20.0,,0.17,50.0,,49.83,,49.9,High Gap,0.4,"{'has_supply': True, 'has_current_demand': False, 'has_future_demand': False}"
wardha,,electronics mechanic,24.0,,0.34,50.0,,49.66,,49.81,High Gap,0.4,"{'has_supply': True, 'has_current_demand': False, 'has_future_demand': False}"
wardha,,fitter,480.0,,19.8,50.0,,30.2,,38.69,High Gap,0.4,"{'has_supply': True, 'has_current_demand': False, 'has_future_demand': False}"
wardha,,fitter under dual training system,20.0,,0.17,50.0,,49.83,,49.9,High Gap,0.4,"{'has_supply': True, 'has_current_demand': False, 'has_future_demand': False}"
wardha,,fruit and vegetable processing,24.0,,0.34,50.0,,49.66,,49.81,High Gap,0.4,"{'has_supply': True, 'has_current_demand': False, 'has_future_demand': False}"
wardha,,information and communication technology system maintenance,24.0,,0.34,50.0,,49.66,,49.81,High Gap,0.4,"{'has_supply': True, 'has_current_demand': False, 'has_future_demand': False}"
wardha,,machinist,40.0,,1.02,50.0,,48.98,,49.42,High Gap,0.4,"{'has_supply': True, 'has_current_demand': False, 'has_future_demand': False}"
wardha,,mechanic diesel,24.0,,0.34,50.0,,49.66,,49.81,High Gap,0.4,"{'has_supply': True, 'has_current_demand': False, 'has_future_demand': False}"
wardha,,mechanic diesel under dual system training,24.0,,0.34,50.0,,49.66,,49.81,High Gap,0.4,"{'has_supply': True, 'has_current_demand': False, 'has_future_demand': False}"
wardha,,mechanic electric vehicle,24.0,,0.34,50.0,,49.66,,49.81,High Gap,0.4,"{'has_supply': True, 'has_current_demand': False, 'has_future_demand': False}"
wardha,,mechanic motor vehicle,72.0,,2.39,50.0,,47.61,,48.63,High Gap,0.4,"{'has_supply': True, 'has_current_demand': False, 'has_future_demand': False}"
wardha,,mechanic motor vehicle under dual system training,24.0,,0.34,50.0,,49.66,,49.81,High Gap,0.4,"{'has_supply': True, 'has_current_demand': False, 'has_future_demand': False}"
wardha,,operator advance machine tool,16.0,,0.0,50.0,,50.0,,50.0,High Gap,0.4,"{'has_supply': True, 'has_current_demand': False, 'has_future_demand': False}"
wardha,,plumber,72.0,,2.39,50.0,,47.61,,48.63,High Gap,0.4,"{'has_supply': True, 'has_current_demand': False, 'has_future_demand': False}"
wardha,,refrigeration and air conditioner technician,24.0,,0.34,50.0,,49.66,,49.81,High Gap,0.4,"{'has_supply': True, 'has_current_demand': False, 'has_future_demand': False}"
wardha,,sewing technology,80.0,,2.73,50.0,,47.27,,48.44,High Gap,0.4,"{'has_supply': True, 'has_current_demand': False, 'has_future_demand': False}"
wardha,,solar technician (electrical),180.0,,7.0,50.0,,43.0,,46.0,High Gap,0.4,"{'has_supply': True, 'has_current_demand': False, 'has_future_demand': False}"
wardha,,turner,80.0,,2.73,50.0,,47.27,,48.44,High Gap,0.4,"{'has_supply': True, 'has_current_demand': False, 'has_future_demand': False}"
wardha,,welder,240.0,,9.56,50.0,,40.44,,44.54,High Gap,0.4,"{'has_supply': True, 'has_current_demand': False, 'has_future_demand': False}"
wardha,,welder under dual system training,20.0,,0.17,50.0,,49.83,,49.9,High Gap,0.4,"{'has_supply': True, 'has_current_demand': False, 'has_future_demand': False}"
wardha,,wireman,160.0,,6.14,50.0,,43.86,,46.49,High Gap,0.4,"{'has_supply': True, 'has_current_demand': False, 'has_future_demand': False}"
wardha,,wood work technician,48.0,,1.37,50.0,,48.63,,49.22,High Gap,0.4,"{'has_supply': True, 'has_current_demand': False, 'has_future_demand': False}"
washim,,computer operator and programming assistant,168.0,,6.48,50.0,,43.52,,46.3,High Gap,0.4,"{'has_supply': True, 'has_current_demand': False, 'has_future_demand': False}"
washim,,cosmetology,72.0,,2.39,50.0,,47.61,,48.63,High Gap,0.4,"{'has_supply': True, 'has_current_demand': False, 'has_future_demand': False}"
washim,,dress making,80.0,,2.73,50.0,,47.27,,48.44,High Gap,0.4,"{'has_supply': True, 'has_current_demand': False, 'has_future_demand': False}"
washim,,electrician,140.0,,5.29,50.0,,44.71,,46.98,High Gap,0.4,"{'has_supply': True, 'has_current_demand': False, 'has_future_demand': False}"
washim,,electronics mechanic,48.0,,1.37,50.0,,48.63,,49.22,High Gap,0.4,"{'has_supply': True, 'has_current_demand': False, 'has_future_demand': False}"
washim,,fashion design and technology,20.0,,0.17,50.0,,49.83,,49.9,High Gap,0.4,"{'has_supply': True, 'has_current_demand': False, 'has_future_demand': False}"
washim,,fitter,160.0,,6.14,50.0,,43.86,,46.49,High Gap,0.4,"{'has_supply': True, 'has_current_demand': False, 'has_future_demand': False}"
washim,,food production (general),24.0,,0.34,50.0,,49.66,,49.81,High Gap,0.4,"{'has_supply': True, 'has_current_demand': False, 'has_future_demand': False}"
washim,,mechanic auto electrical and electronics,40.0,,1.02,50.0,,48.98,,49.42,High Gap,0.4,"{'has_supply': True, 'has_current_demand': False, 'has_future_demand': False}"
washim,,mechanic diesel,144.0,,5.46,50.0,,44.54,,46.88,High Gap,0.4,"{'has_supply': True, 'has_current_demand': False, 'has_future_demand': False}"
washim,,mechanic motor vehicle,96.0,,3.41,50.0,,46.59,,48.05,High Gap,0.4,"{'has_supply': True, 'has_current_demand': False, 'has_future_demand': False}"
washim,,plumber,48.0,,1.37,50.0,,48.63,,49.22,High Gap,0.4,"{'has_supply': True, 'has_current_demand': False, 'has_future_demand': False}"
washim,,refrigeration and air conditioner technician,24.0,,0.34,50.0,,49.66,,49.81,High Gap,0.4,"{'has_supply': True, 'has_current_demand': False, 'has_future_demand': False}"
washim,,sewing technology,20.0,,0.17,50.0,,49.83,,49.9,High Gap,0.4,"{'has_supply': True, 'has_current_demand': False, 'has_future_demand': False}"
washim,,sheet metal worker,20.0,,0.17,50.0,,49.83,,49.9,High Gap,0.4,"{'has_supply': True, 'has_current_demand': False, 'has_future_demand': False}"
washim,,solar technician (electrical),80.0,,2.73,50.0,,47.27,,48.44,High Gap,0.4,"{'has_supply': True, 'has_current_demand': False, 'has_future_demand': False}"
washim,,welder,280.0,,11.26,50.0,,38.74,,43.57,High Gap,0.4,"{'has_supply': True, 'has_current_demand': False, 'has_future_demand': False}"
washim,,wireman,80.0,,2.73,50.0,,47.27,,48.44,High Gap,0.4,"{'has_supply': True, 'has_current_demand': False, 'has_future_demand': False}"
washim,,wood work technician,96.0,,3.41,50.0,,46.59,,48.05,High Gap,0.4,"{'has_supply': True, 'has_current_demand': False, 'has_future_demand': False}"
yavatmal,,baker and confectioner,24.0,,0.34,50.0,,49.66,,49.81,High Gap,0.4,"{'has_supply': True, 'has_current_demand': False, 'has_future_demand': False}"
yavatmal,,computer hardware and network maintenance,48.0,,1.37,50.0,,48.63,,49.22,High Gap,0.4,"{'has_supply': True, 'has_current_demand': False, 'has_future_demand': False}"
yavatmal,,computer operator and programming assistant,432.0,,17.75,50.0,,32.25,,39.86,High Gap,0.4,"{'has_supply': True, 'has_current_demand': False, 'has_future_demand': False}"
yavatmal,,cosmetology,360.0,,14.68,50.0,,35.32,,41.61,High Gap,0.4,"{'has_supply': True, 'has_current_demand': False, 'has_future_demand': False}"
yavatmal,,draughtsman civil,48.0,,1.37,50.0,,48.63,,49.22,High Gap,0.4,"{'has_supply': True, 'has_current_demand': False, 'has_future_demand': False}"
yavatmal,,dress making,320.0,,12.97,50.0,,37.03,,42.59,High Gap,0.4,"{'has_supply': True, 'has_current_demand': False, 'has_future_demand': False}"
yavatmal,,electrician,420.0,,17.24,50.0,,32.76,,40.15,High Gap,0.4,"{'has_supply': True, 'has_current_demand': False, 'has_future_demand': False}"
yavatmal,,electronics mechanic,96.0,,3.41,50.0,,46.59,,48.05,High Gap,0.4,"{'has_supply': True, 'has_current_demand': False, 'has_future_demand': False}"
yavatmal,,fashion design and technology,60.0,,1.88,50.0,,48.12,,48.93,High Gap,0.4,"{'has_supply': True, 'has_current_demand': False, 'has_future_demand': False}"
yavatmal,,fitter,420.0,,17.24,50.0,,32.76,,40.15,High Gap,0.4,"{'has_supply': True, 'has_current_demand': False, 'has_future_demand': False}"
yavatmal,,information and communication technology system maintenance,120.0,,4.44,50.0,,45.56,,47.46,High Gap,0.4,"{'has_supply': True, 'has_current_demand': False, 'has_future_demand': False}"
yavatmal,,interior design and decoration,24.0,,0.34,50.0,,49.66,,49.81,High Gap,0.4,"{'has_supply': True, 'has_current_demand': False, 'has_future_demand': False}"
yavatmal,,machinist,40.0,,1.02,50.0,,48.98,,49.42,High Gap,0.4,"{'has_supply': True, 'has_current_demand': False, 'has_future_demand': False}"
yavatmal,,mechanic auto electrical and electronics,60.0,,1.88,50.0,,48.12,,48.93,High Gap,0.4,"{'has_supply': True, 'has_current_demand': False, 'has_future_demand': False}"
yavatmal,,mechanic consumer electronic appliances,24.0,,0.34,50.0,,49.66,,49.81,High Gap,0.4,"{'has_supply': True, 'has_current_demand': False, 'has_future_demand': False}"
yavatmal,,mechanic diesel,264.0,,10.58,50.0,,39.42,,43.95,High Gap,0.4,"{'has_supply': True, 'has_current_demand': False, 'has_future_demand': False}"
yavatmal,,mechanic diesel under dual system training,48.0,,1.37,50.0,,48.63,,49.22,High Gap,0.4,"{'has_supply': True, 'has_current_demand': False, 'has_future_demand': False}"
yavatmal,,mechanic motor vehicle,288.0,,11.6,50.0,,38.4,,43.37,High Gap,0.4,"{'has_supply': True, 'has_current_demand': False, 'has_future_demand': False}"
yavatmal,,mechanic motor vehicle under dual system training,24.0,,0.34,50.0,,49.66,,49.81,High Gap,0.4,"{'has_supply': True, 'has_current_demand': False, 'has_future_demand': False}"
yavatmal,,mechanic tractor,80.0,,2.73,50.0,,47.27,,48.44,High Gap,0.4,"{'has_supply': True, 'has_current_demand': False, 'has_future_demand': False}"
yavatmal,,"multimedia, animation and special effects",24.0,,0.34,50.0,,49.66,,49.81,High Gap,0.4,"{'has_supply': True, 'has_current_demand': False, 'has_future_demand': False}"
yavatmal,,painter general,20.0,,0.17,50.0,,49.83,,49.9,High Gap,0.4,"{'has_supply': True, 'has_current_demand': False, 'has_future_demand': False}"
yavatmal,,plumber,72.0,,2.39,50.0,,47.61,,48.63,High Gap,0.4,"{'has_supply': True, 'has_current_demand': False, 'has_future_demand': False}"
yavatmal,,pump operator cum mechanic,60.0,,1.88,50.0,,48.12,,48.93,High Gap,0.4,"{'has_supply': True, 'has_current_demand': False, 'has_future_demand': False}"
yavatmal,,refrigeration and air conditioner technician,24.0,,0.34,50.0,,49.66,,49.81,High Gap,0.4,"{'has_supply': True, 'has_current_demand': False, 'has_future_demand': False}"
yavatmal,,secretarial practice (english),24.0,,0.34,50.0,,49.66,,49.81,High Gap,0.4,"{'has_supply': True, 'has_current_demand': False, 'has_future_demand': False}"
yavatmal,,sewing technology,100.0,,3.58,50.0,,46.42,,47.95,High Gap,0.4,"{'has_supply': True, 'has_current_demand': False, 'has_future_demand': False}"
yavatmal,,sheet metal worker,20.0,,0.17,50.0,,49.83,,49.9,High Gap,0.4,"{'has_supply': True, 'has_current_demand': False, 'has_future_demand': False}"
yavatmal,,solar technician (electrical),180.0,,7.0,50.0,,43.0,,46.0,High Gap,0.4,"{'has_supply': True, 'has_current_demand': False, 'has_future_demand': False}"
yavatmal,,spinning technician,20.0,,0.17,50.0,,49.83,,49.9,High Gap,0.4,"{'has_supply': True, 'has_current_demand': False, 'has_future_demand': False}"
yavatmal,,surveyor,48.0,,1.37,50.0,,48.63,,49.22,High Gap,0.4,"{'has_supply': True, 'has_current_demand': False, 'has_future_demand': False}"
yavatmal,,textile wet processing technician,20.0,,0.17,50.0,,49.83,,49.9,High Gap,0.4,"{'has_supply': True, 'has_current_demand': False, 'has_future_demand': False}"
yavatmal,,turner,40.0,,1.02,50.0,,48.98,,49.42,High Gap,0.4,"{'has_supply': True, 'has_current_demand': False, 'has_future_demand': False}"
yavatmal,,weaving technician,24.0,,0.34,50.0,,49.66,,49.81,High Gap,0.4,"{'has_supply': True, 'has_current_demand': False, 'has_future_demand': False}"
yavatmal,,welder,540.0,,22.35,50.0,,27.65,,37.23,Moderate Gap,0.4,"{'has_supply': True, 'has_current_demand': False, 'has_future_demand': False}"
yavatmal,,welder under dual system training,20.0,,0.17,50.0,,49.83,,49.9,High Gap,0.4,"{'has_supply': True, 'has_current_demand': False, 'has_future_demand': False}"
yavatmal,,wireman,260.0,,10.41,50.0,,39.59,,44.05,High Gap,0.4,"{'has_supply': True, 'has_current_demand': False, 'has_future_demand': False}"
yavatmal,,wood work technician,72.0,,2.39,50.0,,47.61,,48.63,High Gap,0.4,"{'has_supply': True, 'has_current_demand': False, 'has_future_demand': False}"
