industry_skill,job_count,demand_percentage,gap_status,matched_curriculum_skill,colleges,courses
Sales,2045,8.4809,confirmed_gap,,,
SQL,1674,6.9423,partial/semantic_match,Sql,University of Mumbai,MDC401 Multidisciplinary minor 20 20 40 60 2 -- -- 100
Customer Service,1596,6.6188,confirmed_gap,,,
Python,1349,5.5945,present,Python,"Nashik University, University of Mumbai, Savitribai Phule Pune University","MDC401 Multidisciplinary minor 20 20 40 60 2 -- -- 100, Unknown"
Project Management,1224,5.0761,confirmed_gap,,,
Management,1148,4.7609,confirmed_gap,,,
Java,1074,4.454,present,Java,"University of Mumbai, Savitribai Phule Pune University","Unknown, MDC401 Multidisciplinary minor 20 20 40 60 2 -- -- 100"
Development,899,3.7283,confirmed_gap,,,
Css,894,3.7075,confirmed_gap,,,
Business Development,831,3.4463,confirmed_gap,,,
C#,762,3.1601,confirmed_gap,,,
Sap,667,2.7661,confirmed_gap,,,
Javascript,653,2.7081,confirmed_gap,,,
Accounting,621,2.5754,confirmed_gap,,,
Communication Skills,616,2.5546,confirmed_gap,,,
Agile,608,2.5215,confirmed_gap,,,
Automation,592,2.4551,confirmed_gap,,,
SAP,550,2.2809,confirmed_gap,,,
Analytical,548,2.2726,confirmed_gap,,,
Troubleshooting,546,2.2643,confirmed_gap,,,
Team Management,532,2.2063,confirmed_gap,,,
Marketing,528,2.1897,confirmed_gap,,,
Oracle,520,2.1565,confirmed_gap,,,
C++,493,2.0445,confirmed_gap,,,
Operations,462,1.916,confirmed_gap,,,
Rest,461,1.9118,confirmed_gap,,,
Networking,453,1.8787,partial/semantic_match,Network,University of Mumbai,MDC401 Multidisciplinary minor 20 20 40 60 2 -- -- 100
BPO,448,1.8579,confirmed_gap,,,
Finance,444,1.8413,confirmed_gap,,,
Voice Process,416,1.7252,confirmed_gap,,,
Market Research,415,1.7211,confirmed_gap,,,
Digital Marketing,402,1.6672,confirmed_gap,,,
English,399,1.6547,confirmed_gap,,,
Recruitment,398,1.6506,confirmed_gap,,,
Training,397,1.6464,confirmed_gap,,,
Spring Boot,393,1.6298,confirmed_gap,,,
Customer Support,390,1.6174,confirmed_gap,,,
Microservices,389,1.6132,confirmed_gap,,,
Consulting,387,1.6049,confirmed_gap,,,
Content Writing,379,1.5718,confirmed_gap,,,
Data Analysis,367,1.522,confirmed_gap,,,
Continuous Integration,361,1.4971,confirmed_gap,,,
Software Testing,358,1.4847,confirmed_gap,,,
.NET,357,1.4805,confirmed_gap,,,
Kubernetes,348,1.4432,confirmed_gap,,,
Lead Generation,343,1.4225,confirmed_gap,,,
Stress Analysis,328,1.3603,confirmed_gap,,,
Documentation,327,1.3561,confirmed_gap,,,
Moderation,322,1.3354,confirmed_gap,,,
Web Services,321,1.3312,confirmed_gap,,,
B2B Sales,316,1.3105,confirmed_gap,,,
Application Development,316,1.3105,confirmed_gap,,,
Customer Care,314,1.3022,confirmed_gap,,,
Hibernate,313,1.2981,confirmed_gap,,,
Excel,312,1.2939,confirmed_gap,,,
Software Development,311,1.2898,confirmed_gap,,,
Compliance,308,1.2773,confirmed_gap,,,
Data,305,1.2649,confirmed_gap,,,
Team Handling,295,1.2234,confirmed_gap,,,
Microsoft Azure,295,1.2234,confirmed_gap,,,
AutoCAD,290,1.2027,confirmed_gap,,,
Telesales,289,1.1985,confirmed_gap,,,
Non Voice Process,288,1.1944,confirmed_gap,,,
Business Analysis,278,1.1529,confirmed_gap,,,
Procurement,276,1.1446,confirmed_gap,,,
Project management,275,1.1405,confirmed_gap,,,
ERP,269,1.1156,confirmed_gap,,,
Production,263,1.0907,confirmed_gap,,,
AWS,260,1.0783,confirmed_gap,,,
Relationship,260,1.0783,confirmed_gap,,,
Administration,254,1.0534,confirmed_gap,,,
Spring,252,1.0451,confirmed_gap,,,
Risk Management,250,1.0368,confirmed_gap,,,
Screening,248,1.0285,confirmed_gap,,,
Presentation Skills,245,1.016,confirmed_gap,,,
React.Js,244,1.0119,confirmed_gap,,,
Devops,243,1.0078,confirmed_gap,,,
Operations Management,238,0.987,confirmed_gap,,,
Linux,237,0.9829,present,Linux,"Nashik University, University of Mumbai, Savitribai Phule Pune University","MDC401 Multidisciplinary minor 20 20 40 60 2 -- -- 100, Unknown"
Automation Testing,235,0.9746,confirmed_gap,,,
Telecalling,232,0.9621,confirmed_gap,,,
Ci/Cd,232,0.9621,confirmed_gap,,,
Engineering,226,0.9373,confirmed_gap,,,
Computer science,225,0.9331,confirmed_gap,,,
Customer service,223,0.9248,confirmed_gap,,,
Full Stack,223,0.9248,confirmed_gap,,,
Root Cause Analysis,222,0.9207,confirmed_gap,,,
International Voice Process,221,0.9165,confirmed_gap,,,
Channel Sales,220,0.9124,confirmed_gap,,,
Architecture,219,0.9082,confirmed_gap,,,
Angular,218,0.9041,confirmed_gap,,,
Financial Analysis,217,0.8999,confirmed_gap,,,
Customer Relationship,213,0.8833,confirmed_gap,,,
Hr Generalist Activities,210,0.8709,confirmed_gap,,,
Marathi,209,0.8668,confirmed_gap,,,
Hiring,209,0.8668,confirmed_gap,,,
Teaching,208,0.8626,confirmed_gap,,,
Design,207,0.8585,confirmed_gap,,,
Auditing,205,0.8502,confirmed_gap,,,
Inbound Process,205,0.8502,confirmed_gap,,,
Calling,204,0.846,confirmed_gap,,,
Cloud,204,0.846,confirmed_gap,,,
Accounts Receivable,204,0.846,confirmed_gap,,,
Hindi,203,0.8419,confirmed_gap,,,
Banking,203,0.8419,confirmed_gap,,,
Accounts Payable,202,0.8377,confirmed_gap,,,
Docker,202,0.8377,confirmed_gap,,,
Process,202,0.8377,confirmed_gap,,,
Service Operations,201,0.8336,confirmed_gap,,,
Artificial Intelligence,199,0.8253,confirmed_gap,,,
Debugging,198,0.8211,confirmed_gap,,,
Field Sales,197,0.817,confirmed_gap,,,
Content Management,195,0.8087,confirmed_gap,,,
Senior,195,0.8087,confirmed_gap,,,
Creative Writing,194,0.8045,confirmed_gap,,,
Quality Control,193,0.8004,confirmed_gap,,,
Negotiation,192,0.7963,confirmed_gap,,,
Power Bi,191,0.7921,confirmed_gap,,,
Machine Learning,188,0.7797,confirmed_gap,,,
Monitoring,187,0.7755,confirmed_gap,,,
Joining Formalities,187,0.7755,confirmed_gap,,,
Coding,186,0.7714,confirmed_gap,,,
Application Design,185,0.7672,confirmed_gap,,,
Aws,185,0.7672,confirmed_gap,,,
TDS,184,0.7631,confirmed_gap,,,
Sap Hana,184,0.7631,confirmed_gap,,,
Development Methodologies,184,0.7631,confirmed_gap,,,
Forecasting,184,0.7631,confirmed_gap,,,
Cold Calling,183,0.7589,confirmed_gap,,,
Healthcare,182,0.7548,confirmed_gap,,,
Hrsd,178,0.7382,confirmed_gap,,,
MS Office,177,0.734,confirmed_gap,,,
Sourcing,176,0.7299,confirmed_gap,,,
Html,173,0.7175,confirmed_gap,,,
Talent Acquisition,172,0.7133,confirmed_gap,,,
MIS,172,0.7133,confirmed_gap,,,
Insurance,171,0.7092,confirmed_gap,,,
HTML,168,0.6967,confirmed_gap,,,
Gst,167,0.6926,confirmed_gap,,,
Selenium,166,0.6884,confirmed_gap,,,
Tally,165,0.6843,confirmed_gap,,,
Billing,164,0.6801,confirmed_gap,,,
Software,164,0.6801,confirmed_gap,,,
Design Principles,162,0.6718,confirmed_gap,,,
Taxation,162,0.6718,confirmed_gap,,,
Life Insurance,161,0.6677,confirmed_gap,,,
Vendor Management,161,0.6677,confirmed_gap,,,
GCP,159,0.6594,confirmed_gap,,,
Manager Technology,157,0.6511,confirmed_gap,,,
Project,154,0.6387,confirmed_gap,,,
Data Modeling,154,0.6387,confirmed_gap,,,
Payroll,151,0.6262,confirmed_gap,,,
Business Process Outsourcing,151,0.6262,confirmed_gap,,,
B2C Sales,148,0.6138,confirmed_gap,,,
Backend,148,0.6138,confirmed_gap,,,
Inside Sales,147,0.6096,confirmed_gap,,,
Analytics,147,0.6096,confirmed_gap,,,
Reconciliation,147,0.6096,confirmed_gap,,,
Purchase,146,0.6055,confirmed_gap,,,
Sales And Marketing,146,0.6055,confirmed_gap,,,
Planning,146,0.6055,confirmed_gap,,,
ISO,145,0.6013,confirmed_gap,,,
Data Warehousing,144,0.5972,confirmed_gap,,,
Logistics,144,0.5972,confirmed_gap,,,
Leadership,143,0.593,confirmed_gap,,,
Retail Sales,143,0.593,confirmed_gap,,,
Azure,143,0.593,confirmed_gap,,,
Research,143,0.593,confirmed_gap,,,
Stakeholder Management,143,0.593,confirmed_gap,,,
Budgeting,143,0.593,confirmed_gap,,,
Node.js,142,0.5889,confirmed_gap,,,
Insurance Sales,142,0.5889,confirmed_gap,,,
Continuous improvement,141,0.5847,confirmed_gap,,,
Data analysis,140,0.5806,confirmed_gap,,,
Program Management,140,0.5806,confirmed_gap,,,
Investment Banking,140,0.5806,confirmed_gap,,,
Erp,139,0.5765,confirmed_gap,,,
Retail,139,0.5765,confirmed_gap,,,
Fabrication,138,0.5723,confirmed_gap,,,
Bpo Customer Service,138,0.5723,confirmed_gap,,,
Salesforce,138,0.5723,confirmed_gap,,,
Outbound Process,138,0.5723,confirmed_gap,,,
Data Analytics,138,0.5723,confirmed_gap,,,
Hospitality,137,0.5682,confirmed_gap,,,
Relationship Management,137,0.5682,confirmed_gap,,,
Communication skills,137,0.5682,confirmed_gap,,,
Client Acquisition,135,0.5599,confirmed_gap,,,
Technical,135,0.5599,confirmed_gap,,,
Analysis,134,0.5557,confirmed_gap,,,
Microsoft,133,0.5516,confirmed_gap,,,
Boot,133,0.5516,confirmed_gap,,,
Supply chain,133,0.5516,confirmed_gap,,,
It Services,133,0.5516,confirmed_gap,,,
Assistance,133,0.5516,confirmed_gap,,,
B2B,132,0.5474,confirmed_gap,,,
Technical Support,131,0.5433,confirmed_gap,,,
Hive,130,0.5391,confirmed_gap,,,
Data Management,130,0.5391,confirmed_gap,,,
Coordination,130,0.5391,confirmed_gap,,,
International BPO,129,0.535,confirmed_gap,,,
Tally ERP,129,0.535,confirmed_gap,,,
Supply Chain,129,0.535,confirmed_gap,,,
API,129,0.535,confirmed_gap,,,
Risk management,128,0.5308,confirmed_gap,,,
Bootstrap,128,0.5308,confirmed_gap,,,
Servicenow,128,0.5308,confirmed_gap,,,
Photoshop,128,0.5308,confirmed_gap,,,
Manual Testing,127,0.5267,confirmed_gap,,,
Quality,127,0.5267,confirmed_gap,,,
Corporate,127,0.5267,confirmed_gap,,,
Scrum,126,0.5225,confirmed_gap,,,
Voice,126,0.5225,confirmed_gap,,,
Pyspark,126,0.5225,confirmed_gap,,,
Direct Sales,126,0.5225,confirmed_gap,,,
Maintenance,125,0.5184,confirmed_gap,,,
MySQL,125,0.5184,confirmed_gap,,,
Pharmaceutical,124,0.5142,confirmed_gap,,,
Software testing,123,0.5101,confirmed_gap,,,
Dbms,122,0.506,confirmed_gap,,,
GIT,122,0.506,confirmed_gap,,,
Relationship management,122,0.506,confirmed_gap,,,
Usage,122,0.506,confirmed_gap,,,
Convincing Power,122,0.506,confirmed_gap,,,
Acquisition,121,0.5018,confirmed_gap,,,
Target Achievement,120,0.4977,confirmed_gap,,,
Data management,120,0.4977,confirmed_gap,,,
Jsp,120,0.4977,confirmed_gap,,,
Bpo Voice,119,0.4935,confirmed_gap,,,
Git,119,0.4935,confirmed_gap,,,
Handling,118,0.4894,confirmed_gap,,,
Postgresql,117,0.4852,confirmed_gap,,,
Performance Tuning,117,0.4852,confirmed_gap,,,
Cross Selling,116,0.4811,confirmed_gap,,,
Reporting,116,0.4811,confirmed_gap,,,
Inbound Calls,116,0.4811,confirmed_gap,,,
J2Ee,114,0.4728,confirmed_gap,,,
Presales,113,0.4686,confirmed_gap,,,
Kafka,113,0.4686,confirmed_gap,,,
Change management,113,0.4686,confirmed_gap,,,
Quality Assurance,113,0.4686,confirmed_gap,,,
Problem Solving,112,0.4645,confirmed_gap,,,
Construction,112,0.4645,confirmed_gap,,,
Customer Handling,112,0.4645,confirmed_gap,,,
Product management,111,0.4603,confirmed_gap,,,
Scheduling,110,0.4562,confirmed_gap,,,
Github,110,0.4562,confirmed_gap,,,
Net Core,109,0.452,confirmed_gap,,,
Unix,109,0.452,confirmed_gap,,,
Client Relationship Management,109,0.452,confirmed_gap,,,
Office,109,0.452,confirmed_gap,,,
End To End Recruitment,108,0.4479,confirmed_gap,,,
Snowflake,108,0.4479,confirmed_gap,,,
Cyber Security,107,0.4437,confirmed_gap,,,
Generation,107,0.4437,confirmed_gap,,,
Algorithms,107,0.4437,present,Algorithms,"Nashik University, University of Mumbai, Savitribai Phule Pune University","MDC401 Multidisciplinary minor 20 20 40 60 2 -- -- 100, Unknown"
Inventory Management,107,0.4437,confirmed_gap,,,
Software Development Life Cycle,106,0.4396,confirmed_gap,,,
Inbound,106,0.4396,confirmed_gap,,,
Java Development,106,0.4396,confirmed_gap,,,
Fluent English,105,0.4354,confirmed_gap,,,
Natural Language Processing,105,0.4354,confirmed_gap,,,
International Call Center,105,0.4354,confirmed_gap,,,
ETL,104,0.4313,confirmed_gap,,,
Database Management,104,0.4313,confirmed_gap,,,
Technical Leadership,104,0.4313,confirmed_gap,,,
HR,103,0.4272,confirmed_gap,,,
Legal,103,0.4272,confirmed_gap,,,
Voice Support,103,0.4272,confirmed_gap,,,
Corporate Sales,102,0.423,confirmed_gap,,,
Advanced Excel,101,0.4189,confirmed_gap,,,
Focus,101,0.4189,confirmed_gap,,,
Solving Queries,100,0.4147,confirmed_gap,,,
Social media,100,0.4147,confirmed_gap,,,
Real Estate Sales,100,0.4147,confirmed_gap,,,
International Bpo,100,0.4147,confirmed_gap,,,
PyTorch,100,0.4147,confirmed_gap,,,
Sheet Metal,99,0.4106,confirmed_gap,,,
Mechanical,98,0.4064,confirmed_gap,,,
Data Engineering,98,0.4064,confirmed_gap,,,
Distribution,98,0.4064,confirmed_gap,,,
Counselling,98,0.4064,confirmed_gap,,,
Heavy Fabrication,98,0.4064,confirmed_gap,,,
Blended Process,98,0.4064,confirmed_gap,,,
Process improvement,98,0.4064,confirmed_gap,,,
CRM,97,0.4023,confirmed_gap,,,
Outbound,97,0.4023,confirmed_gap,,,
Assurance,97,0.4023,confirmed_gap,,,
Revenue Generation,96,0.3981,confirmed_gap,,,
Real Estate,96,0.3981,confirmed_gap,,,
Internal Audit,95,0.394,confirmed_gap,,,
Team management,94,0.3898,confirmed_gap,,,
Employee Relations,94,0.3898,confirmed_gap,,,
Management Skills,94,0.3898,confirmed_gap,,,
Sales Management,94,0.3898,confirmed_gap,,,
Stakeholder management,93,0.3857,confirmed_gap,,,
Financial services,93,0.3857,confirmed_gap,,,
Manager Quality Assurance,93,0.3857,confirmed_gap,,,
US Process,93,0.3857,confirmed_gap,,,
Interpersonal skills,93,0.3857,confirmed_gap,,,
Team,93,0.3857,confirmed_gap,,,
JIRA,93,0.3857,confirmed_gap,,,
CAD,93,0.3857,confirmed_gap,,,
Outbound Calling,92,0.3815,confirmed_gap,,,
Risk Assessment,92,0.3815,confirmed_gap,,,
Regression Testing,91,0.3774,confirmed_gap,,,
Front end,91,0.3774,confirmed_gap,,,
Inbound Customer Service,91,0.3774,confirmed_gap,,,
MVC,91,0.3774,confirmed_gap,,,
Packaging,91,0.3774,confirmed_gap,,,
Etl,91,0.3774,confirmed_gap,,,
Cse,90,0.3732,confirmed_gap,,,
Workflow,90,0.3732,confirmed_gap,,,
Sap Abap,90,0.3732,confirmed_gap,,,
Welding,90,0.3732,confirmed_gap,,,
SEO,89,0.3691,confirmed_gap,,,
Costing,89,0.3691,confirmed_gap,,,
Claims,88,0.3649,confirmed_gap,,,
Interpersonal Skills,88,0.3649,confirmed_gap,,,
Regulatory,88,0.3649,confirmed_gap,,,
Control,88,0.3649,confirmed_gap,,,
Payments,88,0.3649,confirmed_gap,,,
Customer satisfaction,88,0.3649,confirmed_gap,,,
Customer Complaints,87,0.3608,confirmed_gap,,,
Sap Abap Development,87,0.3608,confirmed_gap,,,
Business Loan,86,0.3567,confirmed_gap,,,
Business development,85,0.3525,confirmed_gap,,,
Sap S Hana,85,0.3525,confirmed_gap,,,
Chat Process,84,0.3484,confirmed_gap,,,
Terraform,84,0.3484,confirmed_gap,,,
Warehouse,84,0.3484,confirmed_gap,,,
Statutory Compliance,84,0.3484,confirmed_gap,,,
Agile Methodology,84,0.3484,confirmed_gap,,,
Content Editing,84,0.3484,confirmed_gap,,,
Cross Sales,84,0.3484,confirmed_gap,,,
Electricals,83,0.3442,confirmed_gap,,,
Banking Process,83,0.3442,confirmed_gap,,,
Google Analytics,83,0.3442,confirmed_gap,,,
C,83,0.3442,confirmed_gap,,,
International,83,0.3442,confirmed_gap,,,
Tableau,82,0.3401,confirmed_gap,,,
Typescript,82,0.3401,confirmed_gap,,,
MongoDB,82,0.3401,confirmed_gap,,,
Android,82,0.3401,confirmed_gap,,,
Bank Reconciliation,82,0.3401,confirmed_gap,,,
Aml,82,0.3401,confirmed_gap,,,
Machining,82,0.3401,confirmed_gap,,,
Medical Writing,82,0.3401,confirmed_gap,,,
Crm,81,0.3359,confirmed_gap,,,
Lead generation,81,0.3359,confirmed_gap,,,
Automotive,81,0.3359,confirmed_gap,,,
Housekeeping,81,0.3359,confirmed_gap,,,
Jenkins,81,0.3359,confirmed_gap,,,
Auto,80,0.3318,confirmed_gap,,,
Jquery,80,0.3318,confirmed_gap,,,
Bi,80,0.3318,confirmed_gap,,,
Automobile,80,0.3318,confirmed_gap,,,
Trade,79,0.3276,confirmed_gap,,,
SR,79,0.3276,confirmed_gap,,,
Data Science,79,0.3276,confirmed_gap,,,
Solid Works,79,0.3276,confirmed_gap,,,
Quality Audit,79,0.3276,confirmed_gap,,,
Programming,78,0.3235,confirmed_gap,,,
Mechanical Engineering,78,0.3235,confirmed_gap,,,
Financial Services,78,0.3235,confirmed_gap,,,
Illustrator,77,0.3193,confirmed_gap,,,
Test Cases,77,0.3193,confirmed_gap,,,
Bfsi,77,0.3193,confirmed_gap,,,
Sales management,77,0.3193,confirmed_gap,,,
Front Desk,77,0.3193,confirmed_gap,,,
Windows,77,0.3193,confirmed_gap,,,
Mutual Funds,76,0.3152,confirmed_gap,,,
Collections,76,0.3152,confirmed_gap,,,
Balance Sheet,76,0.3152,confirmed_gap,,,
HR Operations,76,0.3152,confirmed_gap,,,
Manufacturing,76,0.3152,confirmed_gap,,,
Ux,75,0.311,confirmed_gap,,,
ASP.Net,75,0.311,confirmed_gap,,,
Agency Channel,75,0.311,confirmed_gap,,,
Editing,75,0.311,confirmed_gap,,,
Autocad,75,0.311,confirmed_gap,,,
Process Improvement,73,0.3027,confirmed_gap,,,
Information technology,73,0.3027,confirmed_gap,,,
Capital Market,73,0.3027,confirmed_gap,,,
Loans,73,0.3027,confirmed_gap,,,
Import,73,0.3027,confirmed_gap,,,
Data Entry,73,0.3027,confirmed_gap,,,
Branch banking,73,0.3027,confirmed_gap,,,
Data Integration,73,0.3027,confirmed_gap,,,
Education,73,0.3027,confirmed_gap,,,
Application,73,0.3027,confirmed_gap,,,
Inbound Sales,73,0.3027,confirmed_gap,,,
Configuration,73,0.3027,confirmed_gap,,,
Middleware,72,0.2986,confirmed_gap,,,
Logistics Management,72,0.2986,confirmed_gap,,,
Pharma,72,0.2986,confirmed_gap,,,
Outbound Sales,72,0.2986,confirmed_gap,,,
Maven,72,0.2986,confirmed_gap,,,
Integration,72,0.2986,confirmed_gap,,,
SAP FICO,72,0.2986,confirmed_gap,,,
Azure Cloud,71,0.2944,confirmed_gap,,,
Bfsi Sales,71,0.2944,confirmed_gap,,,
Service Management,70,0.2903,confirmed_gap,,,
Sas,70,0.2903,confirmed_gap,,,
Good English Communication,70,0.2903,confirmed_gap,,,
Sales Strategy,70,0.2903,confirmed_gap,,,
Pharmacovigilance,70,0.2903,confirmed_gap,,,
Spark,70,0.2903,confirmed_gap,,,
Tensorflow,70,0.2903,confirmed_gap,,,
Banking Operations,70,0.2903,confirmed_gap,,,
CMMI,69,0.2862,confirmed_gap,,,
Switching,69,0.2862,confirmed_gap,,,
Electrical Engineering,69,0.2862,confirmed_gap,,,
Production Planning,69,0.2862,confirmed_gap,,,
Financial Reporting,69,0.2862,confirmed_gap,,,
Loan Sales,69,0.2862,confirmed_gap,,,
Analytical skills,69,0.2862,confirmed_gap,,,
Field,68,0.282,confirmed_gap,,,
Ansible,68,0.282,confirmed_gap,,,
QMS,68,0.282,confirmed_gap,,,
Home Loans,68,0.282,confirmed_gap,,,
CSS,68,0.282,confirmed_gap,,,
Staffing,68,0.282,confirmed_gap,,,
Sales Process,68,0.282,confirmed_gap,,,
Property Sales,68,0.282,confirmed_gap,,,
IATF,68,0.282,confirmed_gap,,,
Business Strategy,68,0.282,confirmed_gap,,,
Risk,68,0.282,confirmed_gap,,,
Personal Loans,68,0.282,confirmed_gap,,,
Operational excellence,67,0.2779,confirmed_gap,,,
Excellent Communication In English,67,0.2779,confirmed_gap,,,
Drawing,67,0.2779,confirmed_gap,,,
Relationship building,67,0.2779,confirmed_gap,,,
PLC,67,0.2779,confirmed_gap,,,
Inbound Voice Process,67,0.2779,confirmed_gap,,,
Admission Counselling,67,0.2779,confirmed_gap,,,
Unit Testing,67,0.2779,confirmed_gap,,,
Web technologies,67,0.2779,confirmed_gap,,,
Digital,67,0.2779,confirmed_gap,,,
Core,67,0.2779,confirmed_gap,,,
Transformers,66,0.2737,confirmed_gap,,,
Performance management,66,0.2737,confirmed_gap,,,
Portfolio Management,66,0.2737,confirmed_gap,,,
Sketchup,66,0.2737,confirmed_gap,,,
Design Patterns,65,0.2696,confirmed_gap,,,
Content Creation,65,0.2696,confirmed_gap,,,
Application Software,65,0.2696,confirmed_gap,,,
Scala,65,0.2696,confirmed_gap,,,
Redux,65,0.2696,confirmed_gap,,,
Fresher,65,0.2696,confirmed_gap,,,
Itil,65,0.2696,confirmed_gap,,,
Performance tuning,65,0.2696,confirmed_gap,,,
Performance Testing,65,0.2696,confirmed_gap,,,
Customer experience,64,0.2654,confirmed_gap,,,
Change Management,64,0.2654,confirmed_gap,,,
Pan,64,0.2654,confirmed_gap,,,
Training And Development,64,0.2654,confirmed_gap,,,
Azure Devops,64,0.2654,confirmed_gap,,,
Installation,64,0.2654,confirmed_gap,,,
New Client Acquisition,64,0.2654,confirmed_gap,,,
Inspection,64,0.2654,confirmed_gap,,,
Civil,64,0.2654,confirmed_gap,,,
Back Office,64,0.2654,confirmed_gap,,,
Design Engineering,64,0.2654,confirmed_gap,,,
Ado.Net,64,0.2654,confirmed_gap,,,
HVAC,64,0.2654,confirmed_gap,,,
Data modeling,64,0.2654,confirmed_gap,,,
IT services,63,0.2613,confirmed_gap,,,
Machine,63,0.2613,confirmed_gap,,,
Client Servicing,63,0.2613,confirmed_gap,,,
Plastic,63,0.2613,confirmed_gap,,,
Writing,62,0.2571,confirmed_gap,,,
Application development,62,0.2571,confirmed_gap,,,
Video Editing,62,0.2571,confirmed_gap,,,
Sales Executive Activities,62,0.2571,confirmed_gap,,,
Architectural Design,62,0.2571,confirmed_gap,,,
Gcp,62,0.2571,confirmed_gap,,,
Vendor Development,62,0.2571,confirmed_gap,,,
Macros,62,0.2571,confirmed_gap,,,
Business Development Management,61,0.253,confirmed_gap,,,
Human Resource Management,61,0.253,confirmed_gap,,,
Visualforce,61,0.253,confirmed_gap,,,
Instrumentation,61,0.253,confirmed_gap,,,
Stack,61,0.253,confirmed_gap,,,
Django,61,0.253,confirmed_gap,,,
R,61,0.253,confirmed_gap,,,
Email Marketing,61,0.253,confirmed_gap,,,
JSON,61,0.253,confirmed_gap,,,
Commercial,61,0.253,confirmed_gap,,,
Verbal Communication,61,0.253,confirmed_gap,,,
Incident Management,61,0.253,confirmed_gap,,,
Version control,61,0.253,confirmed_gap,,,
International Sales,61,0.253,confirmed_gap,,,
Cd,61,0.253,confirmed_gap,,,
Estate,61,0.253,confirmed_gap,,,
Supervisor,60,0.2488,confirmed_gap,,,
System,60,0.2488,confirmed_gap,,,
XML,60,0.2488,confirmed_gap,,,
Upselling,60,0.2488,confirmed_gap,,,
Saps,60,0.2488,confirmed_gap,,,
Preventive Maintenance,60,0.2488,confirmed_gap,,,
Strategic Planning,60,0.2488,confirmed_gap,,,
Receptionist Activities,60,0.2488,confirmed_gap,,,
Disaster Recovery,60,0.2488,confirmed_gap,,,
PMP,60,0.2488,confirmed_gap,,,
Security,60,0.2488,present,Security,"University of Mumbai, Savitribai Phule Pune University","MDC401 Multidisciplinary minor 20 20 40 60 2 -- -- 100, Unknown"
Site,60,0.2488,confirmed_gap,,,
Workday,60,0.2488,confirmed_gap,,,
Site Execution,59,0.2447,confirmed_gap,,,
Sql Server,59,0.2447,confirmed_gap,,,
Regulations,59,0.2447,confirmed_gap,,,
Adobe Creative Suite,59,0.2447,confirmed_gap,,,
ITSM,59,0.2447,confirmed_gap,,,
Quality Management,59,0.2447,confirmed_gap,,,
Java Fullstack,59,0.2447,confirmed_gap,,,
Invoice Processing,59,0.2447,confirmed_gap,,,
Machine learning,58,0.2405,confirmed_gap,,,
Adobe,58,0.2405,confirmed_gap,,,
NPD,58,0.2405,confirmed_gap,,,
Mathematics,58,0.2405,confirmed_gap,,,
Gap Analysis,58,0.2405,confirmed_gap,,,
Drug Safety,58,0.2405,confirmed_gap,,,
Service Desk,58,0.2405,confirmed_gap,,,
Social Media,58,0.2405,confirmed_gap,,,
Onboarding,58,0.2405,confirmed_gap,,,
Market research,58,0.2405,confirmed_gap,,,
Graphic Designing,57,0.2364,confirmed_gap,,,
Industrial Sales,57,0.2364,confirmed_gap,,,
Educational Sales,57,0.2364,confirmed_gap,,,
Trading,57,0.2364,confirmed_gap,,,
Direct,57,0.2364,confirmed_gap,,,
Web Application Framework,57,0.2364,confirmed_gap,,,
Talent Development,57,0.2364,confirmed_gap,,,
Service Delivery,57,0.2364,confirmed_gap,,,
HNI,57,0.2364,confirmed_gap,,,
Abap,56,0.2322,confirmed_gap,,,
Loan Against Property,56,0.2322,confirmed_gap,,,
Branding,56,0.2322,confirmed_gap,,,
Accounts Finalisation,56,0.2322,confirmed_gap,,,
Api,56,0.2322,confirmed_gap,,,
Social Media Marketing,56,0.2322,confirmed_gap,,,
Media,56,0.2322,confirmed_gap,,,
Campaigns,56,0.2322,confirmed_gap,,,
Client Relationship,55,0.2281,confirmed_gap,,,
Key Account Management,55,0.2281,confirmed_gap,,,
Azure Data Factory,55,0.2281,confirmed_gap,,,
Account management,55,0.2281,confirmed_gap,,,
SAP ABAP,55,0.2281,confirmed_gap,,,
Content,55,0.2281,confirmed_gap,,,
Employee Engagement,55,0.2281,confirmed_gap,,,
JavaScript,55,0.2281,confirmed_gap,,,
Business strategy,55,0.2281,confirmed_gap,,,
B2B Marketing,55,0.2281,confirmed_gap,,,
Infrastructure,55,0.2281,confirmed_gap,,,
Powerpoint,55,0.2281,confirmed_gap,,,
Apex,55,0.2281,confirmed_gap,,,
Civil Engineering,55,0.2281,confirmed_gap,,,
Data Governance,54,0.2239,confirmed_gap,,,
PGT,54,0.2239,confirmed_gap,,,
Proof Reading,54,0.2239,confirmed_gap,,,
3D,54,0.2239,confirmed_gap,,,
PLSQL,54,0.2239,confirmed_gap,,,
Purchase Order,54,0.2239,confirmed_gap,,,
Plant Operations,54,0.2239,confirmed_gap,,,
Data Visualization,54,0.2239,confirmed_gap,,,
Front Office,54,0.2239,confirmed_gap,,,
Electronics,54,0.2239,confirmed_gap,,,
Channel,54,0.2239,confirmed_gap,,,
Broking,54,0.2239,confirmed_gap,,,
Credit Card Sales,53,0.2198,confirmed_gap,,,
MIS Reporting,53,0.2198,confirmed_gap,,,
Sales Coordination,53,0.2198,confirmed_gap,,,
Wealth Management,53,0.2198,confirmed_gap,,,
Talent acquisition,53,0.2198,confirmed_gap,,,
Due Diligence,53,0.2198,confirmed_gap,,,
Customer support,53,0.2198,confirmed_gap,,,
3D Modeling,53,0.2198,confirmed_gap,,,
Plsql,53,0.2198,confirmed_gap,,,
Sap Sd,53,0.2198,confirmed_gap,,,
Bpo,53,0.2198,confirmed_gap,,,
Leadership Skills,52,0.2157,confirmed_gap,,,
Graphics,52,0.2157,confirmed_gap,,,
Functional,52,0.2157,confirmed_gap,,,
Contract Management,52,0.2157,confirmed_gap,,,
Data quality,52,0.2157,confirmed_gap,,,
Information Security,52,0.2157,confirmed_gap,,,
Web Development,52,0.2157,confirmed_gap,,,
End,52,0.2157,confirmed_gap,,,
Production Operations,52,0.2157,confirmed_gap,,,
Book Keeping,51,0.2115,confirmed_gap,,,
International voice,51,0.2115,confirmed_gap,,,
Salesforce Lightning,51,0.2115,confirmed_gap,,,
Digital Transformation,51,0.2115,confirmed_gap,,,
Vendor,51,0.2115,confirmed_gap,,,
Simulation,51,0.2115,confirmed_gap,,,
Electrical Maintenance,51,0.2115,confirmed_gap,,,
Business analysis,51,0.2115,confirmed_gap,,,
Figma,51,0.2115,confirmed_gap,,,
REVIT,51,0.2115,confirmed_gap,,,
Clinical Research,51,0.2115,confirmed_gap,,,
PHP,51,0.2115,confirmed_gap,,,
Industrial,51,0.2115,confirmed_gap,,,
Statutory Audit,51,0.2115,confirmed_gap,,,
Chemistry,51,0.2115,confirmed_gap,,,
NoSQL,51,0.2115,confirmed_gap,,,
Non IT Recruitment,50,0.2074,confirmed_gap,,,
Sales executive activities,50,0.2074,confirmed_gap,,,
Finalisation,50,0.2074,confirmed_gap,,,
Product Management,50,0.2074,confirmed_gap,,,
Hydraulics,50,0.2074,confirmed_gap,,,
Client,50,0.2074,confirmed_gap,,,
Cost,50,0.2074,confirmed_gap,,,
IT Sales,50,0.2074,confirmed_gap,,,
Warehouse Management,50,0.2074,confirmed_gap,,,
Us Voice Process,50,0.2074,confirmed_gap,,,
Penetration,50,0.2074,confirmed_gap,,,
Confluence,50,0.2074,confirmed_gap,,,
Compliance Management,50,0.2074,confirmed_gap,,,
General,50,0.2074,confirmed_gap,,,
Chat Support,50,0.2074,confirmed_gap,,,
Data Bricks,49,0.2032,unmatched,,,
Front,49,0.2032,unmatched,,,
Program,49,0.2032,unmatched,,,
Press Shop,49,0.2032,unmatched,,,
Golang,49,0.2032,unmatched,,,
Residential Sales,49,0.2032,unmatched,,,
Inventory Control,49,0.2032,unmatched,,,
DBMS,49,0.2032,unmatched,,,
Supply Chain Management,49,0.2032,unmatched,,,
Underwriting,49,0.2032,unmatched,,,
Credit Underwriting,49,0.2032,unmatched,,,
DNS,49,0.2032,unmatched,,,
Financial statements,49,0.2032,unmatched,,,
Time Management,49,0.2032,unmatched,,,
FICO,49,0.2032,unmatched,,,
Contracts,48,0.1991,unmatched,,,
Image Processing,48,0.1991,unmatched,,,
Lesson Planning,48,0.1991,unmatched,,,
Chatbot,48,0.1991,unmatched,,,
FMCG,48,0.1991,unmatched,,,
Equipment,48,0.1991,unmatched,,,
Supply,48,0.1991,unmatched,,,
Talent Management,48,0.1991,unmatched,,,
Warehouse Operations,48,0.1991,unmatched,,,
Selling,48,0.1991,unmatched,,,
Project Planning,48,0.1991,unmatched,,,
Education Counseling,48,0.1991,unmatched,,,
Field Marketing,48,0.1991,unmatched,,,
Six Sigma,48,0.1991,unmatched,,,
Cobol,48,0.1991,unmatched,,,
Materials,48,0.1991,unmatched,,,
Interior Designing,48,0.1991,unmatched,,,
Health Insurance,48,0.1991,unmatched,,,
Telecom,48,0.1991,unmatched,,,
PPAP,48,0.1991,unmatched,,,
Team Leading,48,0.1991,unmatched,,,
Freight Forwarding,48,0.1991,unmatched,,,
Regulatory Compliance,48,0.1991,unmatched,,,
Store Operations,48,0.1991,unmatched,,,
Asset management,47,0.1949,unmatched,,,
Stores,47,0.1949,unmatched,,,
Calendar Management,47,0.1949,unmatched,,,
QC,47,0.1949,unmatched,,,
Service Sales,47,0.1949,unmatched,,,
Tools,47,0.1949,unmatched,,,
Order To Cash,47,0.1949,unmatched,,,
Enterprise Sales,47,0.1949,unmatched,,,
Inventory,47,0.1949,unmatched,,,
Dispatch,47,0.1949,unmatched,,,
Digital marketing,47,0.1949,unmatched,,,
Performance Management,47,0.1949,unmatched,,,
Mechanical Design,47,0.1949,unmatched,,,
Office Administration,47,0.1949,unmatched,,,
React,47,0.1949,unmatched,,,
Supply Planning,47,0.1949,unmatched,,,
Management Consulting,47,0.1949,unmatched,,,
Powershell,47,0.1949,unmatched,,,
Financial reporting,46,0.1908,unmatched,,,
Team Leadership,46,0.1908,unmatched,,,
Workforce Management,46,0.1908,unmatched,,,
IT,46,0.1908,unmatched,,,
US Healthcare,46,0.1908,unmatched,,,
Basic,46,0.1908,unmatched,,,
Hadoop,46,0.1908,unmatched,,,
Customer Experience,46,0.1908,unmatched,,,
Head Hunting,46,0.1908,unmatched,,,
Version Control,46,0.1908,unmatched,,,
Deep Learning,46,0.1908,unmatched,,,
Unit testing,46,0.1908,unmatched,,,
VMC,46,0.1908,unmatched,,,
MEP,45,0.1866,unmatched,,,
Supervision,45,0.1866,unmatched,,,
Lap,45,0.1866,unmatched,,,
Azure Databricks,45,0.1866,unmatched,,,
Servicing,45,0.1866,unmatched,,,
Problem Management,45,0.1866,unmatched,,,
Network Security,45,0.1866,unmatched,,,
Cloud Services,45,0.1866,unmatched,,,
Email Support,45,0.1866,unmatched,,,
Tds,45,0.1866,unmatched,,,
API Testing,45,0.1866,unmatched,,,
Invoicing,45,0.1866,unmatched,,,
Quality standards,45,0.1866,unmatched,,,
Variance Analysis,45,0.1866,unmatched,,,
Ticketing,45,0.1866,unmatched,,,
Repair,45,0.1866,unmatched,,,
Asset Management,45,0.1866,unmatched,,,
Data Validation,45,0.1866,unmatched,,,
Flask,45,0.1866,unmatched,,,
Quality assurance,44,0.1825,unmatched,,,
Clinical Trials,44,0.1825,unmatched,,,
Cms,44,0.1825,unmatched,,,
Advertising,44,0.1825,unmatched,,,
CMS,44,0.1825,unmatched,,,
Equity,44,0.1825,unmatched,,,
International Voice,44,0.1825,unmatched,,,
Spring Mvc,44,0.1825,unmatched,,,
Modeling,44,0.1825,unmatched,,,
Sap Fiori,44,0.1825,unmatched,,,
Communication,44,0.1825,unmatched,,,
Information security,44,0.1825,unmatched,,,
Financial planning,44,0.1825,unmatched,,,
Operating,44,0.1825,unmatched,,,
PPC,44,0.1825,unmatched,,,
Data structures,43,0.1783,partial/semantic_match,Data Structures,"Nashik University, Savitribai Phule Pune University",Unknown
Iso,43,0.1783,unmatched,,,
Generative Ai,43,0.1783,unmatched,,,
SAP Hana,43,0.1783,unmatched,,,
Revenue,43,0.1783,unmatched,,,
Nursing,43,0.1783,unmatched,,,
Credit Analysis,43,0.1783,unmatched,,,
Back Office Operations,43,0.1783,unmatched,,,
Execution,43,0.1783,unmatched,,,
Transportation,43,0.1783,unmatched,,,
Residential,43,0.1783,unmatched,,,
Edtech,43,0.1783,unmatched,,,
Fullstack Development,43,0.1783,unmatched,,,
Payroll Management,43,0.1783,unmatched,,,
Application Lifecycle Management,43,0.1783,unmatched,,,
Jira,43,0.1783,unmatched,,,
Resource,43,0.1783,unmatched,,,
Mainframes,43,0.1783,unmatched,,,
Center,43,0.1783,unmatched,,,
Relationship Building,43,0.1783,unmatched,,,
HR Generalist Activities,43,0.1783,unmatched,,,
Finance And Accounts,42,0.1742,unmatched,,,
Business intelligence,42,0.1742,unmatched,,,
Wordpress,42,0.1742,unmatched,,,
CATIA,42,0.1742,unmatched,,,
Territory Sales,42,0.1742,unmatched,,,
SAP MM,42,0.1742,unmatched,,,
Senior Executive,42,0.1742,unmatched,,,
Manager Internal Audit,42,0.1742,unmatched,,,
Delivery Management,42,0.1742,unmatched,,,
Implementation,42,0.1742,unmatched,,,
Project Execution,42,0.1742,unmatched,,,
KYC,42,0.1742,unmatched,,,
Litigation,42,0.1742,unmatched,,,
Backend Operations,42,0.1742,unmatched,,,
Guest Handling,42,0.1742,unmatched,,,
Informatica,42,0.1742,unmatched,,,
Safety,42,0.1742,unmatched,,,
New Product Development,42,0.1742,unmatched,,,
End User,42,0.1742,unmatched,,,
Gst Return,42,0.1742,unmatched,,,
Sas Macros,42,0.1742,unmatched,,,
Business process,41,0.17,unmatched,,,
Account Management,41,0.17,unmatched,,,
CNC,41,0.17,unmatched,,,
Python Development,41,0.17,unmatched,,,
Test cases,41,0.17,unmatched,,,
Time management,41,0.17,unmatched,,,
Medical,41,0.17,unmatched,,,
General Insurance,41,0.17,unmatched,,,
Requirement Gathering,41,0.17,unmatched,,,
Sap Fi,41,0.17,unmatched,,,
Internal Control,41,0.17,unmatched,,,
Bancassurance,41,0.17,unmatched,,,
Financial Accounting,41,0.17,unmatched,,,
Pivot Table,41,0.17,unmatched,,,
English Language,41,0.17,unmatched,,,
Cucumber,41,0.17,unmatched,,,
Follow Ups,41,0.17,unmatched,,,
Project planning,41,0.17,unmatched,,,
Automation Framework,41,0.17,unmatched,,,
Voice process,41,0.17,unmatched,,,
Investment,40,0.1659,unmatched,,,
Demand Planning,40,0.1659,unmatched,,,
Mortgage,40,0.1659,unmatched,,,
Cold,40,0.1659,unmatched,,,
Cloud Security,40,0.1659,unmatched,,,
Revenue Management,40,0.1659,unmatched,,,
Adobe After Effects,40,0.1659,unmatched,,,
Dns,40,0.1659,unmatched,,,
Rpa,40,0.1659,unmatched,,,
Order Management,40,0.1659,unmatched,,,
Deployment,40,0.1659,unmatched,,,
Software design,40,0.1659,unmatched,,,
Bed,40,0.1659,unmatched,,,
Estimation,40,0.1659,unmatched,,,
Vmware,40,0.1659,unmatched,,,
Etl Process,40,0.1659,unmatched,,,
Bigquery,40,0.1659,unmatched,,,
Hotel Management,40,0.1659,unmatched,,,
Manpower Handling,40,0.1659,unmatched,,,
Sap Mm,40,0.1659,unmatched,,,
Disbursement,40,0.1659,unmatched,,,
Gst Filing,40,0.1659,unmatched,,,
React.js,39,0.1617,unmatched,,,
Site Supervision,39,0.1617,unmatched,,,
GRN,39,0.1617,unmatched,,,
Automobile Components,39,0.1617,unmatched,,,
Oracle Fusion,39,0.1617,unmatched,,,
Recovery,39,0.1617,unmatched,,,
Excellent Verbal And Written Communication Skills,39,0.1617,unmatched,,,
PLM,39,0.1617,unmatched,,,
Bim,39,0.1617,unmatched,,,
Manager Quality Control,39,0.1617,unmatched,,,
Painting,39,0.1617,unmatched,,,
SAAS,39,0.1617,unmatched,,,
Diagnostics,39,0.1617,unmatched,,,
High Rise Building,39,0.1617,unmatched,,,
Cisco,39,0.1617,unmatched,,,
Payroll Processing,39,0.1617,unmatched,,,
Project Scheduling,39,0.1617,unmatched,,,
Housing Finance,39,0.1617,unmatched,,,
Marketing Operations,39,0.1617,unmatched,,,
Ich-Gcp Guidelines,39,0.1617,unmatched,,,
Resource Management,39,0.1617,unmatched,,,
Client Interaction,39,0.1617,unmatched,,,
Marketing Strategy,39,0.1617,unmatched,,,
Performance testing,39,0.1617,unmatched,,,
Guest Relations,39,0.1617,unmatched,,,
Travel Management,39,0.1617,unmatched,,,
Domestic BPO,39,0.1617,unmatched,,,
Database Design,39,0.1617,unmatched,,,
IFRS,39,0.1617,unmatched,,,
DevOps,38,0.1576,unmatched,,,
Database,38,0.1576,present,Database,"Nashik University, University of Mumbai","MDC401 Multidisciplinary minor 20 20 40 60 2 -- -- 100, MDL401 Multidisciplinary minor -- 2 -- -- -- 1 1, MDC401 Multidisciplinary minor 3 -- -- 3 -- -- 3, Unknown"
Technical support,38,0.1576,unmatched,,,
Customer Management,38,0.1576,unmatched,,,
Bde,38,0.1576,unmatched,,,
IT Recruitment,38,0.1576,unmatched,,,
Sports,38,0.1576,unmatched,,,
Process Training,38,0.1576,unmatched,,,
Market intelligence,38,0.1576,unmatched,,,
Direct Marketing,38,0.1576,unmatched,,,
Appium,38,0.1576,unmatched,,,
Asset,38,0.1576,unmatched,,,
Client Management,38,0.1576,unmatched,,,
Clinical Operations,38,0.1576,unmatched,,,
Printing,38,0.1576,unmatched,,,
Strategic Sourcing,38,0.1576,unmatched,,,
Auto Loans,38,0.1576,unmatched,,,
User Stories,38,0.1576,unmatched,,,
Apache,38,0.1576,unmatched,,,
B2C,38,0.1576,unmatched,,,
Mortgage Loans,38,0.1576,unmatched,,,
Core Java,38,0.1576,unmatched,,,
EHS,37,0.1534,unmatched,,,
Ansys,37,0.1534,unmatched,,,
Drafting,37,0.1534,unmatched,,,
Labour Laws,37,0.1534,unmatched,,,
Data Migration,37,0.1534,unmatched,,,
Adam,37,0.1534,unmatched,,,
VLOOKUP,37,0.1534,unmatched,,,
Email Process,37,0.1534,unmatched,,,
Switchgear,37,0.1534,unmatched,,,
DoT,37,0.1534,unmatched,,,
Upsell,37,0.1534,unmatched,,,
New Business,37,0.1534,unmatched,,,
General Accounting,37,0.1534,unmatched,,,
Spoken English,37,0.1534,unmatched,,,
Angularjs,37,0.1534,unmatched,,,
Electrical Design,37,0.1534,unmatched,,,
Design engineering,37,0.1534,unmatched,,,
Senior Analyst,37,0.1534,unmatched,,,
Purchase Management,37,0.1534,unmatched,,,
Project Sales,37,0.1534,unmatched,,,
Front Office Management,36,0.1493,unmatched,,,
Revenue Recognition,36,0.1493,unmatched,,,
Tendering,36,0.1493,unmatched,,,
Sales Lead Generation,36,0.1493,unmatched,,,
Life sciences,36,0.1493,unmatched,,,
E-commerce,36,0.1493,unmatched,,,
HL,36,0.1493,unmatched,,,
Material Planning,36,0.1493,unmatched,,,
Project Engineering,36,0.1493,unmatched,,,
International Process,36,0.1493,unmatched,,,
SAS,36,0.1493,unmatched,,,
Microsoft Office Suite,36,0.1493,unmatched,,,
Paint Technology,36,0.1493,unmatched,,,
Payables,36,0.1493,unmatched,,,
System architecture,36,0.1493,unmatched,,,
Api Integration,36,0.1493,unmatched,,,
Academic Planning,36,0.1493,unmatched,,,
Digital Content,36,0.1493,unmatched,,,
Logistics Operations,36,0.1493,unmatched,,,
Scripting,36,0.1493,unmatched,,,
Admissions,36,0.1493,unmatched,,,
SDLC,36,0.1493,unmatched,,,
Banking Products,36,0.1493,unmatched,,,
Interviewing,36,0.1493,unmatched,,,
GRC,36,0.1493,unmatched,,,
Automation testing,36,0.1493,unmatched,,,
MTTR,36,0.1493,unmatched,,,
Financial analysis,36,0.1493,unmatched,,,
Building,36,0.1493,unmatched,,,
Cost Estimation,35,0.1451,unmatched,,,
Processing,35,0.1451,unmatched,,,
Import Documentation,35,0.1451,unmatched,,,
Lean,35,0.1451,unmatched,,,
Successfactors,35,0.1451,unmatched,,,
Oracle Cloud,35,0.1451,unmatched,,,
Financial Modelling,35,0.1451,unmatched,,,
Business Analyst,35,0.1451,unmatched,,,
Business Intelligence,35,0.1451,unmatched,,,
Bidding,35,0.1451,unmatched,,,
Career development,35,0.1451,unmatched,,,
Ajax,35,0.1451,unmatched,,,
CVS,35,0.1451,unmatched,,,
Gst Compliance,35,0.1451,unmatched,,,
Marketing Management,35,0.1451,unmatched,,,
Sap Basis Administration,35,0.1451,unmatched,,,
Cca,35,0.1451,unmatched,,,
Area Sales Management,35,0.1451,unmatched,,,
Company,35,0.1451,unmatched,,,
Institutional Sales,35,0.1451,unmatched,,,
Cloud Computing,35,0.1451,unmatched,,,
Sales Support,35,0.1451,unmatched,,,
Sales Operations,35,0.1451,unmatched,,,
Product Development,35,0.1451,unmatched,,,
NBFC,35,0.1451,unmatched,,,
Google,35,0.1451,unmatched,,,
Customer engagement,35,0.1451,unmatched,,,
Risk assessment,34,0.141,unmatched,,,
Income Tax,34,0.141,unmatched,,,
MS SQL,34,0.141,partial/semantic_match,Sql,University of Mumbai,MDC401 Multidisciplinary minor 20 20 40 60 2 -- -- 100
Casa,34,0.141,unmatched,,,
Academics,34,0.141,unmatched,,,
Iatf,34,0.141,unmatched,,,
Patient Care,34,0.141,unmatched,,,
Multithreading,34,0.141,unmatched,,,
Direct Tax,34,0.141,unmatched,,,
Sourcing Profiles,34,0.141,unmatched,,,
Senior management,34,0.141,unmatched,,,
Export Documentation,34,0.141,unmatched,,,
Project Coordination,34,0.141,unmatched,,,
Plc,34,0.141,unmatched,,,
Itsm,34,0.141,unmatched,,,
CI/CD,34,0.141,unmatched,,,
Client Coordination,34,0.141,unmatched,,,
Client Engagement,34,0.141,unmatched,,,
Travel,34,0.141,unmatched,,,
Advisory,34,0.141,unmatched,,,
Email,34,0.141,unmatched,,,
Travel Arrangements,34,0.141,unmatched,,,
SOC,34,0.141,unmatched,,,
Student Counseling,34,0.141,unmatched,,,
Business administration,34,0.141,unmatched,,,
Financial Planning,34,0.141,unmatched,,,
MM,34,0.141,unmatched,,,
Sales operations,34,0.141,unmatched,,,
Channel sales,34,0.141,unmatched,,,
Insurance Operations,34,0.141,unmatched,,,
React Native,34,0.141,unmatched,,,
Portfolio management,34,0.141,unmatched,,,
Health Care Services,34,0.141,unmatched,,,
Software Sales,34,0.141,unmatched,,,
Investment management,34,0.141,unmatched,,,
GST,34,0.141,unmatched,,,
Servicenow Development,33,0.1369,unmatched,,,
New Business Development,33,0.1369,unmatched,,,
Branch Management,33,0.1369,unmatched,,,
Front office,33,0.1369,unmatched,,,
Delivery Operations,33,0.1369,unmatched,,,
Coaching,33,0.1369,unmatched,,,
Ms Project,33,0.1369,unmatched,,,
IT recruitment,33,0.1369,unmatched,,,
Anti Money Laundering,33,0.1369,unmatched,,,
Software Development Methodologies,33,0.1369,unmatched,,,
Ui Development,33,0.1369,unmatched,,,
TDS Calculation,33,0.1369,unmatched,,,
S,33,0.1369,unmatched,,,
Standard Operating Procedures,33,0.1369,unmatched,,,
Real Estate Marketing,33,0.1369,unmatched,,,
Training Management,33,0.1369,unmatched,,,
Adobe Xd,33,0.1369,unmatched,,,
Behavioural Training,33,0.1369,unmatched,,,
Secretarial Activities,33,0.1369,unmatched,,,
International Clients,33,0.1369,unmatched,,,
Languages,33,0.1369,unmatched,,,
DSA,32,0.1327,unmatched,,,
Safety training,32,0.1327,unmatched,,,
Banca,32,0.1327,unmatched,,,
Written Communication,32,0.1327,unmatched,,,
Bid Management,32,0.1327,unmatched,,,
Classroom Management,32,0.1327,unmatched,,,
Ocean Freight,32,0.1327,unmatched,,,
VMware,32,0.1327,unmatched,,,
Kaizen,32,0.1327,unmatched,,,
BFSI,32,0.1327,unmatched,,,
System Administration,32,0.1327,unmatched,,,
Computer,32,0.1327,unmatched,,,
Architecting,32,0.1327,unmatched,,,
Process Excellence,32,0.1327,unmatched,,,
SAP SD,32,0.1327,unmatched,,,
Fluent,32,0.1327,unmatched,,,
General Ledger Accounting,32,0.1327,unmatched,,,
Compensation,32,0.1327,unmatched,,,
Performance Marketing,32,0.1327,unmatched,,,
Journal Entries,32,0.1327,unmatched,,,
Kotlin,32,0.1327,unmatched,,,
Wfm,32,0.1327,unmatched,,,
Client servicing,32,0.1327,unmatched,,,
Business Management,32,0.1327,unmatched,,,
Business Process Modeling,32,0.1327,unmatched,,,
Strategic planning,32,0.1327,unmatched,,,
Site Engineering,32,0.1327,unmatched,,,
Word,31,0.1286,unmatched,,,
Shift Planning,31,0.1286,unmatched,,,
Front Office Operations,31,0.1286,unmatched,,,
Test Management,31,0.1286,unmatched,,,
Good Communication In English,31,0.1286,unmatched,,,
LLM,31,0.1286,unmatched,,,
US Sales,31,0.1286,unmatched,,,
Content Marketing,31,0.1286,unmatched,,,
Active Directory,31,0.1286,unmatched,,,
Legal Compliance,31,0.1286,unmatched,,,
Investment banking,31,0.1286,unmatched,,,
Query,31,0.1286,unmatched,,,
Purchase Planning,31,0.1286,unmatched,,,
Tcp,31,0.1286,unmatched,,,
Testing tools,31,0.1286,unmatched,,,
Sharepoint,31,0.1286,unmatched,,,
Information Technology,31,0.1286,unmatched,,,
Legal Documentation,31,0.1286,unmatched,,,
Revenue Cycle Management,31,0.1286,unmatched,,,
Aws Cloud,31,0.1286,unmatched,,,
Computer Knowledge,31,0.1286,unmatched,,,
Guest Service,31,0.1286,unmatched,,,
Employee engagement,31,0.1286,unmatched,,,
Teamcenter,31,0.1286,unmatched,,,
Firewall,31,0.1286,unmatched,,,
Commercial Sales,31,0.1286,unmatched,,,
Data Structures,31,0.1286,present,Data Structures,"Nashik University, Savitribai Phule Pune University",Unknown
RDBMS,31,0.1286,unmatched,,,
Regulatory compliance,31,0.1286,unmatched,,,
Open source,31,0.1286,unmatched,,,
Cce,31,0.1286,unmatched,,,
Openshift,31,0.1286,unmatched,,,
Saas Sales,31,0.1286,unmatched,,,
Jdbc,31,0.1286,unmatched,,,
SEM,31,0.1286,unmatched,,,
Biology,31,0.1286,unmatched,,,
TDS Return,31,0.1286,unmatched,,,
Banca Sales,31,0.1286,unmatched,,,
Reception,31,0.1286,unmatched,,,
Publishing,31,0.1286,unmatched,,,
Computer Systems,31,0.1286,unmatched,,,
Schema,31,0.1286,unmatched,,,
Biotechnology,31,0.1286,unmatched,,,
International Calling,31,0.1286,unmatched,,,
Kyc,31,0.1286,unmatched,,,
Due diligence,31,0.1286,unmatched,,,
Wealth management,31,0.1286,unmatched,,,
Financial Statements,30,0.1244,unmatched,,,
Data Processing,30,0.1244,unmatched,,,
Delivery,30,0.1244,unmatched,,,
Adobe Premiere Pro,30,0.1244,unmatched,,,
Typing,30,0.1244,unmatched,,,
User Acceptance Testing,30,0.1244,unmatched,,,
Cloud computing,30,0.1244,unmatched,,,
Data Security,30,0.1244,unmatched,,,
HTTP,30,0.1244,unmatched,,,
Business development management,30,0.1244,unmatched,,,
User Interface Designing,30,0.1244,unmatched,,,
ServiceNow,30,0.1244,unmatched,,,
Team Coordination,30,0.1244,unmatched,,,
Sales Training,30,0.1244,unmatched,,,
Phone Banking,30,0.1244,unmatched,,,
Cpt,30,0.1244,unmatched,,,
Computer Operating,30,0.1244,unmatched,,,
Network Engineering,30,0.1244,unmatched,,,
Production Support,30,0.1244,unmatched,,,
Derivatives,30,0.1244,unmatched,,,
Service level,30,0.1244,unmatched,,,
Handling Customer Queries,30,0.1244,unmatched,,,
Seo,30,0.1244,unmatched,,,
Vendor Negotiation,30,0.1244,unmatched,,,
Agency,30,0.1244,unmatched,,,
Web Application,30,0.1244,unmatched,,,
Flex,30,0.1244,unmatched,,,
Desktop Support,30,0.1244,unmatched,,,
Apqp,30,0.1244,unmatched,,,
Administration Work,30,0.1244,unmatched,,,
Chemical,30,0.1244,unmatched,,,
Project Monitoring,30,0.1244,unmatched,,,
Mis,30,0.1244,unmatched,,,
Load Runner,30,0.1244,unmatched,,,
Balance Sheet Finalisation,30,0.1244,unmatched,,,
Sql Queries,30,0.1244,partial/semantic_match,Sql,University of Mumbai,MDC401 Multidisciplinary minor 20 20 40 60 2 -- -- 100
Food And Beverage,30,0.1244,unmatched,,,
SCM,30,0.1244,unmatched,,,
Food Production,30,0.1244,unmatched,,,
NISM,30,0.1244,unmatched,,,
3Ds Max,30,0.1244,unmatched,,,
Big Data,30,0.1244,unmatched,,,
HCM,30,0.1244,unmatched,,,
Quotation,29,0.1203,unmatched,,,
Accounting Operations,29,0.1203,unmatched,,,
Project delivery,29,0.1203,unmatched,,,
UI,29,0.1203,unmatched,,,
Manual,29,0.1203,unmatched,,,
Vue.Js,29,0.1203,unmatched,,,
Business Requirement Analysis,29,0.1203,unmatched,,,
Software Engineering,29,0.1203,unmatched,,,
SAP Basis,29,0.1203,unmatched,,,
SAP FI,29,0.1203,unmatched,,,
Fixing Appointments,29,0.1203,unmatched,,,
Credit Risk,29,0.1203,unmatched,,,
Solution Sales,29,0.1203,unmatched,,,
QAP,29,0.1203,unmatched,,,
Restaurant,29,0.1203,unmatched,,,
Professional Services,29,0.1203,unmatched,,,
Entity Framework,29,0.1203,unmatched,,,
Ci Cd Pipeline,29,0.1203,unmatched,,,
Housing Loan,29,0.1203,unmatched,,,
Grievance Handling,29,0.1203,unmatched,,,
Techno Functional,29,0.1203,unmatched,,,
Customer Engagement,29,0.1203,unmatched,,,
Airflow,29,0.1203,unmatched,,,
Promotions,29,0.1203,unmatched,,,
Jewellery,29,0.1203,unmatched,,,
Testing,29,0.1203,unmatched,,,
Pressure Handling,29,0.1203,unmatched,,,
SQL Queries,29,0.1203,partial/semantic_match,Sql,University of Mumbai,MDC401 Multidisciplinary minor 20 20 40 60 2 -- -- 100
Order Processing,29,0.1203,unmatched,,,
Api Management,29,0.1203,unmatched,,,
Machining Process,29,0.1203,unmatched,,,
RFP,29,0.1203,unmatched,,,
Frontend Development,29,0.1203,unmatched,,,
Portfolio,29,0.1203,unmatched,,,
Swift,29,0.1203,unmatched,,,
Orientation,29,0.1203,unmatched,,,
Sales Promotion,29,0.1203,unmatched,,,
Shell Scripting,29,0.1203,unmatched,,,
Solid Edge,29,0.1203,unmatched,,,
Sales Executive,29,0.1203,unmatched,,,
Product Strategy,29,0.1203,unmatched,,,
Cloud Technologies,29,0.1203,unmatched,,,
Editorial,29,0.1203,unmatched,,,
Sketching,28,0.1161,unmatched,,,
Analyzing Information,28,0.1161,unmatched,,,
Safety Management,28,0.1161,unmatched,,,
Robotics,28,0.1161,unmatched,,,
Auto Ancillary,28,0.1161,unmatched,,,
Data analytics,28,0.1161,unmatched,,,
Event Management,28,0.1161,unmatched,,,
KPO,28,0.1161,unmatched,,,
Building Construction,28,0.1161,unmatched,,,
Data Services,28,0.1161,unmatched,,,
Regulatory Affairs,28,0.1161,unmatched,,,
E,28,0.1161,unmatched,,,
Science,28,0.1161,unmatched,,,
Bulk Hiring,28,0.1161,unmatched,,,
Operational Excellence,28,0.1161,unmatched,,,
Corel Draw,28,0.1161,unmatched,,,
HNI Acquisition,28,0.1161,unmatched,,,
Client Handling,28,0.1161,unmatched,,,
ITI,28,0.1161,unmatched,,,
Mis Reporting,28,0.1161,unmatched,,,
Server,28,0.1161,unmatched,,,
Us Healthcare,28,0.1161,unmatched,,,
Audit Compliance,28,0.1161,unmatched,,,
Collection Management,28,0.1161,unmatched,,,
Dashboards,28,0.1161,unmatched,,,
Human resource management,28,0.1161,unmatched,,,
Marketing Campaigns,28,0.1161,unmatched,,,
Security Operations,28,0.1161,unmatched,,,
Microsoft Windows,28,0.1161,unmatched,,,
Desk,28,0.1161,unmatched,,,
Graduate,28,0.1161,unmatched,,,
Export,28,0.1161,unmatched,,,
Selling Skills,28,0.1161,unmatched,,,
Semi Voice,28,0.1161,unmatched,,,
Maintenance Engineering,28,0.1161,unmatched,,,
Boq,28,0.1161,unmatched,,,
Incident management,28,0.1161,unmatched,,,
Project Documentation,28,0.1161,unmatched,,,
Application Support,28,0.1161,unmatched,,,
Stakeholder Engagement,28,0.1161,unmatched,,,
Custom Clearance,28,0.1161,unmatched,,,
OOPS,28,0.1161,unmatched,,,
Indirect Taxation,28,0.1161,unmatched,,,
Agency Sales,28,0.1161,unmatched,,,
Application support,28,0.1161,unmatched,,,
Product design,28,0.1161,unmatched,,,
Software development,28,0.1161,unmatched,,,
Hardware,28,0.1161,unmatched,,,
Qa/Qc,28,0.1161,unmatched,,,
Office Coordination,28,0.1161,unmatched,,,
US GAAP,28,0.1161,unmatched,,,
Production Planning Control,28,0.1161,unmatched,,,
Sales Life Insurance,28,0.1161,unmatched,,,
EA,28,0.1161,unmatched,,,
Net Fullstack,27,0.112,unmatched,,,
Fusion,27,0.112,unmatched,,,
Prototyping,27,0.112,unmatched,,,
Injection Moulding,27,0.112,unmatched,,,
LMS,27,0.112,unmatched,,,
Financial Management,27,0.112,unmatched,,,
Field Work,27,0.112,unmatched,,,
Customer Queries,27,0.112,unmatched,,,
SCALA,27,0.112,unmatched,,,
Visio,27,0.112,unmatched,,,
Web Api,27,0.112,unmatched,,,
Interpersonal,27,0.112,unmatched,,,
Induction,27,0.112,unmatched,,,
Sas Programming,27,0.112,unmatched,,,
Technology,27,0.112,unmatched,,,
Process Management,27,0.112,unmatched,,,
Ui,27,0.112,unmatched,,,
Technical Sales,27,0.112,unmatched,,,
Crm Software,27,0.112,unmatched,,,
Microsoft Dynamics,27,0.112,unmatched,,,
Cleaning,27,0.112,unmatched,,,
Statistics,27,0.112,unmatched,,,
Resource Planning,27,0.112,unmatched,,,
Framework,27,0.112,unmatched,,,
Client Onboarding,27,0.112,unmatched,,,
Solution Design,27,0.112,unmatched,,,
Service delivery,27,0.112,unmatched,,,
Functional Testing,27,0.112,unmatched,,,
Commis,27,0.112,unmatched,,,
Civil Construction,27,0.112,unmatched,,,
Income tax,27,0.112,unmatched,,,
Mdg,27,0.112,unmatched,,,
International Chat Process,27,0.112,unmatched,,,
Non Voice,27,0.112,unmatched,,,
SQL Server,27,0.112,unmatched,,,
Clinical Data Management,27,0.112,unmatched,,,
Content Development,27,0.112,unmatched,,,
Node,27,0.112,unmatched,,,
Production Management,27,0.112,unmatched,,,
Plant,27,0.112,unmatched,,,
Plant Maintenance,27,0.112,unmatched,,,
Shortlisting,27,0.112,unmatched,,,
Electrical engineering,27,0.112,unmatched,,,
Quality Analysis,27,0.112,unmatched,,,
Business planning,27,0.112,unmatched,,,
Quality Inspection,27,0.112,unmatched,,,
Audit,27,0.112,unmatched,,,
Sales Development,27,0.112,unmatched,,,
Intelligence,27,0.112,unmatched,,,
Inform,27,0.112,unmatched,,,
Plumbing,27,0.112,unmatched,,,
Medical Coding,27,0.112,unmatched,,,
Medical Devices,27,0.112,unmatched,,,
jQuery,27,0.112,unmatched,,,
EPC,27,0.112,unmatched,,,
Operational Support,26,0.1078,unmatched,,,
Revenue Accounting,26,0.1078,unmatched,,,
Gcp Cloud,26,0.1078,unmatched,,,
Credit,26,0.1078,unmatched,,,
Law,26,0.1078,unmatched,,,
Wellness,26,0.1078,unmatched,,,
CMDB,26,0.1078,unmatched,,,
Splunk,26,0.1078,unmatched,,,
Canva,26,0.1078,unmatched,,,
Tax Audit,26,0.1078,unmatched,,,
Web development,26,0.1078,unmatched,,,
Ca,26,0.1078,unmatched,,,
Interview Coordination,26,0.1078,unmatched,,,
Artifactory,26,0.1078,unmatched,,,
Industrial Automation,26,0.1078,unmatched,,,
Data Architecture,26,0.1078,unmatched,,,
Customer Satisfaction,26,0.1078,unmatched,,,
Mutual Funds Sales,26,0.1078,unmatched,,,
Cash,26,0.1078,unmatched,,,
Procurement Planning,26,0.1078,unmatched,,,
Tally Prime,26,0.1078,unmatched,,,
Campaign Management,26,0.1078,unmatched,,,
ISO 27001,26,0.1078,unmatched,,,
Product Support,26,0.1078,unmatched,,,
Adobe Forms,26,0.1078,unmatched,,,
RCM,26,0.1078,unmatched,,,
SAP FICO Implementation,26,0.1078,unmatched,,,
Medical Billing,26,0.1078,unmatched,,,
Engineering Design,26,0.1078,unmatched,,,
AR Calling,26,0.1078,unmatched,,,
System design,26,0.1078,unmatched,,,
Sap Master Data Governance,26,0.1078,unmatched,,,
Bdc,26,0.1078,unmatched,,,
Valves,26,0.1078,unmatched,,,
L1 Support,26,0.1078,unmatched,,,
Tool Manufacturing,26,0.1078,unmatched,,,
Sales Planning,26,0.1078,unmatched,,,
Health insurance,26,0.1078,unmatched,,,
Edtech Sales,26,0.1078,unmatched,,,
Purchase Operations,26,0.1078,unmatched,,,
Architect,26,0.1078,unmatched,,,
Aerospace,26,0.1078,unmatched,,,
Job Posting,26,0.1078,unmatched,,,
Soft Skills,26,0.1078,unmatched,,,
Business Analytics,26,0.1078,unmatched,,,
Issue resolution,26,0.1078,unmatched,,,
Job Description,26,0.1078,unmatched,,,
Commercial Vehicle Loans,26,0.1078,unmatched,,,
Sales Activities,26,0.1078,unmatched,,,
Field Service,26,0.1078,unmatched,,,
Forex,26,0.1078,unmatched,,,
Sap Bi,26,0.1078,unmatched,,,
Test Automation Framework,26,0.1078,unmatched,,,
Insurance Broking,26,0.1078,unmatched,,,
Mechanical Maintenance,26,0.1078,unmatched,,,
Rate Analysis,26,0.1078,unmatched,,,
Area sales,26,0.1078,unmatched,,,
UPS,26,0.1078,unmatched,,,
Data migration,26,0.1078,unmatched,,,
Breakdown Maintenance,26,0.1078,unmatched,,,
Business,26,0.1078,unmatched,,,
MIS Preparation,26,0.1078,unmatched,,,
Direct sales,26,0.1078,unmatched,,,
Emi,25,0.1037,unmatched,,,
Telemarketing,25,0.1037,unmatched,,,
Business Growth,25,0.1037,unmatched,,,
Retention,25,0.1037,unmatched,,,
Facilitation,25,0.1037,unmatched,,,
Waterfall,25,0.1037,unmatched,,,
Cad,25,0.1037,unmatched,,,
Product quality,25,0.1037,unmatched,,,
Bgp,25,0.1037,unmatched,,,
Mentoring,25,0.1037,unmatched,,,
Routing,25,0.1037,unmatched,,,
Process automation,25,0.1037,unmatched,,,
Cash Flow Management,25,0.1037,unmatched,,,
Career Counselling,25,0.1037,unmatched,,,
Data Dictionary,25,0.1037,unmatched,,,
General Trade,25,0.1037,unmatched,,,
Attendance Management,25,0.1037,unmatched,,,
Quality Engineering,25,0.1037,unmatched,,,
Container,25,0.1037,unmatched,,,
Email Writing,25,0.1037,unmatched,,,
Cold calling,25,0.1037,unmatched,,,
Powder Coating,25,0.1037,unmatched,,,
Protocols,25,0.1037,unmatched,,,
Freight,25,0.1037,unmatched,,,
Sales And Business Development,25,0.1037,unmatched,,,
Code Review,25,0.1037,unmatched,,,
Healthcare Bpo,25,0.1037,unmatched,,,
Itom,25,0.1037,unmatched,,,
Databricks,25,0.1037,unmatched,,,
Sheet,25,0.1037,unmatched,,,
Branch Operations,25,0.1037,unmatched,,,
Shipping,25,0.1037,unmatched,,,
Key Accounts,25,0.1037,unmatched,,,
Retail Liabilities,25,0.1037,unmatched,,,
Supply Chain Planning,25,0.1037,unmatched,,,
Financial Operations,25,0.1037,unmatched,,,
SIEM,25,0.1037,unmatched,,,
Critical Care,25,0.1037,unmatched,,,
Detailing,25,0.1037,unmatched,,,
Ui/Ux,25,0.1037,unmatched,,,
Presentation,25,0.1037,unmatched,,,
Ml,25,0.1037,unmatched,,,
Japanese,25,0.1037,unmatched,,,
End To End,25,0.1037,unmatched,,,
Process Design,25,0.1037,unmatched,,,
Saving Account,25,0.1037,unmatched,,,
Construction Management,25,0.1037,unmatched,,,
Pricing,25,0.1037,unmatched,,,
Medical insurance,25,0.1037,unmatched,,,
Software Design,25,0.1037,unmatched,,,
Receivable,25,0.1037,unmatched,,,
Vendor Payments,25,0.1037,unmatched,,,
Governance,25,0.1037,unmatched,,,
Forging,25,0.1037,unmatched,,,
Hospital,24,0.0995,unmatched,,,
Cyberark,24,0.0995,unmatched,,,
Transformation,24,0.0995,unmatched,,,
Trade Finance,24,0.0995,unmatched,,,
Support services,24,0.0995,unmatched,,,
Journalism,24,0.0995,unmatched,,,
Fresher Hiring,24,0.0995,unmatched,,,
Cloud Platform,24,0.0995,unmatched,,,
Cloud Platforms,24,0.0995,unmatched,,,
ITIL,24,0.0995,unmatched,,,
Record To Report,24,0.0995,unmatched,,,
SPC,24,0.0995,unmatched,,,
Budgeting And Forecasting,24,0.0995,unmatched,,,
FMCG Sales,24,0.0995,unmatched,,,
Bpo Sales,24,0.0995,unmatched,,,
Production support,24,0.0995,unmatched,,,
Financial Planning And Analysis,24,0.0995,unmatched,,,
Production Supervising,24,0.0995,unmatched,,,
IRDA,24,0.0995,unmatched,,,
Shrinkage,24,0.0995,unmatched,,,
Luxury Sales,24,0.0995,unmatched,,,
Orchestration,24,0.0995,unmatched,,,
Merchandising,24,0.0995,unmatched,,,
Google Ads,24,0.0995,unmatched,,,
JCL,24,0.0995,unmatched,,,
Medicine,24,0.0995,unmatched,,,
Mentor,24,0.0995,unmatched,,,
HNI Client Handling,24,0.0995,unmatched,,,
Soa,24,0.0995,unmatched,,,
Business Acumen,24,0.0995,unmatched,,,
Banking Sales,24,0.0995,unmatched,,,
Ticketing Tools,24,0.0995,unmatched,,,
Marketing Strategies,24,0.0995,unmatched,,,
Visual Design,24,0.0995,unmatched,,,
Chat,24,0.0995,unmatched,,,
KPI,24,0.0995,unmatched,,,
Design Development,24,0.0995,unmatched,,,
Tool Design,24,0.0995,unmatched,,,
Computer Skills,24,0.0995,unmatched,,,
Gen,24,0.0995,unmatched,,,
Digital Campaigns,24,0.0995,unmatched,,,
Security Management,24,0.0995,unmatched,,,
Secondary Sales,24,0.0995,unmatched,,,
Bloomberg,24,0.0995,unmatched,,,
Technical Documentation,24,0.0995,unmatched,,,
Uk,24,0.0995,unmatched,,,
Prototype,24,0.0995,unmatched,,,
Master Data,24,0.0995,unmatched,,,
Media Sales,24,0.0995,unmatched,,,
Complaint Handling,24,0.0995,unmatched,,,
Content Strategy,23,0.0954,unmatched,,,
RFQ,23,0.0954,unmatched,,,
HP data protector,23,0.0954,unmatched,,,
Cooking,23,0.0954,unmatched,,,
Cash Management,23,0.0954,unmatched,,,
Customer Quality,23,0.0954,unmatched,,,
Contract management,23,0.0954,unmatched,,,
UAT,23,0.0954,unmatched,,,
Contract Negotiations,23,0.0954,unmatched,,,
Instruments,23,0.0954,unmatched,,,
Weblogic,23,0.0954,unmatched,,,
Debt Collection,23,0.0954,unmatched,,,
Cost Analysis,23,0.0954,unmatched,,,
Metadata,23,0.0954,unmatched,,,
Secured Loan,23,0.0954,unmatched,,,
Test scripts,23,0.0954,unmatched,,,
Teaching English,23,0.0954,unmatched,,,
Tds Filing,23,0.0954,unmatched,,,
Order management,23,0.0954,unmatched,,,
Production engineering,23,0.0954,unmatched,,,
Retail Banking,23,0.0954,unmatched,,,
Casa Sales,23,0.0954,unmatched,,,
Technical Services,23,0.0954,unmatched,,,
Sdlc,23,0.0954,unmatched,,,
PMS,23,0.0954,unmatched,,,
Call Center,23,0.0954,unmatched,,,
OEM Sales,23,0.0954,unmatched,,,
DNB,23,0.0954,unmatched,,,
Industrial Safety,23,0.0954,unmatched,,,
Statutory,23,0.0954,unmatched,,,
Vendor Coordination,23,0.0954,unmatched,,,
Bancassurance Sales,23,0.0954,unmatched,,,
Store Management,23,0.0954,unmatched,,,
Sales process,23,0.0954,unmatched,,,
Back office,23,0.0954,unmatched,,,
Certified,23,0.0954,unmatched,,,
Erection,23,0.0954,unmatched,,,
QA,23,0.0954,unmatched,,,
Enterprise applications,23,0.0954,unmatched,,,
Accounts Reconciliation,23,0.0954,unmatched,,,
System Design,23,0.0954,unmatched,,,
Configuration management,23,0.0954,unmatched,,,
Tied Channel,23,0.0954,unmatched,,,
Sql Development,23,0.0954,unmatched,,,
ERP Implementation,23,0.0954,unmatched,,,
Pumps,23,0.0954,unmatched,,,
Hana Db,23,0.0954,unmatched,,,
Azure Data Lake,23,0.0954,unmatched,,,
Material Management,23,0.0954,unmatched,,,
Post,23,0.0954,unmatched,,,
Collections Process,23,0.0954,unmatched,,,
Polymer,23,0.0954,unmatched,,,
Commercial Real Estate,23,0.0954,unmatched,,,
Commercial vehicle,23,0.0954,unmatched,,,
MR,23,0.0954,unmatched,,,
SOAP,23,0.0954,unmatched,,,
Fico,23,0.0954,unmatched,,,
Business Finance,23,0.0954,unmatched,,,
MIN,22,0.0912,unmatched,,,
Testing Methodologies,22,0.0912,unmatched,,,
Software Solution Sales,22,0.0912,unmatched,,,
Disaster recovery,22,0.0912,unmatched,,,
Affordable Housing,22,0.0912,unmatched,,,
Telecom Sales,22,0.0912,unmatched,,,
Access Management,22,0.0912,unmatched,,,
Social Media Campaigns,22,0.0912,unmatched,,,
Resource allocation,22,0.0912,unmatched,,,
Customer complaints,22,0.0912,unmatched,,,
ESIC,22,0.0912,unmatched,,,
Customer acquisition,22,0.0912,unmatched,,,
Master Data Management,22,0.0912,unmatched,,,
Reacts Js,22,0.0912,unmatched,,,
Survey,22,0.0912,unmatched,,,
French,22,0.0912,unmatched,,,
Health Insurance Sales,22,0.0912,unmatched,,,
Amazon Redshift,22,0.0912,unmatched,,,
Material Procurement,22,0.0912,unmatched,,,
New Vendor Development,22,0.0912,unmatched,,,
Ab Initio,22,0.0912,unmatched,,,
Fashion,22,0.0912,unmatched,,,
Lateral Hiring,22,0.0912,unmatched,,,
Creo,22,0.0912,unmatched,,,
Aftereffects,22,0.0912,unmatched,,,
Investment products,22,0.0912,unmatched,,,
Branch Handling,22,0.0912,unmatched,,,
Product sales,22,0.0912,unmatched,,,
Datastage,22,0.0912,unmatched,,,
Counter Sales,22,0.0912,unmatched,,,
Domestic Voice Process,22,0.0912,unmatched,,,
Talent Sourcing,22,0.0912,unmatched,,,
Air Freight,22,0.0912,unmatched,,,
Java Selenium,22,0.0912,unmatched,,,
Java Spring Boot,22,0.0912,unmatched,,,
Valuation,22,0.0912,unmatched,,,
Tosca,22,0.0912,unmatched,,,
Vehicle,22,0.0912,unmatched,,,
Multitasking,22,0.0912,unmatched,,,
Beverage,22,0.0912,unmatched,,,
TGT,22,0.0912,unmatched,,,
Interpersonal Skill,22,0.0912,unmatched,,,
Ethernet,22,0.0912,unmatched,,,
Bdm,22,0.0912,unmatched,,,
Global,22,0.0912,unmatched,,,
E Way Bill,22,0.0912,unmatched,,,
Test Engineering,22,0.0912,unmatched,,,
Sap Mm Materials Management,22,0.0912,unmatched,,,
Vlookup,22,0.0912,unmatched,,,
Enterprise Architecture,22,0.0912,unmatched,,,
Sap Ewm,22,0.0912,unmatched,,,
Interiors,22,0.0912,unmatched,,,
Vehicle Finance,22,0.0912,unmatched,,,
OEM,22,0.0912,unmatched,,,
Product Training,22,0.0912,unmatched,,,
Adobe Analytics,22,0.0912,unmatched,,,
Production Engineering,22,0.0912,unmatched,,,
Revenue generation,22,0.0912,unmatched,,,
Malayalam,22,0.0912,unmatched,,,
Settlements,22,0.0912,unmatched,,,
Executive support,22,0.0912,unmatched,,,
HNI Sales,22,0.0912,unmatched,,,
Drives,22,0.0912,unmatched,,,
Area Sales,22,0.0912,unmatched,,,
Product engineering,22,0.0912,unmatched,,,
Risk Analysis,22,0.0912,unmatched,,,
Service Desk Management,22,0.0912,unmatched,,,
PF,22,0.0912,unmatched,,,
Management systems,22,0.0912,unmatched,,,
Draw,22,0.0912,unmatched,,,
Procurement Management,22,0.0912,unmatched,,,
Talent management,22,0.0912,unmatched,,,
NRI,22,0.0912,unmatched,,,
Housing,22,0.0912,unmatched,,,
Housekeeping Management,22,0.0912,unmatched,,,
Root cause analysis,22,0.0912,unmatched,,,
Pandas,22,0.0912,unmatched,,,
IT Helpdesk,22,0.0912,unmatched,,,
Cash flow,22,0.0912,unmatched,,,
Scikit-Learn,22,0.0912,unmatched,,,
Learning And Development,22,0.0912,unmatched,,,
Growth Strategy,21,0.0871,unmatched,,,
Operations management,21,0.0871,unmatched,,,
Software Quality,21,0.0871,unmatched,,,
Resource management,21,0.0871,unmatched,,,
Plastic Injection Molding,21,0.0871,unmatched,,,
Sales Engineering,21,0.0871,unmatched,,,
Licensing,21,0.0871,unmatched,,,
Commissioning,21,0.0871,unmatched,,,
Supply Chain Operations,21,0.0871,unmatched,,,
Hardware Networking,21,0.0871,unmatched,,,
Credit cards,21,0.0871,unmatched,,,
Scalability,21,0.0871,unmatched,,,
Manufacturing Operations,21,0.0871,unmatched,,,
Debt management,21,0.0871,unmatched,,,
Japanese Language,21,0.0871,unmatched,,,
International Business Development,21,0.0871,unmatched,,,
Real estate,21,0.0871,unmatched,,,
Migration,21,0.0871,unmatched,,,
Hipaa,21,0.0871,unmatched,,,
Customer Retention,21,0.0871,unmatched,,,
Forging Shop,21,0.0871,unmatched,,,
Companies Act,21,0.0871,unmatched,,,
Head Business Development,21,0.0871,unmatched,,,
Health,21,0.0871,unmatched,,,
Subject Matter Expert,21,0.0871,unmatched,,,
Redis,21,0.0871,unmatched,,,
PostgreSQL,21,0.0871,unmatched,,,
SD,21,0.0871,unmatched,,,
Functional Design,21,0.0871,unmatched,,,
Physics,21,0.0871,unmatched,,,
Support,21,0.0871,unmatched,,,
Storyboarding,21,0.0871,unmatched,,,
Heat Exchangers,21,0.0871,unmatched,,,
Identity Access Management,21,0.0871,unmatched,,,
BOM,21,0.0871,unmatched,,,
Channel Management,21,0.0871,unmatched,,,
Manufacturing Engineering,21,0.0871,unmatched,,,
Excel Report Preparation,21,0.0871,unmatched,,,
Dynatrace,21,0.0871,unmatched,,,
Motion Graphics,21,0.0871,unmatched,,,
Content writing,21,0.0871,unmatched,,,
Scaling,21,0.0871,unmatched,,,
Blog Writing,21,0.0871,unmatched,,,
Product Design,21,0.0871,unmatched,,,
Casting,21,0.0871,unmatched,,,
Soql,21,0.0871,unmatched,,,
Attrition,21,0.0871,unmatched,,,
Odata,21,0.0871,unmatched,,,
Downstream,21,0.0871,unmatched,,,
Procure To Pay,21,0.0871,unmatched,,,
Data Integrity,21,0.0871,unmatched,,,
Project Delivery,21,0.0871,unmatched,,,
Service excellence,21,0.0871,unmatched,,,
P2P,21,0.0871,unmatched,,,
Boq Preparation,21,0.0871,unmatched,,,
Bom,21,0.0871,unmatched,,,
Quantitative,21,0.0871,unmatched,,,
Laravel,21,0.0871,unmatched,,,
Cost Control,21,0.0871,unmatched,,,
Machine Learning Algorithms,21,0.0871,unmatched,,,
AI,21,0.0871,unmatched,,,
Shell scripting,21,0.0871,unmatched,,,
Shipment,21,0.0871,unmatched,,,
Factory,21,0.0871,unmatched,,,
Technical Architecture,21,0.0871,unmatched,,,
Treasury,21,0.0871,unmatched,,,
Soc,21,0.0871,unmatched,,,
Filing,21,0.0871,unmatched,,,
Business Development Associate,20,0.0829,unmatched,,,
Business Architecture,20,0.0829,unmatched,,,
Xml,20,0.0829,unmatched,,,
Ms Dynamics Crm,20,0.0829,unmatched,,,
Rest Assured,20,0.0829,unmatched,,,
Integration testing,20,0.0829,unmatched,,,
Stored procedures,20,0.0829,unmatched,,,
Employee Grievances,20,0.0829,unmatched,,,
SSIS,20,0.0829,unmatched,,,
Storage,20,0.0829,unmatched,,,
Educational Marketing,20,0.0829,unmatched,,,
Sales strategy,20,0.0829,unmatched,,,
Engagement,20,0.0829,unmatched,,,
Public Relations,20,0.0829,unmatched,,,
Customization,20,0.0829,unmatched,,,
Numpy,20,0.0829,unmatched,,,
Helpdesk,20,0.0829,unmatched,,,
Company Law,20,0.0829,unmatched,,,
SFDC,20,0.0829,unmatched,,,
Networking Protocols,20,0.0829,unmatched,,,
Supply chain management,20,0.0829,unmatched,,,
English Teacher,20,0.0829,unmatched,,,
Credit Appraisal,20,0.0829,unmatched,,,
Software development life cycle,20,0.0829,unmatched,,,
Proposals,20,0.0829,unmatched,,,
Postman,20,0.0829,unmatched,,,
Network security,20,0.0829,unmatched,,,
Nutrition,20,0.0829,unmatched,,,
International Ticketing,20,0.0829,unmatched,,,
Environment,20,0.0829,unmatched,,,
Bash,20,0.0829,unmatched,,,
UX,20,0.0829,unmatched,,,
SAP Implementation,20,0.0829,unmatched,,,
Graphic designing,20,0.0829,unmatched,,,
SAP CO,20,0.0829,unmatched,,,
Ledger,20,0.0829,unmatched,,,
Hmi,20,0.0829,unmatched,,,
Distributor Sales,20,0.0829,unmatched,,,
Retail Operations,20,0.0829,unmatched,,,
Fintech,20,0.0829,unmatched,,,
Active directory,20,0.0829,unmatched,,,
Quality Check,20,0.0829,unmatched,,,
Anatomy,20,0.0829,unmatched,,,
Cash Handling,20,0.0829,unmatched,,,
Process Development,20,0.0829,unmatched,,,
Scripting Languages,20,0.0829,unmatched,,,
Excellent Communication Skills,20,0.0829,unmatched,,,
Test Execution Reporting,20,0.0829,unmatched,,,
Sports Writing,20,0.0829,unmatched,,,
Manpower,20,0.0829,unmatched,,,
HR Administration,20,0.0829,unmatched,,,
Executive Assistant,20,0.0829,unmatched,,,
Site Management,20,0.0829,unmatched,,,
Brand Management,20,0.0829,unmatched,,,
WordPress,20,0.0829,unmatched,,,
Cost reduction,20,0.0829,unmatched,,,
ISO Documentation,20,0.0829,unmatched,,,
Sensors,20,0.0829,unmatched,,,
CSR,20,0.0829,unmatched,,,
CRM Management,20,0.0829,unmatched,,,
External Audit,20,0.0829,unmatched,,,
Data collection,20,0.0829,unmatched,,,
Product Sales,20,0.0829,unmatched,,,
Dotnet Development,20,0.0829,unmatched,,,
Report Preparation,20,0.0829,unmatched,,,
Tax Compliance,20,0.0829,unmatched,,,
Digital Sales,20,0.0829,unmatched,,,
Fire Safety,20,0.0829,unmatched,,,
Shop Floor,20,0.0829,unmatched,,,
Showroom Sales,20,0.0829,unmatched,,,
Sip,20,0.0829,unmatched,,,
CA,20,0.0829,unmatched,,,
Purchase Vendor Development,20,0.0829,unmatched,,,
Soft Skills Training,20,0.0829,unmatched,,,
Agency Development,20,0.0829,unmatched,,,
Structural Design,19,0.0788,unmatched,,,
VAT,19,0.0788,unmatched,,,
Income Tax Return,19,0.0788,unmatched,,,
Aem,19,0.0788,unmatched,,,
Research Analysis,19,0.0788,unmatched,,,
Sme,19,0.0788,unmatched,,,
Requirements,19,0.0788,unmatched,,,
Siemens Teamcenter,19,0.0788,unmatched,,,
Database design,19,0.0788,unmatched,,,
Budget Management,19,0.0788,unmatched,,,
Eigrp,19,0.0788,unmatched,,,
Android Application Development,19,0.0788,unmatched,,,
Sap Abap Hana,19,0.0788,unmatched,,,
Raw Material Procurement,19,0.0788,unmatched,,,
Teacher,19,0.0788,unmatched,,,
Stock Management,19,0.0788,unmatched,,,
Client Communication,19,0.0788,unmatched,,,
Application Development Framework,19,0.0788,unmatched,,,
Individual Contributor,19,0.0788,unmatched,,,
Real Time Analysis,19,0.0788,unmatched,,,
Facility Management,19,0.0788,unmatched,,,
Debt,19,0.0788,unmatched,,,
Agile scrum,19,0.0788,unmatched,,,
Customer Operations,19,0.0788,unmatched,,,
Data Quality,19,0.0788,unmatched,,,
AutoCAD 2D,19,0.0788,unmatched,,,
Capacity Planning,19,0.0788,unmatched,,,
Direct Channel Sales,19,0.0788,unmatched,,,
Financial Institutions,19,0.0788,unmatched,,,
Safety Audit,19,0.0788,unmatched,,,
Sub Contractor Billing,19,0.0788,unmatched,,,
Vendor Reconciliation,19,0.0788,unmatched,,,
Marketing Automation,19,0.0788,unmatched,,,
Order fulfillment,19,0.0788,unmatched,,,
Rfps,19,0.0788,unmatched,,,
Db Administration,19,0.0788,unmatched,,,
Data Warehousing Concepts,19,0.0788,unmatched,,,
Crystal Report,19,0.0788,unmatched,,,
SCADA,19,0.0788,unmatched,,,
Sap Fico,19,0.0788,unmatched,,,
Regulatory Requirements,19,0.0788,unmatched,,,
Sap Implementation,19,0.0788,unmatched,,,
Market Penetration,19,0.0788,unmatched,,,
Sap Plant Maintenance,19,0.0788,unmatched,,,
ERP System,19,0.0788,unmatched,,,
P,19,0.0788,unmatched,,,
GAAP,19,0.0788,unmatched,,,
Steel Fabrication,19,0.0788,unmatched,,,
Load Balancing,19,0.0788,unmatched,,,
Accountancy,19,0.0788,unmatched,,,
Auto Industry,19,0.0788,unmatched,,,
Guidewire,19,0.0788,unmatched,,,
Desktop,19,0.0788,unmatched,,,
Leadership Hiring,19,0.0788,unmatched,,,
Inside sales,19,0.0788,unmatched,,,
International taxation,19,0.0788,unmatched,,,
Guest,19,0.0788,unmatched,,,
Working Drawings,19,0.0788,unmatched,,,
General Insurance Sales,19,0.0788,unmatched,,,
UK Process,19,0.0788,unmatched,,,
Medical Summarization,19,0.0788,unmatched,,,
E-learning,19,0.0788,unmatched,,,
Lambda Expressions,19,0.0788,unmatched,,,
ASME,19,0.0788,unmatched,,,
Cloud Integration,19,0.0788,unmatched,,,
Anti money laundering,19,0.0788,unmatched,,,
Grafana,19,0.0788,unmatched,,,
Private Banking,19,0.0788,unmatched,,,
General Ledger,19,0.0788,unmatched,,,
Service management,19,0.0788,unmatched,,,
Owasp,19,0.0788,unmatched,,,
Cdd,19,0.0788,unmatched,,,
Corporate Strategy,19,0.0788,unmatched,,,
Payment Followup,19,0.0788,unmatched,,,
Equity Broking,19,0.0788,unmatched,,,
Playwright,18,0.0746,unmatched,,,
Us Calling,18,0.0746,unmatched,,,
Mutual funds,18,0.0746,unmatched,,,
Utility Maintenance,18,0.0746,unmatched,,,
Residential Projects,18,0.0746,unmatched,,,
Asp.Net Core,18,0.0746,unmatched,,,
Business Consulting,18,0.0746,unmatched,,,
2D,18,0.0746,unmatched,,,
Third Party Products,18,0.0746,unmatched,,,
Monitoring Management,18,0.0746,unmatched,,,
Property,18,0.0746,unmatched,,,
Lending,18,0.0746,unmatched,,,
Powerapps,18,0.0746,unmatched,,,
Insurance Claims,18,0.0746,unmatched,,,
Deployment Process,18,0.0746,unmatched,,,
Audit Documentation,18,0.0746,unmatched,,,
Surgery,18,0.0746,unmatched,,,
Forge,18,0.0746,unmatched,,,
Sheet Metal Design,18,0.0746,unmatched,,,
Sheet Metal Parts,18,0.0746,unmatched,,,
Hunting,18,0.0746,unmatched,,,
Data processing,18,0.0746,unmatched,,,
Solution Architecting,18,0.0746,unmatched,,,
Business analytics,18,0.0746,unmatched,,,
Bank,18,0.0746,unmatched,,,
Corporate Selling,18,0.0746,unmatched,,,
Sfdc,18,0.0746,unmatched,,,
SLA,18,0.0746,unmatched,,,
German,18,0.0746,unmatched,,,
BPO Hiring,18,0.0746,unmatched,,,
Saas,18,0.0746,unmatched,,,
Office Management,18,0.0746,unmatched,,,
VPN,18,0.0746,unmatched,,,
SPM,18,0.0746,unmatched,,,
Microfinance,18,0.0746,unmatched,,,
Microbiology,18,0.0746,unmatched,,,
Renewals,18,0.0746,unmatched,,,
Injection,18,0.0746,unmatched,,,
Claims Processing,18,0.0746,unmatched,,,
Vba,18,0.0746,unmatched,,,
Edc,18,0.0746,unmatched,,,
Assessment,18,0.0746,unmatched,,,
Alternate Channel,18,0.0746,unmatched,,,
Healthcare Sales,18,0.0746,unmatched,,,
Radiology,18,0.0746,unmatched,,,
Hospital Administration,18,0.0746,unmatched,,,
Diversity and Inclusion,18,0.0746,unmatched,,,
Price Negotiation,18,0.0746,unmatched,,,
Oil And Gas,18,0.0746,unmatched,,,
Fast Api,18,0.0746,unmatched,,,
Domestic,18,0.0746,unmatched,,,
Good Comm Skills,18,0.0746,unmatched,,,
Press,18,0.0746,unmatched,,,
Configuration Management,18,0.0746,unmatched,,,
Aws Iam,18,0.0746,unmatched,,,
Bdd,18,0.0746,unmatched,,,
Sap Upgrade,18,0.0746,unmatched,,,
Solution design,18,0.0746,unmatched,,,
Data validation,18,0.0746,unmatched,,,
JEE Faculty,18,0.0746,unmatched,,,
Brand Marketing,18,0.0746,unmatched,,,
Gems,18,0.0746,unmatched,,,
Two Wheeler Loan,18,0.0746,unmatched,,,
WAN,18,0.0746,unmatched,,,
HMI,18,0.0746,unmatched,,,
Career Development,18,0.0746,unmatched,,,
Manufacturing Industry,18,0.0746,unmatched,,,
Aiml,18,0.0746,unmatched,,,
Sd,18,0.0746,unmatched,,,
Warranty Management,18,0.0746,unmatched,,,
Machine Shop,18,0.0746,unmatched,,,
Co,18,0.0746,unmatched,,,
Cloudera,18,0.0746,unmatched,,,
Oops,18,0.0746,unmatched,,,
Online Lead Generation,17,0.0705,unmatched,,,
Social Media Management,17,0.0705,unmatched,,,
It Risk Management,17,0.0705,unmatched,,,
MOM,17,0.0705,unmatched,,,
Business Operations,17,0.0705,unmatched,,,
Soap,17,0.0705,unmatched,,,
Nas,17,0.0705,unmatched,,,
Process optimization,17,0.0705,unmatched,,,
Tutoring,17,0.0705,unmatched,,,
Brd,17,0.0705,unmatched,,,
Business transformation,17,0.0705,unmatched,,,
Revenue Assurance,17,0.0705,unmatched,,,
Customer Interaction,17,0.0705,unmatched,,,
PR,17,0.0705,unmatched,,,
Purchase Entry,17,0.0705,unmatched,,,
Security Compliance,17,0.0705,unmatched,,,
Test Case Design,17,0.0705,unmatched,,,
UG NX,17,0.0705,unmatched,,,
Autocad Drafting,17,0.0705,unmatched,,,
Typing Speed,17,0.0705,unmatched,,,
HRIS,17,0.0705,unmatched,,,
Client Billing,17,0.0705,unmatched,,,
SAP ERP,17,0.0705,unmatched,,,
Pharmacy,17,0.0705,unmatched,,,
Langchain,17,0.0705,unmatched,,,
Real Estate Construction,17,0.0705,unmatched,,,
B2B Lead Generation,17,0.0705,unmatched,,,
Api Testing,17,0.0705,unmatched,,,
Decision Making,17,0.0705,unmatched,,,
LAN,17,0.0705,unmatched,,,
Paint Shop,17,0.0705,unmatched,,,
School Administration,17,0.0705,unmatched,,,
Glue,17,0.0705,unmatched,,,
Windows Server,17,0.0705,unmatched,,,
Fire,17,0.0705,unmatched,,,
CCNA,17,0.0705,unmatched,,,
Solid,17,0.0705,unmatched,,,
Pneumatics,17,0.0705,unmatched,,,
HR Coordination,17,0.0705,unmatched,,,
Typography,17,0.0705,unmatched,,,
Google AdWords,17,0.0705,unmatched,,,
Events,17,0.0705,unmatched,,,
Management consulting,17,0.0705,unmatched,,,
Catia V5,17,0.0705,unmatched,,,
Actuarial,17,0.0705,unmatched,,,
Panel Wiring,17,0.0705,unmatched,,,
Seo Writing,17,0.0705,unmatched,,,
Performance,17,0.0705,unmatched,,,
FI,17,0.0705,unmatched,,,
Thermal,17,0.0705,unmatched,,,
Ubuntu,17,0.0705,unmatched,,,
Fund Raising,17,0.0705,unmatched,,,
Assembly,17,0.0705,unmatched,,,
Civil engineering,17,0.0705,unmatched,,,
Claims Adjudication,17,0.0705,unmatched,,,
CNC Programming,17,0.0705,unmatched,,,
Outlook Configuration,17,0.0705,unmatched,,,
Embedded Systems,17,0.0705,unmatched,,,
Placement,17,0.0705,unmatched,,,
Cloud Architecture,17,0.0705,unmatched,,,
Rest Api Design,17,0.0705,unmatched,,,
Matlab,17,0.0705,unmatched,,,
Strong Communication Skills,17,0.0705,unmatched,,,
Freshers,17,0.0705,unmatched,,,
Email Campaign,17,0.0705,unmatched,,,
It Product Sales,17,0.0705,unmatched,,,
R12,17,0.0705,unmatched,,,
Workforce Planning,17,0.0705,unmatched,,,
Field sales,17,0.0705,unmatched,,,
Dax,17,0.0705,unmatched,,,
Inventory management,17,0.0705,unmatched,,,
Metal,17,0.0705,unmatched,,,
Team leading,17,0.0705,unmatched,,,
Gd,17,0.0705,unmatched,,,
Cloud Infrastructure,17,0.0705,unmatched,,,
Design development,17,0.0705,unmatched,,,
Quality Systems,17,0.0705,unmatched,,,
Html/Css,17,0.0705,unmatched,,,
Payment Collection,17,0.0705,unmatched,,,
Perl,17,0.0705,unmatched,,,
Cs,17,0.0705,unmatched,,,
Food safety,17,0.0705,unmatched,,,
Innovation,17,0.0705,unmatched,,,
Proposal Writing,17,0.0705,unmatched,,,
Proposal Preparation,17,0.0705,unmatched,,,
Accounting Entries,17,0.0705,unmatched,,,
Motor Insurance,17,0.0705,unmatched,,,
Market Analysis,17,0.0705,unmatched,,,
Mechanical engineering,17,0.0705,unmatched,,,
QC Tools,17,0.0705,unmatched,,,
Corporate Law,17,0.0705,unmatched,,,
Audit Planning,17,0.0705,unmatched,,,
Escalation Management,17,0.0705,unmatched,,,
HSE,17,0.0705,unmatched,,,
Channel Sales Management,17,0.0705,unmatched,,,
Ceh,17,0.0705,unmatched,,,
Google Cloud Platforms,17,0.0705,unmatched,,,
Pressure Vessels,17,0.0705,unmatched,,,
Com,17,0.0705,unmatched,,,
Economics,17,0.0705,unmatched,,,
Pharma Selling,17,0.0705,unmatched,,,
Petty Cash,17,0.0705,unmatched,,,
Customer care,17,0.0705,unmatched,,,
Redhat Linux,17,0.0705,unmatched,,,
Sop,17,0.0705,unmatched,,,
Draftsman Activities,17,0.0705,unmatched,,,
SAP S Hana,17,0.0705,unmatched,,,
ETL Testing,17,0.0705,unmatched,,,
Market analysis,17,0.0705,unmatched,,,
Tracking,17,0.0705,unmatched,,,
Tender Preparation,17,0.0705,unmatched,,,
Client Meeting,16,0.0664,unmatched,,,
Linux Administration,16,0.0664,unmatched,,,
Pharmacology,16,0.0664,unmatched,,,
Testing Tools,16,0.0664,unmatched,,,
System integration,16,0.0664,unmatched,,,
Cassandra,16,0.0664,unmatched,,,
Italian,16,0.0664,unmatched,,,
Training Need Analysis,16,0.0664,unmatched,,,
Regional sales,16,0.0664,unmatched,,,
Regional,16,0.0664,unmatched,,,
Commerce,16,0.0664,unmatched,,,
Investment Advisory,16,0.0664,unmatched,,,
IOS,16,0.0664,unmatched,,,
MDM,16,0.0664,unmatched,,,
Cost Management,16,0.0664,unmatched,,,
Review,16,0.0664,unmatched,,,
Paint Industry,16,0.0664,unmatched,,,
Cae,16,0.0664,unmatched,,,
PGT Chemistry,16,0.0664,unmatched,,,
Express,16,0.0664,unmatched,,,
Interview Scheduling,16,0.0664,unmatched,,,
Manager Client Servicing,16,0.0664,unmatched,,,
Global Operations,16,0.0664,unmatched,,,
Process Automation,16,0.0664,unmatched,,,
Data Entry Operation,16,0.0664,unmatched,,,
Panels,16,0.0664,unmatched,,,
Hospitality Sales,16,0.0664,unmatched,,,
CCTV,16,0.0664,unmatched,,,
Tosca Testsuite,16,0.0664,unmatched,,,
Modular Kitchen,16,0.0664,unmatched,,,
Brand Promotion,16,0.0664,unmatched,,,
Electrical Equipment,16,0.0664,unmatched,,,
Fire Fighting,16,0.0664,unmatched,,,
Investment Banking Operations,16,0.0664,unmatched,,,
Solar,16,0.0664,unmatched,,,
Financial management,16,0.0664,unmatched,,,
OWASP,16,0.0664,unmatched,,,
MS Project,16,0.0664,unmatched,,,
Distributor Handling,16,0.0664,unmatched,,,
Oracle Database,16,0.0664,unmatched,,,
Database administration,16,0.0664,unmatched,,,
Guest Satisfaction,16,0.0664,unmatched,,,
Operations Planning,16,0.0664,unmatched,,,
RCC,16,0.0664,unmatched,,,
Lean Six Sigma,16,0.0664,unmatched,,,
Rta,16,0.0664,unmatched,,,
Menu Planning,16,0.0664,unmatched,,,
Gujarati,16,0.0664,unmatched,,,
Exit Formalities,16,0.0664,unmatched,,,
Process Engineering,16,0.0664,unmatched,,,
Manual testing,16,0.0664,unmatched,,,
Leave Management,16,0.0664,unmatched,,,
Technical Writing,16,0.0664,unmatched,,,
Secretarial activities,16,0.0664,unmatched,,,
HLOOKUP,16,0.0664,unmatched,,,
TPA,16,0.0664,unmatched,,,
Autodesk,16,0.0664,unmatched,,,
Contract Labour Management,16,0.0664,unmatched,,,
Continuous Improvement,16,0.0664,unmatched,,,
Tax Returns,16,0.0664,unmatched,,,
Sap Presales,16,0.0664,unmatched,,,
Moulds,16,0.0664,unmatched,,,
Banquets,16,0.0664,unmatched,,,
Ecc,16,0.0664,unmatched,,,
Post Graduate Teacher,16,0.0664,unmatched,,,
Ssas,16,0.0664,unmatched,,,
Product Marketing,16,0.0664,unmatched,,,
Heavy Engineering,16,0.0664,unmatched,,,
CFD,16,0.0664,unmatched,,,
Adobe Premiere,16,0.0664,unmatched,,,
Trello,16,0.0664,unmatched,,,
Key,16,0.0664,unmatched,,,
Documents,16,0.0664,unmatched,,,
Formulation,16,0.0664,unmatched,,,
Life cycle,16,0.0664,unmatched,,,
End To End Implementation,16,0.0664,unmatched,,,
Cypress,16,0.0664,unmatched,,,
Store Keeping,16,0.0664,unmatched,,,
Product Costing,16,0.0664,unmatched,,,
Knowledge Management,16,0.0664,unmatched,,,
PDF,16,0.0664,unmatched,,,
Web Technologies,16,0.0664,unmatched,,,
SME,16,0.0664,unmatched,,,
Industrial Projects,16,0.0664,unmatched,,,
Erp Systems,16,0.0664,unmatched,,,
Volume Hiring,16,0.0664,unmatched,,,
Mobile Application Development,16,0.0664,unmatched,,,
Ced,16,0.0664,unmatched,,,
Benefits,16,0.0664,unmatched,,,
Medical Equipment,16,0.0664,unmatched,,,
Sap Pp,16,0.0664,unmatched,,,
Articles,16,0.0664,unmatched,,,
Fixed Income,16,0.0664,unmatched,,,
Crm Tool,16,0.0664,unmatched,,,
Bakery,16,0.0664,unmatched,,,
Firmware,16,0.0664,unmatched,,,
Itk,16,0.0664,unmatched,,,
Sap Analytics Cloud,16,0.0664,unmatched,,,
Regulatory Reporting,16,0.0664,unmatched,,,
Penetration Testing,16,0.0664,unmatched,,,
Foreign Exchange,16,0.0664,unmatched,,,
Enterprise,16,0.0664,unmatched,,,
High Level Design,16,0.0664,unmatched,,,
Gitlab,16,0.0664,unmatched,,,
Denial Management,16,0.0664,unmatched,,,
Civil Project Management,16,0.0664,unmatched,,,
Cisa,16,0.0664,unmatched,,,
Letter Drafting,16,0.0664,unmatched,,,
Animation,16,0.0664,unmatched,,,
Java Collections,16,0.0664,unmatched,,,
Sheet metal,16,0.0664,unmatched,,,
Ios,16,0.0664,unmatched,,,
Boomi,16,0.0664,unmatched,,,
Tfs,16,0.0664,unmatched,,,
Recruitment Management,16,0.0664,unmatched,,,
Matrix,16,0.0664,unmatched,,,
Cmdb,16,0.0664,unmatched,,,
Sales Presentations,16,0.0664,unmatched,,,
Electronic Components,16,0.0664,unmatched,,,
Nextjs,16,0.0664,unmatched,,,
Student Assessment,16,0.0664,unmatched,,,
Open Market,16,0.0664,unmatched,,,
Transaction Monitoring,16,0.0664,unmatched,,,
Direct Selling,15,0.0622,unmatched,,,
Direct tax,15,0.0622,unmatched,,,
Transfer pricing,15,0.0622,unmatched,,,
Transaction Processing,15,0.0622,unmatched,,,
Pim,15,0.0622,unmatched,,,
Sales Hiring,15,0.0622,unmatched,,,
Sales Forecasting,15,0.0622,unmatched,,,
Infrastructure management,15,0.0622,unmatched,,,
Linkedin,15,0.0622,unmatched,,,
Strategic Thinking,15,0.0622,unmatched,,,
Lab,15,0.0622,unmatched,,,
Quality management,15,0.0622,unmatched,,,
Db,15,0.0622,unmatched,,,
Metal Fabrication,15,0.0622,unmatched,,,
Gem Portal,15,0.0622,unmatched,,,
Mulesoft Anypoint Platform,15,0.0622,unmatched,,,
Sap Ariba,15,0.0622,unmatched,,,
Fund administration,15,0.0622,unmatched,,,
Company Secretarial,15,0.0622,unmatched,,,
Back Office Support,15,0.0622,unmatched,,,
Customer relationship,15,0.0622,unmatched,,,
Ind As,15,0.0622,unmatched,,,
FPA,15,0.0622,unmatched,,,
Windows OS,15,0.0622,partial/semantic_match,Operating System,"Nashik University, University of Mumbai, Savitribai Phule Pune University","Unknown, MDL401 Multidisciplinary minor -- 2 -- -- -- 1 1, MDC401 Multidisciplinary minor 3 -- -- 3 -- -- 3, MDC401 Multidisciplinary minor 20 20 40 60 2 -- -- 100"
PAAS,15,0.0622,unmatched,,,
Administrative Support,15,0.0622,unmatched,,,
Verification,15,0.0622,unmatched,,,
Power Platform,15,0.0622,unmatched,,,
Devops Tools,15,0.0622,unmatched,,,
Company Secretary,15,0.0622,unmatched,,,
Video,15,0.0622,unmatched,,,
Environment Health Safety,15,0.0622,unmatched,,,
Pre Primary,15,0.0622,unmatched,,,
Prometheus,15,0.0622,unmatched,,,
Domestic Process,15,0.0622,unmatched,,,
Research And Development,15,0.0622,unmatched,,,
Customer Acquisition,15,0.0622,unmatched,,,
Risk Assessments,15,0.0622,unmatched,,,
Marketing Planning,15,0.0622,unmatched,,,
US Recruitment,15,0.0622,unmatched,,,
Accounts,15,0.0622,unmatched,,,
Quality Monitoring,15,0.0622,unmatched,,,
Drawing Reading,15,0.0622,unmatched,,,
Ticket Booking,15,0.0622,unmatched,,,
Service Quality,15,0.0622,unmatched,,,
Sosl,15,0.0622,unmatched,,,
Bd,15,0.0622,unmatched,,,
Sapui5,15,0.0622,unmatched,,,
Sqlite,15,0.0622,unmatched,,,
Apache Tomcat,15,0.0622,unmatched,,,
Time,15,0.0622,unmatched,,,
Appeals,15,0.0622,unmatched,,,
Rdbms,15,0.0622,unmatched,,,
Alteryx,15,0.0622,unmatched,,,
Endpoint Security,15,0.0622,unmatched,,,
Access management,15,0.0622,unmatched,,,
Web Application Development,15,0.0622,unmatched,,,
Hr Service Delivery,15,0.0622,unmatched,,,
Customer Calling,15,0.0622,unmatched,,,
Room,15,0.0622,unmatched,,,
System Architecture,15,0.0622,unmatched,,,
System Configuration,15,0.0622,unmatched,,,
Sales initiatives,15,0.0622,unmatched,,,
Supplier Quality,15,0.0622,unmatched,,,
Physical Training,15,0.0622,unmatched,,,
Master data,15,0.0622,unmatched,,,
Broker,15,0.0622,unmatched,,,
Key account management,15,0.0622,unmatched,,,
Distribution Channel Sales,15,0.0622,unmatched,,,
Retail Branch Banking,15,0.0622,unmatched,,,
Credit Cards,15,0.0622,unmatched,,,
Food Safety,15,0.0622,unmatched,,,
Springboot,15,0.0622,unmatched,,,
Manufacturing process,15,0.0622,unmatched,,,
Configuring,15,0.0622,unmatched,,,
Delinquency Management,15,0.0622,unmatched,,,
Ams,15,0.0622,unmatched,,,
Medical Sales,15,0.0622,unmatched,,,
Primary Sales,15,0.0622,unmatched,,,
Junit,15,0.0622,unmatched,,,
TPM,15,0.0622,unmatched,,,
Informatica Powercenter,15,0.0622,unmatched,,,
RCA,15,0.0622,unmatched,,,
Wan,15,0.0622,unmatched,,,
Siem,15,0.0622,unmatched,,,
Bpo Non Voice,15,0.0622,unmatched,,,
Nbfc,15,0.0622,unmatched,,,
Molecular Biology,15,0.0622,unmatched,,,
Flutter,15,0.0622,unmatched,,,
Instrumentation Engineering,15,0.0622,unmatched,,,
Instructional Design,15,0.0622,unmatched,,,
Flow,15,0.0622,unmatched,,,
Capa,15,0.0622,unmatched,,,
Control system,15,0.0622,unmatched,,,
Administration Management,15,0.0622,unmatched,,,
Navisworks,15,0.0622,unmatched,,,
Test Planning,15,0.0622,unmatched,,,
Business management,15,0.0622,unmatched,,,
Pmp,15,0.0622,unmatched,,,
Fica,15,0.0622,unmatched,,,
Quantity Estimation,15,0.0622,unmatched,,,
Gold,15,0.0622,unmatched,,,
Branch Sales,15,0.0622,unmatched,,,
IATA,15,0.0622,unmatched,,,
Agreements,15,0.0622,unmatched,,,
Gdc,15,0.0622,unmatched,,,
Direct Channel,15,0.0622,unmatched,,,
5S System,15,0.0622,unmatched,,,
Digital media,14,0.0581,unmatched,,,
Quantity Surveying,14,0.0581,unmatched,,,
Database Management System,14,0.0581,unmatched,,,
Android Studio,14,0.0581,unmatched,,,
MRM,14,0.0581,unmatched,,,
MIS reporting,14,0.0581,unmatched,,,
Training and Development,14,0.0581,unmatched,,,
Conditional Formatting,14,0.0581,unmatched,,,
Aviation,14,0.0581,unmatched,,,
Intune,14,0.0581,unmatched,,,
Web analytics,14,0.0581,unmatched,,,
Project Management Tools,14,0.0581,unmatched,,,
Debt Recovery,14,0.0581,unmatched,,,
Quality Documentation,14,0.0581,unmatched,,,
Informatica Mdm,14,0.0581,unmatched,,,
Labour,14,0.0581,unmatched,,,
REST,14,0.0581,unmatched,,,
REST API,14,0.0581,unmatched,,,
Selenium Testing,14,0.0581,unmatched,,,
Calculation,14,0.0581,unmatched,,,
Cloud Sales,14,0.0581,unmatched,,,
Profitability,14,0.0581,unmatched,,,
Aks,14,0.0581,unmatched,,,
Ms Access,14,0.0581,unmatched,,,
Ms Office Suite,14,0.0581,unmatched,,,
Material Handling,14,0.0581,unmatched,,,
Strong Interpersonal Skills,14,0.0581,unmatched,,,
Salary Processing,14,0.0581,unmatched,,,
Corporate HR,14,0.0581,unmatched,,,
Wireless,14,0.0581,unmatched,,,
Trend analysis,14,0.0581,unmatched,,,
Legal Drafting,14,0.0581,unmatched,,,
GL,14,0.0581,unmatched,,,
Deep Learning Frameworks,14,0.0581,unmatched,,,
LIFO,14,0.0581,unmatched,,,
LINQ,14,0.0581,unmatched,,,
Scientific Writing,14,0.0581,unmatched,,,
IT Audit,14,0.0581,unmatched,,,
Home Loan Sales,14,0.0581,unmatched,,,
VRM,14,0.0581,unmatched,,,
Electrical Installation,14,0.0581,unmatched,,,
Clinical,14,0.0581,unmatched,,,
Industrial Relations,14,0.0581,unmatched,,,
News Writing,14,0.0581,unmatched,,,
Demand Generation,14,0.0581,unmatched,,,
QSR,14,0.0581,unmatched,,,
Db2,14,0.0581,unmatched,,,
Shaping,14,0.0581,unmatched,,,
CMA,14,0.0581,unmatched,,,
Method Validation,14,0.0581,unmatched,,,
Customer Segmentation,14,0.0581,unmatched,,,
Preventive,14,0.0581,unmatched,,,
Corporate finance,14,0.0581,unmatched,,,
Technical Helpdesk,14,0.0581,unmatched,,,
Quick Books,14,0.0581,unmatched,,,
Brand Strategy,14,0.0581,unmatched,,,
Pharmaceutics,14,0.0581,unmatched,,,
Pharma Marketing,14,0.0581,unmatched,,,
Fi,14,0.0581,unmatched,,,
R And D,14,0.0581,unmatched,,,
SSRS,14,0.0581,unmatched,,,
Correspondence,14,0.0581,unmatched,,,
Cost Reduction,14,0.0581,unmatched,,,
Videography,14,0.0581,unmatched,,,
Presentable,14,0.0581,unmatched,,,
Quality systems,14,0.0581,unmatched,,,
ERP Sales,14,0.0581,unmatched,,,
Banners,14,0.0581,unmatched,,,
Station,14,0.0581,unmatched,,,
Banking Sector,14,0.0581,unmatched,,,
ASP.Net MVC,14,0.0581,unmatched,,,
Succession Planning,14,0.0581,unmatched,,,
Relationship Manager,14,0.0581,unmatched,,,
Adams,14,0.0581,unmatched,,,
Call Center Operations,14,0.0581,unmatched,,,
Web Content Writing,14,0.0581,unmatched,,,
Components,14,0.0581,unmatched,,,
Risk Compliance,14,0.0581,unmatched,,,
Process Compliance,14,0.0581,unmatched,,,
SAN,14,0.0581,unmatched,,,
Techno-commercial,14,0.0581,unmatched,,,
Mumbai,14,0.0581,unmatched,,,
Security Assessment,14,0.0581,unmatched,,,
Canvas,14,0.0581,unmatched,,,
S/4 HANA,14,0.0581,unmatched,,,
Rubber,14,0.0581,unmatched,,,
OPD,14,0.0581,unmatched,,,
Draft,14,0.0581,unmatched,,,
Project Development,14,0.0581,unmatched,,,
Component Development,14,0.0581,unmatched,,,
Amadeus,14,0.0581,unmatched,,,
Application Development Lifecycle,14,0.0581,unmatched,,,
Revit,14,0.0581,unmatched,,,
Order Fulfillment,14,0.0581,unmatched,,,
Market Research And Analysis,14,0.0581,unmatched,,,
Forex Operations,14,0.0581,unmatched,,,
People Management Skills,14,0.0581,unmatched,,,
Siemens PLC,14,0.0581,unmatched,,,
Product Life Cycle Management,14,0.0581,unmatched,,,
Deal Closure,14,0.0581,unmatched,,,
Good Communication,14,0.0581,unmatched,,,
Sap Basis Hana,14,0.0581,unmatched,,,
Hana Implementation,14,0.0581,unmatched,,,
Azure Synapse,14,0.0581,unmatched,,,
Personal,14,0.0581,unmatched,,,
Google Sheets,14,0.0581,unmatched,,,
Export Sales,14,0.0581,unmatched,,,
Fixed income,14,0.0581,unmatched,,,
Service Engineering,14,0.0581,unmatched,,,
Managed services,14,0.0581,unmatched,,,
General Medicine,14,0.0581,unmatched,,,
International Marketing,14,0.0581,unmatched,,,
IT Service Desk,14,0.0581,unmatched,,,
Training Needs,14,0.0581,unmatched,,,
Travel Booking,14,0.0581,unmatched,,,
Travel Desk,14,0.0581,unmatched,,,
Document Verification,14,0.0581,unmatched,,,
Power BI,14,0.0581,unmatched,,,
Communication Skills Written,14,0.0581,unmatched,,,
Advisory Services,14,0.0581,unmatched,,,
Customer service orientation,14,0.0581,unmatched,,,
Eclipse,14,0.0581,unmatched,,,
Functional testing,14,0.0581,unmatched,,,
Developer,14,0.0581,unmatched,,,
Balance,14,0.0581,unmatched,,,
Forgings,14,0.0581,unmatched,,,
Engineering services,14,0.0581,unmatched,,,
TCP,14,0.0581,unmatched,,,
Dynamics,14,0.0581,unmatched,,,
GTAW,14,0.0581,unmatched,,,
Medidata Rave,14,0.0581,unmatched,,,
Financial Advisory,14,0.0581,unmatched,,,
Field Sales Management,14,0.0581,unmatched,,,
Business Research,14,0.0581,unmatched,,,
Microsoft Dynamics Crm Technical,14,0.0581,unmatched,,,
Line Balancing,14,0.0581,unmatched,,,
It Service Desk,14,0.0581,unmatched,,,
Transition,14,0.0581,unmatched,,,
Telecommunication,14,0.0581,unmatched,,,
Pipeline,14,0.0581,unmatched,,,
Physiotherapy,14,0.0581,unmatched,,,
Project Management Process,14,0.0581,unmatched,,,
PFMEA,14,0.0581,unmatched,,,
Call Monitoring,14,0.0581,unmatched,,,
Social Media Strategies,14,0.0581,unmatched,,,
Financial Instruments,14,0.0581,unmatched,,,
Zoho,13,0.0539,unmatched,,,
Final Inspection,13,0.0539,unmatched,,,
Online Branding,13,0.0539,unmatched,,,
Technical analysis,13,0.0539,unmatched,,,
Pi,13,0.0539,unmatched,,,
Safety Training,13,0.0539,unmatched,,,
Plant Quality,13,0.0539,unmatched,,,
Design Calculations,13,0.0539,unmatched,,,
Business Generation,13,0.0539,unmatched,,,
Business Expansion,13,0.0539,unmatched,,,
Lightning,13,0.0539,unmatched,,,
BCOM,13,0.0539,unmatched,,,
Record Keeping,13,0.0539,unmatched,,,
Oracle Apps Technical,13,0.0539,unmatched,,,
Skin Care,13,0.0539,unmatched,,,
Business Requirements,13,0.0539,unmatched,,,
Financial Products Sales,13,0.0539,unmatched,,,
Google Adwords,13,0.0539,unmatched,,,
Data Mining,13,0.0539,unmatched,,,
S3,13,0.0539,unmatched,,,
TDD,13,0.0539,unmatched,,,
W2,13,0.0539,unmatched,,,
Vulnerability Management,13,0.0539,unmatched,,,
Civil 3D,13,0.0539,unmatched,,,
Mulesoft Anypoint,13,0.0539,unmatched,,,
Fanuc,13,0.0539,unmatched,,,
Oracle Fusion Financials,13,0.0539,unmatched,,,
Oil,13,0.0539,unmatched,,,
Wiring,13,0.0539,unmatched,,,
Production Scheduling,13,0.0539,unmatched,,,
Technology management,13,0.0539,unmatched,,,
Backend Process,13,0.0539,unmatched,,,
Claims Management,13,0.0539,unmatched,,,
San,13,0.0539,unmatched,,,
IT Support,13,0.0539,unmatched,,,
Excel Sheet,13,0.0539,unmatched,,,
Site Planning,13,0.0539,unmatched,,,
Mysql,13,0.0539,unmatched,,,
Power Automate,13,0.0539,unmatched,,,
Power Point Presentation,13,0.0539,unmatched,,,
Accountant,13,0.0539,unmatched,,,
Steel,13,0.0539,unmatched,,,
Banking And Finance,13,0.0539,unmatched,,,
Verbal communication,13,0.0539,unmatched,,,
Sap Configuration,13,0.0539,unmatched,,,
SOX,13,0.0539,unmatched,,,
SOA,13,0.0539,unmatched,,,
Car Loan,13,0.0539,unmatched,,,
Manpower Management,13,0.0539,unmatched,,,
Websphere,13,0.0539,unmatched,,,
PEB,13,0.0539,unmatched,,,
DST,13,0.0539,unmatched,,,
Evaluation,13,0.0539,unmatched,,,
Automation Anywhere,13,0.0539,unmatched,,,
Contract Drafting,13,0.0539,unmatched,,,
Indirect,13,0.0539,unmatched,,,
Mern Stack,13,0.0539,unmatched,,,
Product Launch,13,0.0539,unmatched,,,
Bpo Operations,13,0.0539,unmatched,,,
Regulatory Submissions,13,0.0539,unmatched,,,
Video editing,13,0.0539,unmatched,,,
Preschool,13,0.0539,unmatched,,,
Uipath,13,0.0539,unmatched,,,
Technical Recruitment,13,0.0539,unmatched,,,
Microcontroller,13,0.0539,unmatched,,,
Bpt,13,0.0539,unmatched,,,
Dealer Sales,13,0.0539,unmatched,,,
WFM,13,0.0539,unmatched,,,
Manhattan WMS,13,0.0539,unmatched,,,
Floor Management,13,0.0539,unmatched,,,
Hotel Booking,13,0.0539,unmatched,,,
Hotel,13,0.0539,unmatched,,,
Data Pipeline,13,0.0539,unmatched,,,
OS Installation,13,0.0539,unmatched,,,
Search Engine Optimization,13,0.0539,unmatched,,,
Production planning,13,0.0539,unmatched,,,
Distribution Management,13,0.0539,unmatched,,,
Inprocess Quality,13,0.0539,unmatched,,,
Sales planning,13,0.0539,unmatched,,,
Veeva,13,0.0539,unmatched,,,
Paint Shop Production,13,0.0539,unmatched,,,
Project development,13,0.0539,unmatched,,,
Ariba,13,0.0539,unmatched,,,
E-tendering,13,0.0539,unmatched,,,
EBS,13,0.0539,unmatched,,,
Remediation,13,0.0539,unmatched,,,
Renewable energy,13,0.0539,unmatched,,,
QC Inspection,13,0.0539,unmatched,,,
Motors,13,0.0539,unmatched,,,
Stamping Parts,13,0.0539,unmatched,,,
PO,13,0.0539,unmatched,,,
Biw,13,0.0539,unmatched,,,
Bitbucket,13,0.0539,unmatched,,,
Dreamweaver,13,0.0539,unmatched,,,
Marketing operations,13,0.0539,unmatched,,,
Us Gaap,13,0.0539,unmatched,,,
Telugu,13,0.0539,unmatched,,,
Cyber,13,0.0539,unmatched,,,
Amazon Ec2,13,0.0539,unmatched,,,
ITR,13,0.0539,unmatched,,,
Checkpoint,13,0.0539,unmatched,,,
Market Development,13,0.0539,unmatched,,,
HTML5,13,0.0539,unmatched,,,
Standard operating procedures,13,0.0539,unmatched,,,
Visual Basic,13,0.0539,unmatched,,,
Quality engineering,13,0.0539,unmatched,,,
Organization Skills,13,0.0539,unmatched,,,
Mba Marketing,13,0.0539,unmatched,,,
ITOM,13,0.0539,unmatched,,,
Stored Procedures,13,0.0539,unmatched,,,
Assistant Vice President,13,0.0539,unmatched,,,
Fea,13,0.0539,unmatched,,,
Asp.Net,13,0.0539,unmatched,,,
Agentic Ai,13,0.0539,unmatched,,,
Service Delivery Management,13,0.0539,unmatched,,,
Corporate governance,13,0.0539,unmatched,,,
Advanced Analytics,13,0.0539,unmatched,,,
Basis Administration,13,0.0539,unmatched,,,
Conceptualization,13,0.0539,unmatched,,,
Relational Databases,13,0.0539,unmatched,,,
Share Market,13,0.0539,unmatched,,,
Global Sourcing,13,0.0539,unmatched,,,
Design Analysis,13,0.0539,unmatched,,,
Tool Room Operations,13,0.0539,unmatched,,,
Application Integration,13,0.0539,unmatched,,,
Freelancing,13,0.0539,unmatched,,,
After Sales Service,13,0.0539,unmatched,,,
Clinical Sas Programming,13,0.0539,unmatched,,,
Client relationship,13,0.0539,unmatched,,,
Physical Education,13,0.0539,unmatched,,,
Tool Engineering,13,0.0539,unmatched,,,
Regression testing,13,0.0539,unmatched,,,
Industrial Marketing,13,0.0539,unmatched,,,
Catia,13,0.0539,unmatched,,,
Cash Applications,13,0.0539,unmatched,,,
Quality System Management,13,0.0539,unmatched,,,
CSAT,13,0.0539,unmatched,,,
CPT,13,0.0539,unmatched,,,
Center Management,13,0.0539,unmatched,,,
Estimation Engineering,13,0.0539,unmatched,,,
Pathology,13,0.0539,unmatched,,,
Mobx,13,0.0539,unmatched,,,
EMS,13,0.0539,unmatched,,,
EDI,13,0.0539,unmatched,,,
SAP GRC,13,0.0539,unmatched,,,
Equity Research,13,0.0539,unmatched,,,
Patient care,13,0.0539,unmatched,,,
ROC,13,0.0539,unmatched,,,
SAP Basis Administration,13,0.0539,unmatched,,,
Construction Safety,13,0.0539,unmatched,,,
Service quality,13,0.0539,unmatched,,,
Wireframing,13,0.0539,unmatched,,,
Tanks,13,0.0539,unmatched,,,
Corporate Training,13,0.0539,unmatched,,,
Uv,13,0.0539,unmatched,,,
Safety Compliance,13,0.0539,unmatched,,,
Plm,13,0.0539,unmatched,,,
Graphql,13,0.0539,unmatched,,,
Telephone Operating,13,0.0539,unmatched,,,
Resource Allocation,13,0.0539,unmatched,,,
Electrical Components,13,0.0539,unmatched,,,
Abb,13,0.0539,unmatched,,,
Electrical design,13,0.0539,unmatched,,,
Email marketing,13,0.0539,unmatched,,,
Selenium Java,13,0.0539,unmatched,,,
Procurement Operations,13,0.0539,unmatched,,,
Technical Specifications,13,0.0539,unmatched,,,
Conflict resolution,13,0.0539,unmatched,,,
Hlookup,13,0.0539,unmatched,,,
JPA,13,0.0539,unmatched,,,
JMeter,13,0.0539,unmatched,,,
KPI Monitoring,13,0.0539,unmatched,,,
Connectors,13,0.0539,unmatched,,,
Business Development Executive,13,0.0539,unmatched,,,
MS Dynamics CRM,13,0.0539,unmatched,,,
ICU,13,0.0539,unmatched,,,
Digital sales,12,0.0498,unmatched,,,
Zonal,12,0.0498,unmatched,,,
Financial Sales,12,0.0498,unmatched,,,
MIS Operations,12,0.0498,unmatched,,,
Software Installation,12,0.0498,unmatched,,,
Progress 4Gl,12,0.0498,unmatched,,,
Social Studies,12,0.0498,unmatched,,,
Autosys,12,0.0498,unmatched,,,
Content Management Systems,12,0.0498,unmatched,,,
Ccc,12,0.0498,unmatched,,,
Corporate Hr,12,0.0498,unmatched,,,
FIFO,12,0.0498,unmatched,,,
FMCG Marketing,12,0.0498,unmatched,,,
Domestic Bpo,12,0.0498,unmatched,,,
Domestic Calling,12,0.0498,unmatched,,,
Triggers,12,0.0498,unmatched,,,
Robot Framework,12,0.0498,unmatched,,,
Construction Projects,12,0.0498,unmatched,,,
Sap Success Factor,12,0.0498,unmatched,,,
Legal Research,12,0.0498,unmatched,,,
System Integration,12,0.0498,unmatched,,,
Food Processing,12,0.0498,unmatched,,,
Basis,12,0.0498,unmatched,,,
Indesign,12,0.0498,unmatched,,,
Report Generation,12,0.0498,unmatched,,,
Inventory Planning,12,0.0498,unmatched,,,
Antivirus,12,0.0498,unmatched,,,
Voucher Entry,12,0.0498,unmatched,,,
Test planning,12,0.0498,unmatched,,,
Lwc,12,0.0498,unmatched,,,
Bom Preparation,12,0.0498,unmatched,,,
Articulate Storyline,12,0.0498,unmatched,,,
Generalist Activities,12,0.0498,unmatched,,,
Payment Gateways,12,0.0498,unmatched,,,
Montessori,12,0.0498,unmatched,,,
Channel Development,12,0.0498,unmatched,,,
Premiere Pro,12,0.0498,unmatched,,,
Pre Engineered Building,12,0.0498,unmatched,,,
Property Loan,12,0.0498,unmatched,,,
Technical leadership,12,0.0498,unmatched,,,
Api Gateway,12,0.0498,unmatched,,,
WPF,12,0.0498,unmatched,,,
Australian Process,12,0.0498,unmatched,,,
Branch Banking,12,0.0498,unmatched,,,
Offer Generation,12,0.0498,unmatched,,,
Rhino,12,0.0498,unmatched,,,
SAP S/4HANA,12,0.0498,unmatched,,,
Mechatronics,12,0.0498,unmatched,,,
Daily Production Planning,12,0.0498,unmatched,,,
Pega Prpc,12,0.0498,unmatched,,,
As,12,0.0498,unmatched,,,
Factory Operations,12,0.0498,unmatched,,,
Sap Grc,12,0.0498,unmatched,,,
Customer Service Management,12,0.0498,unmatched,,,
Azure Active Directory,12,0.0498,unmatched,,,
Shrinkage Control,12,0.0498,unmatched,,,
Brand,12,0.0498,unmatched,,,
Drafting Agreements,12,0.0498,unmatched,,,
Product Life Cycle,12,0.0498,unmatched,,,
Robotic Process Automation,12,0.0498,unmatched,,,
Content management,12,0.0498,unmatched,,,
Conti,12,0.0498,unmatched,,,
Cards,12,0.0498,unmatched,,,
Vpn,12,0.0498,unmatched,,,
Marketing Communication,12,0.0498,unmatched,,,
Fund accounting,12,0.0498,unmatched,,,
Liabilities,12,0.0498,unmatched,,,
Power Query,12,0.0498,unmatched,,,
Travel Sales,12,0.0498,unmatched,,,
Transport Operations,12,0.0498,unmatched,,,
Workday Functional,12,0.0498,unmatched,,,
C2C,12,0.0498,unmatched,,,
Foundry,12,0.0498,unmatched,,,
Billing Engineering,12,0.0498,unmatched,,,
Process design,12,0.0498,unmatched,,,
Control Panel,12,0.0498,unmatched,,,
PT,12,0.0498,unmatched,,,
Solution architecture,12,0.0498,unmatched,,,
Unix Shell Scripting,12,0.0498,unmatched,,,
Access,12,0.0498,unmatched,,,
Journal entries,12,0.0498,unmatched,,,
Surveyor,12,0.0498,unmatched,,,
Hedge Funds,12,0.0498,unmatched,,,
Steward Activities,12,0.0498,unmatched,,,
Stlc,12,0.0498,unmatched,,,
Psychology,12,0.0498,unmatched,,,
Life Cycle Management,12,0.0498,unmatched,,,
Postgres Database,12,0.0498,unmatched,,,
Mdm,12,0.0498,unmatched,,,
Salesforce Sales Cloud,12,0.0498,unmatched,,,
F#,12,0.0498,unmatched,,,
Fitness,12,0.0498,unmatched,,,
Webdynpro,12,0.0498,unmatched,,,
Solution sales,12,0.0498,unmatched,,,
Service Cloud,12,0.0498,unmatched,,,
Project Tracking,12,0.0498,unmatched,,,
Technical Voice Process,12,0.0498,unmatched,,,
Mass Mailing,12,0.0498,unmatched,,,
SOP,12,0.0498,unmatched,,,
Commercial Projects,12,0.0498,unmatched,,,
RTR,12,0.0498,unmatched,,,
Energy,12,0.0498,unmatched,,,
Linux System Administration,12,0.0498,unmatched,,,
Creative,12,0.0498,unmatched,,,
ABAP,12,0.0498,unmatched,,,
Machine Maintenance,12,0.0498,unmatched,,,
Capital market,12,0.0498,unmatched,,,
JEE,12,0.0498,unmatched,,,
Security operations,12,0.0498,unmatched,,,
Security Engineering,12,0.0498,unmatched,,,
Speciality Chemicals,12,0.0498,unmatched,,,
IT support,12,0.0498,unmatched,,,
Tomcat,12,0.0498,unmatched,,,
Redhat Openshift,12,0.0498,unmatched,,,
Recruitment Operations,12,0.0498,unmatched,,,
New product development,12,0.0498,unmatched,,,
Abap On Hana,12,0.0498,unmatched,,,
Ectd,12,0.0498,unmatched,,,
Job Portals,12,0.0498,unmatched,,,
Control Plan,12,0.0498,unmatched,,,
Ad Sales,12,0.0498,unmatched,,,
Exercise,12,0.0498,unmatched,,,
CSM,12,0.0498,unmatched,,,
Hr Operations,12,0.0498,unmatched,,,
PCI DSS,12,0.0498,unmatched,,,
JBoss,12,0.0498,unmatched,,,
Dispatch Planning,12,0.0498,unmatched,,,
Resourcing,12,0.0498,unmatched,,,
Data mining,12,0.0498,unmatched,,,
Data warehousing,12,0.0498,unmatched,,,
AS400,12,0.0498,unmatched,,,
MVVM,12,0.0498,unmatched,,,
Business continuity,12,0.0498,unmatched,,,
Assembly Line,12,0.0498,unmatched,,,
Photography,12,0.0498,unmatched,,,
Php Development,12,0.0498,unmatched,,,
Credit Management,12,0.0498,unmatched,,,
Workforce planning,12,0.0498,unmatched,,,
Eks,12,0.0498,unmatched,,,
Clinical Programming,12,0.0498,unmatched,,,
Clinical research,12,0.0498,unmatched,,,
ITI Electrical,12,0.0498,unmatched,,,
Cloud Storage,12,0.0498,unmatched,,,
Remote Support,12,0.0498,unmatched,,,
Selection process,12,0.0498,unmatched,,,
Front desk,12,0.0498,unmatched,,,
Interior Architecture,12,0.0498,unmatched,,,
Utility,12,0.0498,unmatched,,,
Nexus,12,0.0498,unmatched,,,
Electronics Engineering,12,0.0498,unmatched,,,
Sales Growth,12,0.0498,unmatched,,,
Sales Entry,12,0.0498,unmatched,,,
Calibration,12,0.0498,unmatched,,,
Release management,12,0.0498,unmatched,,,
Reliability,12,0.0498,unmatched,,,
Audit Management,12,0.0498,unmatched,,,
Art,12,0.0498,unmatched,,,
Agile methodology,12,0.0498,unmatched,,,
Opd,12,0.0498,unmatched,,,
3D modeling,12,0.0498,unmatched,,,
7Qc,12,0.0498,unmatched,,,
Financial Products,12,0.0498,unmatched,,,
Software Asset Management,11,0.0456,unmatched,,,
ICWA,11,0.0456,unmatched,,,
Business Advisory,11,0.0456,unmatched,,,
Purchase Requisition,11,0.0456,unmatched,,,
MS Office tools,11,0.0456,unmatched,,,
It Security,11,0.0456,unmatched,,,
It Sales,11,0.0456,unmatched,,,
Building Materials,11,0.0456,unmatched,,,
Social Work,11,0.0456,unmatched,,,
Calendaring,11,0.0456,unmatched,,,
Blogs,11,0.0456,unmatched,,,
Web services,11,0.0456,unmatched,,,
Manager,11,0.0456,unmatched,,,
Asana,11,0.0456,unmatched,,,
Installation And Commissioning,11,0.0456,unmatched,,,
Leadership development,11,0.0456,unmatched,,,
Routing And Switching,11,0.0456,unmatched,,,
Conveyors,11,0.0456,unmatched,,,
Copa,11,0.0456,unmatched,,,
Call Audit,11,0.0456,unmatched,,,
Selenium Webdriver,11,0.0456,unmatched,,,
Tally Software,11,0.0456,unmatched,,,
Corporate Communication,11,0.0456,unmatched,,,
Article Writing,11,0.0456,unmatched,,,
Bmc Remedy,11,0.0456,unmatched,,,
Blue Prism,11,0.0456,unmatched,,,
Flooring,11,0.0456,unmatched,,,
Web API,11,0.0456,unmatched,,,
Calls Handling,11,0.0456,unmatched,,,
Calls,11,0.0456,unmatched,,,
Driving,11,0.0456,unmatched,,,
Drilling,11,0.0456,unmatched,,,
Ruby,11,0.0456,unmatched,,,
PMO,11,0.0456,unmatched,,,
OTC,11,0.0456,unmatched,,,
Data Manipulation,11,0.0456,unmatched,,,
Data Lake,11,0.0456,unmatched,,,
Api Automation,11,0.0456,unmatched,,,
Event management,11,0.0456,unmatched,,,
GenAI,11,0.0456,unmatched,,,
Gen AI,11,0.0456,unmatched,,,
Release Management,11,0.0456,unmatched,,,
Fixed assets,11,0.0456,unmatched,,,
External audit,11,0.0456,unmatched,,,
PCB Designing,11,0.0456,unmatched,,,
PCB,11,0.0456,unmatched,,,
Sea Freight,11,0.0456,unmatched,,,
Excel Powerpoint,11,0.0456,unmatched,,,
Mortgage Underwriting,11,0.0456,unmatched,,,
Meeting Planning,11,0.0456,unmatched,,,
Warehouse management,11,0.0456,unmatched,,,
Packaging Design,11,0.0456,unmatched,,,
Ev,11,0.0456,unmatched,,,
Process Documentation,11,0.0456,unmatched,,,
Trade finance,11,0.0456,unmatched,,,
Gold loan,11,0.0456,unmatched,,,
Data entry,11,0.0456,unmatched,,,
Mortgage Sales,11,0.0456,unmatched,,,
Auditor,11,0.0456,unmatched,,,
Product Engineering,11,0.0456,unmatched,,,
OO ABAP,11,0.0456,unmatched,,,
Palo Alto Firewall,11,0.0456,unmatched,,,
Dice,11,0.0456,unmatched,,,
Digital Advertising,11,0.0456,unmatched,,,
Bi Publisher,11,0.0456,unmatched,,,
Juniper,11,0.0456,unmatched,,,
Primavera,11,0.0456,unmatched,,,
UNIT,11,0.0456,unmatched,,,
Manufacturing Process,11,0.0456,unmatched,,,
Cash management,11,0.0456,unmatched,,,
Overseas Education,11,0.0456,unmatched,,,
Outsourcing,11,0.0456,unmatched,,,
Risk analytics,11,0.0456,unmatched,,,
Corporate Finance,11,0.0456,unmatched,,,
Illustration,11,0.0456,unmatched,,,
Conflict management,11,0.0456,unmatched,,,
Visual Studio,11,0.0456,unmatched,,,
Visual Merchandising,11,0.0456,unmatched,,,
Cc,11,0.0456,unmatched,,,
Data Extraction,11,0.0456,unmatched,,,
SAP B1,11,0.0456,unmatched,,,
System Engineering,11,0.0456,unmatched,,,
EMI,11,0.0456,unmatched,,,
Industrial Product Sales,11,0.0456,unmatched,,,
Mobile applications,11,0.0456,unmatched,,,
Loan Recovery,11,0.0456,unmatched,,,
Consultancy,11,0.0456,unmatched,,,
HR operations,11,0.0456,unmatched,,,
NLP,11,0.0456,unmatched,,,
Solution Development,11,0.0456,unmatched,,,
Maintenance Operations,11,0.0456,unmatched,,,
Maintenance Activities,11,0.0456,unmatched,,,
Laptop Support,11,0.0456,unmatched,,,
Sap Security,11,0.0456,unmatched,,,
Sap Sales And Distribution,11,0.0456,unmatched,,,
Data Center,11,0.0456,unmatched,,,
GNM,11,0.0456,unmatched,,,
Equity Advisory,11,0.0456,unmatched,,,
Sso,11,0.0456,unmatched,,,
Ssl,11,0.0456,unmatched,,,
Accounts Executive,11,0.0456,unmatched,,,
HRSD,11,0.0456,unmatched,,,
Tekla,11,0.0456,unmatched,,,
Lap Loans,11,0.0456,unmatched,,,
Risk Advisory,11,0.0456,unmatched,,,
Metallurgy,11,0.0456,unmatched,,,
CMM,11,0.0456,unmatched,,,
Solution Architect,11,0.0456,unmatched,,,
CNC Machines,11,0.0456,unmatched,,,
Test management,11,0.0456,unmatched,,,
IT Project Management,11,0.0456,unmatched,,,
International Taxation,11,0.0456,unmatched,,,
International Non Voice,11,0.0456,unmatched,,,
Payment Processing,11,0.0456,unmatched,,,
Vessels,11,0.0456,unmatched,,,
Vertical Head,11,0.0456,unmatched,,,
Sap Module,11,0.0456,unmatched,,,
Visualiser,11,0.0456,unmatched,,,
Patient Counselling,11,0.0456,unmatched,,,
Threat Analysis,11,0.0456,unmatched,,,
Facebook Ads,11,0.0456,unmatched,,,
Risk Consulting,11,0.0456,unmatched,,,
Rendering,11,0.0456,unmatched,,,
Sap Mdg,11,0.0456,unmatched,,,
Market Expansion,11,0.0456,unmatched,,,
HRMS,11,0.0456,unmatched,,,
SAP MM Module,11,0.0456,unmatched,,,
O2C,11,0.0456,unmatched,,,
Data Analyst,11,0.0456,unmatched,,,
RPG,11,0.0456,unmatched,,,
Ayurveda,11,0.0456,unmatched,,,
Legal documentation,11,0.0456,unmatched,,,
Powershell Scripting,11,0.0456,unmatched,,,
Compliance management,11,0.0456,unmatched,,,
Kpi,11,0.0456,unmatched,,,
Document Management,11,0.0456,unmatched,,,
Office Assistance,11,0.0456,unmatched,,,
Branch management,11,0.0456,unmatched,,,
Investigation,11,0.0456,unmatched,,,
Identityiq,11,0.0456,unmatched,,,
Mechanical Electrical Plumbing,11,0.0456,unmatched,,,
Forging Parts,11,0.0456,unmatched,,,
Forge Shop,11,0.0456,unmatched,,,
Chinese,11,0.0456,unmatched,,,
Sap Integration,11,0.0456,unmatched,,,
Entity framework,11,0.0456,unmatched,,,
Pega,11,0.0456,unmatched,,,
Facilities,11,0.0456,unmatched,,,
Windows Server Administration,11,0.0456,unmatched,,,
Branch Manager,11,0.0456,unmatched,,,
Cost estimation,11,0.0456,unmatched,,,
Cost Optimization,11,0.0456,unmatched,,,
Revenue recognition,11,0.0456,unmatched,,,
Teaching Mathematics,11,0.0456,unmatched,,,
Cross Functional Coordination,11,0.0456,unmatched,,,
Technical Consulting,11,0.0456,unmatched,,,
As400,11,0.0456,unmatched,,,
Steel Industry,11,0.0456,unmatched,,,
Marketing Activities,11,0.0456,unmatched,,,
SAT,11,0.0456,unmatched,,,
Competitor Analysis,11,0.0456,unmatched,,,
Azure Functions,11,0.0456,unmatched,,,
Neural Networks,11,0.0456,unmatched,,,
Engineering Purchase,11,0.0456,unmatched,,,
Performance appraisal,11,0.0456,unmatched,,,
Internal audit,11,0.0456,unmatched,,,
Customer experience management,11,0.0456,unmatched,,,
Hyperion,11,0.0456,unmatched,,,
Single Line Diagram,11,0.0456,unmatched,,,
Buying,11,0.0456,unmatched,,,
Revenue Growth,11,0.0456,unmatched,,,
Dm,11,0.0456,unmatched,,,
Production management,11,0.0456,unmatched,,,
Claim Settlement,11,0.0456,unmatched,,,
Communication And Interpersonal Skills,11,0.0456,unmatched,,,
SQA,11,0.0456,unmatched,,,
Java Architecture,11,0.0456,unmatched,,,
Engine,11,0.0456,unmatched,,,
Refrigeration,11,0.0456,unmatched,,,
Guest service,11,0.0456,unmatched,,,
Oracle ERP,11,0.0456,unmatched,,,
Fire Alarm System,11,0.0456,unmatched,,,
Machine Operating,11,0.0456,unmatched,,,
Itam,11,0.0456,unmatched,,,
Credit Control,11,0.0456,unmatched,,,
Background Verification,11,0.0456,unmatched,,,
End To End Sales,11,0.0456,unmatched,,,
Back Office Operation,11,0.0456,unmatched,,,
RTOS,11,0.0456,unmatched,,,
Public relations,11,0.0456,unmatched,,,
Aluminium,11,0.0456,unmatched,,,
SIP,11,0.0456,unmatched,,,
Marketing strategy,11,0.0456,unmatched,,,
Client Relation,11,0.0456,unmatched,,,
Policies,11,0.0456,unmatched,,,
Client Account Management,11,0.0456,unmatched,,,
Application Deployment,11,0.0456,unmatched,,,
DCS,11,0.0456,unmatched,,,
Linkedin Marketing,11,0.0456,unmatched,,,
Store Supervision,11,0.0456,unmatched,,,
Fraud,11,0.0456,unmatched,,,
Pharmaceutical Sales,11,0.0456,unmatched,,,
Transport Management,11,0.0456,unmatched,,,
Team Motivation,11,0.0456,unmatched,,,
Asp,11,0.0456,unmatched,,,
Credit risk,11,0.0456,unmatched,,,
Sales Service,11,0.0456,unmatched,,,
Pytest,11,0.0456,unmatched,,,
Dentistry,11,0.0456,unmatched,,,
Denials,11,0.0456,unmatched,,,
Application security,11,0.0456,unmatched,,,
Fund Accounting,11,0.0456,unmatched,,,
Database Administration,11,0.0456,unmatched,,,
R2R,11,0.0456,unmatched,,,
Sitel,11,0.0456,unmatched,,,
Working Capital,11,0.0456,unmatched,,,
Optimization,11,0.0456,unmatched,,,
Large Language Model,11,0.0456,unmatched,,,
Gd T,11,0.0456,unmatched,,,
Gl,11,0.0456,unmatched,,,
Emerging Technologies,11,0.0456,unmatched,,,
Physiology,11,0.0456,unmatched,,,
Strategic Marketing Planning,11,0.0456,unmatched,,,
Clinical Data,11,0.0456,unmatched,,,
Electrical Works,11,0.0456,unmatched,,,
Strategy Consulting,11,0.0456,unmatched,,,
Clothing,11,0.0456,unmatched,,,
Embedded systems,11,0.0456,unmatched,,,
Emergency Response,11,0.0456,unmatched,,,
Salary Negotiation,11,0.0456,unmatched,,,
PySpark,11,0.0456,unmatched,,,
Material management,11,0.0456,unmatched,,,
BBA,11,0.0456,unmatched,,,
Application Engineering,11,0.0456,unmatched,,,
Mining,11,0.0456,unmatched,,,
Financial accounting,11,0.0456,unmatched,,,
Business Partnering,11,0.0456,unmatched,,,
Field Job,11,0.0456,unmatched,,,
Operating Systems,11,0.0456,partial/semantic_match,Operating System,"Nashik University, University of Mumbai, Savitribai Phule Pune University","Unknown, MDL401 Multidisciplinary minor -- 2 -- -- -- 1 1, MDC401 Multidisciplinary minor 3 -- -- 3 -- -- 3, MDC401 Multidisciplinary minor 20 20 40 60 2 -- -- 100"
Online Marketing,11,0.0456,unmatched,,,
Iso Standards,11,0.0456,unmatched,,,
Product Demonstration,10,0.0415,unmatched,,,
Building Services,10,0.0415,unmatched,,,
Selenium Automation,10,0.0415,unmatched,,,
Logo Design,10,0.0415,unmatched,,,
Core Banking,10,0.0415,unmatched,,,
Import Export,10,0.0415,unmatched,,,
Variance analysis,10,0.0415,unmatched,,,
Nursery,10,0.0415,unmatched,,,
Engineering Management,10,0.0415,unmatched,,,
Spanish,10,0.0415,unmatched,,,
Control Testing,10,0.0415,unmatched,,,
Control-M,10,0.0415,unmatched,,,
Dms,10,0.0415,unmatched,,,
Profit And Loss,10,0.0415,unmatched,,,
IIS,10,0.0415,unmatched,,,
Adaptability,10,0.0415,unmatched,,,
Copy Writing,10,0.0415,unmatched,,,
HR Executive,10,0.0415,unmatched,,,
Security Framework,10,0.0415,unmatched,,,
Biomedical Engineering,10,0.0415,unmatched,,,
Automation Engineering,10,0.0415,unmatched,,,
Adm,10,0.0415,unmatched,,,
Problem management,10,0.0415,unmatched,,,
Transaction services,10,0.0415,unmatched,,,
Agent Recruitment,10,0.0415,unmatched,,,
Sap Bw,10,0.0415,unmatched,,,
Cics,10,0.0415,unmatched,,,
Sap Trm,10,0.0415,unmatched,,,
Cds,10,0.0415,unmatched,,,
Statistical Modeling,10,0.0415,unmatched,,,
System testing,10,0.0415,unmatched,,,
English Literature,10,0.0415,unmatched,,,
Semiconductor,10,0.0415,unmatched,,,
Cafe,10,0.0415,unmatched,,,
Freight Management,10,0.0415,unmatched,,,
Corporate Business Development,10,0.0415,unmatched,,,
Corporate Relations,10,0.0415,unmatched,,,
Executive,10,0.0415,unmatched,,,
Sap Cloud Platform,10,0.0415,unmatched,,,
Business Excellence,10,0.0415,unmatched,,,
Snow,10,0.0415,unmatched,,,
Diploma,10,0.0415,unmatched,,,
Aftersales,10,0.0415,unmatched,,,
Keyword Research,10,0.0415,unmatched,,,
Roadmap,10,0.0415,unmatched,,,
HANA,10,0.0415,unmatched,,,
Tax Planning,10,0.0415,unmatched,,,
VRAY,10,0.0415,unmatched,,,
Automation Tools,10,0.0415,unmatched,,,
Medical devices,10,0.0415,unmatched,,,
HR Policies,10,0.0415,unmatched,,,
HR Policy Formulation,10,0.0415,unmatched,,,
Consumer,10,0.0415,unmatched,,,
Performance Monitoring,10,0.0415,unmatched,,,
Performance Improvement,10,0.0415,unmatched,,,
HR Strategy,10,0.0415,unmatched,,,
Training Analysis,10,0.0415,unmatched,,,
E/M,10,0.0415,unmatched,,,
Project coordination,10,0.0415,unmatched,,,
Project documentation,10,0.0415,unmatched,,,
Internet banking,10,0.0415,unmatched,,,
Internship,10,0.0415,unmatched,,,
Banking operations,10,0.0415,unmatched,,,
Loss prevention,10,0.0415,unmatched,,,
Employee Central,10,0.0415,unmatched,,,
Office Operations,10,0.0415,unmatched,,,
Medical Services,10,0.0415,unmatched,,,
Containerization,10,0.0415,unmatched,,,
Automobile Sales,10,0.0415,unmatched,,,
Avp,10,0.0415,unmatched,,,
Manager Program Management,10,0.0415,unmatched,,,
Construction Engineering,10,0.0415,unmatched,,,
US IT recruitment,10,0.0415,unmatched,,,
Prince2,10,0.0415,unmatched,,,
Operational Risk,10,0.0415,unmatched,,,
Operating systems,10,0.0415,partial/semantic_match,Operating System,"Nashik University, University of Mumbai, Savitribai Phule Pune University","Unknown, MDL401 Multidisciplinary minor -- 2 -- -- -- 1 1, MDC401 Multidisciplinary minor 3 -- -- 3 -- -- 3, MDC401 Multidisciplinary minor 20 20 40 60 2 -- -- 100"
Kpo,10,0.0415,unmatched,,,
Property Acquisition,10,0.0415,unmatched,,,
MS Office Word,10,0.0415,unmatched,,,
HRBP,10,0.0415,unmatched,,,
Performance Management System,10,0.0415,unmatched,,,
Itil Framework,10,0.0415,unmatched,,,
Facility management,10,0.0415,unmatched,,,
Fire Fighting System,10,0.0415,unmatched,,,
Layout,10,0.0415,unmatched,,,
Gtm,10,0.0415,unmatched,,,
Return Filing,10,0.0415,unmatched,,,
Oic,10,0.0415,unmatched,,,
Hris,10,0.0415,unmatched,,,
Proposal Management,10,0.0415,unmatched,,,
Genetics,10,0.0415,unmatched,,,
Trade Processing,10,0.0415,unmatched,,,
Salesforce Cpq,10,0.0415,unmatched,,,
Excel Reporting,10,0.0415,unmatched,,,
Excellent Communication,10,0.0415,unmatched,,,
Backend Development,10,0.0415,unmatched,,,
Salesforce Platform,10,0.0415,unmatched,,,
CSE,10,0.0415,unmatched,,,
Credit analysis,10,0.0415,unmatched,,,
Gst Reconciliation,10,0.0415,unmatched,,,
Emergency Medicine,10,0.0415,unmatched,,,
CRO,10,0.0415,unmatched,,,
Service desk,10,0.0415,unmatched,,,
Service engineering,10,0.0415,unmatched,,,
Growth Marketing,10,0.0415,unmatched,,,
Embedded C,10,0.0415,unmatched,,,
Piping,10,0.0415,unmatched,,,
Fixture Design,10,0.0415,unmatched,,,
Development management,10,0.0415,unmatched,,,
Device Management,10,0.0415,unmatched,,,
Business Transformation,10,0.0415,unmatched,,,
Mac,10,0.0415,unmatched,,,
Business Planning,10,0.0415,unmatched,,,
Net Mvc,10,0.0415,unmatched,,,
Design review,10,0.0415,unmatched,,,
Business Rules,10,0.0415,unmatched,,,
Bricks,10,0.0415,unmatched,,,
Ai Solutions,10,0.0415,unmatched,,,
Print Media,10,0.0415,unmatched,,,
Proposal Development,10,0.0415,unmatched,,,
Township,10,0.0415,unmatched,,,
Public Cloud,10,0.0415,unmatched,,,
Written communication,10,0.0415,unmatched,,,
Client engagement,10,0.0415,unmatched,,,
ORM,10,0.0415,unmatched,,,
OSCP,10,0.0415,unmatched,,,
Stock Market,10,0.0415,unmatched,,,
Exadata,10,0.0415,unmatched,,,
System Testing,10,0.0415,unmatched,,,
Aws Cloudformation,10,0.0415,unmatched,,,
Aws Devops,10,0.0415,unmatched,,,
Aws Glue,10,0.0415,unmatched,,,
Conflict Resolution,10,0.0415,unmatched,,,
Design Process,10,0.0415,unmatched,,,
Accounting Standards,10,0.0415,unmatched,,,
Tool Room,10,0.0415,unmatched,,,
Tourism,10,0.0415,unmatched,,,
Business banking,10,0.0415,unmatched,,,
Software engineering,10,0.0415,unmatched,,,
SAP Finance,10,0.0415,unmatched,,,
Bms,10,0.0415,unmatched,,,
SonarQube,10,0.0415,unmatched,,,
Grievance Management,10,0.0415,unmatched,,,
Technical Lead,10,0.0415,unmatched,,,
SAP PP,10,0.0415,unmatched,,,
SAP Security,10,0.0415,unmatched,,,
Media Relations,10,0.0415,unmatched,,,
Luxury,10,0.0415,unmatched,,,
Placement Coordination,10,0.0415,unmatched,,,
Curriculum Design,10,0.0415,unmatched,,,
Curriculum Designing,10,0.0415,unmatched,,,
Network Administration,10,0.0415,unmatched,,,
GI,10,0.0415,unmatched,,,
Togaf,10,0.0415,unmatched,,,
GIS,10,0.0415,unmatched,,,
Workday Integration,10,0.0415,unmatched,,,
Grc,10,0.0415,unmatched,,,
Customer,10,0.0415,unmatched,,,
Secondary,10,0.0415,unmatched,,,
HVAC Design,10,0.0415,unmatched,,,
Pediatrics,10,0.0415,unmatched,,,
Virtualization,10,0.0415,unmatched,,,
Maintenance Planning,10,0.0415,unmatched,,,
8D,10,0.0415,unmatched,,,
Plant Management,10,0.0415,unmatched,,,
Middle Office,10,0.0415,unmatched,,,
Customer Relationship Management,10,0.0415,unmatched,,,
Technology consulting,10,0.0415,unmatched,,,
MBBS,10,0.0415,unmatched,,,
Language Teaching,10,0.0415,unmatched,,,
Mould Design,10,0.0415,unmatched,,,
QMS Implementation,10,0.0415,unmatched,,,
Demand Forecasting,10,0.0415,unmatched,,,
Delivery Leadership,10,0.0415,unmatched,,,
Material Requirement Planning,10,0.0415,unmatched,,,
Heading,10,0.0415,unmatched,,,
Sales Force Development,10,0.0415,unmatched,,,
Sales Invoice,10,0.0415,unmatched,,,
Sales Manager,10,0.0415,unmatched,,,
Fmea,10,0.0415,unmatched,,,
WMS,10,0.0415,unmatched,,,
IVR,10,0.0415,unmatched,,,
FEA,10,0.0415,unmatched,,,
Site Engineer,10,0.0415,unmatched,,,
Brand Campaigns,10,0.0415,unmatched,,,
Analysis Tools,10,0.0415,unmatched,,,
QlikView,10,0.0415,unmatched,,,
Global Sales,10,0.0415,unmatched,,,
LDAP,10,0.0415,unmatched,,,
LAN Troubleshooting,10,0.0415,unmatched,,,
Pre,10,0.0415,unmatched,,,
Inward,10,0.0415,unmatched,,,
Customer retention,10,0.0415,unmatched,,,
Refinery,10,0.0415,unmatched,,,
Car Finance,10,0.0415,unmatched,,,
Handling Escalations,10,0.0415,unmatched,,,
Communicational Skills,10,0.0415,unmatched,,,
Ich,10,0.0415,unmatched,,,
Life Sciences,10,0.0415,unmatched,,,
MES,10,0.0415,unmatched,,,
MF,10,0.0415,unmatched,,,
Operations research,10,0.0415,unmatched,,,
Inventory Optimization,10,0.0415,unmatched,,,
B2B sales,10,0.0415,unmatched,,,
Panel Testing,10,0.0415,unmatched,,,
Vulnerability Assessment,10,0.0415,unmatched,,,
Hvac Design,10,0.0415,unmatched,,,
Feedback,10,0.0415,unmatched,,,
Government Sales,10,0.0415,unmatched,,,
Industrial Engineering,10,0.0415,unmatched,,,
Telephone Handling,10,0.0415,unmatched,,,
Grammar,10,0.0415,unmatched,,,
Jewelry,10,0.0415,unmatched,,,
Functional Consultancy,10,0.0415,unmatched,,,
Fasteners,10,0.0415,unmatched,,,
Safety Inspection,10,0.0415,unmatched,,,
Sales And Distribution,10,0.0415,unmatched,,,
Texturing,10,0.0415,unmatched,,,
Therapy,10,0.0415,unmatched,,,
IAM,10,0.0415,unmatched,,,
Tender Documentation,10,0.0415,unmatched,,,
Tender Estimation,10,0.0415,unmatched,,,
Commercial Vehicle,10,0.0415,unmatched,,,
SLA Management,10,0.0415,unmatched,,,
Hot Forging,10,0.0415,unmatched,,,
Screening Resumes,10,0.0415,unmatched,,,
RT,10,0.0415,unmatched,,,
Raw,10,0.0415,unmatched,,,
International Recruitment,10,0.0415,unmatched,,,
Biochemistry,10,0.0415,unmatched,,,
Equity Dealer,10,0.0415,unmatched,,,
Financial modelling,10,0.0415,unmatched,,,
Posters,10,0.0415,unmatched,,,
RAC,10,0.0415,unmatched,,,
Sabre,10,0.0415,unmatched,,,
Icd,10,0.0415,unmatched,,,
OJT,10,0.0415,unmatched,,,
Branch Banking Operations,10,0.0415,unmatched,,,
Test Case Execution,10,0.0415,unmatched,,,
REVIT MEP,10,0.0415,unmatched,,,
RFI,10,0.0415,unmatched,,,
Fund Management,10,0.0415,unmatched,,,
Oracle Cloud Infrastructure,10,0.0415,unmatched,,,
Test Scripts,10,0.0415,unmatched,,,
Data Privacy,10,0.0415,unmatched,,,
Positioning,10,0.0415,unmatched,,,
Ecommerce Marketing,10,0.0415,unmatched,,,
Test Execution,10,0.0415,unmatched,,,
SQL queries,10,0.0415,partial/semantic_match,Sql,University of Mumbai,MDC401 Multidisciplinary minor 20 20 40 60 2 -- -- 100
Subject,10,0.0415,unmatched,,,
Subject matter expertise,10,0.0415,unmatched,,,
Off-page Optimization,10,0.0415,unmatched,,,
B2B Corporate Sales,10,0.0415,unmatched,,,
Business Accounting,10,0.0415,unmatched,,,
Kanban,10,0.0415,unmatched,,,
Product Knowledge,10,0.0415,unmatched,,,
Process control,10,0.0415,unmatched,,,
Export Management,10,0.0415,unmatched,,,
Channel management,10,0.0415,unmatched,,,
Online Sales,10,0.0415,unmatched,,,
Finance Control,10,0.0415,unmatched,,,
Rostering,10,0.0415,unmatched,,,
Gateways,10,0.0415,unmatched,,,
Document Control,10,0.0415,unmatched,,,
Travel Process,10,0.0415,unmatched,,,
Sap Fico Implementation,10,0.0415,unmatched,,,
Export Import Documentation,10,0.0415,unmatched,,,
Stat Audit,10,0.0415,unmatched,,,
Chef,10,0.0415,unmatched,,,
2D Drafting,9,0.0373,unmatched,,,
Institutional,9,0.0373,unmatched,,,
Bar Bending Schedule,9,0.0373,unmatched,,,
Sap Isu,9,0.0373,unmatched,,,
Chemical Sales,9,0.0373,unmatched,,,
Banking Operation,9,0.0373,unmatched,,,
JEE preparation,9,0.0373,unmatched,,,
Chemistry faculty,9,0.0373,unmatched,,,
NEET preparation,9,0.0373,unmatched,,,
Professor Activities,9,0.0373,unmatched,,,
UI development,9,0.0373,unmatched,,,
Social media marketing,9,0.0373,unmatched,,,
Ad Space Selling,9,0.0373,unmatched,,,
Windows Xp,9,0.0373,unmatched,,,
Fabric,9,0.0373,unmatched,,,
Facility Administration,9,0.0373,unmatched,,,
Petty Cash Management,9,0.0373,unmatched,,,
Copy writing,9,0.0373,unmatched,,,
HIPAA,9,0.0373,unmatched,,,
Coordination Skills,9,0.0373,unmatched,,,
Rxjs,9,0.0373,unmatched,,,
Campaign management,9,0.0373,unmatched,,,
Contractors,9,0.0373,unmatched,,,
Continental,9,0.0373,unmatched,,,
RAG,9,0.0373,unmatched,,,
Portfolio Management Services,9,0.0373,unmatched,,,
Academic Counseling,9,0.0373,unmatched,,,
Accessories,9,0.0373,unmatched,,,
Casa Acquisition,9,0.0373,unmatched,,,
Student Mentoring,9,0.0373,unmatched,,,
Mathematics faculty,9,0.0373,unmatched,,,
Food Technology,9,0.0373,unmatched,,,
SQL Development,9,0.0373,unmatched,,,
Apparel,9,0.0373,unmatched,,,
Apex Programming,9,0.0373,unmatched,,,
RM,9,0.0373,unmatched,,,
Data Cleansing,9,0.0373,unmatched,,,
Feature Writing,9,0.0373,unmatched,,,
Workshop Management,9,0.0373,unmatched,,,
Answer Writing,9,0.0373,unmatched,,,
Sports Coaching,9,0.0373,unmatched,,,
SME Sales,9,0.0373,unmatched,,,
CEH,9,0.0373,unmatched,,,
Shop floor,9,0.0373,unmatched,,,
Dams,9,0.0373,unmatched,,,
Territory,9,0.0373,unmatched,,,
Visual Effects,9,0.0373,unmatched,,,
JUnit,9,0.0373,unmatched,,,
Equipment Maintenance,9,0.0373,unmatched,,,
Big Data Technologies,9,0.0373,unmatched,,,
Bim Modeler,9,0.0373,unmatched,,,
SMS,9,0.0373,unmatched,,,
Equity Advisor,9,0.0373,unmatched,,,
Commercial Buildings,9,0.0373,unmatched,,,
Patching,9,0.0373,unmatched,,,
Siem Tools,9,0.0373,unmatched,,,
Simulink,9,0.0373,unmatched,,,
Tgt,9,0.0373,unmatched,,,
Mongodb Database,9,0.0373,unmatched,,,
Go-to-market Strategy,9,0.0373,unmatched,,,
Neurology,9,0.0373,unmatched,,,
Unix Scripting,9,0.0373,unmatched,,,
Database Maintenance,9,0.0373,unmatched,,,
Query Resolution,9,0.0373,unmatched,,,
Machining Operations,9,0.0373,unmatched,,,
Elastic Search,9,0.0373,unmatched,,,
DG Sets,9,0.0373,unmatched,,,
Hvac,9,0.0373,unmatched,,,
Measurement,9,0.0373,unmatched,,,
SEO Writing,9,0.0373,unmatched,,,
Commercial Management,9,0.0373,unmatched,,,
Commercial banking,9,0.0373,unmatched,,,
Uds,9,0.0373,unmatched,,,
Furniture Sales,9,0.0373,unmatched,,,
Schedule,9,0.0373,unmatched,,,
Inventory control,9,0.0373,unmatched,,,
Sales Analysis,9,0.0373,unmatched,,,
Sub Editing,9,0.0373,unmatched,,,
Part,9,0.0373,unmatched,,,
Electrical Products,9,0.0373,unmatched,,,
Electrical Purchase,9,0.0373,unmatched,,,
Integration Testing,9,0.0373,unmatched,,,
Applicant Tracking System,9,0.0373,unmatched,,,
Rct,9,0.0373,unmatched,,,
Appian,9,0.0373,unmatched,,,
PoS,9,0.0373,unmatched,,,
Hcpcs,9,0.0373,unmatched,,,
B2C Marketing,9,0.0373,unmatched,,,
Defect Management,9,0.0373,unmatched,,,
Power electronics,9,0.0373,unmatched,,,
Month End Closing,9,0.0373,unmatched,,,
Field Collections,9,0.0373,unmatched,,,
Operations Manager,9,0.0373,unmatched,,,
Customs,9,0.0373,unmatched,,,
Us Tax,9,0.0373,unmatched,,,
Customer Service Operations,9,0.0373,unmatched,,,
Arcsight,9,0.0373,unmatched,,,
Sdtm,9,0.0373,unmatched,,,
SCCM,9,0.0373,unmatched,,,
Vetting,9,0.0373,unmatched,,,
Hair Care,9,0.0373,unmatched,,,
SDK,9,0.0373,unmatched,,,
MEP Coordination,9,0.0373,unmatched,,,
Dc,9,0.0373,unmatched,,,
SAP implementation,9,0.0373,unmatched,,,
SAP testing,9,0.0373,unmatched,,,
Sdet,9,0.0373,unmatched,,,
Plastic Molding,9,0.0373,unmatched,,,
Platform Architecture,9,0.0373,unmatched,,,
Area sales management,9,0.0373,unmatched,,,
Technical writing,9,0.0373,unmatched,,,
Customer Service Training,9,0.0373,unmatched,,,
Mainframe Production Support,9,0.0373,unmatched,,,
Jcl,9,0.0373,unmatched,,,
Landscaping,9,0.0373,unmatched,,,
Glass,9,0.0373,unmatched,,,
Infrastructure Management,9,0.0373,unmatched,,,
Jrss,9,0.0373,unmatched,,,
Student Development,9,0.0373,unmatched,,,
JQuery,9,0.0373,unmatched,,,
Predictive Maintenance,9,0.0373,unmatched,,,
Python Testing,9,0.0373,unmatched,,,
QA Automation,9,0.0373,unmatched,,,
Denial Handling,9,0.0373,unmatched,,,
Mq,9,0.0373,unmatched,,,
Sales Report,9,0.0373,unmatched,,,
Sales Order,9,0.0373,unmatched,,,
Springboot Java,9,0.0373,unmatched,,,
Strategic Purchasing,9,0.0373,unmatched,,,
Vulnerability,9,0.0373,unmatched,,,
Bonds,9,0.0373,unmatched,,,
Customer Audits,9,0.0373,unmatched,,,
IR,9,0.0373,unmatched,,,
Legal compliance,9,0.0373,unmatched,,,
SAP QM,9,0.0373,unmatched,,,
Complaint Management,9,0.0373,unmatched,,,
Reservation,9,0.0373,unmatched,,,
Critical Thinking,9,0.0373,unmatched,,,
HRM,9,0.0373,unmatched,,,
International Technical Support,9,0.0373,unmatched,,,
Enterprise Structure,9,0.0373,unmatched,,,
Enterprise architecture,9,0.0373,unmatched,,,
Servicenow Itsm,9,0.0373,unmatched,,,
CNC Maintenance,9,0.0373,unmatched,,,
Curriculum Planning,9,0.0373,unmatched,,,
Interfaces,9,0.0373,unmatched,,,
Front End,9,0.0373,unmatched,,,
Curriculum Improvement,9,0.0373,unmatched,,,
Fashion Consultant,9,0.0373,unmatched,,,
Workday Hcm,9,0.0373,unmatched,,,
Toolings,9,0.0373,unmatched,,,
Tosca Automation,9,0.0373,unmatched,,,
Paid Marketing,9,0.0373,unmatched,,,
Client Retention,9,0.0373,unmatched,,,
Client Satisfaction,9,0.0373,unmatched,,,
It Services Sales,9,0.0373,unmatched,,,
Design Verification,9,0.0373,unmatched,,,
Infrastructure Architecture,9,0.0373,unmatched,,,
Accounting Software,9,0.0373,unmatched,,,
Accounts And Finance,9,0.0373,unmatched,,,
Tool Room Management,9,0.0373,unmatched,,,
Business solutions,9,0.0373,unmatched,,,
Secretarial Operations,9,0.0373,unmatched,,,
Microsoft Office Applications,9,0.0373,unmatched,,,
FastAPI,9,0.0373,unmatched,,,
Oracle Financials,9,0.0373,unmatched,,,
Microsoft Powerapps,9,0.0373,unmatched,,,
Culinary,9,0.0373,unmatched,,,
EPM,9,0.0373,unmatched,,,
Sales engineering,9,0.0373,unmatched,,,
Client Support,9,0.0373,unmatched,,,
Marketing campaigns,9,0.0373,unmatched,,,
OT,9,0.0373,unmatched,,,
French Language,9,0.0373,unmatched,,,
Credit underwriting,9,0.0373,unmatched,,,
Responsive Design,9,0.0373,unmatched,,,
Critical Analysis,9,0.0373,unmatched,,,
Technical Hiring,9,0.0373,unmatched,,,
Large Corporates,9,0.0373,unmatched,,,
Enrollment,9,0.0373,unmatched,,,
Manpower Planning,9,0.0373,unmatched,,,
AI/ML,9,0.0373,unmatched,,,
Windchill,9,0.0373,unmatched,,,
SAP IBP,9,0.0373,unmatched,,,
Internet,9,0.0373,unmatched,,,
Balance Sheet Reconciliation,9,0.0373,unmatched,,,
Steel Structures,9,0.0373,unmatched,,,
Sql Programming,9,0.0373,partial/semantic_match,Sql,University of Mumbai,MDC401 Multidisciplinary minor 20 20 40 60 2 -- -- 100
Incident Response,9,0.0373,unmatched,,,
Rest Api Development,9,0.0373,unmatched,,,
Rest Api Services,9,0.0373,unmatched,,,
VMC Programming,9,0.0373,unmatched,,,
Management Accounting,9,0.0373,unmatched,,,
Ux Design,9,0.0373,unmatched,,,
GMP,9,0.0373,unmatched,,,
Primavera P6,9,0.0373,unmatched,,,
Proposal Engineering,9,0.0373,unmatched,,,
Public Speaking,9,0.0373,unmatched,,,
Accounts Teacher,9,0.0373,unmatched,,,
Accounts receivable,9,0.0373,unmatched,,,
Smoke Testing,9,0.0373,unmatched,,,
Bss,9,0.0373,unmatched,,,
Diagnosis,9,0.0373,unmatched,,,
Proofreading,9,0.0373,unmatched,,,
Six sigma,9,0.0373,unmatched,,,
MS Office suite,9,0.0373,unmatched,,,
Ledger Scrutiny,9,0.0373,unmatched,,,
Team Leader,9,0.0373,unmatched,,,
Restaurant Management,9,0.0373,unmatched,,,
Restfull Api,9,0.0373,unmatched,,,
Team Lead,9,0.0373,unmatched,,,
Cpq,9,0.0373,unmatched,,,
Development Manager,9,0.0373,unmatched,,,
Property Management,9,0.0373,unmatched,,,
Sales promotion,9,0.0373,unmatched,,,
Sample Collection,9,0.0373,unmatched,,,
Diet Counselling,9,0.0373,unmatched,,,
General Management,9,0.0373,unmatched,,,
Project engineering,9,0.0373,unmatched,,,
Sap Bods,9,0.0373,unmatched,,,
Marketing Analytics,9,0.0373,unmatched,,,
Banking Voice,9,0.0373,unmatched,,,
Lathe,9,0.0373,unmatched,,,
Physics Teacher,9,0.0373,unmatched,,,
Teaching Techniques,9,0.0373,unmatched,,,
Team Building,9,0.0373,unmatched,,,
Teaching Literature,9,0.0373,unmatched,,,
Medical Monitoring,9,0.0373,unmatched,,,
Medical Records,9,0.0373,unmatched,,,
Agribusiness,9,0.0373,unmatched,,,
Agriculture,9,0.0373,unmatched,,,
US Market,9,0.0373,unmatched,,,
Cabling,9,0.0373,unmatched,,,
Lead Management,9,0.0373,unmatched,,,
HAZOP,9,0.0373,unmatched,,,
Cosmetics,9,0.0373,unmatched,,,
Rfi,9,0.0373,unmatched,,,
Vapt,9,0.0373,unmatched,,,
APIs,9,0.0373,unmatched,,,
VSAM,9,0.0373,unmatched,,,
Order processing,9,0.0373,unmatched,,,
Content editing,9,0.0373,unmatched,,,
Performance Metrics,9,0.0373,unmatched,,,
Performance Appraisal,9,0.0373,unmatched,,,
Retail Store Operations,9,0.0373,unmatched,,,
MS Outlook,9,0.0373,unmatched,,,
Project Governance,9,0.0373,unmatched,,,
US Accounting,9,0.0373,unmatched,,,
Exp,9,0.0373,unmatched,,,
Agm,9,0.0373,unmatched,,,
Ip,9,0.0373,unmatched,,,
Business Development Manager,9,0.0373,unmatched,,,
Building Design,9,0.0373,unmatched,,,
Transfer,9,0.0373,unmatched,,,
Active Dataguard,9,0.0373,unmatched,,,
KRA,9,0.0373,unmatched,,,
Dispute resolution,9,0.0373,unmatched,,,
Audit Work,9,0.0373,unmatched,,,
Audit Report,9,0.0373,unmatched,,,
Audit Assurance,9,0.0373,unmatched,,,
Lead Operations,9,0.0373,unmatched,,,
Augmented Reality,9,0.0373,unmatched,,,
Sourcing Strategy,9,0.0373,unmatched,,,
Cables,9,0.0373,unmatched,,,
Budgetary Control,9,0.0373,unmatched,,,
Snowsql,9,0.0373,unmatched,,,
Distribution system,9,0.0373,unmatched,,,
Adhesives,9,0.0373,unmatched,,,
Transfer Pricing,9,0.0373,unmatched,,,
Project Administration,9,0.0373,unmatched,,,
PM,9,0.0373,unmatched,,,
Leasing,9,0.0373,unmatched,,,
Immigration,9,0.0373,unmatched,,,
Management services,9,0.0373,unmatched,,,
Corporate Banking,9,0.0373,unmatched,,,
Meta Ads,9,0.0373,unmatched,,,
Tamil,9,0.0373,unmatched,,,
ISO Audit,9,0.0373,unmatched,,,
Facade,9,0.0373,unmatched,,,
Oracle Scm,9,0.0373,unmatched,,,
Dynamic,9,0.0373,unmatched,,,
Finance Operation,9,0.0373,unmatched,,,
Social Media Optimization,9,0.0373,unmatched,,,
TL,9,0.0373,unmatched,,,
Autocad Electrical,9,0.0373,unmatched,,,
HPDC,9,0.0373,unmatched,,,
HPLC,9,0.0373,unmatched,,,
Formulas,9,0.0373,unmatched,,,
Mediclaim,9,0.0373,unmatched,,,
Chemistry Teacher,9,0.0373,unmatched,,,
Business Communication,9,0.0373,unmatched,,,
ML,9,0.0373,unmatched,,,
3D Model,9,0.0373,unmatched,,,
Final Quality,9,0.0373,unmatched,,,
Dlp,9,0.0373,unmatched,,,
NEET Faculty,9,0.0373,unmatched,,,
Economics Teacher,9,0.0373,unmatched,,,
Influencer Marketing,9,0.0373,unmatched,,,
SOX Compliance,9,0.0373,unmatched,,,
Supplier Management,9,0.0373,unmatched,,,
Wfo,9,0.0373,unmatched,,,
Collaboration,9,0.0373,unmatched,,,
Visual,9,0.0373,unmatched,,,
SaaS,9,0.0373,unmatched,,,
Dot Net,9,0.0373,unmatched,,,
NICU,9,0.0373,unmatched,,,
MS Excel,9,0.0373,unmatched,,,
Maritime,9,0.0373,unmatched,,,
PGT Economics,9,0.0373,unmatched,,,
PGT English,9,0.0373,unmatched,,,
Institutional Business,9,0.0373,unmatched,,,
Duck Creek,9,0.0373,unmatched,,,
GTS,8,0.0332,unmatched,,,
NAV Calculation,8,0.0332,unmatched,,,
Finance Sales,8,0.0332,unmatched,,,
Travel Agency,8,0.0332,unmatched,,,
JDBC,8,0.0332,unmatched,,,
Web Designing,8,0.0332,unmatched,,,
Exhibitions,8,0.0332,unmatched,,,
Circuit,8,0.0332,unmatched,,,
Ciena,8,0.0332,unmatched,,,
Cds Views,8,0.0332,unmatched,,,
IT Hardware Sales,8,0.0332,unmatched,,,
Sap Ecc,8,0.0332,unmatched,,,
Sap Business Objects Data Services,8,0.0332,unmatched,,,
Dynamo Db,8,0.0332,unmatched,,,
Director,8,0.0332,unmatched,,,
Snowpipe,8,0.0332,unmatched,,,
Facility Operations,8,0.0332,unmatched,,,
FTP,8,0.0332,unmatched,,,
Loss Prevention,8,0.0332,unmatched,,,
Medicare,8,0.0332,unmatched,,,
AutoCAD 3D,8,0.0332,unmatched,,,
Melting,8,0.0332,unmatched,,,
AML,8,0.0332,unmatched,,,
Engagement management,8,0.0332,unmatched,,,
Personal Assistance,8,0.0332,unmatched,,,
Calypso,8,0.0332,unmatched,,,
Call Quality,8,0.0332,unmatched,,,
Spc,8,0.0332,unmatched,,,
Lean manufacturing,8,0.0332,unmatched,,,
Route Planning,8,0.0332,unmatched,,,
Selection,8,0.0332,unmatched,,,
Calculus,8,0.0332,unmatched,,,
Oracle e-business suite,8,0.0332,unmatched,,,
Internal Medicine,8,0.0332,unmatched,,,
Robotic Automation,8,0.0332,unmatched,,,
Fraud Investigation,8,0.0332,unmatched,,,
Corporate Interiors,8,0.0332,unmatched,,,
Corporate Governance,8,0.0332,unmatched,,,
Hr Processes,8,0.0332,unmatched,,,
Automation Selenium,8,0.0332,unmatched,,,
S4H,8,0.0332,unmatched,,,
Security services,8,0.0332,unmatched,,,
Systems,8,0.0332,unmatched,,,
Core PHP,8,0.0332,unmatched,,,
TS,8,0.0332,unmatched,,,
Core Java Development,8,0.0332,unmatched,,,
Core HR,8,0.0332,unmatched,,,
Core Data,8,0.0332,unmatched,,,
Team Management Skills,8,0.0332,unmatched,,,
Retail Marketing,8,0.0332,unmatched,,,
HR Recruiter,8,0.0332,unmatched,,,
Vendor Evaluation,8,0.0332,unmatched,,,
AKS,8,0.0332,unmatched,,,
ADF,8,0.0332,unmatched,,,
Incident,8,0.0332,unmatched,,,
Rfp,8,0.0332,unmatched,,,
Rice Components,8,0.0332,unmatched,,,
HACCP,8,0.0332,unmatched,,,
Robot,8,0.0332,unmatched,,,
Cost Accounting,8,0.0332,unmatched,,,
Metadata Management,8,0.0332,unmatched,,,
Target Orientation,8,0.0332,unmatched,,,
Target,8,0.0332,unmatched,,,
Oracle SQL,8,0.0332,unmatched,,,
Hro,8,0.0332,unmatched,,,
Microsoft Azure Iaas,8,0.0332,unmatched,,,
Credit Collection,8,0.0332,unmatched,,,
Creative Content,8,0.0332,unmatched,,,
Server Support,8,0.0332,unmatched,,,
Serv,8,0.0332,unmatched,,,
HR processes,8,0.0332,unmatched,,,
Medical Equipment Sales,8,0.0332,unmatched,,,
Consultancy Services,8,0.0332,unmatched,,,
Hotel Sales,8,0.0332,unmatched,,,
HR administration,8,0.0332,unmatched,,,
Employee Benefits,8,0.0332,unmatched,,,
Ats,8,0.0332,unmatched,,,
Team Coach,8,0.0332,unmatched,,,
Guidewire Development,8,0.0332,unmatched,,,
Revenue Analysis,8,0.0332,unmatched,,,
Board Meeting,8,0.0332,unmatched,,,
Assembling,8,0.0332,unmatched,,,
Rera,8,0.0332,unmatched,,,
Artwork,8,0.0332,unmatched,,,
Oracle Hcm Cloud,8,0.0332,unmatched,,,
Conferences,8,0.0332,unmatched,,,
SAP ECC,8,0.0332,unmatched,,,
Legal Advice,8,0.0332,unmatched,,,
Logistics Planning,8,0.0332,unmatched,,,
Crisis Management,8,0.0332,unmatched,,,
Crm Systems,8,0.0332,unmatched,,,
VOIP,8,0.0332,unmatched,,,
Rest Api Integration,8,0.0332,unmatched,,,
Solutioning,8,0.0332,unmatched,,,
Source Code Review,8,0.0332,unmatched,,,
Management Information System,8,0.0332,unmatched,,,
Fashion Designing,8,0.0332,unmatched,,,
Articulate,8,0.0332,unmatched,,,
Reporting Tools,8,0.0332,unmatched,,,
Nist,8,0.0332,unmatched,,,
Javas,8,0.0332,partial/semantic_match,Java,"University of Mumbai, Savitribai Phule Pune University","Unknown, MDC401 Multidisciplinary minor 20 20 40 60 2 -- -- 100"
Remedy,8,0.0332,unmatched,,,
Customer Coordination,8,0.0332,unmatched,,,
Compressors,8,0.0332,unmatched,,,
Compounding,8,0.0332,unmatched,,,
People management skills,8,0.0332,unmatched,,,
International Customer Service,8,0.0332,unmatched,,,
Computer Hardware,8,0.0332,unmatched,,,
Aws Lambda,8,0.0332,unmatched,,,
Peon Activities,8,0.0332,unmatched,,,
Peopletools,8,0.0332,unmatched,,,
Legal Operations,8,0.0332,unmatched,,,
Fscm,8,0.0332,unmatched,,,
Work Permit System,8,0.0332,unmatched,,,
Human Capital,8,0.0332,unmatched,,,
Liaison,8,0.0332,unmatched,,,
Mechanical design,8,0.0332,unmatched,,,
Mechanical Skills,8,0.0332,unmatched,,,
Complaints,8,0.0332,unmatched,,,
Searching,8,0.0332,unmatched,,,
Secondary Research,8,0.0332,unmatched,,,
Microstation,8,0.0332,unmatched,,,
Groovy Scripting,8,0.0332,unmatched,,,
Relationship Management for Assets products,8,0.0332,unmatched,,,
Customer Focus,8,0.0332,unmatched,,,
Customer Experience Management,8,0.0332,unmatched,,,
Technical design,8,0.0332,unmatched,,,
User interface designing,8,0.0332,unmatched,,,
Industrial Construction,8,0.0332,unmatched,,,
Intercompany Reconciliation,8,0.0332,unmatched,,,
Real Estate Laws,8,0.0332,unmatched,,,
Ibm Integration Bus,8,0.0332,unmatched,,,
SEBI,8,0.0332,unmatched,,,
Communication Management,8,0.0332,unmatched,,,
SD Module,8,0.0332,unmatched,,,
Compensation And Benefits,8,0.0332,unmatched,,,
Sdwan,8,0.0332,unmatched,,,
Arbitration,8,0.0332,unmatched,,,
Regulatory Guidelines,8,0.0332,unmatched,,,
Technology solutions,8,0.0332,unmatched,,,
Indirect taxation,8,0.0332,unmatched,,,
LangChain,8,0.0332,unmatched,,,
Induction Program,8,0.0332,unmatched,,,
Ftp,8,0.0332,unmatched,,,
Oracle Database EE,8,0.0332,unmatched,,,
New Product Launch,8,0.0332,unmatched,,,
Azure Logic Apps,8,0.0332,unmatched,,,
Otc,8,0.0332,unmatched,,,
Hospital Management,8,0.0332,unmatched,,,
Sponsorship,8,0.0332,unmatched,,,
Handling Calls,8,0.0332,unmatched,,,
Mean Stack,8,0.0332,unmatched,,,
Reactors,8,0.0332,unmatched,,,
Plugins,8,0.0332,unmatched,,,
Appdynamics,8,0.0332,unmatched,,,
Apparel Merchandising,8,0.0332,unmatched,,,
Term Loan,8,0.0332,unmatched,,,
Appliances,8,0.0332,unmatched,,,
Investor Relations,8,0.0332,unmatched,,,
Jig Fixture,8,0.0332,unmatched,,,
Jmeter,8,0.0332,unmatched,,,
Intellectual property,8,0.0332,unmatched,,,
Data Flow,8,0.0332,unmatched,,,
REVIT Architecture,8,0.0332,unmatched,,,
Vmc,8,0.0332,unmatched,,,
Vlocity,8,0.0332,unmatched,,,
SOW,8,0.0332,unmatched,,,
Azure Paas,8,0.0332,unmatched,,,
Government Projects,8,0.0332,unmatched,,,
Raw Material,8,0.0332,unmatched,,,
Abap Programming,8,0.0332,unmatched,,,
Policy Center,8,0.0332,unmatched,,,
Territory Sales Management,8,0.0332,unmatched,,,
DWH Testing,8,0.0332,unmatched,,,
DV360,8,0.0332,unmatched,,,
Google cloud,8,0.0332,unmatched,,,
Early Childhood Education,8,0.0332,unmatched,,,
Journal,8,0.0332,unmatched,,,
Integration Architecture,8,0.0332,unmatched,,,
Financial operations,8,0.0332,unmatched,,,
Erp Support,8,0.0332,unmatched,,,
Hazard Identification,8,0.0332,unmatched,,,
Visa Processing,8,0.0332,unmatched,,,
Subject Matter Expertise,8,0.0332,unmatched,,,
RESTful API,8,0.0332,unmatched,,,
Data Review,8,0.0332,unmatched,,,
IOT,8,0.0332,unmatched,,,
Optometry,8,0.0332,unmatched,,,
Shop Floor Management,8,0.0332,unmatched,,,
Education Industry,8,0.0332,unmatched,,,
Portfolio Analysis,8,0.0332,unmatched,,,
Model Development,8,0.0332,unmatched,,,
Motion,8,0.0332,unmatched,,,
Shuttering,8,0.0332,unmatched,,,
Textile,8,0.0332,unmatched,,,
Testng,8,0.0332,unmatched,,,
Testing Process,8,0.0332,unmatched,,,
Datafactory,8,0.0332,unmatched,,,
Thermal Power Plant,8,0.0332,unmatched,,,
Sccm,8,0.0332,unmatched,,,
Sales Ability,8,0.0332,unmatched,,,
Cnn,8,0.0332,unmatched,,,
Cash Flow,8,0.0332,unmatched,,,
Vmware Vsphere,8,0.0332,unmatched,,,
Showroom,8,0.0332,unmatched,,,
Gold Loan,8,0.0332,unmatched,,,
Data Transformation,8,0.0332,unmatched,,,
Anesthesia,8,0.0332,unmatched,,,
Insurance Advisory,8,0.0332,unmatched,,,
Dealing,8,0.0332,unmatched,,,
Qlik,8,0.0332,unmatched,,,
Analog,8,0.0332,unmatched,,,
Site Visit,8,0.0332,unmatched,,,
Panel Designing,8,0.0332,unmatched,,,
Etl Pipelines,8,0.0332,unmatched,,,
Sales Analytics,8,0.0332,unmatched,,,
FDA,8,0.0332,unmatched,,,
Bending,8,0.0332,unmatched,,,
Power Apps Development,8,0.0332,unmatched,,,
ETP,8,0.0332,unmatched,,,
Quality audit,8,0.0332,unmatched,,,
Quality Process,8,0.0332,unmatched,,,
CAM writing,8,0.0332,unmatched,,,
Infographics,8,0.0332,unmatched,,,
Machine Tools,8,0.0332,unmatched,,,
Machine Shop Production,8,0.0332,unmatched,,,
Site engineering,8,0.0332,unmatched,,,
Material Handling Equipments,8,0.0332,unmatched,,,
Healthcare Operations,8,0.0332,unmatched,,,
WCS,8,0.0332,unmatched,,,
Closure,8,0.0332,unmatched,,,
BOQ,8,0.0332,unmatched,,,
Link Building,8,0.0332,unmatched,,,
School Management,8,0.0332,unmatched,,,
Ppc Campaigns,8,0.0332,unmatched,,,
ERP Functional,8,0.0332,unmatched,,,
L3,8,0.0332,unmatched,,,
Inward Inspection,8,0.0332,unmatched,,,
Operational risk,8,0.0332,unmatched,,,
Uk Accounting,8,0.0332,unmatched,,,
Geography,8,0.0332,unmatched,,,
Kyc Operations,8,0.0332,unmatched,,,
Presales Consulting,8,0.0332,unmatched,,,
L2,8,0.0332,unmatched,,,
Financial Markets,8,0.0332,unmatched,,,
Oncology,8,0.0332,unmatched,,,
Cataloguing,8,0.0332,unmatched,,,
Client relationship management,8,0.0332,unmatched,,,
Packaging Material,8,0.0332,unmatched,,,
Strategic sourcing,8,0.0332,unmatched,,,
Closing,8,0.0332,unmatched,,,
Beauty,8,0.0332,unmatched,,,
Bearings,8,0.0332,unmatched,,,
Health Economics,8,0.0332,unmatched,,,
Tool design,8,0.0332,unmatched,,,
Brochures,8,0.0332,unmatched,,,
Prospecting,8,0.0332,unmatched,,,
Business Process Management,8,0.0332,unmatched,,,
Development Testing,8,0.0332,unmatched,,,
Detail Engineering,8,0.0332,unmatched,,,
Ewm,8,0.0332,unmatched,,,
Mass Hiring,8,0.0332,unmatched,,,
Event Sales,8,0.0332,unmatched,,,
Event Planning,8,0.0332,unmatched,,,
Waiter Activities,8,0.0332,unmatched,,,
Client management,8,0.0332,unmatched,,,
EKS,8,0.0332,unmatched,,,
US Staffing,8,0.0332,unmatched,,,
Preventive maintenance,8,0.0332,unmatched,,,
Airport,8,0.0332,unmatched,,,
Software Quality Assurance,8,0.0332,unmatched,,,
Sitecore,8,0.0332,unmatched,,,
E-Invoicing,8,0.0332,unmatched,,,
Operation Maintenance,8,0.0332,unmatched,,,
Neonatology,8,0.0332,unmatched,,,
Salesforce Integration,8,0.0332,unmatched,,,
Salesforce CRM,8,0.0332,unmatched,,,
IT management,8,0.0332,unmatched,,,
Wholesale banking,8,0.0332,unmatched,,,
Fix,8,0.0332,unmatched,,,
Detail Drawings,8,0.0332,unmatched,,,
Mulesoft Integration,8,0.0332,unmatched,,,
Promotional Campaigns,8,0.0332,unmatched,,,
Devices,8,0.0332,unmatched,,,
Punching,8,0.0332,unmatched,,,
Geometry,8,0.0332,unmatched,,,
EMC,8,0.0332,unmatched,,,
Net Development,8,0.0332,unmatched,,,
Snowflake Sql,8,0.0332,unmatched,,,
Act,8,0.0332,unmatched,,,
Mvvm,8,0.0332,unmatched,,,
Project Finance,8,0.0332,unmatched,,,
Snowflake Db,8,0.0332,unmatched,,,
Training Programs,8,0.0332,unmatched,,,
Cisco ASA,8,0.0332,unmatched,,,
Water treatment,8,0.0332,unmatched,,,
Hematology,8,0.0332,unmatched,,,
Helper Activities,8,0.0332,unmatched,,,
Market development,8,0.0332,unmatched,,,
Statistical Programming,8,0.0332,unmatched,,,
Executive Support,8,0.0332,unmatched,,,
US IT Recruitment,8,0.0332,unmatched,,,
Training Delivery,8,0.0332,unmatched,,,
Film Making,8,0.0332,unmatched,,,
It Audit,8,0.0332,unmatched,,,
Zoho Books,8,0.0332,unmatched,,,
Child Development,8,0.0332,unmatched,,,
Oauth,8,0.0332,unmatched,,,
Market Planning,8,0.0332,unmatched,,,
Export finance,8,0.0332,unmatched,,,
Staad Pro,8,0.0332,unmatched,,,
History,8,0.0332,unmatched,,,
Process efficiency,8,0.0332,unmatched,,,
Product launch,8,0.0332,unmatched,,,
Instagram,8,0.0332,unmatched,,,
Domestic Voice,8,0.0332,unmatched,,,
Treasury Management,8,0.0332,unmatched,,,
MPLS,8,0.0332,unmatched,,,
Business Development And Marketing,8,0.0332,unmatched,,,
UI Development,8,0.0332,unmatched,,,
Hr Compliance,8,0.0332,unmatched,,,
Rotational Shifts,8,0.0332,unmatched,,,
It Infrastructure Sales,8,0.0332,unmatched,,,
It Infrastructure,8,0.0332,unmatched,,,
Web Application Security,8,0.0332,unmatched,,,
Load Testing,8,0.0332,unmatched,,,
Checking,8,0.0332,unmatched,,,
WebSphere,8,0.0332,unmatched,,,
PLC Panel,8,0.0332,unmatched,,,
Channel Partner Management,8,0.0332,unmatched,,,
Product Planning,8,0.0332,unmatched,,,
Process orientation,8,0.0332,unmatched,,,
BurpSuite,8,0.0332,unmatched,,,
Burp Suite,8,0.0332,unmatched,,,
NRI Services,8,0.0332,unmatched,,,
TypeScript,8,0.0332,unmatched,,,
Admin,7,0.029,unmatched,,,
Part Time,7,0.029,unmatched,,,
Construction Material,7,0.029,unmatched,,,
Franchise,7,0.029,unmatched,,,
English Language Training,7,0.029,unmatched,,,
Cook,7,0.029,unmatched,,,
Structural Analysis,7,0.029,unmatched,,,
Cloud Support,7,0.029,unmatched,,,
Biomedical,7,0.029,unmatched,,,
English Writing,7,0.029,unmatched,,,
Special Purpose Machine Design,7,0.029,unmatched,,,
Eb,7,0.029,unmatched,,,
Fortinet,7,0.029,unmatched,,,
Contract Labour,7,0.029,unmatched,,,
Automobile Engineering,7,0.029,unmatched,,,
S4HANA,7,0.029,unmatched,,,
Engineering Store,7,0.029,unmatched,,,
Control Valves,7,0.029,unmatched,,,
Cam,7,0.029,unmatched,,,
Import documentation,7,0.029,unmatched,,,
Charts,7,0.029,unmatched,,,
Export Logistics,7,0.029,unmatched,,,
Lean Manufacturing,7,0.029,unmatched,,,
Engineering Procurement,7,0.029,unmatched,,,
IT Staffing,7,0.029,unmatched,,,
Gas,7,0.029,unmatched,,,
Sales Coordinator,7,0.029,unmatched,,,
Gap analysis,7,0.029,unmatched,,,
Scheduler,7,0.029,unmatched,,,
Personal Care,7,0.029,unmatched,,,
Native,7,0.029,unmatched,,,
IEC,7,0.029,unmatched,,,
Automation Systems,7,0.029,unmatched,,,
SAP BPC,7,0.029,unmatched,,,
Social networking,7,0.029,unmatched,,,
Market Intelligence,7,0.029,unmatched,,,
Sap Pm,7,0.029,unmatched,,,
Chartered Accountant,7,0.029,unmatched,,,
Adobe Experience Management,7,0.029,unmatched,,,
Data Warehouse Testing,7,0.029,unmatched,,,
Insights,7,0.029,unmatched,,,
Product planning,7,0.029,unmatched,,,
Document management,7,0.029,unmatched,,,
Gold Loan Sales,7,0.029,unmatched,,,
Product development,7,0.029,unmatched,,,
Document Management System,7,0.029,unmatched,,,
TIBCO,7,0.029,unmatched,,,
Contractor Billing,7,0.029,unmatched,,,
Product marketing,7,0.029,unmatched,,,
Twitter,7,0.029,unmatched,,,
Furnace,7,0.029,unmatched,,,
Dsur,7,0.029,unmatched,,,
Oracle Clinical,7,0.029,unmatched,,,
Engineering Drawing,7,0.029,unmatched,,,
Field Operations,7,0.029,unmatched,,,
Control Panel Design,7,0.029,unmatched,,,
ADIS,7,0.029,unmatched,,,
Ssrs,7,0.029,unmatched,,,
Change Request,7,0.029,unmatched,,,
BEd,7,0.029,unmatched,,,
Struts,7,0.029,unmatched,,,
ALM,7,0.029,unmatched,,,
MLT,7,0.029,unmatched,,,
Hcm,7,0.029,unmatched,,,
Content Designing,7,0.029,unmatched,,,
Sales Closure,7,0.029,unmatched,,,
Financial Control,7,0.029,unmatched,,,
RBI,7,0.029,unmatched,,,
Content development,7,0.029,unmatched,,,
HR MIS,7,0.029,unmatched,,,
Ci / Cd Tools,7,0.029,unmatched,,,
Campaign Execution,7,0.029,unmatched,,,
Chef De Partie,7,0.029,unmatched,,,
Anypoint Platform,7,0.029,unmatched,,,
Canoe,7,0.029,unmatched,,,
Dmlt,7,0.029,unmatched,,,
Process Transformation,7,0.029,unmatched,,,
Financial Forecasting,7,0.029,unmatched,,,
Soft,7,0.029,unmatched,,,
Process Optimization,7,0.029,unmatched,,,
NAV,7,0.029,unmatched,,,
Inprocess,7,0.029,unmatched,,,
Bulk,7,0.029,unmatched,,,
Kannada,7,0.029,unmatched,,,
Productivity,7,0.029,unmatched,,,
Django Framework,7,0.029,unmatched,,,
Loan,7,0.029,unmatched,,,
Escalations,7,0.029,unmatched,,,
Object oriented design,7,0.029,unmatched,,,
Fleet Management,7,0.029,unmatched,,,
Fixed Assets,7,0.029,unmatched,,,
Stationary,7,0.029,unmatched,,,
Natural language processing,7,0.029,unmatched,,,
Xsd,7,0.029,unmatched,,,
Sailpoint,7,0.029,unmatched,,,
Cmmi,7,0.029,unmatched,,,
Profitability Analysis,7,0.029,unmatched,,,
Cnc,7,0.029,unmatched,,,
Drupal,7,0.029,unmatched,,,
Sap Hcm,7,0.029,unmatched,,,
Sap Project Management,7,0.029,unmatched,,,
Product Promotion,7,0.029,unmatched,,,
Product Quality,7,0.029,unmatched,,,
Product Roadmap,7,0.029,unmatched,,,
Data Entry Operator,7,0.029,unmatched,,,
Lead Qualification,7,0.029,unmatched,,,
MS Access,7,0.029,unmatched,,,
Iac,7,0.029,unmatched,,,
Unsecured Loans,7,0.029,unmatched,,,
Gdpr,7,0.029,unmatched,,,
Industrial Products,7,0.029,unmatched,,,
Data Center Operations,7,0.029,unmatched,,,
New Product,7,0.029,unmatched,,,
Discovery,7,0.029,unmatched,,,
Transition Management,7,0.029,unmatched,,,
Oracle ADF,7,0.029,unmatched,,,
PNL,7,0.029,unmatched,,,
Executive Hiring,7,0.029,unmatched,,,
CEPT,7,0.029,unmatched,,,
Market Risk,7,0.029,unmatched,,,
Shopify,7,0.029,unmatched,,,
Bhm,7,0.029,unmatched,,,
Billing Center,7,0.029,unmatched,,,
Sports Content Editing,7,0.029,unmatched,,,
Ap,7,0.029,unmatched,,,
Process Equipment,7,0.029,unmatched,,,
Finacle,7,0.029,unmatched,,,
Mobile Testing,7,0.029,unmatched,,,
Labour laws,7,0.029,unmatched,,,
Brokerage Generation,7,0.029,unmatched,,,
Teradata,7,0.029,unmatched,,,
RTA,7,0.029,unmatched,,,
Sap Transportation Management,7,0.029,unmatched,,,
RTGS,7,0.029,unmatched,,,
SUB,7,0.029,unmatched,,,
Coffee,7,0.029,unmatched,,,
Cipet,7,0.029,unmatched,,,
Water,7,0.029,unmatched,,,
Cold Forging,7,0.029,unmatched,,,
Mv Switchgear,7,0.029,unmatched,,,
Food Quality Control,7,0.029,unmatched,,,
Edutech,7,0.029,unmatched,,,
NABL,7,0.029,unmatched,,,
Action plan,7,0.029,unmatched,,,
Process Audit,7,0.029,unmatched,,,
Process Control,7,0.029,unmatched,,,
Private Equity,7,0.029,unmatched,,,
Abaqus,7,0.029,unmatched,,,
Raw Material Inspection,7,0.029,unmatched,,,
MS project,7,0.029,unmatched,,,
Mobile Automation Testing,7,0.029,unmatched,,,
Shares,7,0.029,unmatched,,,
Wealth Manager,7,0.029,unmatched,,,
Io,7,0.029,unmatched,,,
Sap Cpi,7,0.029,unmatched,,,
Sap Businessobjects,7,0.029,unmatched,,,
Cisco Routers,7,0.029,unmatched,,,
Collaterals,7,0.029,unmatched,,,
Rating,7,0.029,unmatched,,,
DSO,7,0.029,unmatched,,,
Cashier Activities,7,0.029,unmatched,,,
Agile Testing,7,0.029,unmatched,,,
Agile development,7,0.029,unmatched,,,
Off Page Seo,7,0.029,unmatched,,,
Collateral Management,7,0.029,unmatched,,,
Tender Analysis,7,0.029,unmatched,,,
Maintain Documentation,7,0.029,unmatched,,,
Sap Btp,7,0.029,unmatched,,,
Solution Consulting,7,0.029,unmatched,,,
Bank Audit,7,0.029,unmatched,,,
PP,7,0.029,unmatched,,,
Lvm,7,0.029,unmatched,,,
Aggregate Reporting,7,0.029,unmatched,,,
General Surgery,7,0.029,unmatched,,,
Oracle DBA,7,0.029,unmatched,,,
ECC,7,0.029,unmatched,,,
Printer Support,7,0.029,unmatched,,,
Aci,7,0.029,unmatched,,,
Acls,7,0.029,unmatched,,,
Trainer,7,0.029,unmatched,,,
Trained Graduate Teacher,7,0.029,unmatched,,,
DB2,7,0.029,unmatched,,,
Mitigation,7,0.029,unmatched,,,
Pay,7,0.029,unmatched,,,
Helm,7,0.029,unmatched,,,
Vmc Maintenance,7,0.029,unmatched,,,
Banking And Insurance,7,0.029,unmatched,,,
SQL Database,7,0.029,partial/semantic_match,Database,"Nashik University, University of Mumbai","MDC401 Multidisciplinary minor 20 20 40 60 2 -- -- 100, MDL401 Multidisciplinary minor -- 2 -- -- -- 1 1, MDC401 Multidisciplinary minor 3 -- -- 3 -- -- 3, Unknown"
UML,7,0.029,unmatched,,,
SPI,7,0.029,unmatched,,,
Invoice Verification,7,0.029,unmatched,,,
Fighting,7,0.029,unmatched,,,
Operation Executive,7,0.029,unmatched,,,
SPM Design,7,0.029,unmatched,,,
Injection Moulding Machine,7,0.029,unmatched,,,
Hardware Support,7,0.029,unmatched,,,
Hardware Troubleshooting,7,0.029,unmatched,,,
Substation,7,0.029,unmatched,,,
Cctv Monitoring,7,0.029,unmatched,,,
IT infrastructure,7,0.029,unmatched,,,
Record Maintenance,7,0.029,unmatched,,,
Interpersonal Communication,7,0.029,unmatched,,,
Setting,7,0.029,unmatched,,,
Property And Casualty Insurance,7,0.029,unmatched,,,
Cardiology,7,0.029,unmatched,,,
Breakdown Analysis,7,0.029,unmatched,,,
Software Implementation,7,0.029,unmatched,,,
MSP,7,0.029,unmatched,,,
Scm Cloud,7,0.029,unmatched,,,
Scm Operations,7,0.029,unmatched,,,
Cargo Operations,7,0.029,unmatched,,,
Cx,7,0.029,unmatched,,,
Dhcp,7,0.029,unmatched,,,
Langgraph,7,0.029,unmatched,,,
Print media,7,0.029,unmatched,,,
Litigation Matters,7,0.029,unmatched,,,
Regional Sales,7,0.029,unmatched,,,
Sap Security And Grc,7,0.029,unmatched,,,
Sap Support,7,0.029,unmatched,,,
Sap Tm,7,0.029,unmatched,,,
Refraction,7,0.029,unmatched,,,
Us Insurance,7,0.029,unmatched,,,
Airlines,7,0.029,unmatched,,,
Property management,7,0.029,unmatched,,,
Dialux,7,0.029,unmatched,,,
Generative Artificial Intelligence,7,0.029,unmatched,,,
Plastic Engineering,7,0.029,unmatched,,,
Trade Settlements,7,0.029,unmatched,,,
FSCM,7,0.029,unmatched,,,
JSP,7,0.029,unmatched,,,
Appraisal Management,7,0.029,unmatched,,,
PPE,7,0.029,unmatched,,,
PPM,7,0.029,unmatched,,,
Water Treatment Plant,7,0.029,unmatched,,,
Arcgis,7,0.029,unmatched,,,
Salesforce Marketing Cloud,7,0.029,unmatched,,,
Reinsurance,7,0.029,unmatched,,,
For Java,7,0.029,unmatched,,,
Equity Sales,7,0.029,unmatched,,,
Hospital Billing,7,0.029,unmatched,,,
Tefl,7,0.029,unmatched,,,
GKE,7,0.029,unmatched,,,
Technical training,7,0.029,unmatched,,,
Tp,7,0.029,unmatched,,,
Industrial Building,7,0.029,unmatched,,,
Indian Gaap,7,0.029,unmatched,,,
Generative AI,7,0.029,unmatched,,,
Wholesale Banking,7,0.029,unmatched,,,
ATS,7,0.029,unmatched,,,
Oracle E-Business Suite,7,0.029,unmatched,,,
Eplan,7,0.029,unmatched,,,
Storage Domain,7,0.029,unmatched,,,
Heat exchangers,7,0.029,unmatched,,,
Heavy,7,0.029,unmatched,,,
Payment processing,7,0.029,unmatched,,,
Desktop Troubleshooting,7,0.029,unmatched,,,
Microsoft Technologies,7,0.029,unmatched,,,
Business communication,7,0.029,unmatched,,,
Techno functional,7,0.029,unmatched,,,
Technical Skills,7,0.029,unmatched,,,
Remote,7,0.029,unmatched,,,
Cd Tools,7,0.029,unmatched,,,
Lumion,7,0.029,unmatched,,,
SEO Analysis,7,0.029,unmatched,,,
Community Management,7,0.029,unmatched,,,
Fitter,7,0.029,unmatched,,,
Pricing Strategy,7,0.029,unmatched,,,
Commvault,7,0.029,unmatched,,,
Night Shift,7,0.029,unmatched,,,
US Mortgage,7,0.029,unmatched,,,
Front Office Executive,7,0.029,unmatched,,,
EHS Management,7,0.029,unmatched,,,
Repair And Maintenance,7,0.029,unmatched,,,
Current Account,7,0.029,unmatched,,,
X-Ray,7,0.029,unmatched,,,
Arisg,7,0.029,unmatched,,,
On-page Optimization,7,0.029,unmatched,,,
Financial Modeling,7,0.029,unmatched,,,
Sales development,7,0.029,unmatched,,,
Large,7,0.029,unmatched,,,
Renewable Energy,7,0.029,unmatched,,,
Store management,7,0.029,unmatched,,,
Stock Broking,7,0.029,unmatched,,,
Marketing management,7,0.029,unmatched,,,
Marketo,7,0.029,unmatched,,,
PV,7,0.029,unmatched,,,
Press Part,7,0.029,unmatched,,,
Vice President,7,0.029,unmatched,,,
L&D,7,0.029,unmatched,,,
Interior Finishing,7,0.029,unmatched,,,
Infotainment,7,0.029,unmatched,,,
Ccr,7,0.029,unmatched,,,
User Research,7,0.029,unmatched,,,
Catering,7,0.029,unmatched,,,
User Support,7,0.029,unmatched,,,
Curriculum Development,7,0.029,unmatched,,,
WCF,7,0.029,unmatched,,,
Laparoscopy,7,0.029,unmatched,,,
FPS,7,0.029,unmatched,,,
Sd Module,7,0.029,unmatched,,,
Sdr,7,0.029,unmatched,,,
Amdp,7,0.029,unmatched,,,
Gke Cluster,7,0.029,unmatched,,,
Big Data Testing,7,0.029,unmatched,,,
Microsoft Power Automate,7,0.029,unmatched,,,
Bmm,7,0.029,unmatched,,,
Branding And Marketing,7,0.029,unmatched,,,
Requirement Analysis,7,0.029,unmatched,,,
Payment systems,7,0.029,unmatched,,,
Vigilance,7,0.029,unmatched,,,
SAP consulting,7,0.029,unmatched,,,
VFX,7,0.029,unmatched,,,
Holiday Packages,7,0.029,unmatched,,,
Total Rewards,7,0.029,unmatched,,,
Netapp,7,0.029,unmatched,,,
Netsuite,7,0.029,unmatched,,,
Technical Project Management,7,0.029,unmatched,,,
Predictive Modeling,7,0.029,unmatched,,,
Asme,7,0.029,unmatched,,,
CRM Sales,7,0.029,unmatched,,,
CRM system,7,0.029,unmatched,,,
Compliance Monitoring,7,0.029,unmatched,,,
Finishing,7,0.029,unmatched,,,
Finishing Work,7,0.029,unmatched,,,
Captaining,7,0.029,unmatched,,,
Car Service,7,0.029,unmatched,,,
Paas,7,0.029,unmatched,,,
Credit Rating,7,0.029,unmatched,,,
Embedded Linux,7,0.029,unmatched,,,
Clinical Sas,7,0.029,unmatched,,,
Sales Representative,7,0.029,unmatched,,,
SAP PS,7,0.029,unmatched,,,
Solar Project,7,0.029,unmatched,,,
Syndication,7,0.029,unmatched,,,
Operator,7,0.029,unmatched,,,
Enterprise risk management,7,0.029,unmatched,,,
Time Managements,7,0.029,unmatched,,,
Glide,7,0.029,unmatched,,,
Precision Machining,7,0.029,unmatched,,,
Ppc,7,0.029,unmatched,,,
Penetration testing,7,0.029,unmatched,,,
Swagger,7,0.029,unmatched,,,
Strategy,7,0.029,unmatched,,,
Strategic Account Management,7,0.029,unmatched,,,
Story Writing,7,0.029,unmatched,,,
Heat Load Calculation,7,0.029,unmatched,,,
Vray,7,0.029,unmatched,,,
Credit Approval,7,0.029,unmatched,,,
Restful Web,7,0.029,unmatched,,,
VBA,7,0.029,unmatched,,,
Emergency,7,0.029,unmatched,,,
Site Inspection,7,0.029,unmatched,,,
C Programming Language,7,0.029,unmatched,,,
Employee Life Cycle,7,0.029,unmatched,,,
Site Reliability Engineering,7,0.029,unmatched,,,
Creative Designing,7,0.029,unmatched,,,
Saving,7,0.029,unmatched,,,
Webi,7,0.029,unmatched,,,
Incharge,7,0.029,unmatched,,,
Strategic partnerships,7,0.029,unmatched,,,
Retrieval Augmented Generation,7,0.029,unmatched,,,
Defect Tracking,7,0.029,unmatched,,,
HT Panels,7,0.029,unmatched,,,
Media management,7,0.029,unmatched,,,
Global Procurement,7,0.029,unmatched,,,
Media marketing,7,0.029,unmatched,,,
Swift Ui,7,0.029,unmatched,,,
Invoice Generation,7,0.029,unmatched,,,
Analytics Tool,7,0.029,unmatched,,,
Cable Tray,7,0.029,unmatched,,,
ESI,7,0.029,unmatched,,,
Bm,7,0.029,unmatched,,,
Strategic Alliances,7,0.029,unmatched,,,
Strategic HR,7,0.029,unmatched,,,
Retail sales,7,0.029,unmatched,,,
Incoming,7,0.029,unmatched,,,
Legal Notices,7,0.029,unmatched,,,
Network Support,7,0.029,unmatched,,,
Enterprise Applications,7,0.029,unmatched,,,
Dealer Management,7,0.029,unmatched,,,
Crane Maintenance,7,0.029,unmatched,,,
Cre,7,0.029,unmatched,,,
Cost optimization,7,0.029,unmatched,,,
Legal Management,7,0.029,unmatched,,,
Capex,7,0.029,unmatched,,,
Phonics,7,0.029,unmatched,,,
LPT,7,0.029,unmatched,,,
Cloud Migration,7,0.029,unmatched,,,
Facilities Management,7,0.029,unmatched,,,
Loyalty,7,0.029,unmatched,,,
Cloud Applications,7,0.029,unmatched,,,
Machinery,7,0.029,unmatched,,,
Office management,7,0.029,unmatched,,,
Guidewire Policy Center,7,0.029,unmatched,,,
MEP Consultancy,7,0.029,unmatched,,,
Infor,7,0.029,unmatched,,,
Rice,7,0.029,unmatched,,,
Network operations,7,0.029,unmatched,,,
SAP HANA,7,0.029,unmatched,,,
Construction Chemicals,7,0.029,unmatched,,,
APQP,7,0.029,unmatched,,,
ASNT Level II,7,0.029,unmatched,,,
IPO,7,0.029,unmatched,,,
ASP.NET,7,0.029,unmatched,,,
Oracle database,7,0.029,unmatched,,,
JMS,7,0.029,unmatched,,,
Paint Quality,7,0.029,unmatched,,,
Palantir,7,0.029,unmatched,,,
Ultra Hni,7,0.029,unmatched,,,
Tandem,7,0.029,unmatched,,,
Quality Tools,7,0.029,unmatched,,,
Tandoor,7,0.029,unmatched,,,
Monitoring Tools,7,0.029,unmatched,,,
Monitoring tools,7,0.029,unmatched,,,
Risk Control,7,0.029,unmatched,,,
Fusion Financials,7,0.029,unmatched,,,
Quick,7,0.029,unmatched,,,
Risk analysis,7,0.029,unmatched,,,
Corporate Marketing,7,0.029,unmatched,,,
Strategy Development,7,0.029,unmatched,,,
Corporate Taxation,7,0.029,unmatched,,,
Logistics Sales,7,0.029,unmatched,,,
Ax Technical,7,0.029,unmatched,,,
Sourcing Manager,7,0.029,unmatched,,,
Risk Mitigation,7,0.029,unmatched,,,
Nosql Databases,7,0.029,unmatched,,,
Fraud Control,7,0.029,unmatched,,,
Robotic Process,7,0.029,unmatched,,,
Mern,7,0.029,unmatched,,,
Iics,7,0.029,unmatched,,,
Enquiry Management,7,0.029,unmatched,,,
Corporate Actions,7,0.029,unmatched,,,
International Banking,7,0.029,unmatched,,,
International Business,7,0.029,unmatched,,,
Internal Auditor,7,0.029,unmatched,,,
Biostatistics,7,0.029,unmatched,,,
Parking,7,0.029,unmatched,,,
Garments,6,0.0249,unmatched,,,
It Asset Management,6,0.0249,unmatched,,,
Continental Cuisine,6,0.0249,unmatched,,,
Vendor Relationship Management,6,0.0249,unmatched,,,
Billing engineering,6,0.0249,unmatched,,,
Biw Fixture Design,6,0.0249,unmatched,,,
Organizational Development,6,0.0249,unmatched,,,
FRD,6,0.0249,unmatched,,,
Facebook,6,0.0249,unmatched,,,
Wiring Harness,6,0.0249,unmatched,,,
Wms,6,0.0249,unmatched,,,
English Language Skills,6,0.0249,unmatched,,,
Chemical Analysis,6,0.0249,unmatched,,,
Chemical Engineering,6,0.0249,unmatched,,,
Export import,6,0.0249,unmatched,,,
PF Act,6,0.0249,unmatched,,,
Tricentis Tosca,6,0.0249,unmatched,,,
Game Engine,6,0.0249,unmatched,,,
Nagios,6,0.0249,unmatched,,,
ICSE,6,0.0249,unmatched,,,
Software Configuration Management,6,0.0249,unmatched,,,
Trend,6,0.0249,unmatched,,,
Product Testing,6,0.0249,unmatched,,,
Domestic Sales,6,0.0249,unmatched,,,
Product innovation,6,0.0249,unmatched,,,
Process documentation,6,0.0249,unmatched,,,
Key Vault,6,0.0249,unmatched,,,
Stamping,6,0.0249,unmatched,,,
Staff Management,6,0.0249,unmatched,,,
Sre,6,0.0249,unmatched,,,
Ssis,6,0.0249,unmatched,,,
Sap Retail,6,0.0249,unmatched,,,
Advertisement Sales,6,0.0249,unmatched,,,
Social Media Executive,6,0.0249,unmatched,,,
3D Designing,6,0.0249,unmatched,,,
Online Advertising,6,0.0249,unmatched,,,
Online Bidding,6,0.0249,unmatched,,,
Business Administration,6,0.0249,unmatched,,,
Transmitters,6,0.0249,unmatched,,,
Advocate,6,0.0249,unmatched,,,
Checkpoint Firewall,6,0.0249,unmatched,,,
Child Psychology,6,0.0249,unmatched,,,
Dmaic,6,0.0249,unmatched,,,
Process Transition,6,0.0249,unmatched,,,
Process Modeling,6,0.0249,unmatched,,,
Inprocess Inspection,6,0.0249,unmatched,,,
Professor,6,0.0249,unmatched,,,
Market Place,6,0.0249,unmatched,,,
Intranet,6,0.0249,unmatched,,,
Export Import Logistics,6,0.0249,unmatched,,,
Nav,6,0.0249,unmatched,,,
Navision,6,0.0249,unmatched,,,
Ncvt,6,0.0249,unmatched,,,
Distributed Computing,6,0.0249,unmatched,,,
Agentic AI,6,0.0249,unmatched,,,
Sap Project Systems,6,0.0249,unmatched,,,
J2EE,6,0.0249,unmatched,,,
Export Marketing,6,0.0249,unmatched,,,
F5,6,0.0249,unmatched,,,
Social Media Content,6,0.0249,unmatched,,,
Business Banking,6,0.0249,unmatched,,,
Business Central,6,0.0249,unmatched,,,
Gds,6,0.0249,unmatched,,,
Directory,6,0.0249,unmatched,,,
Discoverer,6,0.0249,unmatched,,,
Aerospace Industries,6,0.0249,unmatched,,,
Exit Interviews,6,0.0249,unmatched,,,
Market Share,6,0.0249,unmatched,,,
Llb,6,0.0249,unmatched,,,
Load,6,0.0249,unmatched,,,
IT Security,6,0.0249,unmatched,,,
Final Cut Pro,6,0.0249,unmatched,,,
Ios Development,6,0.0249,unmatched,,,
Training management,6,0.0249,unmatched,,,
Diligence,6,0.0249,unmatched,,,
Center management,6,0.0249,unmatched,,,
Sap S/4Hana,6,0.0249,unmatched,,,
Sap Scm,6,0.0249,unmatched,,,
Project Costing,6,0.0249,unmatched,,,
Mysql Database,6,0.0249,unmatched,,,
NABH,6,0.0249,unmatched,,,
Btl,6,0.0249,unmatched,,,
Business Modeling,6,0.0249,unmatched,,,
Project Implementation,6,0.0249,unmatched,,,
Expense Management,6,0.0249,unmatched,,,
Cisco Firewall,6,0.0249,unmatched,,,
Loan Collection,6,0.0249,unmatched,,,
Project Leadership,6,0.0249,unmatched,,,
Project Design,6,0.0249,unmatched,,,
Digital Strategy,6,0.0249,unmatched,,,
Air Cargo,6,0.0249,unmatched,,,
Project Manager,6,0.0249,unmatched,,,
Project Purchase,6,0.0249,unmatched,,,
Citrix,6,0.0249,unmatched,,,
Cism,6,0.0249,unmatched,,,
Project Handling,6,0.0249,unmatched,,,
Training Coordination,6,0.0249,unmatched,,,
Project execution,6,0.0249,unmatched,,,
Project Reports,6,0.0249,unmatched,,,
OTL,6,0.0249,unmatched,,,
IT sales,6,0.0249,unmatched,,,
Air Conditioning,6,0.0249,unmatched,,,
It Solutions,6,0.0249,unmatched,,,
Aicc,6,0.0249,unmatched,,,
Kubernates,6,0.0249,unmatched,,,
Infrastructure Projects,6,0.0249,unmatched,,,
Sql Scripting,6,0.0249,unmatched,,,
Sampling,6,0.0249,unmatched,,,
WPS,6,0.0249,unmatched,,,
Breakdown,6,0.0249,unmatched,,,
Business Reporting,6,0.0249,unmatched,,,
Smart,6,0.0249,unmatched,,,
Die Maintenance,6,0.0249,unmatched,,,
Die Making,6,0.0249,unmatched,,,
Trainee,6,0.0249,unmatched,,,
Change,6,0.0249,unmatched,,,
Bdd Cucumber,6,0.0249,unmatched,,,
Airline Process,6,0.0249,unmatched,,,
Genesys,6,0.0249,unmatched,,,
MFG,6,0.0249,unmatched,,,
Linux Server,6,0.0249,unmatched,,,
Excellence,6,0.0249,unmatched,,,
Stock,6,0.0249,unmatched,,,
MICE,6,0.0249,unmatched,,,
Business Tie Ups,6,0.0249,unmatched,,,
Skill Development,6,0.0249,unmatched,,,
Sld,6,0.0249,unmatched,,,
Business Process Mapping,6,0.0249,unmatched,,,
GLP,6,0.0249,unmatched,,,
Tractor Loan,6,0.0249,unmatched,,,
Mule ESB,6,0.0249,unmatched,,,
PS,6,0.0249,unmatched,,,
IT operations,6,0.0249,unmatched,,,
Clerical Work,6,0.0249,unmatched,,,
Heavy Equipment,6,0.0249,unmatched,,,
Public,6,0.0249,unmatched,,,
Site management,6,0.0249,unmatched,,,
PV Elite,6,0.0249,unmatched,,,
PRT,6,0.0249,unmatched,,,
PC Assembling,6,0.0249,unmatched,,,
Fit Out,6,0.0249,unmatched,,,
Fitness Training,6,0.0249,unmatched,,,
EDC,6,0.0249,unmatched,,,
EMR,6,0.0249,unmatched,,,
Pubsub,6,0.0249,unmatched,,,
Business process management,6,0.0249,unmatched,,,
Business services,6,0.0249,unmatched,,,
Field Service Management,6,0.0249,unmatched,,,
Store Operation,6,0.0249,unmatched,,,
Store Planning,6,0.0249,unmatched,,,
Purchase Orders,6,0.0249,unmatched,,,
L1,6,0.0249,unmatched,,,
Category Management,6,0.0249,unmatched,,,
Client Success,6,0.0249,unmatched,,,
WTP,6,0.0249,unmatched,,,
OSD,6,0.0249,unmatched,,,
Accruals,6,0.0249,unmatched,,,
Press Tool Maintenance,6,0.0249,unmatched,,,
Press Tools,6,0.0249,unmatched,,,
Ms Office Products,6,0.0249,unmatched,,,
Tool Making,6,0.0249,unmatched,,,
Written And Oral Communication,6,0.0249,unmatched,,,
Software solutions,6,0.0249,unmatched,,,
Brand positioning,6,0.0249,unmatched,,,
Manufacturing Processes,6,0.0249,unmatched,,,
Manufacturing Quality,6,0.0249,unmatched,,,
Manufacturing engineering,6,0.0249,unmatched,,,
Predictive Analytics,6,0.0249,unmatched,,,
Design And Coding,6,0.0249,unmatched,,,
QA Testing,6,0.0249,unmatched,,,
Title Search,6,0.0249,unmatched,,,
Delphix,6,0.0249,unmatched,,,
Preparing Invoices,6,0.0249,unmatched,,,
Network Architecture,6,0.0249,unmatched,,,
Network Design,6,0.0249,unmatched,,,
Network Engineer,6,0.0249,unmatched,,,
Packaging Machines,6,0.0249,unmatched,,,
IT strategy,6,0.0249,unmatched,,,
Busy,6,0.0249,unmatched,,,
MDT,6,0.0249,unmatched,,,
Ophthalmology,6,0.0249,unmatched,,,
ERP system,6,0.0249,unmatched,,,
ESB,6,0.0249,unmatched,,,
Insurance sales,6,0.0249,unmatched,,,
Json,6,0.0249,unmatched,,,
IND,6,0.0249,unmatched,,,
Site Coordination,6,0.0249,unmatched,,,
Software Troubleshooting,6,0.0249,unmatched,,,
Sast,6,0.0249,unmatched,,,
Websphere Mq,6,0.0249,unmatched,,,
Tiles,6,0.0249,unmatched,,,
Defence,6,0.0249,unmatched,,,
Delivery excellence,6,0.0249,unmatched,,,
Timely Delivery,6,0.0249,unmatched,,,
Anaesthesiologist,6,0.0249,unmatched,,,
Analytics Services,6,0.0249,unmatched,,,
Insurance Agent,6,0.0249,unmatched,,,
OPEX,6,0.0249,unmatched,,,
Closing Deals,6,0.0249,unmatched,,,
Network Management,6,0.0249,unmatched,,,
Network Operations,6,0.0249,unmatched,,,
Dealer Handling,6,0.0249,unmatched,,,
Qualitative Research,6,0.0249,unmatched,,,
ETL Tool,6,0.0249,unmatched,,,
Analytical Method Development,6,0.0249,unmatched,,,
Analytical Skills,6,0.0249,unmatched,,,
Ti,6,0.0249,unmatched,,,
Month End Reporting,6,0.0249,unmatched,,,
BDM,6,0.0249,unmatched,,,
Linkedin Ads,6,0.0249,unmatched,,,
Machinery Sales,6,0.0249,unmatched,,,
Hyperion Financial Management,6,0.0249,unmatched,,,
Network engineering,6,0.0249,unmatched,,,
Furniture Design,6,0.0249,unmatched,,,
LLD,6,0.0249,unmatched,,,
CAPM,6,0.0249,unmatched,,,
CAD CAM,6,0.0249,unmatched,,,
Strong Analytical Skills,6,0.0249,unmatched,,,
Health Management,6,0.0249,unmatched,,,
Quality improvement,6,0.0249,unmatched,,,
Quality assurance engineering,6,0.0249,unmatched,,,
Power Bi Reports,6,0.0249,unmatched,,,
Quarkus,6,0.0249,unmatched,,,
Query Optimization,6,0.0249,unmatched,,,
Stress testing,6,0.0249,unmatched,,,
Catalog,6,0.0249,unmatched,,,
Home Decor,6,0.0249,unmatched,,,
Home Finance,6,0.0249,unmatched,,,
Scada,6,0.0249,unmatched,,,
Dataproc,6,0.0249,unmatched,,,
Database Testing,6,0.0249,unmatched,,,
Quantitative research,6,0.0249,unmatched,,,
Anda,6,0.0249,unmatched,,,
Quicksight,6,0.0249,unmatched,,,
Side,6,0.0249,unmatched,,,
Siebel,6,0.0249,unmatched,,,
CDD,6,0.0249,unmatched,,,
CCE,6,0.0249,unmatched,,,
Workforce,6,0.0249,unmatched,,,
Fiber Optics,6,0.0249,unmatched,,,
Part time,6,0.0249,unmatched,,,
Essbase,6,0.0249,unmatched,,,
Lightning Components,6,0.0249,unmatched,,,
Cluster Head,6,0.0249,unmatched,,,
Data entry operation,6,0.0249,unmatched,,,
Postgresql Database Administration,6,0.0249,unmatched,,,
Ebs,6,0.0249,unmatched,,,
Post Sales,6,0.0249,unmatched,,,
Post production,6,0.0249,unmatched,,,
Test engineering,6,0.0249,unmatched,,,
R&D,6,0.0249,unmatched,,,
Sales Consulting,6,0.0249,unmatched,,,
IT Infrastructure Management,6,0.0249,unmatched,,,
Outside Sales,6,0.0249,unmatched,,,
Sales Administration,6,0.0249,unmatched,,,
Testing And Commissioning,6,0.0249,unmatched,,,
Angular Cli,6,0.0249,unmatched,,,
Oracle Cloud Benefits,6,0.0249,unmatched,,,
Test Strategy,6,0.0249,unmatched,,,
BDO,6,0.0249,unmatched,,,
Heading Branch,6,0.0249,unmatched,,,
Clustering,6,0.0249,unmatched,,,
Education Sales,6,0.0249,unmatched,,,
Data Mapping,6,0.0249,unmatched,,,
Modular,6,0.0249,unmatched,,,
Anypoint Studio,6,0.0249,unmatched,,,
Industry research,6,0.0249,unmatched,,,
Magento,6,0.0249,unmatched,,,
Hyper-V,6,0.0249,unmatched,,,
Solid works,6,0.0249,unmatched,,,
Iam,6,0.0249,unmatched,,,
OHSAS 18001,6,0.0249,unmatched,,,
Etl Datastage,6,0.0249,unmatched,,,
Safety Management System,6,0.0249,unmatched,,,
Safety Officer Activities,6,0.0249,unmatched,,,
CCNP,6,0.0249,unmatched,,,
Api Design And Development,6,0.0249,unmatched,,,
Upstream,6,0.0249,unmatched,,,
Microsoft Power Bi,6,0.0249,unmatched,,,
CSA,6,0.0249,unmatched,,,
Bmide,6,0.0249,unmatched,,,
Bgv,6,0.0249,unmatched,,,
Oracle Forms,6,0.0249,unmatched,,,
Groovy,6,0.0249,unmatched,,,
Technical Content Writing,6,0.0249,unmatched,,,
Csv,6,0.0249,unmatched,,,
B Service,6,0.0249,unmatched,,,
Data Engineer,6,0.0249,unmatched,,,
Succession planning,6,0.0249,unmatched,,,
Virtual Reality,6,0.0249,unmatched,,,
Competitive Intelligence,6,0.0249,unmatched,,,
Competitive analysis,6,0.0249,unmatched,,,
Teleperformance,6,0.0249,unmatched,,,
Graduate Fresher,6,0.0249,unmatched,,,
VMC Machine,6,0.0249,unmatched,,,
Usfda,6,0.0249,unmatched,,,
Critical care,6,0.0249,unmatched,,,
Application Penetration Testing,6,0.0249,unmatched,,,
Lan,6,0.0249,unmatched,,,
Om,6,0.0249,unmatched,,,
Service Improvement,6,0.0249,unmatched,,,
Sfmc,6,0.0249,unmatched,,,
Hubspot,6,0.0249,unmatched,,,
Hub,6,0.0249,unmatched,,,
Ideation,6,0.0249,unmatched,,,
Azure Cloud Services,6,0.0249,unmatched,,,
Azure Cloud Support,6,0.0249,unmatched,,,
HVAC System,6,0.0249,unmatched,,,
CIPET,6,0.0249,unmatched,,,
Entertainment,6,0.0249,unmatched,,,
Microsoft Dynamics Navision,6,0.0249,unmatched,,,
French Teaching,6,0.0249,unmatched,,,
Laser Cutting,6,0.0249,unmatched,,,
CME,6,0.0249,unmatched,,,
Bi Tools,6,0.0249,unmatched,,,
Oracle Fusion Hcm,6,0.0249,unmatched,,,
Service Catalog,6,0.0249,unmatched,,,
Team handling,6,0.0249,unmatched,,,
SAP Quality Management,6,0.0249,unmatched,,,
SAP S/4 HANA,6,0.0249,unmatched,,,
Car Insurance,6,0.0249,unmatched,,,
Share market,6,0.0249,unmatched,,,
Secondary Sale,6,0.0249,unmatched,,,
Modeler,6,0.0249,unmatched,,,
Gst Filling,6,0.0249,unmatched,,,
Test Design,6,0.0249,unmatched,,,
Rest Apis,6,0.0249,unmatched,,,
Responsive Web Design,6,0.0249,unmatched,,,
Asp.Net Mvc,6,0.0249,unmatched,,,
Spm Machine,6,0.0249,unmatched,,,
VP,6,0.0249,unmatched,,,
VPC,6,0.0249,unmatched,,,
Technical Analysis,6,0.0249,unmatched,,,
Seo Strategies,6,0.0249,unmatched,,,
ADO.Net,6,0.0249,unmatched,,,
Aspect,6,0.0249,unmatched,,,
Payment Domain,6,0.0249,unmatched,,,
Supervisory Skills,6,0.0249,unmatched,,,
Vmc Operating,6,0.0249,unmatched,,,
Cxo,6,0.0249,unmatched,,,
Application Programming,6,0.0249,unmatched,,,
Media Planning,6,0.0249,unmatched,,,
Team building,6,0.0249,unmatched,,,
Gsm,6,0.0249,unmatched,,,
Gst Audit,6,0.0249,unmatched,,,
Gst Calculation,6,0.0249,unmatched,,,
Creativity,6,0.0249,unmatched,,,
Food Preparation,6,0.0249,unmatched,,,
Hardware Design,6,0.0249,unmatched,,,
Credit Card Collection,6,0.0249,unmatched,,,
Teamwork,6,0.0249,unmatched,,,
Computer Networking,6,0.0249,unmatched,,,
SAP MM Implementation,6,0.0249,unmatched,,,
Entra ID,6,0.0249,unmatched,,,
ASME Codes,6,0.0249,unmatched,,,
Hardware Installation,6,0.0249,unmatched,,,
Emea,6,0.0249,unmatched,,,
Application software,6,0.0249,unmatched,,,
Appoint,6,0.0249,unmatched,,,
Retail Channel Sales,6,0.0249,unmatched,,,
It Systems,6,0.0249,unmatched,,,
New product,6,0.0249,unmatched,,,
Microsoft 365,6,0.0249,unmatched,,,
Microsoft Azure Devops,6,0.0249,unmatched,,,
Appointment Generation,6,0.0249,unmatched,,,
Computer graphics,6,0.0249,unmatched,,,
FRP,6,0.0249,unmatched,,,
Elastic Stack,6,0.0249,unmatched,,,
Application Monitoring,6,0.0249,unmatched,,,
Equipment Sales,6,0.0249,unmatched,,,
Oracle Order Management,6,0.0249,unmatched,,,
Orthopedics,6,0.0249,unmatched,,,
Investment Management,6,0.0249,unmatched,,,
Hr Policies,6,0.0249,unmatched,,,
Pneumatic System,6,0.0249,unmatched,,,
Bpmn,6,0.0249,unmatched,,,
Retail operations,6,0.0249,unmatched,,,
Work Order,6,0.0249,unmatched,,,
Oil And Gas Industry,6,0.0249,unmatched,,,
Physician Activities,6,0.0249,unmatched,,,
Emi / Emc,6,0.0249,unmatched,,,
Non Litigation,6,0.0249,unmatched,,,
Plumbing Design,6,0.0249,unmatched,,,
Ifc,6,0.0249,unmatched,,,
Ifrs,6,0.0249,unmatched,,,
SyBase,6,0.0249,unmatched,,,
Peoplesoft,6,0.0249,unmatched,,,
Architectural Drawings,6,0.0249,unmatched,,,
Counsellor,6,0.0249,unmatched,,,
DFMEA,6,0.0249,unmatched,,,
Cranes,6,0.0249,unmatched,,,
Ngoss,6,0.0249,unmatched,,,
Retirement Benefits,6,0.0249,unmatched,,,
Frozen,6,0.0249,unmatched,,,
Guest relations,6,0.0249,unmatched,,,
Team Coaching,6,0.0249,unmatched,,,
Team Collaboration,6,0.0249,unmatched,,,
Atl,6,0.0249,unmatched,,,
Assurance & Audit,6,0.0249,unmatched,,,
Revit Architecture,6,0.0249,unmatched,,,
Rewards,6,0.0249,unmatched,,,
Employee Induction,6,0.0249,unmatched,,,
Concrete,6,0.0249,unmatched,,,
Indian Payroll,6,0.0249,unmatched,,,
Secretary,6,0.0249,unmatched,,,
Argo,6,0.0249,unmatched,,,
DG,6,0.0249,unmatched,,,
DGFT,6,0.0249,unmatched,,,
SIDE,6,0.0249,unmatched,,,
Sentinel,6,0.0249,unmatched,,,
Office equipment,6,0.0249,unmatched,,,
Studio,6,0.0249,unmatched,,,
Hospital Sales,6,0.0249,unmatched,,,
Webtrends,6,0.0249,unmatched,,,
Corrective Maintenance,6,0.0249,unmatched,,,
Architectural design,6,0.0249,unmatched,,,
Technical sales,6,0.0249,unmatched,,,
System Performance,6,0.0249,unmatched,,,
Tax Management,6,0.0249,unmatched,,,
Whatsapp Marketing,6,0.0249,unmatched,,,
Techno,6,0.0249,unmatched,,,
Customer Service Orientation,6,0.0249,unmatched,,,
End User Support,6,0.0249,unmatched,,,
Matplotlib,6,0.0249,unmatched,,,
Oracle Rac,6,0.0249,unmatched,,,
Collibra,6,0.0249,unmatched,,,
Columns,6,0.0249,unmatched,,,
Data Centre Operations,6,0.0249,unmatched,,,
Gynecology,6,0.0249,unmatched,,,
Fashion Retail,6,0.0249,unmatched,,,
Customer Escalation,6,0.0249,unmatched,,,
SEA,6,0.0249,unmatched,,,
Spare parts,6,0.0249,unmatched,,,
Nx,6,0.0249,unmatched,,,
Epic,6,0.0249,unmatched,,,
Windows Installation,6,0.0249,unmatched,,,
Firmware Development,6,0.0249,unmatched,,,
Fire Protection,6,0.0249,unmatched,,,
Cobit,6,0.0249,unmatched,,,
Bleaching,6,0.0249,unmatched,,,
Access Control System,6,0.0249,unmatched,,,
Territory Sales Manager,6,0.0249,unmatched,,,
Risk Modeling,6,0.0249,unmatched,,,
Green Belt,6,0.0249,unmatched,,,
Release,6,0.0249,unmatched,,,
Endpoint,6,0.0249,unmatched,,,
Lv,6,0.0249,unmatched,,,
Area Management,6,0.0249,unmatched,,,
Area Sales Manager,6,0.0249,unmatched,,,
STP,6,0.0249,unmatched,,,
Authorization,6,0.0249,unmatched,,,
Talend,6,0.0249,unmatched,,,
M,6,0.0249,unmatched,,,
Corporate Alliances,6,0.0249,unmatched,,,
Rockwell,6,0.0249,unmatched,,,
Custom,6,0.0249,unmatched,,,
Customer Care Executive,6,0.0249,unmatched,,,
Fault Finding,6,0.0249,unmatched,,,
ISO Implementation,6,0.0249,unmatched,,,
Windows Troubleshooting,6,0.0249,unmatched,,,
Oracle Sql,6,0.0249,unmatched,,,
Room Sales,6,0.0249,unmatched,,,
Candidate Sourcing,6,0.0249,unmatched,,,
Capacity Management,6,0.0249,unmatched,,,
Hana,6,0.0249,unmatched,,,
Azure Analytics,6,0.0249,unmatched,,,
Room Service,6,0.0249,unmatched,,,
Merchant Acquiring,6,0.0249,unmatched,,,
HMC,6,0.0249,unmatched,,,
Mergers And Acquisitions,6,0.0249,unmatched,,,
Solman,6,0.0249,unmatched,,,
Vehicle Tracking,6,0.0249,unmatched,,,
AR,6,0.0249,unmatched,,,
Root Canal Treatment,6,0.0249,unmatched,,,
Codeigniter,6,0.0249,unmatched,,,
Biology Teacher,6,0.0249,unmatched,,,
Bought Out,6,0.0249,unmatched,,,
Vendor Audit,6,0.0249,unmatched,,,
Surveillance,6,0.0249,unmatched,,,
Automobile Service,6,0.0249,unmatched,,,
Avaloq Development,6,0.0249,unmatched,,,
SAP Controlling,6,0.0249,unmatched,,,
Mivan,6,0.0249,unmatched,,,
Learning & Development,6,0.0249,unmatched,,,
Implementation And Integration Projects,6,0.0249,unmatched,,,
Vbcs,6,0.0249,unmatched,,,
Government Relations,6,0.0249,unmatched,,,
Engineering Manager,6,0.0249,unmatched,,,
Email Etiquette,6,0.0249,unmatched,,,
Camunda Bpm,6,0.0249,unmatched,,,
Government Tender,6,0.0249,unmatched,,,
Conversion Optimization,6,0.0249,unmatched,,,
Cognitive Services,6,0.0249,unmatched,,,
Technical management,6,0.0249,unmatched,,,
Ariba Sourcing,6,0.0249,unmatched,,,
Patient Relations,6,0.0249,unmatched,,,
Jasmine,6,0.0249,unmatched,,,
Solarwinds,6,0.0249,unmatched,,,
SAML,6,0.0249,unmatched,,,
Automotive Parts,6,0.0249,unmatched,,,
Incoming Inspection,6,0.0249,unmatched,,,
SAP BW,6,0.0249,unmatched,,,
Report preparation,6,0.0249,unmatched,,,
Rubber Moulding,6,0.0249,unmatched,,,
Control System,6,0.0249,unmatched,,,
Student Engagement,6,0.0249,unmatched,,,
Runner,6,0.0249,unmatched,,,
TOGAF,6,0.0249,unmatched,,,
SCR,6,0.0249,unmatched,,,
TCS,6,0.0249,unmatched,,,
Company Secretarial Functions,6,0.0249,unmatched,,,
T-SQL,6,0.0249,unmatched,,,
Compensation Benchmarking,6,0.0249,unmatched,,,
Vetting Contracts,6,0.0249,unmatched,,,
System engineering,6,0.0249,unmatched,,,
SANS25,6,0.0249,unmatched,,,
SQL development,6,0.0249,unmatched,,,
Payroll processing,6,0.0249,unmatched,,,
Commercial Leasing,6,0.0249,unmatched,,,
Cameraman Activities,6,0.0249,unmatched,,,
Campaign Analytics,6,0.0249,unmatched,,,
Edr,6,0.0249,unmatched,,,
Partnership Management,6,0.0249,unmatched,,,
Security Monitoring,6,0.0249,unmatched,,,
Campus Hiring,6,0.0249,unmatched,,,
Financial Analyst,6,0.0249,unmatched,,,
12Th,6,0.0249,unmatched,,,
It Hiring,6,0.0249,unmatched,,,
Product Demo,6,0.0249,unmatched,,,
Draughtsman,6,0.0249,unmatched,,,
NSE,6,0.0249,unmatched,,,
Gaap,6,0.0249,unmatched,,,
Elevators,6,0.0249,unmatched,,,
Online marketing,6,0.0249,unmatched,,,
Supplier Development,6,0.0249,unmatched,,,
Bugzilla,6,0.0249,unmatched,,,
Open Source,6,0.0249,unmatched,,,
Finance Accounts,6,0.0249,unmatched,,,
Finance Manager,6,0.0249,unmatched,,,
Finance Process,6,0.0249,unmatched,,,
Xero,6,0.0249,unmatched,,,
Laparoscopic Surgery,6,0.0249,unmatched,,,
Horeca,6,0.0249,unmatched,,,
Admission,6,0.0249,unmatched,,,
Liability Products,6,0.0249,unmatched,,,
Web Application Architecture,6,0.0249,unmatched,,,
FMEA,6,0.0249,unmatched,,,
Fixed Deposits,6,0.0249,unmatched,,,
Pmo,6,0.0249,unmatched,,,
Process excellence,6,0.0249,unmatched,,,
Wireframe,6,0.0249,unmatched,,,
Electric Vehicle,6,0.0249,unmatched,,,
Aa,6,0.0249,unmatched,,,
Hardware Sales,6,0.0249,unmatched,,,
Product Management Team,6,0.0249,unmatched,,,
Product Manager,6,0.0249,unmatched,,,
Building Project,6,0.0249,unmatched,,,
Social Media Platforms,5,0.0207,unmatched,,,
Zoho Crm,5,0.0207,unmatched,,,
Oo Abap,5,0.0207,unmatched,,,
Soft Services,5,0.0207,unmatched,,,
Business Acquisition,5,0.0207,unmatched,,,
Online Reputation Management,5,0.0207,unmatched,,,
Issue,5,0.0207,unmatched,,,
Process management,5,0.0207,unmatched,,,
Drug Regulatory Affairs,5,0.0207,unmatched,,,
Product Listing,5,0.0207,unmatched,,,
Check,5,0.0207,unmatched,,,
PL/SQL,5,0.0207,unmatched,,,
Sap Netweaver,5,0.0207,unmatched,,,
Sap Otc,5,0.0207,unmatched,,,
Continuous Development,5,0.0207,unmatched,,,
Contract Hiring,5,0.0207,unmatched,,,
Spfx,5,0.0207,unmatched,,,
Bills Receivable,5,0.0207,unmatched,,,
Autodesk Inventor,5,0.0207,unmatched,,,
S4 HANA,5,0.0207,unmatched,,,
S4 Hana,5,0.0207,unmatched,,,
Trial Balance,5,0.0207,unmatched,,,
Trucks,5,0.0207,unmatched,,,
Administrative Assistance,5,0.0207,unmatched,,,
Garment Manufacturing,5,0.0207,unmatched,,,
Drupal Development,5,0.0207,unmatched,,,
Gaming,5,0.0207,unmatched,,,
NX,5,0.0207,unmatched,,,
T,5,0.0207,unmatched,,,
Content Analysis,5,0.0207,unmatched,,,
Content creation,5,0.0207,unmatched,,,
Content strategy,5,0.0207,unmatched,,,
Adapters,5,0.0207,unmatched,,,
Base Sas,5,0.0207,unmatched,,,
Hindi Call Center,5,0.0207,unmatched,,,
IT Operations,5,0.0207,unmatched,,,
IT Operations Management,5,0.0207,unmatched,,,
Charles River,5,0.0207,unmatched,,,
Adobe Campaign,5,0.0207,unmatched,,,
Treasury Operations,5,0.0207,unmatched,,,
Adobe Photoshop,5,0.0207,unmatched,,,
Instagram Ads,5,0.0207,unmatched,,,
Product service,5,0.0207,unmatched,,,
Dossier Preparation,5,0.0207,unmatched,,,
Product Vision,5,0.0207,unmatched,,,
Mendix,5,0.0207,unmatched,,,
S/4HANA,5,0.0207,unmatched,,,
Contract Review,5,0.0207,unmatched,,,
Performance analysis,5,0.0207,unmatched,,,
TCAE,5,0.0207,unmatched,,,
Document Checking,5,0.0207,unmatched,,,
Typing Skills,5,0.0207,unmatched,,,
Dsa Management,5,0.0207,unmatched,,,
Advance Sql,5,0.0207,unmatched,,,
Do,5,0.0207,unmatched,,,
Doctor,5,0.0207,unmatched,,,
Barista,5,0.0207,unmatched,,,
Batch,5,0.0207,unmatched,,,
Sap Quality Management,5,0.0207,unmatched,,,
Cfa,5,0.0207,unmatched,,,
Mapping,5,0.0207,unmatched,,,
Translation,5,0.0207,unmatched,,,
Business HR,5,0.0207,unmatched,,,
ANSI,5,0.0207,unmatched,,,
T-Sql,5,0.0207,unmatched,,,
TA,5,0.0207,unmatched,,,
TAT,5,0.0207,unmatched,,,
Automotive Sales,5,0.0207,unmatched,,,
Autopilot,5,0.0207,unmatched,,,
Consumer Banking,5,0.0207,unmatched,,,
Consumer Electronics,5,0.0207,unmatched,,,
Automation Test Framework,5,0.0207,unmatched,,,
Bip,5,0.0207,unmatched,,,
Biw Design,5,0.0207,unmatched,,,
Can Bus,5,0.0207,unmatched,,,
Security Testing,5,0.0207,unmatched,,,
Sox Compliance,5,0.0207,unmatched,,,
Space Selling,5,0.0207,unmatched,,,
Space management,5,0.0207,unmatched,,,
Control plan,5,0.0207,unmatched,,,
Rpd,5,0.0207,unmatched,,,
Convent,5,0.0207,unmatched,,,
XSLT,5,0.0207,unmatched,,,
Chemical engineering,5,0.0207,unmatched,,,
Sap Master Data Management,5,0.0207,unmatched,,,
Checkmarx,5,0.0207,unmatched,,,
Banquet Sales,5,0.0207,unmatched,,,
Process Mapping,5,0.0207,unmatched,,,
Professional Development,5,0.0207,unmatched,,,
NDA,5,0.0207,unmatched,,,
Transportation Operations,5,0.0207,unmatched,,,
Advanced Ms Excel,5,0.0207,unmatched,,,
Inorganic Chemistry,5,0.0207,unmatched,,,
Profit And Loss Account,5,0.0207,unmatched,,,
Distribution Network,5,0.0207,unmatched,,,
Special Effects,5,0.0207,unmatched,,,
Autoclave,5,0.0207,unmatched,,,
TM,5,0.0207,unmatched,,,
TMT,5,0.0207,unmatched,,,
TNA,5,0.0207,unmatched,,,
Mep Design,5,0.0207,unmatched,,,
Franchise Sales,5,0.0207,unmatched,,,
Formulation Development,5,0.0207,unmatched,,,
Fortigate,5,0.0207,unmatched,,,
Spares,5,0.0207,unmatched,,,
ISO 9001,5,0.0207,unmatched,,,
Routing Protocols,5,0.0207,unmatched,,,
English Typing,5,0.0207,unmatched,,,
Medical Representative,5,0.0207,unmatched,,,
Automotive Design,5,0.0207,unmatched,,,
SAP Consultant,5,0.0207,unmatched,,,
Sap Fico Module,5,0.0207,unmatched,,,
International voice process,5,0.0207,unmatched,,,
Fleet Operations,5,0.0207,unmatched,,,
UART,5,0.0207,unmatched,,,
Dispute Resolution,5,0.0207,unmatched,,,
Keyword Analysis,5,0.0207,unmatched,,,
Sap Global Trade Services,5,0.0207,unmatched,,,
Hira,5,0.0207,unmatched,,,
Staad,5,0.0207,unmatched,,,
PCG Dealer,5,0.0207,unmatched,,,
JAVA,5,0.0207,partial/semantic_match,Java,"University of Mumbai, Savitribai Phule Pune University","Unknown, MDC401 Multidisciplinary minor 20 20 40 60 2 -- -- 100"
Vehicle Management,5,0.0207,unmatched,,,
Rpa Automation,5,0.0207,unmatched,,,
Convincing Ability,5,0.0207,unmatched,,,
Cafeteria Management,5,0.0207,unmatched,,,
Budget Preparation,5,0.0207,unmatched,,,
Soar,5,0.0207,unmatched,,,
Social Media Advertising,5,0.0207,unmatched,,,
Business Case,5,0.0207,unmatched,,,
Gc,5,0.0207,unmatched,,,
Distribution network,5,0.0207,unmatched,,,
Direct marketing,5,0.0207,unmatched,,,
Discrete Manufacturing,5,0.0207,unmatched,,,
Transit,5,0.0207,unmatched,,,
Affiliate Marketing,5,0.0207,unmatched,,,
After Effects,5,0.0207,unmatched,,,
Adfs,5,0.0207,unmatched,,,
High Rise,5,0.0207,unmatched,,,
Sap Data Migration,5,0.0207,unmatched,,,
Adis,5,0.0207,unmatched,,,
E Commerce Operation,5,0.0207,unmatched,,,
SAP CCM,5,0.0207,unmatched,,,
Talent Engagement,5,0.0207,unmatched,,,
Tacl,5,0.0207,unmatched,,,
Four Wheeler,5,0.0207,unmatched,,,
Energy conservation,5,0.0207,unmatched,,,
Process Flow Diagram,5,0.0207,unmatched,,,
Process Improvement Initiatives,5,0.0207,unmatched,,,
Problem-Solving,5,0.0207,unmatched,,,
Agency Channel Sales,5,0.0207,unmatched,,,
Project Accounting,5,0.0207,unmatched,,,
Agri,5,0.0207,unmatched,,,
Final,5,0.0207,unmatched,,,
Ip Drg,5,0.0207,unmatched,,,
Oracle Service Bus,5,0.0207,unmatched,,,
Oracle VBCS,5,0.0207,unmatched,,,
Security Audit,5,0.0207,unmatched,,,
Security Audits,5,0.0207,unmatched,,,
Canada,5,0.0207,unmatched,,,
Campus Recruitment,5,0.0207,unmatched,,,
Managerial Skills,5,0.0207,unmatched,,,
Software Development Cycle,5,0.0207,unmatched,,,
Budget Forecasting,5,0.0207,unmatched,,,
Project Control,5,0.0207,unmatched,,,
Loan Operations,5,0.0207,unmatched,,,
Loan Origination,5,0.0207,unmatched,,,
Loan Processing,5,0.0207,unmatched,,,
Sap Security Administration,5,0.0207,unmatched,,,
Cinematography,5,0.0207,unmatched,,,
Project Coordinator,5,0.0207,unmatched,,,
Robot Programming,5,0.0207,unmatched,,,
Java Developer,5,0.0207,unmatched,,,
Value engineering,5,0.0207,unmatched,,,
Encryption,5,0.0207,unmatched,,,
Project Estimation,5,0.0207,unmatched,,,
Mvc,5,0.0207,unmatched,,,
Transfer Agency,5,0.0207,unmatched,,,
Procedures,5,0.0207,unmatched,,,
IBR,5,0.0207,unmatched,,,
Operation Theatre,5,0.0207,unmatched,,,
PPAP Documentation,5,0.0207,unmatched,,,
Sap Co Management,5,0.0207,unmatched,,,
Sap Business Planning And Consolidation,5,0.0207,unmatched,,,
Sap C4C Sdk,5,0.0207,unmatched,,,
Project Delivery Management,5,0.0207,unmatched,,,
Agile Project Management,5,0.0207,unmatched,,,
Corporate Relation,5,0.0207,unmatched,,,
Corel,5,0.0207,unmatched,,,
SAP FICA,5,0.0207,unmatched,,,
SAP CRM,5,0.0207,unmatched,,,
Project Life Cycle,5,0.0207,unmatched,,,
Project Portfolio Management,5,0.0207,unmatched,,,
Civil Site Engineering,5,0.0207,unmatched,,,
Sap Automation,5,0.0207,unmatched,,,
Cisco Switches,5,0.0207,unmatched,,,
Market risk,5,0.0207,unmatched,,,
Digital Analytics,5,0.0207,unmatched,,,
Digital Asset Management,5,0.0207,unmatched,,,
Digital Banking,5,0.0207,unmatched,,,
Murex,5,0.0207,unmatched,,,
Pro-E,5,0.0207,unmatched,,,
Printer Troubleshooting,5,0.0207,unmatched,,,
Printers,5,0.0207,unmatched,,,
Agriculture Marketing,5,0.0207,unmatched,,,
Aht,5,0.0207,unmatched,,,
Selenium With Java,5,0.0207,unmatched,,,
Cad Tools,5,0.0207,unmatched,,,
Selenium Automation Testing,5,0.0207,unmatched,,,
Nosql,5,0.0207,unmatched,,,
Fraud Detection,5,0.0207,unmatched,,,
Endpoint Management,5,0.0207,unmatched,,,
Project finance,5,0.0207,unmatched,,,
Diet,5,0.0207,unmatched,,,
Sap Basis,5,0.0207,unmatched,,,
Help Desk Operations,5,0.0207,unmatched,,,
IT security,5,0.0207,unmatched,,,
Listing,5,0.0207,unmatched,,,
Bank reconciliation,5,0.0207,unmatched,,,
Banking Collection,5,0.0207,unmatched,,,
Statutory Laws,5,0.0207,unmatched,,,
Statutory compliance,5,0.0207,unmatched,,,
Statistical Software,5,0.0207,unmatched,,,
Corporate Travel Management,5,0.0207,unmatched,,,
Attention To Detail,5,0.0207,unmatched,,,
Forex trading,5,0.0207,unmatched,,,
Bill Of Quantities,5,0.0207,unmatched,,,
First Aid,5,0.0207,unmatched,,,
Fire Prevention,5,0.0207,unmatched,,,
Fire Protection System,5,0.0207,unmatched,,,
Negotiation Skills,5,0.0207,unmatched,,,
GRE,5,0.0207,unmatched,,,
Nessus,5,0.0207,unmatched,,,
It Solution Sales,5,0.0207,unmatched,,,
Field marketing,5,0.0207,unmatched,,,
Spare Parts,5,0.0207,unmatched,,,
Black Box Testing,5,0.0207,unmatched,,,
Oracle Reports,5,0.0207,unmatched,,,
Corporate Planning,5,0.0207,unmatched,,,
Corporate Social Responsibility,5,0.0207,unmatched,,,
Diagnostic Sales,5,0.0207,unmatched,,,
Sanitary,5,0.0207,unmatched,,,
Internet research,5,0.0207,unmatched,,,
Business Solutions,5,0.0207,unmatched,,,
IJP486621,5,0.0207,unmatched,,,
Btp Integration,5,0.0207,unmatched,,,
Software Integration,5,0.0207,unmatched,,,
Dies,5,0.0207,unmatched,,,
Print Ads,5,0.0207,unmatched,,,
EAM,5,0.0207,unmatched,,,
Consolidation,5,0.0207,unmatched,,,
Rfx,5,0.0207,unmatched,,,
Cost Center Accounting,5,0.0207,unmatched,,,
Tax Law,5,0.0207,unmatched,,,
Risk Assurance,5,0.0207,unmatched,,,
Alerts,5,0.0207,unmatched,,,
Challan,5,0.0207,unmatched,,,
Sst,5,0.0207,unmatched,,,
Bdd Framework,5,0.0207,unmatched,,,
Benefits Administration,5,0.0207,unmatched,,,
Air Ticketing,5,0.0207,unmatched,,,
Device Drivers,5,0.0207,unmatched,,,
Proposal writing,5,0.0207,unmatched,,,
Stock Planning,5,0.0207,unmatched,,,
Liquidity,5,0.0207,unmatched,,,
Water Treatment,5,0.0207,unmatched,,,
Internet Browsing,5,0.0207,unmatched,,,
MTBF,5,0.0207,unmatched,,,
Cosmos,5,0.0207,unmatched,,,
Cost Planning,5,0.0207,unmatched,,,
Construction equipment,5,0.0207,unmatched,,,
Skin,5,0.0207,unmatched,,,
Protocol Development,5,0.0207,unmatched,,,
KAM,5,0.0207,unmatched,,,
KQL,5,0.0207,unmatched,,,
ECG,5,0.0207,unmatched,,,
ECS,5,0.0207,unmatched,,,
Punctual,5,0.0207,unmatched,,,
Psur,5,0.0207,unmatched,,,
Liquidity Management,5,0.0207,unmatched,,,
Liquidity Risk,5,0.0207,unmatched,,,
Marketing Manager,5,0.0207,unmatched,,,
Heavy Machinery,5,0.0207,unmatched,,,
Machine Design,5,0.0207,unmatched,,,
Business applications,5,0.0207,unmatched,,,
Six Sigma Black Belt,5,0.0207,unmatched,,,
Sitecore Development,5,0.0207,unmatched,,,
ISMS,5,0.0207,unmatched,,,
Microfocus,5,0.0207,unmatched,,,
Brand building,5,0.0207,unmatched,,,
Aix,5,0.0207,unmatched,,,
PWD,5,0.0207,unmatched,,,
PaaS,5,0.0207,unmatched,,,
Fixtures,5,0.0207,unmatched,,,
Accounts Manager,5,0.0207,unmatched,,,
Accounts Manager Sales,5,0.0207,unmatched,,,
US Payroll,5,0.0207,unmatched,,,
Allen Bradley Plc,5,0.0207,unmatched,,,
German Language,5,0.0207,unmatched,,,
US Proccess,5,0.0207,unmatched,,,
Brokerage,5,0.0207,unmatched,,,
Business development executive,5,0.0207,unmatched,,,
Physical,5,0.0207,unmatched,,,
Manual And Automation Testing,5,0.0207,unmatched,,,
Secops,5,0.0207,unmatched,,,
Capital Equipments,5,0.0207,unmatched,,,
Hotel management,5,0.0207,unmatched,,,
BW,5,0.0207,unmatched,,,
Baan,5,0.0207,unmatched,,,
Store keeping,5,0.0207,unmatched,,,
Sales force development,5,0.0207,unmatched,,,
Design Engineer,5,0.0207,unmatched,,,
Design Management,5,0.0207,unmatched,,,
Retention Strategies,5,0.0207,unmatched,,,
Guest Service Associate,5,0.0207,unmatched,,,
Atl Btl,5,0.0207,unmatched,,,
Countif,5,0.0207,unmatched,,,
Java Technologies,5,0.0207,unmatched,,,
Aluminium Die Casting,5,0.0207,unmatched,,,
Clinical Development,5,0.0207,unmatched,,,
Clinical Pathology,5,0.0207,unmatched,,,
Client acquisition,5,0.0207,unmatched,,,
WAS,5,0.0207,unmatched,,,
Paid Media,5,0.0207,unmatched,,,
OSPF,5,0.0207,unmatched,,,
ERM,5,0.0207,unmatched,,,
Tours,5,0.0207,unmatched,,,
Tool Maintenance,5,0.0207,unmatched,,,
Deploying Models,5,0.0207,unmatched,,,
Business system,5,0.0207,unmatched,,,
Java Standard Edition,5,0.0207,unmatched,,,
Assistant Manager,5,0.0207,unmatched,,,
Mandarin,5,0.0207,unmatched,,,
Manhattan,5,0.0207,unmatched,,,
Igaap,5,0.0207,unmatched,,,
Brocade,5,0.0207,unmatched,,,
Python Developer,5,0.0207,unmatched,,,
Stock Reconciliation,5,0.0207,unmatched,,,
Stock Report,5,0.0207,unmatched,,,
Why-why Analysis,5,0.0207,unmatched,,,
Sql Azure,5,0.0207,unmatched,,,
Bench Management,5,0.0207,unmatched,,,
Hoardings,5,0.0207,unmatched,,,
Cement Sales,5,0.0207,unmatched,,,
Cpm,5,0.0207,unmatched,,,
Management Reporting,5,0.0207,unmatched,,,
Management Trainee,5,0.0207,unmatched,,,
Management accounting,5,0.0207,unmatched,,,
Low Voltage,5,0.0207,unmatched,,,
Boiler,5,0.0207,unmatched,,,
Physical Therapy,5,0.0207,unmatched,,,
Amazon Rds,5,0.0207,unmatched,,,
Net core,5,0.0207,unmatched,,,
GDS,5,0.0207,unmatched,,,
Premier,5,0.0207,unmatched,,,
Mq Series,5,0.0207,unmatched,,,
GitHub,5,0.0207,unmatched,,,
Tool Development,5,0.0207,unmatched,,,
Demat,5,0.0207,unmatched,,,
Premium Handler,5,0.0207,unmatched,,,
Client satisfaction,5,0.0207,unmatched,,,
Network Infrastructure,5,0.0207,unmatched,,,
Launch,5,0.0207,unmatched,,,
Microsoft Asp.Net,5,0.0207,unmatched,,,
Concentrix,5,0.0207,unmatched,,,
Swift Payments,5,0.0207,unmatched,,,
Optical Fiber,5,0.0207,unmatched,,,
Field Instrumentation,5,0.0207,unmatched,,,
Field Instruments,5,0.0207,unmatched,,,
Operations Audit,5,0.0207,unmatched,,,
Operations Coordinator,5,0.0207,unmatched,,,
Precision Component,5,0.0207,unmatched,,,
Analytical Ability,5,0.0207,unmatched,,,
Motor insurance,5,0.0207,unmatched,,,
Mould Maintenance,5,0.0207,unmatched,,,
QC Engineering,5,0.0207,unmatched,,,
Defined Benefits,5,0.0207,unmatched,,,
Concept Selling,5,0.0207,unmatched,,,
VBCS,5,0.0207,unmatched,,,
Employee Onboarding,5,0.0207,unmatched,,,
Creative Skills,5,0.0207,unmatched,,,
Creative Solutions,5,0.0207,unmatched,,,
Retail Management,5,0.0207,unmatched,,,
Assembly Process,5,0.0207,unmatched,,,
QS,5,0.0207,unmatched,,,
Storytelling,5,0.0207,unmatched,,,
Heat Treatment,5,0.0207,unmatched,,,
Master data management,5,0.0207,unmatched,,,
Healthcare Domain,5,0.0207,unmatched,,,
Sales Recruitment,5,0.0207,unmatched,,,
Vpc,5,0.0207,unmatched,,,
Junior Staff,5,0.0207,unmatched,,,
Brand Building,5,0.0207,unmatched,,,
Team Leading Skills,5,0.0207,unmatched,,,
Concurrent,5,0.0207,unmatched,,,
Concurrent Audit,5,0.0207,unmatched,,,
International Trade,5,0.0207,unmatched,,,
Enterprise Software,5,0.0207,unmatched,,,
Site Monitoring,5,0.0207,unmatched,,,
Beautician Activities,5,0.0207,unmatched,,,
Weblogic Admin,5,0.0207,unmatched,,,
Website Management,5,0.0207,unmatched,,,
P&L,5,0.0207,unmatched,,,
P2P Cycle,5,0.0207,unmatched,,,
Sales Pipeline,5,0.0207,unmatched,,,
Strategic marketing,5,0.0207,unmatched,,,
Tier 1,5,0.0207,unmatched,,,
Delivery management,5,0.0207,unmatched,,,
Go,5,0.0207,unmatched,,,
Global Kyc,5,0.0207,unmatched,,,
Global Trade,5,0.0207,unmatched,,,
Ampscript,5,0.0207,unmatched,,,
LCMS,5,0.0207,unmatched,,,
Informatica Master Data Management,5,0.0207,unmatched,,,
Anaplan,5,0.0207,unmatched,,,
Quality Assurance Engineering,5,0.0207,unmatched,,,
Factory Act,5,0.0207,unmatched,,,
Offline Marketing,5,0.0207,unmatched,,,
Offshore,5,0.0207,unmatched,,,
Technical Architect,5,0.0207,unmatched,,,
System Administrator,5,0.0207,unmatched,,,
Sustainability,5,0.0207,unmatched,,,
Sustainable Development,5,0.0207,unmatched,,,
Computer Science,5,0.0207,unmatched,,,
SAP QM Module,5,0.0207,unmatched,,,
Team Skills,5,0.0207,unmatched,,,
Rest API,5,0.0207,unmatched,,,
Rest Api,5,0.0207,unmatched,,,
Embedded Software,5,0.0207,unmatched,,,
Bmc Control-M,5,0.0207,unmatched,,,
CSR Activities,5,0.0207,unmatched,,,
Qlikview,5,0.0207,unmatched,,,
Qm,5,0.0207,unmatched,,,
Material Control,5,0.0207,unmatched,,,
Health Care Process,5,0.0207,unmatched,,,
GDPR,5,0.0207,unmatched,,,
Network Penetration Testing,5,0.0207,unmatched,,,
Quality Control Management,5,0.0207,unmatched,,,
Qradar,5,0.0207,unmatched,,,
LAP,5,0.0207,unmatched,,,
ETAP,5,0.0207,unmatched,,,
Powertrain,5,0.0207,unmatched,,,
Service Coordination,5,0.0207,unmatched,,,
SAP RAR,5,0.0207,unmatched,,,
Capital Markets,5,0.0207,unmatched,,,
Car Sales,5,0.0207,unmatched,,,
Card Payments,5,0.0207,unmatched,,,
Seating,5,0.0207,unmatched,,,
Sebi,5,0.0207,unmatched,,,
PowerShell,5,0.0207,unmatched,,,
Cloud Operations,5,0.0207,unmatched,,,
Structural Engineering,5,0.0207,unmatched,,,
Structural Fabrication,5,0.0207,unmatched,,,
Structural design,5,0.0207,unmatched,,,
Cloud Administration,5,0.0207,unmatched,,,
Influencing,5,0.0207,unmatched,,,
Hyperion Essbase,5,0.0207,unmatched,,,
Quality Standards,5,0.0207,unmatched,,,
Udp,5,0.0207,unmatched,,,
Group Reporting,5,0.0207,unmatched,,,
Resolution,5,0.0207,unmatched,,,
Piping Design,5,0.0207,unmatched,,,
Crisis management,5,0.0207,unmatched,,,
Service,5,0.0207,unmatched,,,
GC,5,0.0207,unmatched,,,
Datastage Administration,5,0.0207,unmatched,,,
Power Plant,5,0.0207,unmatched,,,
Financial Statement Analysis,5,0.0207,unmatched,,,
Signavio,5,0.0207,unmatched,,,
Showroom Management,5,0.0207,unmatched,,,
MCC,5,0.0207,unmatched,,,
MD,5,0.0207,unmatched,,,
Material Testing,5,0.0207,unmatched,,,
SAP S4 HANA,5,0.0207,unmatched,,,
Id,5,0.0207,unmatched,,,
HVAC Engineering,5,0.0207,unmatched,,,
SAP Support,5,0.0207,unmatched,,,
Entity,5,0.0207,unmatched,,,
Microsoft Fabric,5,0.0207,unmatched,,,
CAD drawing,5,0.0207,unmatched,,,
Insurance Training,5,0.0207,unmatched,,,
Ultrasonic Testing,5,0.0207,unmatched,,,
Dax Queries,5,0.0207,unmatched,,,
Day Care,5,0.0207,unmatched,,,
Quality inspection,5,0.0207,unmatched,,,
Mongodb Dba,5,0.0207,unmatched,,,
Ui Automation,5,0.0207,unmatched,,,
Networking protocols,5,0.0207,unmatched,,,
Fund raising,5,0.0207,unmatched,,,
Funding,5,0.0207,unmatched,,,
Cluster Management,5,0.0207,unmatched,,,
FEMA,5,0.0207,unmatched,,,
Loan Servicing,5,0.0207,unmatched,,,
Catalog Management,5,0.0207,unmatched,,,
Home Loan,5,0.0207,unmatched,,,
Embedded,5,0.0207,unmatched,,,
VLAN,5,0.0207,unmatched,,,
User research,5,0.0207,unmatched,,,
Technical Operations,5,0.0207,unmatched,,,
Technical Management,5,0.0207,unmatched,,,
Asp.Net Core Mvc,5,0.0207,unmatched,,,
CRM Tools,5,0.0207,unmatched,,,
Database Development,5,0.0207,unmatched,,,
Quantitative Analysis,5,0.0207,unmatched,,,
Textile Designing,5,0.0207,unmatched,,,
Query Tuning,5,0.0207,unmatched,,,
LV,5,0.0207,unmatched,,,
LWF,5,0.0207,unmatched,,,
Lab Testing,5,0.0207,unmatched,,,
Industry Mapping,5,0.0207,unmatched,,,
Data architecture,5,0.0207,unmatched,,,
IP,5,0.0207,unmatched,,,
Piping engineering,5,0.0207,unmatched,,,
Email Chat,5,0.0207,unmatched,,,
Payroll Administration,5,0.0207,unmatched,,,
Part Development,5,0.0207,unmatched,,,
Europe,5,0.0207,unmatched,,,
Europe Market,5,0.0207,unmatched,,,
Lighting,5,0.0207,unmatched,,,
Lighting Design,5,0.0207,unmatched,,,
Line,5,0.0207,unmatched,,,
Quote To Cash,5,0.0207,unmatched,,,
Insurance Process,5,0.0207,unmatched,,,
Oracle Fusion Technical,5,0.0207,unmatched,,,
Oracle Hcm,5,0.0207,unmatched,,,
Grievance Redressal,5,0.0207,unmatched,,,
Grinding,5,0.0207,unmatched,,,
Insurance Products,5,0.0207,unmatched,,,
Ecm,5,0.0207,unmatched,,,
Test execution,5,0.0207,unmatched,,,
Casualty,5,0.0207,unmatched,,,
IT Infrastructure,5,0.0207,unmatched,,,
Styling,5,0.0207,unmatched,,,
R2R Process,5,0.0207,unmatched,,,
RA,5,0.0207,unmatched,,,
Mongodb,5,0.0207,unmatched,,,
Gold Valuation,5,0.0207,unmatched,,,
Test strategy,5,0.0207,unmatched,,,
Academic Counselling,5,0.0207,unmatched,,,
Planning Engineering,5,0.0207,unmatched,,,
Reporting And Analytics,5,0.0207,unmatched,,,
Representative,5,0.0207,unmatched,,,
Csr,5,0.0207,unmatched,,,
Ice Cream,5,0.0207,unmatched,,,
Wipro,5,0.0207,unmatched,,,
Sebi Regulations,5,0.0207,unmatched,,,
Big4,5,0.0207,unmatched,,,
CPM,5,0.0207,unmatched,,,
Oracle Apps Dba,5,0.0207,unmatched,,,
Test Scenarios,5,0.0207,unmatched,,,
Safety Regulations,5,0.0207,unmatched,,,
Structured Finance,5,0.0207,unmatched,,,
Material selection,5,0.0207,unmatched,,,
RDS,5,0.0207,unmatched,,,
Report Writing,5,0.0207,unmatched,,,
Compensation Administration,5,0.0207,unmatched,,,
Epbcs,5,0.0207,unmatched,,,
Javascript Frameworks,5,0.0207,unmatched,,,
Data center,5,0.0207,unmatched,,,
RERA,5,0.0207,unmatched,,,
Accident Investigation,5,0.0207,unmatched,,,
Account Development,5,0.0207,unmatched,,,
Pos Machine,5,0.0207,unmatched,,,
Educational Administration,5,0.0207,unmatched,,,
Modern Trade,5,0.0207,unmatched,,,
Modular Furniture,5,0.0207,unmatched,,,
Money Laundering,5,0.0207,unmatched,,,
Money Market,5,0.0207,unmatched,,,
Industry Research,5,0.0207,unmatched,,,
Hyperion Planning,5,0.0207,unmatched,,,
Mail Drafting,5,0.0207,unmatched,,,
Use Cases,5,0.0207,unmatched,,,
Used Car Loan,5,0.0207,unmatched,,,
User Experience,5,0.0207,unmatched,,,
Remittances,5,0.0207,unmatched,,,
Incoming Quality,5,0.0207,unmatched,,,
Indexing,5,0.0207,unmatched,,,
SolidWorks,5,0.0207,unmatched,,,
Bpo Recruitment,5,0.0207,unmatched,,,
Branch operations,5,0.0207,unmatched,,,
Iatf Internal Auditor,5,0.0207,unmatched,,,
Partnerships,5,0.0207,unmatched,,,
Salary Preparation,5,0.0207,unmatched,,,
RF,5,0.0207,unmatched,,,
CNC Turning,5,0.0207,unmatched,,,
Community Development,5,0.0207,unmatched,,,
Community Engagement,5,0.0207,unmatched,,,
SDET,5,0.0207,unmatched,,,
SDS,5,0.0207,unmatched,,,
Data Modelling,5,0.0207,unmatched,,,
Data Munging,5,0.0207,unmatched,,,
Data Operations,5,0.0207,unmatched,,,
Data Interpretation,5,0.0207,unmatched,,,
BD,5,0.0207,unmatched,,,
Student Recruitment,5,0.0207,unmatched,,,
Maximo,5,0.0207,unmatched,,,
Cognos,5,0.0207,unmatched,,,
Iaas,5,0.0207,unmatched,,,
Edd,5,0.0207,unmatched,,,
Edi,5,0.0207,unmatched,,,
Editor,5,0.0207,unmatched,,,
EduTech Solution Sales,5,0.0207,unmatched,,,
Mocha,5,0.0207,unmatched,,,
Test Driven Development,5,0.0207,unmatched,,,
Relationship Development,5,0.0207,unmatched,,,
Ground Staff Activities,5,0.0207,unmatched,,,
Customer Analysis,5,0.0207,unmatched,,,
IPS,5,0.0207,unmatched,,,
Major Incident Management,5,0.0207,unmatched,,,
App Development,5,0.0207,unmatched,,,
Lamda,5,0.0207,unmatched,,,
Industrial Project,5,0.0207,unmatched,,,
RHEL,5,0.0207,unmatched,,,
Education Counsellor,5,0.0207,unmatched,,,
Fda,5,0.0207,unmatched,,,
Oracle Apps,5,0.0207,unmatched,,,
Fashion Styling,5,0.0207,unmatched,,,
Communication Protocols,5,0.0207,unmatched,,,
Payment collection,5,0.0207,unmatched,,,
OD,5,0.0207,unmatched,,,
CFO,5,0.0207,unmatched,,,
CICS,5,0.0207,unmatched,,,
Spring Framework,5,0.0207,unmatched,,,
Bfsi Recruitment,5,0.0207,unmatched,,,
Scikit-learn,5,0.0207,unmatched,,,
Manufacturing Execution System,5,0.0207,unmatched,,,
Apo,5,0.0207,unmatched,,,
Dairy,5,0.0207,unmatched,,,
RPGLE,5,0.0207,unmatched,,,
Dast,5,0.0207,unmatched,,,
Radiography,5,0.0207,unmatched,,,
RabbitMQ,5,0.0207,unmatched,,,
Customer Service Representative,5,0.0207,unmatched,,,
Electromechanical,5,0.0207,unmatched,,,
Plant 3D,5,0.0207,unmatched,,,
User acceptance testing,5,0.0207,unmatched,,,
Loyalty Programs,5,0.0207,unmatched,,,
Lsmw,5,0.0207,unmatched,,,
Oracle E-business Suite,5,0.0207,unmatched,,,
Oracle Ebs Technical,5,0.0207,unmatched,,,
Oracle Epm,5,0.0207,unmatched,,,
Policies And Procedures,5,0.0207,unmatched,,,
B2B Business Development,5,0.0207,unmatched,,,
Hazard Analysis,5,0.0207,unmatched,,,
Esxi,5,0.0207,unmatched,,,
Effluent Treatment Plant,5,0.0207,unmatched,,,
Us Collection,5,0.0207,unmatched,,,
Raw material,5,0.0207,unmatched,,,
Government Business,5,0.0207,unmatched,,,
Mobile Automation,5,0.0207,unmatched,,,
Mobile Development,5,0.0207,unmatched,,,
Google Suite,5,0.0207,unmatched,,,
CISA,5,0.0207,unmatched,,,
Sheet Metal Manufacturing,5,0.0207,unmatched,,,
CMC,5,0.0207,unmatched,,,
Share Market Customer Support,5,0.0207,unmatched,,,
Plant Hr,5,0.0207,unmatched,,,
Midwifery,5,0.0207,unmatched,,,
OData,5,0.0207,unmatched,,,
Forcepoint,5,0.0207,unmatched,,,
Lifestyle,5,0.0207,unmatched,,,
Lifts,5,0.0207,unmatched,,,
Commercial operations,5,0.0207,unmatched,,,
Handling Client Calls,5,0.0207,unmatched,,,
Handling Customer,5,0.0207,unmatched,,,
Hospital Operations,5,0.0207,unmatched,,,
Script Writing,5,0.0207,unmatched,,,
Ar Caller,5,0.0207,unmatched,,,
Bonus,5,0.0207,unmatched,,,
Working Capital Management,5,0.0207,unmatched,,,
Collection,5,0.0207,unmatched,,,
Vision,5,0.0207,unmatched,,,
OEM Marketing,5,0.0207,unmatched,,,
Food Quality,5,0.0207,unmatched,,,
Collections Strategy,5,0.0207,unmatched,,,
Apple Ios Application Development,5,0.0207,unmatched,,,
Application Architecture,5,0.0207,unmatched,,,
Rcu,5,0.0207,unmatched,,,
Raml,5,0.0207,unmatched,,,
DPR,5,0.0207,unmatched,,,
Apparel Industry,5,0.0207,unmatched,,,
Electrical And Electronics,5,0.0207,unmatched,,,
Telecaller,5,0.0207,unmatched,,,
Telecom Billing,5,0.0207,unmatched,,,
Ospf,5,0.0207,unmatched,,,
FSD,5,0.0207,unmatched,,,
JWT,5,0.0207,unmatched,,,
International Operations,5,0.0207,unmatched,,,
International Payroll,5,0.0207,unmatched,,,
DEd,5,0.0207,unmatched,,,
DFSS,5,0.0207,unmatched,,,
Horeca Sales,5,0.0207,unmatched,,,
Spring Cloud,5,0.0207,unmatched,,,
Odoo,5,0.0207,unmatched,,,
B2B Collection,5,0.0207,unmatched,,,
Tender Management,5,0.0207,unmatched,,,
Maintain Day Book,5,0.0207,unmatched,,,
Oracle Core Hr,5,0.0207,unmatched,,,
Oracle Costing,5,0.0207,unmatched,,,
ReactJS,5,0.0207,unmatched,,,
Reactjs,5,0.0207,unmatched,,,
Mis Excel,5,0.0207,unmatched,,,
Cutting Tools,5,0.0207,unmatched,,,
Apqp Process,5,0.0207,unmatched,,,
Customer handling,5,0.0207,unmatched,,,
Customer management,5,0.0207,unmatched,,,
Refunds,5,0.0207,unmatched,,,
AWS Lambda,5,0.0207,unmatched,,,
Patient Monitoring,5,0.0207,unmatched,,,
Supplier Audit,5,0.0207,unmatched,,,
Application design,5,0.0207,unmatched,,,
Tender,5,0.0207,unmatched,,,
Plsql Development,5,0.0207,unmatched,,,
Electrical Drawing,5,0.0207,unmatched,,,
Ab,5,0.0207,unmatched,,,
Usability Testing,5,0.0207,unmatched,,,
Platform Development,5,0.0207,unmatched,,,
Cvs,5,0.0207,unmatched,,,
D365,5,0.0207,unmatched,,,
Application Performance Management,5,0.0207,unmatched,,,
Industrial Equipment,5,0.0207,unmatched,,,
Individual Taxation,5,0.0207,unmatched,,,
Landscape Architecture,5,0.0207,unmatched,,,
Md Medicine,5,0.0207,unmatched,,,
Supplier Quality Assurance,5,0.0207,unmatched,,,
Comm,5,0.0207,unmatched,,,
Comm Skills,5,0.0207,unmatched,,,
SNMP,5,0.0207,unmatched,,,
MATLAB,5,0.0207,unmatched,,,
MBA,5,0.0207,unmatched,,,
Mainframe,5,0.0207,unmatched,,,
Big Data Administration,5,0.0207,unmatched,,,
Spm,5,0.0207,unmatched,,,
Supply Chain Finance,5,0.0207,unmatched,,,
Supply Chain Optimization,5,0.0207,unmatched,,,
Records Management,5,0.0207,unmatched,,,
Recovery Management,5,0.0207,unmatched,,,
Recruiter,5,0.0207,unmatched,,,
Telephone,5,0.0207,unmatched,,,
Application programming,5,0.0207,unmatched,,,
Recognition,5,0.0207,unmatched,,,
News Editing,5,0.0207,unmatched,,,
Newsletters,5,0.0207,unmatched,,,
Full Stack Developer,5,0.0207,unmatched,,,
Karl Fischer Titrator,5,0.0207,unmatched,,,
Admission counselling,5,0.0207,unmatched,,,
Web Application Firewall,5,0.0207,unmatched,,,
Web Content Management,5,0.0207,unmatched,,,
It Management,5,0.0207,unmatched,,,
Yield Management,5,0.0207,unmatched,,,
Leave,5,0.0207,unmatched,,,
Engineering Support,5,0.0207,unmatched,,,
English Grammar,5,0.0207,unmatched,,,
It Development,5,0.0207,unmatched,,,
Drone,5,0.0207,unmatched,,,
international BPO,4,0.0166,unmatched,,,
Admin Activities,4,0.0166,unmatched,,,
Galileo,4,0.0166,unmatched,,,
Ga Drawings,4,0.0166,unmatched,,,
Installation And Configuration,4,0.0166,unmatched,,,
10Th,4,0.0166,unmatched,,,
Onpage,4,0.0166,unmatched,,,
It Compliance,4,0.0166,unmatched,,,
Engineering projects,4,0.0166,unmatched,,,
Engineering Projects,4,0.0166,unmatched,,,
Leave Administration,4,0.0166,unmatched,,,
Automation Studio,4,0.0166,unmatched,,,
Sap Native Hana,4,0.0166,unmatched,,,
Security Protocols,4,0.0166,unmatched,,,
Campus Placement,4,0.0166,unmatched,,,
Contract Administration,4,0.0166,unmatched,,,
Vendor Relations,4,0.0166,unmatched,,,
Spi,4,0.0166,unmatched,,,
Bills Payable,4,0.0166,unmatched,,,
Biw Fixtures,4,0.0166,unmatched,,,
Organizational management,4,0.0166,unmatched,,,
Contract Law,4,0.0166,unmatched,,,
NI LabVIEW,4,0.0166,unmatched,,,
Trimming,4,0.0166,unmatched,,,
Trims,4,0.0166,unmatched,,,
Administrative Skills,4,0.0166,unmatched,,,
Game Development,4,0.0166,unmatched,,,
NTTF,4,0.0166,unmatched,,,
Landscape Design,4,0.0166,unmatched,,,
Handover,4,0.0166,unmatched,,,
B1,4,0.0166,unmatched,,,
SMPS,4,0.0166,unmatched,,,
SMT,4,0.0166,unmatched,,,
SOAP UI,4,0.0166,unmatched,,,
Industrial Design,4,0.0166,unmatched,,,
Fine Arts,4,0.0166,unmatched,,,
M&A,4,0.0166,unmatched,,,
CMM Programming,4,0.0166,unmatched,,,
Boiler Operations,4,0.0166,unmatched,,,
Scrum Agile Development Methodology,4,0.0166,unmatched,,,
Cardiovascular,4,0.0166,unmatched,,,
Scope Management,4,0.0166,unmatched,,,
Screaming Frog,4,0.0166,unmatched,,,
Cargo,4,0.0166,unmatched,,,
Hooks,4,0.0166,unmatched,,,
Application Architectures,4,0.0166,unmatched,,,
Plc Scada,4,0.0166,unmatched,,,
Mainframe Testing,4,0.0166,unmatched,,,
User Flows,4,0.0166,unmatched,,,
Cybersecurity,4,0.0166,unmatched,,,
Red,4,0.0166,unmatched,,,
Cyber Security Sales,4,0.0166,unmatched,,,
Cyber Threat,4,0.0166,unmatched,,,
Temperature,4,0.0166,unmatched,,,
Language Skills,4,0.0166,unmatched,,,
Registration,4,0.0166,unmatched,,,
Cutting,4,0.0166,unmatched,,,
Jest,4,0.0166,unmatched,,,
Jewel Loan,4,0.0166,unmatched,,,
Land Acquisition,4,0.0166,unmatched,,,
Mivan Shuttering,4,0.0166,unmatched,,,
Telecom Process,4,0.0166,unmatched,,,
Technology marketing,4,0.0166,unmatched,,,
Customs Documentation,4,0.0166,unmatched,,,
Intellimatch,4,0.0166,unmatched,,,
AWS Lambda fn,4,0.0166,unmatched,,,
Plc Maintenance,4,0.0166,unmatched,,,
Electrical Procurement,4,0.0166,unmatched,,,
Plasma,4,0.0166,unmatched,,,
Plastic Design,4,0.0166,unmatched,,,
Customer Service Executive,4,0.0166,unmatched,,,
Govt Liaisoning,4,0.0166,unmatched,,,
Ready Mix Concrete,4,0.0166,unmatched,,,
Equity Derivatives,4,0.0166,unmatched,,,
Equity Trading,4,0.0166,unmatched,,,
Honeywell,4,0.0166,unmatched,,,
React Js,4,0.0166,unmatched,,,
DGM,4,0.0166,unmatched,,,
Horticulture,4,0.0166,unmatched,,,
Odoo Development,4,0.0166,unmatched,,,
Ormb,4,0.0166,unmatched,,,
Ortho,4,0.0166,unmatched,,,
Color Theory,4,0.0166,unmatched,,,
DHCP,4,0.0166,unmatched,,,
Grading,4,0.0166,unmatched,,,
Oracle Dba,4,0.0166,unmatched,,,
Fed,4,0.0166,unmatched,,,
Feed,4,0.0166,unmatched,,,
Application Engine,4,0.0166,unmatched,,,
Real Estate Developer,4,0.0166,unmatched,,,
Real Estate Management,4,0.0166,unmatched,,,
DBA,4,0.0166,unmatched,,,
MoU,4,0.0166,unmatched,,,
Application Packaging,4,0.0166,unmatched,,,
Urology,4,0.0166,unmatched,,,
Us Banking,4,0.0166,unmatched,,,
Electrical CAD,4,0.0166,unmatched,,,
Customer Support Operations,4,0.0166,unmatched,,,
Tele Collection,4,0.0166,unmatched,,,
Telecom OSS,4,0.0166,unmatched,,,
FSD Preparation,4,0.0166,unmatched,,,
Azure Kubernetes,4,0.0166,unmatched,,,
Azure Kubernetes Service,4,0.0166,unmatched,,,
Equipment Design,4,0.0166,unmatched,,,
Equipment Sizing,4,0.0166,unmatched,,,
Payment Coordination,4,0.0166,unmatched,,,
Poka Yoke,4,0.0166,unmatched,,,
DFM,4,0.0166,unmatched,,,
Ngrx,4,0.0166,unmatched,,,
Fsms,4,0.0166,unmatched,,,
Share Trading,4,0.0166,unmatched,,,
Shared Services,4,0.0166,unmatched,,,
Sharepoint Development,4,0.0166,unmatched,,,
Vista,4,0.0166,unmatched,,,
OData Services,4,0.0166,unmatched,,,
Food Manufacturing,4,0.0166,unmatched,,,
Food Microbiology,4,0.0166,unmatched,,,
Maya,4,0.0166,unmatched,,,
Hardware Engineering,4,0.0166,unmatched,,,
Investment Strategies,4,0.0166,unmatched,,,
Rdbms Concepts,4,0.0166,unmatched,,,
Mm,4,0.0166,unmatched,,,
Mm Module,4,0.0166,unmatched,,,
Mm module,4,0.0166,unmatched,,,
Middle East,4,0.0166,unmatched,,,
Graphic Design,4,0.0166,unmatched,,,
Equipment Calibration,4,0.0166,unmatched,,,
Hospitality Management,4,0.0166,unmatched,,,
Appraisal,4,0.0166,unmatched,,,
Hydraulic Calculations,4,0.0166,unmatched,,,
Hydraulic Component,4,0.0166,unmatched,,,
Hydraulic Design,4,0.0166,unmatched,,,
Maintaining Records,4,0.0166,unmatched,,,
Huggingface,4,0.0166,unmatched,,,
A,4,0.0166,unmatched,,,
ADO,4,0.0166,unmatched,,,
Word Processing,4,0.0166,unmatched,,,
Customer focus,4,0.0166,unmatched,,,
Regulatory reporting,4,0.0166,unmatched,,,
Rejection,4,0.0166,unmatched,,,
Policy Issuance,4,0.0166,unmatched,,,
Policy Making,4,0.0166,unmatched,,,
Subcontractors,4,0.0166,unmatched,,,
SUMIF,4,0.0166,unmatched,,,
SSL,4,0.0166,unmatched,,,
Hawkeye,4,0.0166,unmatched,,,
Patch Management,4,0.0166,unmatched,,,
Patch management,4,0.0166,unmatched,,,
Electrical,4,0.0166,unmatched,,,
Abap Development,4,0.0166,unmatched,,,
Ratio analysis,4,0.0166,unmatched,,,
Government Liaison,4,0.0166,unmatched,,,
Rack,4,0.0166,unmatched,,,
Application Penetration Tester,4,0.0166,unmatched,,,
CHAT Process,4,0.0166,unmatched,,,
Microstrategy,4,0.0166,unmatched,,,
Daily Reports,4,0.0166,unmatched,,,
Data Center Management,4,0.0166,unmatched,,,
RPO,4,0.0166,unmatched,,,
Dart,4,0.0166,unmatched,,,
Radio Diagnosis,4,0.0166,unmatched,,,
Radiography Testing,4,0.0166,unmatched,,,
Territory Management,4,0.0166,unmatched,,,
Tekla Structures,4,0.0166,unmatched,,,
Technician,4,0.0166,unmatched,,,
Customer Success,4,0.0166,unmatched,,,
Plant engineering,4,0.0166,unmatched,,,
Planning Skills,4,0.0166,unmatched,,,
Niche Hiring,4,0.0166,unmatched,,,
Fanuc Control,4,0.0166,unmatched,,,
Territory sales,4,0.0166,unmatched,,,
Policy Formulation,4,0.0166,unmatched,,,
SEMrush,4,0.0166,unmatched,,,
Epoxy,4,0.0166,unmatched,,,
ODA,4,0.0166,unmatched,,,
New business,4,0.0166,unmatched,,,
Partner management,4,0.0166,unmatched,,,
Science Teaching,4,0.0166,unmatched,,,
Case Studies,4,0.0166,unmatched,,,
Cash Collection,4,0.0166,unmatched,,,
Schematic Design,4,0.0166,unmatched,,,
Manufacturing Drawings,4,0.0166,unmatched,,,
Gosu,4,0.0166,unmatched,,,
Mobilisation,4,0.0166,unmatched,,,
Google Apps Script,4,0.0166,unmatched,,,
RO,4,0.0166,unmatched,,,
ROC Compliance,4,0.0166,unmatched,,,
Apigee,4,0.0166,unmatched,,,
RMG,4,0.0166,unmatched,,,
Polyworks,4,0.0166,unmatched,,,
New Projects,4,0.0166,unmatched,,,
New Relic,4,0.0166,unmatched,,,
Financial Transactions,4,0.0166,unmatched,,,
Solidworks,4,0.0166,unmatched,,,
Solaris,4,0.0166,unmatched,,,
Oracle Erp,4,0.0166,unmatched,,,
ABAP HR,4,0.0166,unmatched,,,
Customer Insight,4,0.0166,unmatched,,,
Azure Data Warehouse,4,0.0166,unmatched,,,
Azure DevOps,4,0.0166,unmatched,,,
Azure Security,4,0.0166,unmatched,,,
Supply chain planning,4,0.0166,unmatched,,,
Azure Infrastructure,4,0.0166,unmatched,,,
SEZ,4,0.0166,unmatched,,,
RFQS,4,0.0166,unmatched,,,
Test Data Management,4,0.0166,unmatched,,,
Apc,4,0.0166,unmatched,,,
Technology Architecture,4,0.0166,unmatched,,,
Technology Solutions,4,0.0166,unmatched,,,
Green belt,4,0.0166,unmatched,,,
Techno Commercial Sales,4,0.0166,unmatched,,,
Area Manager,4,0.0166,unmatched,,,
Technical Seo,4,0.0166,unmatched,,,
Technical Training,4,0.0166,unmatched,,,
COPA modules,4,0.0166,unmatched,,,
CPC,4,0.0166,unmatched,,,
Human Resources,4,0.0166,unmatched,,,
Maintenance engineering,4,0.0166,unmatched,,,
Data Architect,4,0.0166,unmatched,,,
Data Build Tool,4,0.0166,unmatched,,,
Azure App Service,4,0.0166,unmatched,,,
Customer Communication,4,0.0166,unmatched,,,
Jlpt N2,4,0.0166,unmatched,,,
Jni,4,0.0166,unmatched,,,
Access Control,4,0.0166,unmatched,,,
Code review,4,0.0166,unmatched,,,
Maximo Integration,4,0.0166,unmatched,,,
Coating,4,0.0166,unmatched,,,
Sac,4,0.0166,unmatched,,,
Sac Planning,4,0.0166,unmatched,,,
Ic,4,0.0166,unmatched,,,
Unix shell scripting,4,0.0166,unmatched,,,
Ehs,4,0.0166,unmatched,,,
Data Domain,4,0.0166,unmatched,,,
Mock Drill,4,0.0166,unmatched,,,
Model Risk,4,0.0166,unmatched,,,
Voice Processing,4,0.0166,unmatched,,,
Visual Inspection,4,0.0166,unmatched,,,
Escalation management,4,0.0166,unmatched,,,
Salary Administration,4,0.0166,unmatched,,,
CCM,4,0.0166,unmatched,,,
Data Lineage,4,0.0166,unmatched,,,
Data Loss Prevention,4,0.0166,unmatched,,,
ServiceNow ITSM,4,0.0166,unmatched,,,
Servicenow Developer,4,0.0166,unmatched,,,
CNC Milling,4,0.0166,unmatched,,,
COPA,4,0.0166,unmatched,,,
Azure App Services,4,0.0166,unmatched,,,
Azure OpenAI,4,0.0166,unmatched,,,
Support Process,4,0.0166,unmatched,,,
Azure Ai,4,0.0166,unmatched,,,
Surgical,4,0.0166,unmatched,,,
Test Case Creation,4,0.0166,unmatched,,,
Hypothesis Testing,4,0.0166,unmatched,,,
Hygiene,4,0.0166,unmatched,,,
Solid edge,4,0.0166,unmatched,,,
Customer Data Management,4,0.0166,unmatched,,,
Reltio,4,0.0166,unmatched,,,
User Access Management,4,0.0166,unmatched,,,
User Experience Design,4,0.0166,unmatched,,,
Email Handling,4,0.0166,unmatched,,,
Planning Analytics,4,0.0166,unmatched,,,
Electronics Sales,4,0.0166,unmatched,,,
Current,4,0.0166,unmatched,,,
Curriculum development,4,0.0166,unmatched,,,
Replication,4,0.0166,unmatched,,,
Bps,4,0.0166,unmatched,,,
Branch Administration,4,0.0166,unmatched,,,
Jax,4,0.0166,unmatched,,,
Data Reconciliation,4,0.0166,unmatched,,,
Data Reporting,4,0.0166,unmatched,,,
Data Research,4,0.0166,unmatched,,,
Labor Compliance,4,0.0166,unmatched,,,
Labour Control,4,0.0166,unmatched,,,
Industrial relations,4,0.0166,unmatched,,,
Data Pipeline Architecture,4,0.0166,unmatched,,,
Test scenarios,4,0.0166,unmatched,,,
Anm,4,0.0166,unmatched,,,
Unity3D,4,0.0166,unmatched,,,
Portfolio analysis,4,0.0166,unmatched,,,
Module Development,4,0.0166,unmatched,,,
Infection Control,4,0.0166,unmatched,,,
Labels,4,0.0166,unmatched,,,
Apache Camel,4,0.0166,unmatched,,,
Structured Cabling,4,0.0166,unmatched,,,
Headmistress Activities,4,0.0166,unmatched,,,
Math Teacher,4,0.0166,unmatched,,,
Hcc Coding,4,0.0166,unmatched,,,
Sales Assistant,4,0.0166,unmatched,,,
Report generation,4,0.0166,unmatched,,,
Report writing,4,0.0166,unmatched,,,
Company secretarial,4,0.0166,unmatched,,,
Pcdmis,4,0.0166,unmatched,,,
Environment Management,4,0.0166,unmatched,,,
Payment Posting,4,0.0166,unmatched,,,
Payment Reconciliation,4,0.0166,unmatched,,,
Payment Recovery,4,0.0166,unmatched,,,
Payment Voucher,4,0.0166,unmatched,,,
Epc Project,4,0.0166,unmatched,,,
Javascript Developer,4,0.0166,unmatched,,,
Upsell & Cross sell life insurance to Bank Wealth Customers,4,0.0166,unmatched,,,
Academic Operations,4,0.0166,unmatched,,,
CCTV System,4,0.0166,unmatched,,,
Shipping Operations,4,0.0166,unmatched,,,
Electroplating,4,0.0166,unmatched,,,
Reports And Dashboards,4,0.0166,unmatched,,,
Letter Of Credit,4,0.0166,unmatched,,,
Liaising,4,0.0166,unmatched,,,
FP&A,4,0.0166,unmatched,,,
SecOps,4,0.0166,unmatched,,,
Car Inspection,4,0.0166,unmatched,,,
Shop Floor Control,4,0.0166,unmatched,,,
Oracle Cloud ERP,4,0.0166,unmatched,,,
Optical Sales,4,0.0166,unmatched,,,
Annual Return,4,0.0166,unmatched,,,
BE,4,0.0166,unmatched,,,
Postgresql Administration,4,0.0166,unmatched,,,
Data research,4,0.0166,unmatched,,,
Sale Deed,4,0.0166,unmatched,,,
Sales & Marketing,4,0.0166,unmatched,,,
Sccm Administration,4,0.0166,unmatched,,,
FA,4,0.0166,unmatched,,,
Outbound Logistics,4,0.0166,unmatched,,,
Outbound Marketing,4,0.0166,unmatched,,,
Outbound interfaces,4,0.0166,unmatched,,,
Android smartphone & laptop mandatory,4,0.0166,unmatched,,,
Data Testing,4,0.0166,unmatched,,,
Mongo DB,4,0.0166,unmatched,,,
Good communication & documentation skills,4,0.0166,unmatched,,,
Angular Development,4,0.0166,unmatched,,,
New Business Acquisition,4,0.0166,unmatched,,,
Functional consultancy,4,0.0166,unmatched,,,
Financial Research,4,0.0166,unmatched,,,
Partner Management,4,0.0166,unmatched,,,
Sales Engineer,4,0.0166,unmatched,,,
Jpa,4,0.0166,unmatched,,,
Oracle HCM,4,0.0166,unmatched,,,
Oracle Integration Cloud,4,0.0166,unmatched,,,
Oracle Inventory,4,0.0166,unmatched,,,
Lubricants,4,0.0166,unmatched,,,
Grinding Machine,4,0.0166,unmatched,,,
Grn,4,0.0166,unmatched,,,
Cucumber Framework,4,0.0166,unmatched,,,
As2,4,0.0166,unmatched,,,
Technical Customer Support,4,0.0166,unmatched,,,
Ctd,4,0.0166,unmatched,,,
Request For Proposal,4,0.0166,unmatched,,,
Crowdstrike,4,0.0166,unmatched,,,
Eloqua,4,0.0166,unmatched,,,
Elv,4,0.0166,unmatched,,,
Payroll Preparation,4,0.0166,unmatched,,,
Virtual Banking,4,0.0166,unmatched,,,
Visa Filing,4,0.0166,unmatched,,,
Competitive intelligence,4,0.0166,unmatched,,,
Competitor analysis,4,0.0166,unmatched,,,
SAW,4,0.0166,unmatched,,,
SC,4,0.0166,unmatched,,,
SAP Yard logistics,4,0.0166,unmatched,,,
SAS Enterprise Guide,4,0.0166,unmatched,,,
Email Communication,4,0.0166,unmatched,,,
CDK,4,0.0166,unmatched,,,
5 Why,4,0.0166,unmatched,,,
Workflow analysis,4,0.0166,unmatched,,,
Financial markets,4,0.0166,unmatched,,,
Resort,4,0.0166,unmatched,,,
Critical Care Medicine,4,0.0166,unmatched,,,
Crm Analytics,4,0.0166,unmatched,,,
Crm Development,4,0.0166,unmatched,,,
Research Analyst,4,0.0166,unmatched,,,
Technical Presales,4,0.0166,unmatched,,,
Technical Reports,4,0.0166,unmatched,,,
Board Support Package,4,0.0166,unmatched,,,
Service Engineer,4,0.0166,unmatched,,,
Database Creation,4,0.0166,unmatched,,,
Dataguard,4,0.0166,unmatched,,,
Android Architecture,4,0.0166,unmatched,,,
Database Migration,4,0.0166,unmatched,,,
Informatica Data Quality,4,0.0166,unmatched,,,
LT Panels,4,0.0166,unmatched,,,
Pivot,4,0.0166,unmatched,,,
Paint Sales,4,0.0166,unmatched,,,
CAD Drawing,4,0.0166,unmatched,,,
Unica Campaign,4,0.0166,unmatched,,,
Unit Testing Framework,4,0.0166,unmatched,,,
Third Party Risk Management,4,0.0166,unmatched,,,
Third party,4,0.0166,unmatched,,,
Access control,4,0.0166,unmatched,,,
Networking Skills,4,0.0166,unmatched,,,
Fundamentals,4,0.0166,unmatched,,,
Quick Commerce,4,0.0166,unmatched,,,
Query Handling,4,0.0166,unmatched,,,
Stress Testing,4,0.0166,unmatched,,,
PACS,4,0.0166,unmatched,,,
IT Marketing,4,0.0166,unmatched,,,
IT Asset Management,4,0.0166,unmatched,,,
Scala Programming,4,0.0166,unmatched,,,
JIT,4,0.0166,unmatched,,,
International business,4,0.0166,unmatched,,,
International sales,4,0.0166,unmatched,,,
Vmware Esx Server,4,0.0166,unmatched,,,
Pardot,4,0.0166,unmatched,,,
Paint Process,4,0.0166,unmatched,,,
Html And Css,4,0.0166,unmatched,,,
Service industry,4,0.0166,unmatched,,,
Service marketing,4,0.0166,unmatched,,,
Microsoft Dynamics AX,4,0.0166,unmatched,,,
SAP S/4HANA security,4,0.0166,unmatched,,,
Legal Services,4,0.0166,unmatched,,,
Legal research,4,0.0166,unmatched,,,
SAP Testing,4,0.0166,unmatched,,,
Compliance Reporting,4,0.0166,unmatched,,,
Microsoft Fed Reactjs,4,0.0166,unmatched,,,
Network Troubleshooting,4,0.0166,unmatched,,,
Network troubleshooting,4,0.0166,unmatched,,,
EWM,4,0.0166,unmatched,,,
Datastage Etl,4,0.0166,unmatched,,,
Day Shift,4,0.0166,unmatched,,,
Information Management,4,0.0166,unmatched,,,
EXIM,4,0.0166,unmatched,,,
ETP Operation,4,0.0166,unmatched,,,
Posting,4,0.0166,unmatched,,,
CARO,4,0.0166,unmatched,,,
Signalling,4,0.0166,unmatched,,,
Branch Head,4,0.0166,unmatched,,,
IOS Development,4,0.0166,unmatched,,,
Cash Posting,4,0.0166,unmatched,,,
Cash handling,4,0.0166,unmatched,,,
Material planning,4,0.0166,unmatched,,,
Quality Orientation,4,0.0166,unmatched,,,
Dch,4,0.0166,unmatched,,,
Dcs,4,0.0166,unmatched,,,
Ub04,4,0.0166,unmatched,,,
Cross-Selling,4,0.0166,unmatched,,,
Ux Research,4,0.0166,unmatched,,,
Embedded Development,4,0.0166,unmatched,,,
Non Destructive Testing,4,0.0166,unmatched,,,
Non Ferrous,4,0.0166,unmatched,,,
Non IT recruitment,4,0.0166,unmatched,,,
Resource utilization,4,0.0166,unmatched,,,
Technical Drawing,4,0.0166,unmatched,,,
Technical Consultant,4,0.0166,unmatched,,,
Indian Cuisine,4,0.0166,unmatched,,,
Ohsas 18001,4,0.0166,unmatched,,,
Uft,4,0.0166,unmatched,,,
Analytical Instruments,4,0.0166,unmatched,,,
Analytics Cloud,4,0.0166,unmatched,,,
Moodle,4,0.0166,unmatched,,,
Cloud Development,4,0.0166,unmatched,,,
Sales Execution,4,0.0166,unmatched,,,
Sales Force Automation,4,0.0166,unmatched,,,
BIS,4,0.0166,unmatched,,,
BOPF,4,0.0166,unmatched,,,
Sales Mis,4,0.0166,unmatched,,,
Sales Initiatives,4,0.0166,unmatched,,,
Macintosh,4,0.0166,unmatched,,,
CAPA,4,0.0166,unmatched,,,
MEP Design,4,0.0166,unmatched,,,
ILT,4,0.0166,unmatched,,,
IMPLEMENTATION,4,0.0166,unmatched,,,
Dealership Management,4,0.0166,unmatched,,,
G Suite,4,0.0166,unmatched,,,
Global marketing,4,0.0166,unmatched,,,
Debt Restructuring,4,0.0166,unmatched,,,
Quality Engineer,4,0.0166,unmatched,,,
ETABS,4,0.0166,unmatched,,,
Sound Editing,4,0.0166,unmatched,,,
Sonar,4,0.0166,unmatched,,,
Laser Welding,4,0.0166,unmatched,,,
Credit Risk Modelling,4,0.0166,unmatched,,,
Credit appraisal,4,0.0166,unmatched,,,
Cardiac,4,0.0166,unmatched,,,
Search engine,4,0.0166,unmatched,,,
ISO8583,4,0.0166,unmatched,,,
ISP,4,0.0166,unmatched,,,
Ppap,4,0.0166,unmatched,,,
Uikit,4,0.0166,unmatched,,,
Qms,4,0.0166,unmatched,,,
Debt Syndication,4,0.0166,unmatched,,,
ESI Act,4,0.0166,unmatched,,,
GD & T,4,0.0166,unmatched,,,
Palo Alto Networks,4,0.0166,unmatched,,,
Pam,4,0.0166,unmatched,,,
OLAP,4,0.0166,unmatched,,,
OM,4,0.0166,unmatched,,,
OMS modules,4,0.0166,unmatched,,,
OOP,4,0.0166,unmatched,,,
Event operations,4,0.0166,unmatched,,,
Strategic Financial Planning,4,0.0166,unmatched,,,
Linear Algebra,4,0.0166,unmatched,,,
Sales Order Processing,4,0.0166,unmatched,,,
GD&T,4,0.0166,unmatched,,,
Network Monitoring,4,0.0166,unmatched,,,
Environment management,4,0.0166,unmatched,,,
Pdc,4,0.0166,unmatched,,,
SAP Successfactors,4,0.0166,unmatched,,,
Meddra,4,0.0166,unmatched,,,
Team Supervision,4,0.0166,unmatched,,,
Credit assessment,4,0.0166,unmatched,,,
Credit Evaluation,4,0.0166,unmatched,,,
Credit Risk Analysis,4,0.0166,unmatched,,,
Rest Api Testing,4,0.0166,unmatched,,,
Asp.net,4,0.0166,unmatched,,,
Embedded Software Development,4,0.0166,unmatched,,,
ASTM,4,0.0166,unmatched,,,
CSS3,4,0.0166,unmatched,,,
Server Administration,4,0.0166,unmatched,,,
CTI,4,0.0166,unmatched,,,
Itinerary,4,0.0166,unmatched,,,
Computer Vision,4,0.0166,unmatched,,,
Brand Communication,4,0.0166,unmatched,,,
Brand Development,4,0.0166,unmatched,,,
Site Measurement,4,0.0166,unmatched,,,
Site Safety,4,0.0166,unmatched,,,
Site Survey,4,0.0166,unmatched,,,
Sprint Planning,4,0.0166,unmatched,,,
Webpack,4,0.0166,unmatched,,,
Website Optimization,4,0.0166,unmatched,,,
P6,4,0.0166,unmatched,,,
Tied Agency,4,0.0166,unmatched,,,
Dell Boomi,4,0.0166,unmatched,,,
Qr Code,4,0.0166,unmatched,,,
Gnm,4,0.0166,unmatched,,,
Aml Kyc,4,0.0166,unmatched,,,
O,4,0.0166,unmatched,,,
Delcam,4,0.0166,unmatched,,,
BIM,4,0.0166,unmatched,,,
Stp,4,0.0166,unmatched,,,
Strategic Sales,4,0.0166,unmatched,,,
BMS,4,0.0166,unmatched,,,
Stores Maintenance,4,0.0166,unmatched,,,
Team Training,4,0.0166,unmatched,,,
Team development,4,0.0166,unmatched,,,
Asset Allocation,4,0.0166,unmatched,,,
Credit Analyst,4,0.0166,unmatched,,,
SAP Presales,4,0.0166,unmatched,,,
Concurrent audit,4,0.0166,unmatched,,,
International Hiring,4,0.0166,unmatched,,,
International Logistics,4,0.0166,unmatched,,,
International Market,4,0.0166,unmatched,,,
People management,4,0.0166,unmatched,,,
Ayurveda Doctor,4,0.0166,unmatched,,,
Inward Quality,4,0.0166,unmatched,,,
Time Office,4,0.0166,unmatched,,,
Glazing,4,0.0166,unmatched,,,
Qaqc,4,0.0166,unmatched,,,
Qc,4,0.0166,unmatched,,,
Compute,4,0.0166,unmatched,,,
ASIC,4,0.0166,unmatched,,,
VB,4,0.0166,unmatched,,,
Embroidery,4,0.0166,unmatched,,,
Emc Vnx,4,0.0166,unmatched,,,
Gts,4,0.0166,unmatched,,,
Creative Strategy,4,0.0166,unmatched,,,
Creative direction,4,0.0166,unmatched,,,
Asset Accounting,4,0.0166,unmatched,,,
Defined Contribution,4,0.0166,unmatched,,,
BPO Processes,4,0.0166,unmatched,,,
IT service desk,4,0.0166,unmatched,,,
IT solution,4,0.0166,unmatched,,,
Sales Strategy Development,4,0.0166,unmatched,,,
Pre Shipment,4,0.0166,unmatched,,,
Team Development,4,0.0166,unmatched,,,
Inbound interfaces,4,0.0166,unmatched,,,
Craft,4,0.0166,unmatched,,,
Microsoft - Robotic Process Automation,4,0.0166,unmatched,,,
Microsoft Active Directory,4,0.0166,unmatched,,,
HRO,4,0.0166,unmatched,,,
SAP IBP Inventory Optimization,4,0.0166,unmatched,,,
SAP IBP Supply Planning,4,0.0166,unmatched,,,
SAP IS-Retail,4,0.0166,unmatched,,,
SAP Integrated Business Planning,4,0.0166,unmatched,,,
SAP Is,4,0.0166,unmatched,,,
Derivative Market,4,0.0166,unmatched,,,
Predictive modeling,4,0.0166,unmatched,,,
Toolchain,4,0.0166,unmatched,,,
Delta,4,0.0166,unmatched,,,
Depreciation,4,0.0166,unmatched,,,
Demand forecasting,4,0.0166,unmatched,,,
Demand planning,4,0.0166,unmatched,,,
Demo,4,0.0166,unmatched,,,
Demonstration,4,0.0166,unmatched,,,
Network Implementation,4,0.0166,unmatched,,,
Ev Vehicle,4,0.0166,unmatched,,,
Event Coordination,4,0.0166,unmatched,,,
Event Marketing,4,0.0166,unmatched,,,
Pain Management,4,0.0166,unmatched,,,
Packing Material,4,0.0166,unmatched,,,
Client meeting,4,0.0166,unmatched,,,
Software services,4,0.0166,unmatched,,,
Brand Awareness,4,0.0166,unmatched,,,
BRD,4,0.0166,unmatched,,,
Client Service Management,4,0.0166,unmatched,,,
WiFi,4,0.0166,unmatched,,,
Hni,4,0.0166,unmatched,,,
Ccnp,4,0.0166,unmatched,,,
Sxa,4,0.0166,unmatched,,,
SAP PS HANA,4,0.0166,unmatched,,,
Oracle Payroll,4,0.0166,unmatched,,,
Oracle Pl,4,0.0166,unmatched,,,
Work permit,4,0.0166,unmatched,,,
Hr Functions,4,0.0166,unmatched,,,
Retail banking,4,0.0166,unmatched,,,
Lathe Machine,4,0.0166,unmatched,,,
Non voice,4,0.0166,unmatched,,,
Design Coordination,4,0.0166,unmatched,,,
Python Automation,4,0.0166,unmatched,,,
Site Visits,4,0.0166,unmatched,,,
Machine Shop Maintenance,4,0.0166,unmatched,,,
I2C,4,0.0166,unmatched,,,
Employee Welfare,4,0.0166,unmatched,,,
ARM,4,0.0166,unmatched,,,
Java Frameworks,4,0.0166,unmatched,,,
Tcp Ip Networking,4,0.0166,unmatched,,,
Manhattan Supply Chain Management,4,0.0166,unmatched,,,
Idocs,4,0.0166,unmatched,,,
Iec,4,0.0166,unmatched,,,
Forging Dies,4,0.0166,unmatched,,,
Enterprise Business,4,0.0166,unmatched,,,
People Development,4,0.0166,unmatched,,,
SAP PEO,4,0.0166,unmatched,,,
Php Laravel,4,0.0166,unmatched,,,
Altium,4,0.0166,unmatched,,,
Aluminium Extrusion,4,0.0166,unmatched,,,
L1 L2,4,0.0166,unmatched,,,
Infra Projects,4,0.0166,unmatched,,,
Pvwa,4,0.0166,unmatched,,,
Client handling,4,0.0166,unmatched,,,
ORC,4,0.0166,unmatched,,,
Sales administration,4,0.0166,unmatched,,,
Design And Implementation,4,0.0166,unmatched,,,
UVM,4,0.0166,unmatched,,,
Press Tool Design,4,0.0166,unmatched,,,
Presales Support,4,0.0166,unmatched,,,
Dermatology,4,0.0166,unmatched,,,
Gl Accounting,4,0.0166,unmatched,,,
Infrastructure Design,4,0.0166,unmatched,,,
Marketing communication,4,0.0166,unmatched,,,
Fly Ash,4,0.0166,unmatched,,,
PTP,4,0.0166,unmatched,,,
USB,4,0.0166,unmatched,,,
Purchase management,4,0.0166,unmatched,,,
Design Documents,4,0.0166,unmatched,,,
Tcp Ip Protocol,4,0.0166,unmatched,,,
Tcs,4,0.0166,unmatched,,,
Revenue Expansion,4,0.0166,unmatched,,,
Gym,4,0.0166,unmatched,,,
Gui,4,0.0166,unmatched,,,
Gui Testing,4,0.0166,unmatched,,,
Associate Director,4,0.0166,unmatched,,,
Interior Sales,4,0.0166,unmatched,,,
Interior Works,4,0.0166,unmatched,,,
Interior designing,4,0.0166,unmatched,,,
Business development Executive,4,0.0166,unmatched,,,
Physical Security,4,0.0166,unmatched,,,
SAP MDM,4,0.0166,unmatched,,,
Concreting,4,0.0166,unmatched,,,
ISTQB,4,0.0166,unmatched,,,
Biometrics,4,0.0166,unmatched,,,
Secretarial Compliance,4,0.0166,unmatched,,,
Secretarial Skills,4,0.0166,unmatched,,,
Securities Law,4,0.0166,unmatched,,,
Capital Equipment Sales,4,0.0166,unmatched,,,
Phlebotomy,4,0.0166,unmatched,,,
Phone banking,4,0.0166,unmatched,,,
Business expansion,4,0.0166,unmatched,,,
Business modeling,4,0.0166,unmatched,,,
Wsus,4,0.0166,unmatched,,,
Bac,4,0.0166,unmatched,,,
Brms,4,0.0166,unmatched,,,
Airport Operation,4,0.0166,unmatched,,,
Cdisc,4,0.0166,unmatched,,,
Cdm,4,0.0166,unmatched,,,
Cdp,4,0.0166,unmatched,,,
Centos,4,0.0166,unmatched,,,
Firstsource,4,0.0166,unmatched,,,
Fitting,4,0.0166,unmatched,,,
Pricing Analysis,4,0.0166,unmatched,,,
Pressure vessels,4,0.0166,unmatched,,,
US process,4,0.0166,unmatched,,,
Alm,4,0.0166,unmatched,,,
Ms Outlook,4,0.0166,unmatched,,,
Genomics,4,0.0166,unmatched,,,
Gensets,4,0.0166,unmatched,,,
Press Machines,4,0.0166,unmatched,,,
Photo Editing,4,0.0166,unmatched,,,
ISIS,4,0.0166,unmatched,,,
Sonography,4,0.0166,unmatched,,,
Cabin Crew Activities,4,0.0166,unmatched,,,
Semrush,4,0.0166,unmatched,,,
Senior Business Analyst,4,0.0166,unmatched,,,
Senior Sales Executive,4,0.0166,unmatched,,,
Failure analysis,4,0.0166,unmatched,,,
Lead,4,0.0166,unmatched,,,
Lead Auditor,4,0.0166,unmatched,,,
Inbound Logistics,4,0.0166,unmatched,,,
Attrition Control,4,0.0166,unmatched,,,
Micro Frontend,4,0.0166,unmatched,,,
Micrometer,4,0.0166,unmatched,,,
Browsing,4,0.0166,unmatched,,,
Bridges,4,0.0166,unmatched,,,
Skill development,4,0.0166,unmatched,,,
Business Process Improvement,4,0.0166,unmatched,,,
Protection system,4,0.0166,unmatched,,,
Developing Branch Banking Channel,4,0.0166,unmatched,,,
Active Directory Management,4,0.0166,unmatched,,,
Tpo,4,0.0166,unmatched,,,
Tprm,4,0.0166,unmatched,,,
Msql,4,0.0166,unmatched,,,
Msw,4,0.0166,unmatched,,,
Mule Esb,4,0.0166,unmatched,,,
Stock Taking,4,0.0166,unmatched,,,
Stock market,4,0.0166,unmatched,,,
Sam,4,0.0166,unmatched,,,
Heat treatment,4,0.0166,unmatched,,,
Machine Installation,4,0.0166,unmatched,,,
Brand awareness,4,0.0166,unmatched,,,
Internet Marketing,4,0.0166,unmatched,,,
MVC Framework,4,0.0166,unmatched,,,
Machine Assembly,4,0.0166,unmatched,,,
Microservice Based Architecture,4,0.0166,unmatched,,,
Ricef,4,0.0166,unmatched,,,
Rexx,4,0.0166,unmatched,,,
SAP Fiori,4,0.0166,unmatched,,,
SAP Functional,4,0.0166,unmatched,,,
SAP EM,4,0.0166,unmatched,,,
Sybase,4,0.0166,unmatched,,,
Synapse Analytics,4,0.0166,unmatched,,,
SAP HCM,4,0.0166,unmatched,,,
SAP IBP Consultant,4,0.0166,unmatched,,,
SAP IBP Demand Planning,4,0.0166,unmatched,,,
Confectionery,4,0.0166,unmatched,,,
SAP IBP Implementation,4,0.0166,unmatched,,,
Algebra,4,0.0166,unmatched,,,
Salesforce Service Cloud,4,0.0166,unmatched,,,
Literature,4,0.0166,unmatched,,,
Litigation Management,4,0.0166,unmatched,,,
Cement,4,0.0166,unmatched,,,
Cha,4,0.0166,unmatched,,,
Sap Successfactors Integrations,4,0.0166,unmatched,,,
Proposal engineering,4,0.0166,unmatched,,,
Proof Of Concept,4,0.0166,unmatched,,,
General accounting,4,0.0166,unmatched,,,
Trade Life Cycle,4,0.0166,unmatched,,,
Trade Operations,4,0.0166,unmatched,,,
Back Office Management,4,0.0166,unmatched,,,
ITES,4,0.0166,unmatched,,,
PPIC,4,0.0166,unmatched,,,
PPT,4,0.0166,unmatched,,,
Dfmea,4,0.0166,unmatched,,,
Print Design,4,0.0166,unmatched,,,
Primary research,4,0.0166,unmatched,,,
Insurance Marketing,4,0.0166,unmatched,,,
Al,4,0.0166,unmatched,,,
SAP Knowledge,4,0.0166,unmatched,,,
Tax Litigation,4,0.0166,unmatched,,,
Task Management,4,0.0166,unmatched,,,
Tax Advisory,4,0.0166,unmatched,,,
Risk Analytics,4,0.0166,unmatched,,,
Cost Engineering,4,0.0166,unmatched,,,
VPN Configuration,4,0.0166,unmatched,,,
Vacuum,4,0.0166,unmatched,,,
Validation,4,0.0166,unmatched,,,
Employee Retention,4,0.0166,unmatched,,,
Employee Screening,4,0.0166,unmatched,,,
Kuka,4,0.0166,unmatched,,,
Infrastructure Management Services,4,0.0166,unmatched,,,
Bengali,4,0.0166,unmatched,,,
Bank Guarantee,4,0.0166,unmatched,,,
Bank Payments,4,0.0166,unmatched,,,
Civil design,4,0.0166,unmatched,,,
Claim Payment,4,0.0166,unmatched,,,
Sanction,4,0.0166,unmatched,,,
Internet Sales,4,0.0166,unmatched,,,
Excellent communication,4,0.0166,unmatched,,,
Generalist,4,0.0166,unmatched,,,
Multilingual,4,0.0166,unmatched,,,
Property Laws,4,0.0166,unmatched,,,
ILE,4,0.0166,unmatched,,,
Budget Analysis,4,0.0166,unmatched,,,
Software Management,4,0.0166,unmatched,,,
Business Opportunity,4,0.0166,unmatched,,,
Invoice processing,4,0.0166,unmatched,,,
Operational Risk Management,4,0.0166,unmatched,,,
Field service,4,0.0166,unmatched,,,
Management skills,4,0.0166,unmatched,,,
Manager II,4,0.0166,unmatched,,,
Hplc,4,0.0166,unmatched,,,
Hr And Administration,4,0.0166,unmatched,,,
Black Belt,4,0.0166,unmatched,,,
Blasting,4,0.0166,unmatched,,,
Factory Hr,4,0.0166,unmatched,,,
Target Planning,4,0.0166,unmatched,,,
Methods,4,0.0166,unmatched,,,
Rman,4,0.0166,unmatched,,,
Corporate Security,4,0.0166,unmatched,,,
Inkjet,4,0.0166,unmatched,,,
Corporate Tie-ups,4,0.0166,unmatched,,,
Manhattan WMS Tester,4,0.0166,unmatched,,,
Willing to travel locally for field visits,4,0.0166,unmatched,,,
Offer Negotiation,4,0.0166,unmatched,,,
Fire protection,4,0.0166,unmatched,,,
Forgerock,4,0.0166,unmatched,,,
Improvement,4,0.0166,unmatched,,,
In Vitro,4,0.0166,unmatched,,,
Aura,4,0.0166,unmatched,,,
Project sales,4,0.0166,unmatched,,,
Projects Implementation,4,0.0166,unmatched,,,
Die Casting,4,0.0166,unmatched,,,
Air Compressor,4,0.0166,unmatched,,,
GRC tools,4,0.0166,unmatched,,,
Ai Techniques,4,0.0166,unmatched,,,
Smart Forms,4,0.0166,unmatched,,,
Privilege Access Management,4,0.0166,unmatched,,,
Corporate Salary,4,0.0166,unmatched,,,
Blood Collection,4,0.0166,unmatched,,,
Hr Business Partnering,4,0.0166,unmatched,,,
Semantic,4,0.0166,unmatched,,,
Cad Customization,4,0.0166,unmatched,,,
Cad Software,4,0.0166,unmatched,,,
Cable,4,0.0166,unmatched,,,
Emr,4,0.0166,unmatched,,,
Npa,4,0.0166,unmatched,,,
Fraud Analysis,4,0.0166,unmatched,,,
POC,4,0.0166,unmatched,,,
Sap Bo,4,0.0166,unmatched,,,
Sap Abap Development For Hana,4,0.0166,unmatched,,,
Project Review,4,0.0166,unmatched,,,
Project handling,4,0.0166,unmatched,,,
Project Financing,4,0.0166,unmatched,,,
Sap Brim,4,0.0166,unmatched,,,
Cisco Unified Communications,4,0.0166,unmatched,,,
Hexagon,4,0.0166,unmatched,,,
Banca Strategy & sales planning,4,0.0166,unmatched,,,
POWL Queries,4,0.0166,unmatched,,,
Exchangers,4,0.0166,unmatched,,,
Excise,4,0.0166,unmatched,,,
Inside Sales Executive,4,0.0166,unmatched,,,
Mutual Fund Operations,4,0.0166,unmatched,,,
General Administration,4,0.0166,unmatched,,,
General Arrangement,4,0.0166,unmatched,,,
Training & Development,4,0.0166,unmatched,,,
Training And Placement,4,0.0166,unmatched,,,
Training Content,4,0.0166,unmatched,,,
Private equity,4,0.0166,unmatched,,,
Cicd Methodology,4,0.0166,unmatched,,,
Project Lead,4,0.0166,unmatched,,,
Digital Payment,4,0.0166,unmatched,,,
Aif,4,0.0166,unmatched,,,
Corporate Audit,4,0.0166,unmatched,,,
Corporate Audit Services,4,0.0166,unmatched,,,
SAP CPI-DS,4,0.0166,unmatched,,,
Construction management,4,0.0166,unmatched,,,
Consultant,4,0.0166,unmatched,,,
Ledger Posting,4,0.0166,unmatched,,,
Legacy,4,0.0166,unmatched,,,
Iiq,4,0.0166,unmatched,,,
System Co Coordinator,4,0.0166,unmatched,,,
Media relations,4,0.0166,unmatched,,,
Ventilation,4,0.0166,unmatched,,,
Veritas,4,0.0166,unmatched,,,
Gear Box,4,0.0166,unmatched,,,
Agenda,4,0.0166,unmatched,,,
Kafka Streams,4,0.0166,unmatched,,,
Instructional design,4,0.0166,unmatched,,,
Btech,4,0.0166,unmatched,,,
Btl Activity,4,0.0166,unmatched,,,
Btl Marketing,4,0.0166,unmatched,,,
MS Word,4,0.0166,unmatched,,,
ICCU,4,0.0166,unmatched,,,
MIS Executive,4,0.0166,unmatched,,,
Openerp,4,0.0166,unmatched,,,
Injectables,4,0.0166,unmatched,,,
Exit Process,4,0.0166,unmatched,,,
PMO Management,4,0.0166,unmatched,,,
Washing,4,0.0166,unmatched,,,
Sap Cloud,4,0.0166,unmatched,,,
Central Finance,4,0.0166,unmatched,,,
Sap Warehouse Management,4,0.0166,unmatched,,,
Cissp,4,0.0166,unmatched,,,
Waste Water Treatment,4,0.0166,unmatched,,,
Vertex,4,0.0166,unmatched,,,
AP,4,0.0166,unmatched,,,
Tally Accounting,4,0.0166,unmatched,,,
Tamil Voice Process,4,0.0166,unmatched,,,
Tal,4,0.0166,unmatched,,,
Corporate Accounting,4,0.0166,unmatched,,,
Internal Communication,4,0.0166,unmatched,,,
AS9100,4,0.0166,unmatched,,,
Personal loans,4,0.0166,unmatched,,,
Petrochemical,4,0.0166,unmatched,,,
Windows Operating System,4,0.0166,partial/semantic_match,Operating System,"Nashik University, University of Mumbai, Savitribai Phule Pune University","Unknown, MDL401 Multidisciplinary minor -- 2 -- -- -- 1 1, MDC401 Multidisciplinary minor 3 -- -- 3 -- -- 3, MDC401 Multidisciplinary minor 20 20 40 60 2 -- -- 100"
Order Execution,4,0.0166,unmatched,,,
Project Billing,4,0.0166,unmatched,,,
Agent,4,0.0166,unmatched,,,
Filtration,4,0.0166,unmatched,,,
Iot,4,0.0166,unmatched,,,
FX,4,0.0166,unmatched,,,
Oracle Supply Chain Management,4,0.0166,unmatched,,,
Australian,4,0.0166,unmatched,,,
Leadership Management,4,0.0166,unmatched,,,
Special Purpose Machines,4,0.0166,unmatched,,,
Security Analysis,4,0.0166,unmatched,,,
Canteen,4,0.0166,unmatched,,,
Hotel Operations,4,0.0166,unmatched,,,
Construction Site,4,0.0166,unmatched,,,
Dimensional Modeling,4,0.0166,unmatched,,,
Din,4,0.0166,unmatched,,,
Sap S4 Hana Sd,4,0.0166,unmatched,,,
Process Enhancement,4,0.0166,unmatched,,,
SAP Business Workflow,4,0.0166,unmatched,,,
Core Hcm,4,0.0166,unmatched,,,
Corporate Credit,4,0.0166,unmatched,,,
Mergers & Acquisitions,4,0.0166,unmatched,,,
HFM,4,0.0166,unmatched,,,
Rollout,4,0.0166,unmatched,,,
Audit compliance,4,0.0166,unmatched,,,
End-to-End Recruitment,4,0.0166,unmatched,,,
Npm,4,0.0166,unmatched,,,
Engine Components,4,0.0166,unmatched,,,
Endur,4,0.0166,unmatched,,,
Process Improvements,4,0.0166,unmatched,,,
Transaction processing,4,0.0166,unmatched,,,
Direct Purchase,4,0.0166,unmatched,,,
Direct Sales Team,4,0.0166,unmatched,,,
Selection Process,4,0.0166,unmatched,,,
After sales service,4,0.0166,unmatched,,,
Business Object Processing Framework,4,0.0166,unmatched,,,
Soap And Rest Api,4,0.0166,unmatched,,,
MQTT,4,0.0166,unmatched,,,
MRI,4,0.0166,unmatched,,,
Gears,4,0.0166,unmatched,,,
NAS,4,0.0166,unmatched,,,
Project Budgeting,4,0.0166,unmatched,,,
Progressive Dies,4,0.0166,unmatched,,,
Executive Logistics,4,0.0166,unmatched,,,
Exhibition Sales,4,0.0166,unmatched,,,
Market Survey,4,0.0166,unmatched,,,
High Energy Level,4,0.0166,unmatched,,,
Lms,4,0.0166,unmatched,,,
Ln,4,0.0166,unmatched,,,
Sap Ibp,4,0.0166,unmatched,,,
J2Ee Architecture,4,0.0166,unmatched,,,
JBPM,4,0.0166,unmatched,,,
Inventor,4,0.0166,unmatched,,,
PE,4,0.0166,unmatched,,,
Engagement Management,4,0.0166,unmatched,,,
TOSCA,4,0.0166,unmatched,,,
TSO,4,0.0166,unmatched,,,
Auto Finance,4,0.0166,unmatched,,,
Rotating,4,0.0166,unmatched,,,
Rotating Equipments,4,0.0166,unmatched,,,
Copy Editing,4,0.0166,unmatched,,,
Cambridge,4,0.0166,unmatched,,,
Specifications,4,0.0166,unmatched,,,
Seeds,4,0.0166,unmatched,,,
Seismic,4,0.0166,unmatched,,,
Production supervising,4,0.0166,unmatched,,,
Process Review,4,0.0166,unmatched,,,
GT,4,0.0166,unmatched,,,
Chillers,4,0.0166,unmatched,,,
Market Quality,4,0.0166,unmatched,,,
Intrusion Detection,4,0.0166,unmatched,,,
Oauth 2,4,0.0166,unmatched,,,
Object oriented programming,4,0.0166,unmatched,,,
Fleet,4,0.0166,unmatched,,,
Static Equipment,4,0.0166,unmatched,,,
Nebosh,4,0.0166,unmatched,,,
Proforma Invoice,4,0.0166,unmatched,,,
Dispute Management,4,0.0166,unmatched,,,
Keycloak,4,0.0166,unmatched,,,
Kitchen Management,4,0.0166,unmatched,,,
Kitchen Staff,4,0.0166,unmatched,,,
Implementation Cycle,4,0.0166,unmatched,,,
HR Analytics,4,0.0166,unmatched,,,
Mep Maintenance,4,0.0166,unmatched,,,
Vb,4,0.0166,unmatched,,,
NumPy,4,0.0166,unmatched,,,
Fortigate Firewall,4,0.0166,unmatched,,,
Loop,4,0.0166,unmatched,,,
ISO 14001,4,0.0166,unmatched,,,
Core Connector,4,0.0166,unmatched,,,
Router,4,0.0166,unmatched,,,
Import Purchase,4,0.0166,unmatched,,,
API Manufacturing,4,0.0166,unmatched,,,
Performance Optimization,4,0.0166,unmatched,,,
Performance Analysis,4,0.0166,unmatched,,,
System monitoring,4,0.0166,unmatched,,,
Avaya Cms,4,0.0166,unmatched,,,
Chemical Purchase,4,0.0166,unmatched,,,
Sap Logistics Execution,4,0.0166,unmatched,,,
Sap Master Data,4,0.0166,unmatched,,,
Checkpoint Firewalls,4,0.0166,unmatched,,,
Childcare,4,0.0166,unmatched,,,
Chiller,4,0.0166,unmatched,,,
Bar,4,0.0166,unmatched,,,
Production operations,4,0.0166,unmatched,,,
Duckcreek Policy,4,0.0166,unmatched,,,
Duty Doctor,4,0.0166,unmatched,,,
Process Validation,4,0.0166,unmatched,,,
NCVT,4,0.0166,unmatched,,,
Transportation Planning,4,0.0166,unmatched,,,
Profibus,4,0.0166,unmatched,,,
Distribution Development,4,0.0166,unmatched,,,
Distribution System,4,0.0166,unmatched,,,
Java 8,4,0.0166,unmatched,,,
System analysis,4,0.0166,unmatched,,,
SAP BRM,4,0.0166,unmatched,,,
SAP BTP,4,0.0166,unmatched,,,
SAP APO PPDS,4,0.0166,unmatched,,,
API Integration,4,0.0166,unmatched,,,
Memcached,4,0.0166,unmatched,,,
Housing finance,4,0.0166,unmatched,,,
Call,4,0.0166,unmatched,,,
Controlling,4,0.0166,unmatched,,,
Conventional Machines,4,0.0166,unmatched,,,
Import Sourcing,4,0.0166,unmatched,,,
Engineering Consultancy,4,0.0166,unmatched,,,
Financial Auditing,4,0.0166,unmatched,,,
Transmission,4,0.0166,unmatched,,,
Chemical Marketing,4,0.0166,unmatched,,,
Keras,4,0.0166,unmatched,,,
Kernel,4,0.0166,unmatched,,,
Administration management,4,0.0166,unmatched,,,
Dsa Vertical,4,0.0166,unmatched,,,
Travel Agent Activities,4,0.0166,unmatched,,,
Travel Operations,4,0.0166,unmatched,,,
Treasury Audit,4,0.0166,unmatched,,,
Advance Excel,4,0.0166,unmatched,,,
Transport Management System,4,0.0166,unmatched,,,
Transport management,4,0.0166,unmatched,,,
Document Review,4,0.0166,unmatched,,,
Battery,4,0.0166,unmatched,,,
Stack Development,4,0.0166,unmatched,,,
Channel Distribution,4,0.0166,unmatched,,,
Channel Partner Development,4,0.0166,unmatched,,,
It Recruitment,4,0.0166,unmatched,,,
Product support,4,0.0166,unmatched,,,
Product training,4,0.0166,unmatched,,,
Rtos,4,0.0166,unmatched,,,
Contracting,4,0.0166,unmatched,,,
Rules,4,0.0166,unmatched,,,
Rx,4,0.0166,unmatched,,,
TNI,4,0.0166,unmatched,,,
AutoCAD Mechanical,4,0.0166,unmatched,,,
Internal Quality Auditor,4,0.0166,unmatched,,,
Foundever,4,0.0166,unmatched,,,
Forging Press,4,0.0166,unmatched,,,
Performance Testing Tool,4,0.0166,unmatched,,,
Performance improvement,4,0.0166,unmatched,,,
Production Engineer,4,0.0166,unmatched,,,
Product life cycle management,4,0.0166,unmatched,,,
Institutional Business Development,4,0.0166,unmatched,,,
MOUS,4,0.0166,unmatched,,,
Social Service,4,0.0166,unmatched,,,
Social media analytics,4,0.0166,unmatched,,,
Building Material Sales,4,0.0166,unmatched,,,
Margin Analysis,4,0.0166,unmatched,,,
Checker,4,0.0166,unmatched,,,
Highways,4,0.0166,unmatched,,,
Loan Against Gold,4,0.0166,unmatched,,,
IT Procurement,4,0.0166,unmatched,,,
Bba,4,0.0166,unmatched,,,
Bbm,4,0.0166,unmatched,,,
Channel Marketing,4,0.0166,unmatched,,,
Advance Tax,4,0.0166,unmatched,,,
Treasury Risk Management,4,0.0166,unmatched,,,
Doors,4,0.0166,unmatched,,,
Instagram Marketing,4,0.0166,unmatched,,,
Nat,4,0.0166,unmatched,,,
IDOCS,4,0.0166,unmatched,,,
ICT,4,0.0166,unmatched,,,
TCP/IP,4,0.0166,unmatched,,,
Automation Project Engineering,4,0.0166,unmatched,,,
HR Functions,4,0.0166,unmatched,,,
Automation tools,4,0.0166,unmatched,,,
System maintenance,4,0.0166,unmatched,,,
SAP ABAP HR,4,0.0166,unmatched,,,
SAP ARM,4,0.0166,unmatched,,,
Medical Transcription,4,0.0166,unmatched,,,
HR Manager,4,0.0166,unmatched,,,
Security consulting,4,0.0166,unmatched,,,
Campaign,4,0.0166,unmatched,,,
Security Policies,4,0.0166,unmatched,,,
Software Configuration,4,0.0166,unmatched,,,
Turning,4,0.0166,unmatched,,,
Social Science,4,0.0166,unmatched,,,
Finance Reporting,4,0.0166,unmatched,,,
3D Animation,4,0.0166,unmatched,,,
Is Codes,4,0.0166,unmatched,,,
Isms,4,0.0166,unmatched,,,
Zos,4,0.0166,unmatched,,,
chat process BPO,4,0.0166,unmatched,,,
Tv Production,4,0.0166,unmatched,,,
Drs,4,0.0166,unmatched,,,
Drug,4,0.0166,unmatched,,,
Product Presentation,4,0.0166,unmatched,,,
Chatgpt,4,0.0166,unmatched,,,
PGT Biology,4,0.0166,unmatched,,,
Web designing,4,0.0166,unmatched,,,
Sap Popi,4,0.0166,unmatched,,,
Recruitment Life Cycle,4,0.0166,unmatched,,,
Receptionist,4,0.0166,unmatched,,,
Application Security,4,0.0166,unmatched,,,
Gratuity,4,0.0166,unmatched,,,
Minitab,4,0.0166,unmatched,,,
News Content Management,4,0.0166,unmatched,,,
Oim,4,0.0166,unmatched,,,
iPhone,4,0.0166,unmatched,,,
Tube,4,0.0166,unmatched,,,
Occupational Health,4,0.0166,unmatched,,,
Fixed Income Derivatives,4,0.0166,unmatched,,,
It Operations Management,4,0.0166,unmatched,,,
3D Cad,4,0.0166,unmatched,,,
Zabbix,4,0.0166,unmatched,,,
Xslt,4,0.0166,unmatched,,,
Yaml,4,0.0166,unmatched,,,
MPT,3,0.0124,unmatched,,,
MS Office Tools,3,0.0124,unmatched,,,
MS Office Suite,3,0.0124,unmatched,,,
ICSR,3,0.0124,unmatched,,,
Open AI,3,0.0124,unmatched,,,
Opd Billing,3,0.0124,unmatched,,,
Financial Data,3,0.0124,unmatched,,,
Financial Controllership,3,0.0124,unmatched,,,
Xendesktop,3,0.0124,unmatched,,,
XPath,3,0.0124,unmatched,,,
ML algorithms,3,0.0124,unmatched,,,
MIS generation,3,0.0124,unmatched,,,
Business Head,3,0.0124,unmatched,,,
Business Cards,3,0.0124,unmatched,,,
MQ,3,0.0124,unmatched,,,
Snowpro,3,0.0124,unmatched,,,
NPS,3,0.0124,unmatched,,,
Product Hiring,3,0.0124,unmatched,,,
Product Documentation,3,0.0124,unmatched,,,
Product Pricing,3,0.0124,unmatched,,,
Procure to Pay,3,0.0124,unmatched,,,
Process planning,3,0.0124,unmatched,,,
Drg,3,0.0124,unmatched,,,
Turnkey Project Management,3,0.0124,unmatched,,,
Katalon Studio,3,0.0124,unmatched,,,
Karma,3,0.0124,unmatched,,,
Kam,3,0.0124,unmatched,,,
Kaizen Implementation,3,0.0124,unmatched,,,
Product Awareness,3,0.0124,unmatched,,,
GUI Testing,3,0.0124,unmatched,,,
Administrative assistance,3,0.0124,unmatched,,,
Address Verification,3,0.0124,unmatched,,,
Key Client Management,3,0.0124,unmatched,,,
Inspector,3,0.0124,unmatched,,,
Key Account Manager,3,0.0124,unmatched,,,
Gauges,3,0.0124,unmatched,,,
Gastroenterology,3,0.0124,unmatched,,,
Dossier,3,0.0124,unmatched,,,
Dotnet,3,0.0124,unmatched,,,
Dot net,3,0.0124,unmatched,,,
AdWords,3,0.0124,unmatched,,,
Ad Trafficking,3,0.0124,unmatched,,,
NUnit,3,0.0124,unmatched,,,
Product Owner,3,0.0124,unmatched,,,
Dra,3,0.0124,unmatched,,,
Garment Designing,3,0.0124,unmatched,,,
Adobe Acrobat,3,0.0124,unmatched,,,
Admixture,3,0.0124,unmatched,,,
NET framework,3,0.0124,unmatched,,,
Advertising Management,3,0.0124,unmatched,,,
Doctor Visit,3,0.0124,unmatched,,,
Doctor Activities,3,0.0124,unmatched,,,
Production Manager,3,0.0124,unmatched,,,
Document Preparation,3,0.0124,unmatched,,,
Dyna,3,0.0124,unmatched,,,
Duty Officer,3,0.0124,unmatched,,,
Dsp,3,0.0124,unmatched,,,
Dsa,3,0.0124,unmatched,,,
Process engineering,3,0.0124,unmatched,,,
Two Wheeler,3,0.0124,unmatched,,,
Adobe Suite,3,0.0124,unmatched,,,
Production Control,3,0.0124,unmatched,,,
Product control,3,0.0124,unmatched,,,
Product promotion,3,0.0124,unmatched,,,
NET Framework,3,0.0124,unmatched,,,
NEFT,3,0.0124,unmatched,,,
NDT Inspection,3,0.0124,unmatched,,,
NDT,3,0.0124,unmatched,,,
NATS,3,0.0124,unmatched,,,
Process Quality,3,0.0124,unmatched,,,
Process Planning,3,0.0124,unmatched,,,
Process Mining,3,0.0124,unmatched,,,
Process Integration,3,0.0124,unmatched,,,
Process Industry,3,0.0124,unmatched,,,
Process audit,3,0.0124,unmatched,,,
Duty Medical Officer,3,0.0124,unmatched,,,
Dynamics 365,3,0.0124,unmatched,,,
Dml,3,0.0124,unmatched,,,
Dmc,3,0.0124,unmatched,,,
Production Processes,3,0.0124,unmatched,,,
Agentic,3,0.0124,unmatched,,,
After Sales Support,3,0.0124,unmatched,,,
After Sales,3,0.0124,unmatched,,,
Key accounts,3,0.0124,unmatched,,,
Aem Sites,3,0.0124,unmatched,,,
Professional Tax,3,0.0124,unmatched,,,
Display Video,3,0.0124,unmatched,,,
Display Advertising,3,0.0124,unmatched,,,
UI customization,3,0.0124,unmatched,,,
UG,3,0.0124,unmatched,,,
UFT,3,0.0124,unmatched,,,
Ncino,3,0.0124,unmatched,,,
Process Safety,3,0.0124,unmatched,,,
Productivity Management,3,0.0124,unmatched,,,
Transformer Testing,3,0.0124,unmatched,,,
Advanced Java,3,0.0124,unmatched,,,
Dispensing,3,0.0124,unmatched,,,
Direct Procurement,3,0.0124,unmatched,,,
Direct And Indirect Taxation,3,0.0124,unmatched,,,
Transcription,3,0.0124,unmatched,,,
Transaction banking,3,0.0124,unmatched,,,
Agile Principles,3,0.0124,unmatched,,,
Agency Management,3,0.0124,unmatched,,,
Process Flow,3,0.0124,unmatched,,,
UI testing,3,0.0124,unmatched,,,
Progressive Tool Design,3,0.0124,unmatched,,,
Progressive Tool,3,0.0124,unmatched,,,
Project Communications,3,0.0124,unmatched,,,
NAT,3,0.0124,unmatched,,,
Gdb,3,0.0124,unmatched,,,
Gear Manufacturing,3,0.0124,unmatched,,,
Dispatch Scheduling,3,0.0124,unmatched,,,
Injection Mould Design,3,0.0124,unmatched,,,
Injection Mould,3,0.0124,unmatched,,,
Inhouse Sales,3,0.0124,unmatched,,,
Kolkata,3,0.0124,unmatched,,,
Insides Sales,3,0.0124,unmatched,,,
E-Business,3,0.0124,unmatched,,,
Process Analysis,3,0.0124,unmatched,,,
Institutions,3,0.0124,unmatched,,,
Institutional Selling,3,0.0124,unmatched,,,
Instrumentation Design,3,0.0124,unmatched,,,
Agency management,3,0.0124,unmatched,,,
MySQL Database Administration,3,0.0124,unmatched,,,
Mws,3,0.0124,unmatched,,,
Mvp,3,0.0124,unmatched,,,
Discharge Process,3,0.0124,unmatched,,,
Transaction Advisory,3,0.0124,unmatched,,,
Trained graduate teacher,3,0.0124,unmatched,,,
Trafficking,3,0.0124,unmatched,,,
Trade sales,3,0.0124,unmatched,,,
Ahmedabad,3,0.0124,unmatched,,,
Agrochemicals,3,0.0124,unmatched,,,
E2E,3,0.0124,unmatched,,,
Prism,3,0.0124,unmatched,,,
Prior Authorization,3,0.0124,unmatched,,,
Private Wealth,3,0.0124,unmatched,,,
Mutual Fund,3,0.0124,unmatched,,,
Project control,3,0.0124,unmatched,,,
Project Planning Control,3,0.0124,unmatched,,,
Project Management Office,3,0.0124,unmatched,,,
Digital Services,3,0.0124,unmatched,,,
Project Leading,3,0.0124,unmatched,,,
Digital Project Management,3,0.0124,unmatched,,,
Proof reading,3,0.0124,unmatched,,,
Multimedia,3,0.0124,unmatched,,,
Infrastructure Security,3,0.0124,unmatched,,,
Kusto Query Language,3,0.0124,unmatched,,,
Primer,3,0.0124,unmatched,,,
ED,3,0.0124,unmatched,,,
GPM,3,0.0124,unmatched,,,
Neoload,3,0.0124,unmatched,,,
Neo4J,3,0.0124,unmatched,,,
Negotiaton,3,0.0124,unmatched,,,
UK process,3,0.0124,unmatched,,,
Dicom,3,0.0124,unmatched,,,
Diamond Grading,3,0.0124,unmatched,,,
Project tracking,3,0.0124,unmatched,,,
Project implementation,3,0.0124,unmatched,,,
Dietetics,3,0.0124,unmatched,,,
Infrastructure Services,3,0.0124,unmatched,,,
Devsecops,3,0.0124,unmatched,,,
General Trade Sales,3,0.0124,unmatched,,,
Development Life Cycle,3,0.0124,unmatched,,,
Proposal & Design,3,0.0124,unmatched,,,
Ale,3,0.0124,unmatched,,,
K8s,3,0.0124,unmatched,,,
K2View,3,0.0124,unmatched,,,
Jwt,3,0.0124,unmatched,,,
Primary Teacher,3,0.0124,unmatched,,,
Primary Research,3,0.0124,unmatched,,,
EFT,3,0.0124,unmatched,,,
EA to CEO / EA to MD / EA to Director,3,0.0124,unmatched,,,
Principal,3,0.0124,unmatched,,,
Property Insurance,3,0.0124,unmatched,,,
Property And Casualty,3,0.0124,unmatched,,,
Geology,3,0.0124,unmatched,,,
Tractor Sales,3,0.0124,unmatched,,,
Tracing,3,0.0124,unmatched,,,
Toxicology,3,0.0124,unmatched,,,
ELT,3,0.0124,unmatched,,,
ELISA,3,0.0124,unmatched,,,
Net Architecture,3,0.0124,unmatched,,,
Instrumentation Control,3,0.0124,unmatched,,,
KQL dashboards,3,0.0124,unmatched,,,
Protocol Testing,3,0.0124,unmatched,,,
Detail engineering,3,0.0124,unmatched,,,
Detail Design,3,0.0124,unmatched,,,
Providing Training,3,0.0124,unmatched,,,
Providing,3,0.0124,unmatched,,,
Trade Services,3,0.0124,unmatched,,,
Aircraft,3,0.0124,unmatched,,,
Ms Sql Database,3,0.0124,unmatched,,,
Tour Packages,3,0.0124,unmatched,,,
Alliances,3,0.0124,unmatched,,,
Alliance Management,3,0.0124,unmatched,,,
US healthcare,3,0.0124,unmatched,,,
Pressure Vessels Code,3,0.0124,unmatched,,,
EDM,3,0.0124,unmatched,,,
Primary And Secondary Sales,3,0.0124,unmatched,,,
EMEA,3,0.0124,unmatched,,,
Aisc,3,0.0124,unmatched,,,
Ais,3,0.0124,unmatched,,,
Airwatch,3,0.0124,unmatched,,,
Desktop Engineering,3,0.0124,unmatched,,,
Desktop Administration,3,0.0124,unmatched,,,
Mssql Queries,3,0.0124,unmatched,,,
Msme Loan,3,0.0124,unmatched,,,
Akamai,3,0.0124,unmatched,,,
Trade Compliance,3,0.0124,unmatched,,,
Purchase Executive,3,0.0124,unmatched,,,
Purchase Engineer,3,0.0124,unmatched,,,
Puppet,3,0.0124,unmatched,,,
Designing And Developing,3,0.0124,unmatched,,,
Purchase requisition,3,0.0124,unmatched,,,
Insurance Management,3,0.0124,unmatched,,,
Press Parts,3,0.0124,unmatched,,,
Press Maintenance,3,0.0124,unmatched,,,
EPF,3,0.0124,unmatched,,,
EPBCS,3,0.0124,unmatched,,,
Prevention,3,0.0124,unmatched,,,
Public speaking,3,0.0124,unmatched,,,
Genset,3,0.0124,unmatched,,,
Msc Chemistry,3,0.0124,unmatched,,,
Geotechnical Engineering,3,0.0124,unmatched,,,
Geotechnical,3,0.0124,unmatched,,,
Ms Crm Dynamics,3,0.0124,unmatched,,,
Mrp,3,0.0124,unmatched,,,
Tool Trials,3,0.0124,unmatched,,,
Press Tool,3,0.0124,unmatched,,,
Accounts reconciliation,3,0.0124,unmatched,,,
Accounting operations,3,0.0124,unmatched,,,
UX Design,3,0.0124,unmatched,,,
USG,3,0.0124,unmatched,,,
Design Validation,3,0.0124,unmatched,,,
Pv,3,0.0124,unmatched,,,
Putty,3,0.0124,unmatched,,,
Push Notification,3,0.0124,unmatched,,,
Design Review,3,0.0124,unmatched,,,
Kyc Verification,3,0.0124,unmatched,,,
Delmia,3,0.0124,unmatched,,,
Tms,3,0.0124,unmatched,,,
Amazon Cloudwatch,3,0.0124,unmatched,,,
Github Actions,3,0.0124,unmatched,,,
Mrb,3,0.0124,unmatched,,,
Mr,3,0.0124,unmatched,,,
Premier Banking,3,0.0124,unmatched,,,
Predictive,3,0.0124,unmatched,,,
ERP functional,3,0.0124,unmatched,,,
GEN AI,3,0.0124,unmatched,,,
Presentation Drawings,3,0.0124,unmatched,,,
Amazon Seller Central,3,0.0124,unmatched,,,
Derivatives Trading,3,0.0124,unmatched,,,
QA Tools,3,0.0124,unmatched,,,
Amc,3,0.0124,unmatched,,,
Infusion Pumps,3,0.0124,unmatched,,,
Qc Analysis,3,0.0124,unmatched,,,
Global Delivery,3,0.0124,unmatched,,,
Time Study,3,0.0124,unmatched,,,
Time Series Analysis,3,0.0124,unmatched,,,
Time Management Skills,3,0.0124,unmatched,,,
Information Technology Management,3,0.0124,unmatched,,,
Precision,3,0.0124,unmatched,,,
Precast,3,0.0124,unmatched,,,
Network Installation,3,0.0124,unmatched,,,
Network Configuration,3,0.0124,unmatched,,,
Network Cabling,3,0.0124,unmatched,,,
Mpharm,3,0.0124,unmatched,,,
Demi Chef De Partie,3,0.0124,unmatched,,,
Demandware,3,0.0124,unmatched,,,
Depository Operations,3,0.0124,unmatched,,,
Depository,3,0.0124,unmatched,,,
Global Payroll,3,0.0124,unmatched,,,
Gnm Nursing,3,0.0124,unmatched,,,
Qa Process,3,0.0124,unmatched,,,
Qlik Sense Development,3,0.0124,unmatched,,,
Defender,3,0.0124,unmatched,,,
Json / Xml,3,0.0124,unmatched,,,
Insurance operations,3,0.0124,unmatched,,,
ERwin,3,0.0124,unmatched,,,
ERPNext,3,0.0124,unmatched,,,
ERP systems,3,0.0124,unmatched,,,
Ppe,3,0.0124,unmatched,,,
L3 Support,3,0.0124,unmatched,,,
Delivery Challan,3,0.0124,unmatched,,,
Qa Automation,3,0.0124,unmatched,,,
Demand Management,3,0.0124,unmatched,,,
Delay Analysis,3,0.0124,unmatched,,,
LAN Setup,3,0.0124,unmatched,,,
Analyst,3,0.0124,unmatched,,,
Qtest,3,0.0124,unmatched,,,
Qt,3,0.0124,unmatched,,,
Quality Improvement,3,0.0124,unmatched,,,
Quality Department,3,0.0124,unmatched,,,
Fusion Scm,3,0.0124,unmatched,,,
Insurance Domain,3,0.0124,unmatched,,,
Insurance Billing,3,0.0124,unmatched,,,
Debian,3,0.0124,unmatched,,,
Quality Compliance,3,0.0124,unmatched,,,
Quality Analyst,3,0.0124,unmatched,,,
LCL,3,0.0124,unmatched,,,
Deep Draw,3,0.0124,unmatched,,,
Global Taxation,3,0.0124,unmatched,,,
Global Tax,3,0.0124,unmatched,,,
Quality System,3,0.0124,unmatched,,,
Dcdp,3,0.0124,unmatched,,,
Monthly Reports,3,0.0124,unmatched,,,
Ticket Management,3,0.0124,unmatched,,,
Tibco Bw,3,0.0124,unmatched,,,
Throughput,3,0.0124,unmatched,,,
Threat monitoring,3,0.0124,unmatched,,,
Analytical research,3,0.0124,unmatched,,,
Analytical Skill,3,0.0124,unmatched,,,
Account Manager,3,0.0124,unmatched,,,
Power supply,3,0.0124,unmatched,,,
Power Transmission,3,0.0124,unmatched,,,
Power Transformers,3,0.0124,unmatched,,,
Power System,3,0.0124,unmatched,,,
EVBV,3,0.0124,unmatched,,,
ETL Development,3,0.0124,unmatched,,,
LLMs,3,0.0124,unmatched,,,
LIMS,3,0.0124,unmatched,,,
LE,3,0.0124,unmatched,,,
Information Architect,3,0.0124,unmatched,,,
Analytics Reporting,3,0.0124,unmatched,,,
Deal Structuring,3,0.0124,unmatched,,,
Dataweave,3,0.0124,unmatched,,,
Dataverse,3,0.0124,unmatched,,,
Datasphere,3,0.0124,unmatched,,,
EWS,3,0.0124,unmatched,,,
Furniture,3,0.0124,unmatched,,,
Network infrastructure,3,0.0124,unmatched,,,
Uav,3,0.0124,unmatched,,,
Analytical Chemistry,3,0.0124,unmatched,,,
Dcpr 2034,3,0.0124,unmatched,,,
Dealer Network,3,0.0124,unmatched,,,
Mongodb Administration,3,0.0124,unmatched,,,
Quantity,3,0.0124,unmatched,,,
Quality analysis,3,0.0124,unmatched,,,
Quality Testing,3,0.0124,unmatched,,,
Datacenter Network,3,0.0124,unmatched,,,
Quality tools,3,0.0124,unmatched,,,
Tgt Maths,3,0.0124,unmatched,,,
Angular 13+,3,0.0124,unmatched,,,
Threat Modeling,3,0.0124,unmatched,,,
Threat Hunting,3,0.0124,unmatched,,,
Ultrasound,3,0.0124,unmatched,,,
Uk Voice Process,3,0.0124,unmatched,,,
Uk Pension,3,0.0124,unmatched,,,
Power Supply,3,0.0124,unmatched,,,
Power Pages,3,0.0124,unmatched,,,
LPDC,3,0.0124,unmatched,,,
Android Auto,3,0.0124,unmatched,,,
The Trade Desk,3,0.0124,unmatched,,,
Data integrator,3,0.0124,unmatched,,,
Quantitative Research,3,0.0124,unmatched,,,
Datapower,3,0.0124,unmatched,,,
Ecommerce Development,3,0.0124,unmatched,,,
Fundamental Analysis,3,0.0124,unmatched,,,
Power Electronics,3,0.0124,unmatched,,,
Ui Applications,3,0.0124,unmatched,,,
Uhni,3,0.0124,unmatched,,,
Third Party Inspection,3,0.0124,unmatched,,,
Thinking Skills,3,0.0124,unmatched,,,
Thermodynamics,3,0.0124,unmatched,,,
Gold Appraiser,3,0.0124,unmatched,,,
Go Framework,3,0.0124,unmatched,,,
Monitoring And Evaluation,3,0.0124,unmatched,,,
R&d,3,0.0124,unmatched,,,
Good Communication Skills,3,0.0124,unmatched,,,
Test reporting,3,0.0124,unmatched,,,
Test design,3,0.0124,unmatched,,,
AngularJS,3,0.0124,unmatched,,,
Job Scheduling,3,0.0124,unmatched,,,
Acceptance Testing,3,0.0124,unmatched,,,
Quote Management,3,0.0124,unmatched,,,
DataMasque,3,0.0124,unmatched,,,
Lab Instruments,3,0.0124,unmatched,,,
LWC,3,0.0124,unmatched,,,
LSTM,3,0.0124,unmatched,,,
Informatica Development,3,0.0124,unmatched,,,
Queue Management,3,0.0124,unmatched,,,
Query resolution,3,0.0124,unmatched,,,
Database Mirroring,3,0.0124,unmatched,,,
Data Safe,3,0.0124,unmatched,,,
RD,3,0.0124,unmatched,,,
Ansys Fluent,3,0.0124,unmatched,,,
Ansi X2,3,0.0124,unmatched,,,
Ansa,3,0.0124,unmatched,,,
Ups Systems,3,0.0124,unmatched,,,
Upi,3,0.0124,unmatched,,,
Functional Support,3,0.0124,unmatched,,,
New Market Development,3,0.0124,unmatched,,,
New Car Loan,3,0.0124,unmatched,,,
Fup,3,0.0124,unmatched,,,
Funds Flow Management,3,0.0124,unmatched,,,
Angular JS,3,0.0124,unmatched,,,
Data Vault,3,0.0124,unmatched,,,
Data center operations,3,0.0124,unmatched,,,
Data Wrangling,3,0.0124,unmatched,,,
Apache Pig,3,0.0124,unmatched,,,
Apache Airflow,3,0.0124,unmatched,,,
Test case execution,3,0.0124,unmatched,,,
Modernization,3,0.0124,unmatched,,,
Integrator,3,0.0124,unmatched,,,
Educational Content,3,0.0124,unmatched,,,
Ecu,3,0.0124,unmatched,,,
Positive Attitude,3,0.0124,unmatched,,,
Posh,3,0.0124,unmatched,,,
Unix Linux,3,0.0124,partial/semantic_match,Linux,"Nashik University, University of Mumbai, Savitribai Phule Pune University","MDC401 Multidisciplinary minor 20 20 40 60 2 -- -- 100, Unknown"
Annual Reports,3,0.0124,unmatched,,,
Data Preprocessing,3,0.0124,unmatched,,,
Data Pipelines,3,0.0124,unmatched,,,
RESTful,3,0.0124,unmatched,,,
Industrial products,3,0.0124,unmatched,,,
Industrial automation,3,0.0124,unmatched,,,
Lambda Aws,3,0.0124,unmatched,,,
Mockups,3,0.0124,unmatched,,,
Mockito,3,0.0124,unmatched,,,
Data Conversion,3,0.0124,unmatched,,,
Edge,3,0.0124,unmatched,,,
Integrated marketing,3,0.0124,unmatched,,,
Data Models,3,0.0124,unmatched,,,
Data Factory,3,0.0124,unmatched,,,
Data Exploration,3,0.0124,unmatched,,,
RFX,3,0.0124,unmatched,,,
Api Synthesis,3,0.0124,unmatched,,,
App Support,3,0.0124,unmatched,,,
REXX,3,0.0124,unmatched,,,
REVIT Structure,3,0.0124,unmatched,,,
Data Quality Management,3,0.0124,unmatched,,,
Test Lead,3,0.0124,unmatched,,,
Test,3,0.0124,unmatched,,,
Territory sales management,3,0.0124,unmatched,,,
Labview,3,0.0124,unmatched,,,
Labour Welfare,3,0.0124,unmatched,,,
Industrial safety,3,0.0124,unmatched,,,
ROI,3,0.0124,unmatched,,,
RO Plant,3,0.0124,unmatched,,,
Google Cloud,3,0.0124,unmatched,,,
New Product Design,3,0.0124,unmatched,,,
New Part Development,3,0.0124,unmatched,,,
Functions,3,0.0124,unmatched,,,
Pollution Control,3,0.0124,unmatched,,,
Data Collection,3,0.0124,unmatched,,,
Terminals,3,0.0124,unmatched,,,
Industrial Product,3,0.0124,unmatched,,,
Industrial Paints,3,0.0124,unmatched,,,
Rails,3,0.0124,unmatched,,,
Rail Logistics,3,0.0124,unmatched,,,
DMS,3,0.0124,unmatched,,,
Google Workspace Admin,3,0.0124,unmatched,,,
Mobile Architecture,3,0.0124,unmatched,,,
Mobile Application Testing,3,0.0124,unmatched,,,
Policy Implementation,3,0.0124,unmatched,,,
Policy Development,3,0.0124,unmatched,,,
Policy Compliance,3,0.0124,unmatched,,,
Ra Bills,3,0.0124,unmatched,,,
RTU,3,0.0124,unmatched,,,
Rail,3,0.0124,unmatched,,,
RSS,3,0.0124,unmatched,,,
Dancing,3,0.0124,unmatched,,,
Dairy Products,3,0.0124,unmatched,,,
Test Automation,3,0.0124,unmatched,,,
Tender Evaluation,3,0.0124,unmatched,,,
Ml Algorithms,3,0.0124,unmatched,,,
DOM,3,0.0124,unmatched,,,
DFS,3,0.0124,unmatched,,,
DELTA,3,0.0124,unmatched,,,
Electrical Erection,3,0.0124,unmatched,,,
Eib,3,0.0124,unmatched,,,
Po Creation,3,0.0124,unmatched,,,
Abm,3,0.0124,unmatched,,,
Urban Planning,3,0.0124,unmatched,,,
Urban,3,0.0124,unmatched,,,
Rca,3,0.0124,unmatched,,,
Rbac,3,0.0124,unmatched,,,
Rapport Building,3,0.0124,unmatched,,,
Rapid,3,0.0124,unmatched,,,
Railways,3,0.0124,unmatched,,,
Gratuity Act,3,0.0124,unmatched,,,
Graph,3,0.0124,unmatched,,,
Receivable Management,3,0.0124,unmatched,,,
Recruitment Databases Management,3,0.0124,unmatched,,,
Record To Report R2R,3,0.0124,unmatched,,,
Telephonic,3,0.0124,unmatched,,,
Plc Panel,3,0.0124,unmatched,,,
Pmi,3,0.0124,unmatched,,,
Plywood,3,0.0124,unmatched,,,
Tenable,3,0.0124,unmatched,,,
Govt Liasioning,3,0.0124,unmatched,,,
Mixed Signal,3,0.0124,unmatched,,,
Mitsubishi,3,0.0124,unmatched,,,
ReactJs,3,0.0124,unmatched,,,
Real Estate Valuation,3,0.0124,unmatched,,,
Real Estate Development,3,0.0124,unmatched,,,
Redhat,3,0.0124,unmatched,,,
Regional management,3,0.0124,unmatched,,,
Industrial Machinery,3,0.0124,unmatched,,,
Teller Operations,3,0.0124,unmatched,,,
Television,3,0.0124,unmatched,,,
Recruitment Marketing,3,0.0124,unmatched,,,
Cxo Level Engagement,3,0.0124,unmatched,,,
Cutting tools,3,0.0124,unmatched,,,
Playwright Automation,3,0.0124,unmatched,,,
Platform Engineering,3,0.0124,unmatched,,,
Platform Engineer,3,0.0124,unmatched,,,
Integration Suite,3,0.0124,unmatched,,,
Jewellery Sales,3,0.0124,unmatched,,,
Lan Wan,3,0.0124,unmatched,,,
Graduation,3,0.0124,unmatched,,,
Mim,3,0.0124,unmatched,,,
Archer,3,0.0124,unmatched,,,
Ar Follow Up,3,0.0124,unmatched,,,
Customer support Representative,3,0.0124,unmatched,,,
Customer Support Process,3,0.0124,unmatched,,,
Regulatory Reports,3,0.0124,unmatched,,,
Regulatory Operations,3,0.0124,unmatched,,,
Regulatory Audits,3,0.0124,unmatched,,,
Plant operations,3,0.0124,unmatched,,,
Plc - Scada Programming,3,0.0124,unmatched,,,
Interaction design,3,0.0124,unmatched,,,
Intensive Care,3,0.0124,unmatched,,,
IntelliJ,3,0.0124,unmatched,,,
Jd Edwards,3,0.0124,unmatched,,,
Customer service delivery,3,0.0124,unmatched,,,
Customer quality,3,0.0124,unmatched,,,
Redshift Aws,3,0.0124,unmatched,,,
Graphical Mapping,3,0.0124,unmatched,,,
Graphic Design Software,3,0.0124,unmatched,,,
Middleware Technologies,3,0.0124,unmatched,,,
Mid Corporates,3,0.0124,unmatched,,,
Indirect Tax,3,0.0124,unmatched,,,
Electricians,3,0.0124,unmatched,,,
Electrical works,3,0.0124,unmatched,,,
Plant Operation,3,0.0124,unmatched,,,
Fs,3,0.0124,unmatched,,,
Nexthink,3,0.0124,unmatched,,,
Plastic Technology,3,0.0124,unmatched,,,
Customer Service Associate,3,0.0124,unmatched,,,
Reinforcement Learning,3,0.0124,unmatched,,,
Rehabilitation,3,0.0124,unmatched,,,
Technology Transfer,3,0.0124,unmatched,,,
Architects,3,0.0124,unmatched,,,
Technology Integration,3,0.0124,unmatched,,,
Technology Consulting,3,0.0124,unmatched,,,
Customer Handling Skills,3,0.0124,unmatched,,,
Technical documentation,3,0.0124,unmatched,,,
Technical architecture,3,0.0124,unmatched,,,
Technical Understanding,3,0.0124,unmatched,,,
Usb,3,0.0124,unmatched,,,
AUTO,3,0.0124,unmatched,,,
AUS shift,3,0.0124,unmatched,,,
ATM,3,0.0124,unmatched,,,
Plant Automation,3,0.0124,unmatched,,,
Electronics And Communication,3,0.0124,unmatched,,,
Plant Accounting,3,0.0124,unmatched,,,
Planning Management,3,0.0124,unmatched,,,
Customer Relationship Management Crm Software,3,0.0124,unmatched,,,
Ar Billing,3,0.0124,unmatched,,,
Remittance Processing,3,0.0124,unmatched,,,
Remedy Itsm,3,0.0124,unmatched,,,
Current account,3,0.0124,unmatched,,,
Current Account Sales,3,0.0124,unmatched,,,
Repairing,3,0.0124,unmatched,,,
Planning & coordination,3,0.0124,unmatched,,,
Front Office Staff,3,0.0124,unmatched,,,
User Documentation,3,0.0124,unmatched,,,
AV,3,0.0124,unmatched,,,
Reliability Engineering,3,0.0124,unmatched,,,
Customer Care Service,3,0.0124,unmatched,,,
Technical Staff,3,0.0124,unmatched,,,
Microsoft applications,3,0.0124,unmatched,,,
Microsoft Tools,3,0.0124,unmatched,,,
Microsoft Sentinel,3,0.0124,unmatched,,,
Technology Marketing,3,0.0124,unmatched,,,
Grievance handling,3,0.0124,unmatched,,,
Microsoft Net,3,0.0124,unmatched,,,
Laravel Php Framework,3,0.0124,unmatched,,,
Laptop Repair,3,0.0124,unmatched,,,
Reports,3,0.0124,unmatched,,,
Reporting tools,3,0.0124,unmatched,,,
Reporting And Analysis,3,0.0124,unmatched,,,
Reporting & Documentation,3,0.0124,unmatched,,,
Front Desk Operations,3,0.0124,unmatched,,,
Frm,3,0.0124,unmatched,,,
Interface Design,3,0.0124,unmatched,,,
Cucm,3,0.0124,unmatched,,,
Cube,3,0.0124,unmatched,,,
Curtain Wall,3,0.0124,unmatched,,,
Indian Accounting,3,0.0124,unmatched,,,
Art And Craft,3,0.0124,unmatched,,,
Technical Product Management,3,0.0124,unmatched,,,
Ash Handling,3,0.0124,unmatched,,,
Research analysis,3,0.0124,unmatched,,,
Requisition,3,0.0124,unmatched,,,
Email Security,3,0.0124,unmatched,,,
Elite Relationship Manager,3,0.0124,unmatched,,,
Eligibility Verification,3,0.0124,unmatched,,,
Front End Technologies,3,0.0124,unmatched,,,
Csat,3,0.0124,unmatched,,,
Cryptography,3,0.0124,unmatched,,,
Crs,3,0.0124,unmatched,,,
Css And Javascript,3,0.0124,unmatched,,,
Resident Medical Officer,3,0.0124,unmatched,,,
Technical Design,3,0.0124,unmatched,,,
Currency,3,0.0124,unmatched,,,
Culture Building,3,0.0124,unmatched,,,
Laser,3,0.0124,unmatched,,,
Technical Drawings,3,0.0124,unmatched,,,
Technical Documents,3,0.0124,unmatched,,,
Crisis Communications,3,0.0124,unmatched,,,
Crimping,3,0.0124,unmatched,,,
Creditors Reconciliation,3,0.0124,unmatched,,,
Credit rating,3,0.0124,unmatched,,,
Credit card domain,3,0.0124,unmatched,,,
Non It,3,0.0124,unmatched,,,
Node Js Framework,3,0.0124,unmatched,,,
VAS,3,0.0124,unmatched,,,
VAR,3,0.0124,unmatched,,,
V,3,0.0124,unmatched,,,
Growth,3,0.0124,unmatched,,,
Group reporting,3,0.0124,unmatched,,,
Group Sales,3,0.0124,unmatched,,,
Guest Relation Executive,3,0.0124,unmatched,,,
Credit Card Domain,3,0.0124,unmatched,,,
Team Performance,3,0.0124,unmatched,,,
Aspice,3,0.0124,unmatched,,,
VNC,3,0.0124,unmatched,,,
Picu,3,0.0124,unmatched,,,
Embedded Testing,3,0.0124,unmatched,,,
Embedded Hardware,3,0.0124,unmatched,,,
Embedded Firmware Development,3,0.0124,unmatched,,,
Pipeline management,3,0.0124,unmatched,,,
Pipeline Management,3,0.0124,unmatched,,,
Credit Research,3,0.0124,unmatched,,,
Credit Processing,3,0.0124,unmatched,,,
Credit Policy,3,0.0124,unmatched,,,
Gst File,3,0.0124,unmatched,,,
Credit Risk Management,3,0.0124,unmatched,,,
Assistant to Senior Management,3,0.0124,unmatched,,,
Incentives,3,0.0124,unmatched,,,
Lawyer Activities,3,0.0124,unmatched,,,
Creative designing,3,0.0124,unmatched,,,
Retail Credit,3,0.0124,unmatched,,,
Pilot,3,0.0124,unmatched,,,
Pigments,3,0.0124,unmatched,,,
VFD,3,0.0124,unmatched,,,
VDA 6.3,3,0.0124,unmatched,,,
VBCS application development,3,0.0124,unmatched,,,
Restful Web Api Development,3,0.0124,unmatched,,,
Restful API,3,0.0124,unmatched,,,
Rest Assured Framework,3,0.0124,unmatched,,,
Credit Assessment,3,0.0124,unmatched,,,
Asset Servicing,3,0.0124,unmatched,,,
Gst Advisory,3,0.0124,unmatched,,,
Revenue Maximization,3,0.0124,unmatched,,,
Cost management,3,0.0124,unmatched,,,
Retirement Planning,3,0.0124,unmatched,,,
Createjs,3,0.0124,unmatched,,,
Tdd,3,0.0124,unmatched,,,
Asset protection,3,0.0124,unmatched,,,
Java Sdk,3,0.0124,unmatched,,,
Freertos,3,0.0124,unmatched,,,
Non-IT Recruiter,3,0.0124,unmatched,,,
Non voice process,3,0.0124,unmatched,,,
Non Sales,3,0.0124,unmatched,,,
Freshdesk,3,0.0124,unmatched,,,
Retail Outlets,3,0.0124,unmatched,,,
Retail Merchandising,3,0.0124,unmatched,,,
Cpr,3,0.0124,unmatched,,,
Associate,3,0.0124,unmatched,,,
Rhel,3,0.0124,unmatched,,,
Cosmetology,3,0.0124,unmatched,,,
Microservices Architecture,3,0.0124,unmatched,,,
Attrition Management,3,0.0124,unmatched,,,
Lead Architect,3,0.0124,unmatched,,,
Employee Communication,3,0.0124,unmatched,,,
ASR,3,0.0124,unmatched,,,
Courier,3,0.0124,unmatched,,,
Rewards And Recognition,3,0.0124,unmatched,,,
Assortment Planning,3,0.0124,unmatched,,,
Teaching Hindi,3,0.0124,unmatched,,,
Tds Reconciliation,3,0.0124,unmatched,,,
Revenue assurance,3,0.0124,unmatched,,,
Revenue Reporting,3,0.0124,unmatched,,,
Teaching english,3,0.0124,unmatched,,,
Gujarat,3,0.0124,unmatched,,,
Coso,3,0.0124,unmatched,,,
Metrology,3,0.0124,unmatched,,,
Metro,3,0.0124,unmatched,,,
Meteor,3,0.0124,unmatched,,,
Audio Video Sales,3,0.0124,unmatched,,,
Phaser,3,0.0124,unmatched,,,
Employee Satisfaction,3,0.0124,unmatched,,,
APT,3,0.0124,unmatched,,,
Corporate actions,3,0.0124,unmatched,,,
Tax,3,0.0124,unmatched,,,
Atdd,3,0.0124,unmatched,,,
Asynchronous Apex,3,0.0124,unmatched,,,
Tax Reporting,3,0.0124,unmatched,,,
Tax Payments,3,0.0124,unmatched,,,
Tax Invoice,3,0.0124,unmatched,,,
Tax reporting,3,0.0124,unmatched,,,
Meta Ads Manager,3,0.0124,unmatched,,,
Message Queue,3,0.0124,unmatched,,,
Mes,3,0.0124,unmatched,,,
Robotic Welding,3,0.0124,unmatched,,,
Pharm D,3,0.0124,unmatched,,,
Non-IT recruitment,3,0.0124,unmatched,,,
Employment Law,3,0.0124,unmatched,,,
Employer Branding,3,0.0124,unmatched,,,
Employee relations,3,0.0124,unmatched,,,
Rmo,3,0.0124,unmatched,,,
Audio Visual,3,0.0124,unmatched,,,
Attention to Detail,3,0.0124,unmatched,,,
Attendance Maintenance,3,0.0124,unmatched,,,
Corporate sales,3,0.0124,unmatched,,,
Corporate relations,3,0.0124,unmatched,,,
Corporate Real Estate,3,0.0124,unmatched,,,
Corporate Compliance,3,0.0124,unmatched,,,
Corporate Clients,3,0.0124,unmatched,,,
Core Java Programming,3,0.0124,unmatched,,,
Leadership Development,3,0.0124,unmatched,,,
Tailwind Css,3,0.0124,unmatched,,,
Tagetik,3,0.0124,unmatched,,,
Personality Development,3,0.0124,unmatched,,,
Pharma Sales,3,0.0124,unmatched,,,
Internal Financial Control,3,0.0124,unmatched,,,
Intern,3,0.0124,unmatched,,,
Corporate Leasing,3,0.0124,unmatched,,,
Rockwell Software,3,0.0124,unmatched,,,
Corporate Affairs,3,0.0124,unmatched,,,
HDL,3,0.0124,unmatched,,,
HCV,3,0.0124,unmatched,,,
Meta Blueprint,3,0.0124,unmatched,,,
Core Abap,3,0.0124,unmatched,,,
Rpa Ui Path,3,0.0124,unmatched,,,
Coo,3,0.0124,unmatched,,,
Core Network,3,0.0124,unmatched,,,
Row,3,0.0124,unmatched,,,
Tableau Reporting,3,0.0124,unmatched,,,
Vehicle Insurance,3,0.0124,unmatched,,,
Foundry Production,3,0.0124,unmatched,,,
Npd,3,0.0124,unmatched,,,
Fraud Prevention,3,0.0124,unmatched,,,
Endevor,3,0.0124,unmatched,,,
Rolling,3,0.0124,unmatched,,,
HIRA,3,0.0124,unmatched,,,
Mergers,3,0.0124,unmatched,,,
Copyright,3,0.0124,unmatched,,,
Core java,3,0.0124,unmatched,,,
Convergent Charging,3,0.0124,unmatched,,,
Rsm,3,0.0124,unmatched,,,
Rsa,3,0.0124,unmatched,,,
Rpg,3,0.0124,unmatched,,,
Nuclear Engineering,3,0.0124,unmatched,,,
Vault,3,0.0124,unmatched,,,
Vat,3,0.0124,unmatched,,,
AR Caller,3,0.0124,unmatched,,,
Conveyor Design,3,0.0124,unmatched,,,
Merchandise Planning,3,0.0124,unmatched,,,
Merchandise Displays,3,0.0124,unmatched,,,
Mep,3,0.0124,unmatched,,,
TMS,3,0.0124,unmatched,,,
Import Logistics,3,0.0124,unmatched,,,
Route3,3,0.0124,unmatched,,,
Core Accounting,3,0.0124,unmatched,,,
AutoCAD Drawing,3,0.0124,unmatched,,,
Ruby Rails,3,0.0124,unmatched,,,
Controllership,3,0.0124,unmatched,,,
Rubber Technology,3,0.0124,unmatched,,,
HP QC/ALM,3,0.0124,unmatched,,,
HP QC,3,0.0124,unmatched,,,
Automation Tesing,3,0.0124,unmatched,,,
Java Angular,3,0.0124,unmatched,,,
Java 21,3,0.0124,unmatched,,,
Engineering Design Services,3,0.0124,unmatched,,,
Engineering Calculations,3,0.0124,unmatched,,,
Performance optimization,3,0.0124,unmatched,,,
Personal Banking,3,0.0124,unmatched,,,
Permanent Staffing,3,0.0124,unmatched,,,
Rso,3,0.0124,unmatched,,,
Conveyor,3,0.0124,unmatched,,,
Contractor Handling,3,0.0124,unmatched,,,
System verilog,3,0.0124,unmatched,,,
RxJS,3,0.0124,unmatched,,,
Control Design,3,0.0124,unmatched,,,
Meeting Management,3,0.0124,unmatched,,,
Automation Sales,3,0.0124,unmatched,,,
TDM,3,0.0124,unmatched,,,
TCUA,3,0.0124,unmatched,,,
Nutanix,3,0.0124,unmatched,,,
Form 1040,3,0.0124,unmatched,,,
Foundation,3,0.0124,unmatched,,,
Forwarding,3,0.0124,unmatched,,,
Engineering Leadership,3,0.0124,unmatched,,,
International Accounting,3,0.0124,unmatched,,,
Java Coding,3,0.0124,unmatched,,,
Java Application Development,3,0.0124,unmatched,,,
HR Implementation,3,0.0124,unmatched,,,
SAP Ariba,3,0.0124,unmatched,,,
SAP Analytics Cloud,3,0.0124,unmatched,,,
Content Review,3,0.0124,unmatched,,,
Content Publishing,3,0.0124,unmatched,,,
SALES,3,0.0124,unmatched,,,
SA360,3,0.0124,unmatched,,,
Vendor Sourcing,3,0.0124,unmatched,,,
Vendor Risk Management,3,0.0124,unmatched,,,
Vendor Risk Assessment,3,0.0124,unmatched,,,
Engineering Services,3,0.0124,unmatched,,,
Impact Analysis,3,0.0124,unmatched,,,
Image processing,3,0.0124,unmatched,,,
S4 hana,3,0.0124,unmatched,,,
S4 Hana Finance,3,0.0124,unmatched,,,
Contract Labour Act,3,0.0124,unmatched,,,
Ledger Reconciliation,3,0.0124,unmatched,,,
SAP Business One,3,0.0124,unmatched,,,
Construction Drawings,3,0.0124,unmatched,,,
Avaloq,3,0.0124,unmatched,,,
HR Service Delivery,3,0.0124,unmatched,,,
HR Processes,3,0.0124,unmatched,,,
Performance Engineering,3,0.0124,unmatched,,,
Performance Analytics,3,0.0124,unmatched,,,
English Verbal And Written,3,0.0124,unmatched,,,
AMC,3,0.0124,unmatched,,,
Contact Center,3,0.0124,unmatched,,,
Consumer insights,3,0.0124,unmatched,,,
SAP BTP IS,3,0.0124,unmatched,,,
Led Lighting,3,0.0124,unmatched,,,
TACL,3,0.0124,unmatched,,,
T24,3,0.0124,unmatched,,,
Synapse,3,0.0124,unmatched,,,
Sybase Database Administration,3,0.0124,unmatched,,,
Configurator,3,0.0124,unmatched,,,
Aws Core Services,3,0.0124,unmatched,,,
Aws Certified,3,0.0124,unmatched,,,
System Software,3,0.0124,unmatched,,,
Nylon,3,0.0124,unmatched,,,
Nutritionist,3,0.0124,unmatched,,,
Verbal And Written,3,0.0124,unmatched,,,
Venue Sales,3,0.0124,unmatched,,,
Japanese Translation,3,0.0124,unmatched,,,
English communication,3,0.0124,unmatched,,,
Consultant Coordination,3,0.0124,unmatched,,,
Media strategy,3,0.0124,unmatched,,,
System Development,3,0.0124,unmatched,,,
Image Editing,3,0.0124,unmatched,,,
Axis,3,0.0124,unmatched,,,
HRSD implementation,3,0.0124,unmatched,,,
Concept Design,3,0.0124,unmatched,,,
Computer vision,3,0.0124,unmatched,,,
People development,3,0.0124,unmatched,,,
People Management,3,0.0124,unmatched,,,
Pension Administration,3,0.0124,unmatched,,,
Enterprise Accounts,3,0.0124,unmatched,,,
Ent,3,0.0124,unmatched,,,
Peoplesoft Technical,3,0.0124,unmatched,,,
Peoplesoft Fscm,3,0.0124,unmatched,,,
Peoplecode,3,0.0124,unmatched,,,
Forging Design,3,0.0124,unmatched,,,
Conceptual Design,3,0.0124,unmatched,,,
Concept design,3,0.0124,unmatched,,,
SAP MDG,3,0.0124,unmatched,,,
O365 Admin,3,0.0124,unmatched,,,
O365,3,0.0124,unmatched,,,
Enterprise integration,3,0.0124,unmatched,,,
Synthesis,3,0.0124,unmatched,,,
SAP PM,3,0.0124,unmatched,,,
Concept Sales,3,0.0124,unmatched,,,
SAP Project Manager,3,0.0124,unmatched,,,
SAP Project Management,3,0.0124,unmatched,,,
SAP Production Planning,3,0.0124,unmatched,,,
Computational Fluid Dynamics,3,0.0124,unmatched,,,
Entrepreneurship,3,0.0124,unmatched,,,
Enterprise Risk Management,3,0.0124,unmatched,,,
Video Production,3,0.0124,unmatched,,,
Video Editor,3,0.0124,unmatched,,,
SAP MM module,3,0.0124,unmatched,,,
Computer Operator,3,0.0124,unmatched,,,
SAP SAC,3,0.0124,unmatched,,,
HT,3,0.0124,unmatched,,,
Media Management,3,0.0124,unmatched,,,
Media Buying,3,0.0124,unmatched,,,
Media Analysis,3,0.0124,unmatched,,,
MedDRA,3,0.0124,unmatched,,,
SAP SF HCM,3,0.0124,unmatched,,,
Azure AD,3,0.0124,unmatched,,,
Pedagogy,3,0.0124,unmatched,,,
Pdi,3,0.0124,unmatched,,,
Environmental science,3,0.0124,unmatched,,,
Environmental Monitoring,3,0.0124,unmatched,,,
OCI,3,0.0124,unmatched,,,
OBIEE,3,0.0124,unmatched,,,
Forex Management,3,0.0124,unmatched,,,
Forensic,3,0.0124,unmatched,,,
SAS Programming,3,0.0124,unmatched,,,
SAS DI Studio,3,0.0124,unmatched,,,
SAS DI,3,0.0124,unmatched,,,
Complaint Resolution,3,0.0124,unmatched,,,
Visa Counselling,3,0.0124,unmatched,,,
Virtual Relationship,3,0.0124,unmatched,,,
Views,3,0.0124,unmatched,,,
Payroll Executive,3,0.0124,unmatched,,,
Payroll Accounting,3,0.0124,unmatched,,,
SAP Project Systems,3,0.0124,unmatched,,,
SAP WM,3,0.0124,unmatched,,,
Composing,3,0.0124,unmatched,,,
Hana Architecture,3,0.0124,unmatched,,,
Compliance Analysis,3,0.0124,unmatched,,,
Azure Cloud Support Engineer,3,0.0124,unmatched,,,
Identity Management,3,0.0124,unmatched,,,
Ham,3,0.0124,unmatched,,,
Mechanical Equipment,3,0.0124,unmatched,,,
Mechanical Engineer,3,0.0124,unmatched,,,
Measuring Instruments,3,0.0124,unmatched,,,
Support Services,3,0.0124,unmatched,,,
Support Analyst,3,0.0124,unmatched,,,
Azure Machine Learning,3,0.0124,unmatched,,,
Azure Certified,3,0.0124,unmatched,,,
Payment Solutions,3,0.0124,unmatched,,,
Pcf,3,0.0124,unmatched,,,
AIX,3,0.0124,unmatched,,,
Vertex Ai,3,0.0124,unmatched,,,
Competitive Analysis,3,0.0124,unmatched,,,
Compensation & Benefits,3,0.0124,unmatched,,,
Azure Firewall,3,0.0124,unmatched,,,
Icefaces,3,0.0124,unmatched,,,
SEO Optimization,3,0.0124,unmatched,,,
Mean Stack Development,3,0.0124,unmatched,,,
Mdx,3,0.0124,unmatched,,,
Life insurance,3,0.0124,unmatched,,,
Equity Settlement,3,0.0124,unmatched,,,
Foreign Accounting,3,0.0124,unmatched,,,
ODBC,3,0.0124,unmatched,,,
OCR,3,0.0124,unmatched,,,
Company Audit,3,0.0124,unmatched,,,
SF6,3,0.0124,unmatched,,,
Supply Network Planning,3,0.0124,unmatched,,,
Azure Service Bus,3,0.0124,unmatched,,,
Azure Data Engineer,3,0.0124,unmatched,,,
Surgical Sales,3,0.0124,unmatched,,,
Community Mobilization,3,0.0124,unmatched,,,
Communication protocols,3,0.0124,unmatched,,,
Azure Pipelines,3,0.0124,unmatched,,,
Supplier quality,3,0.0124,unmatched,,,
Supplier development,3,0.0124,unmatched,,,
Supplier Selection,3,0.0124,unmatched,,,
Supplier Quality Management,3,0.0124,unmatched,,,
Ibm Iseries,3,0.0124,unmatched,,,
Equipment Manufacturing,3,0.0124,unmatched,,,
Equipment Installation,3,0.0124,unmatched,,,
JSP Servlets,3,0.0124,unmatched,,,
Azure Iot,3,0.0124,unmatched,,,
SLD,3,0.0124,unmatched,,,
SLAS,3,0.0124,unmatched,,,
SIL,3,0.0124,unmatched,,,
SMO,3,0.0124,unmatched,,,
SMM,3,0.0124,unmatched,,,
Commercial Operations,3,0.0124,unmatched,,,
College Outreach,3,0.0124,unmatched,,,
Submission,3,0.0124,unmatched,,,
Supplier Evaluation,3,0.0124,unmatched,,,
SPSS,3,0.0124,unmatched,,,
Commercial Interior Design,3,0.0124,unmatched,,,
Commercial Banking,3,0.0124,unmatched,,,
Ergonomics,3,0.0124,unmatched,,,
Er Studio,3,0.0124,unmatched,,,
Equity research,3,0.0124,unmatched,,,
Patient Registration,3,0.0124,unmatched,,,
Equipment maintenance,3,0.0124,unmatched,,,
Pay Per Click,3,0.0124,unmatched,,,
SOAR,3,0.0124,unmatched,,,
B.Pharma,3,0.0124,unmatched,,,
Supplier Performance,3,0.0124,unmatched,,,
Commodities,3,0.0124,unmatched,,,
Codeigniter Framework,3,0.0124,unmatched,,,
BAMS,3,0.0124,unmatched,,,
B2C sales,3,0.0124,unmatched,,,
B2B / B2C,3,0.0124,unmatched,,,
B2,3,0.0124,unmatched,,,
Hardware Maintenance,3,0.0124,unmatched,,,
Hardware Asset Management,3,0.0124,unmatched,,,
Mch,3,0.0124,unmatched,,,
Mbbs,3,0.0124,unmatched,,,
Food Products,3,0.0124,unmatched,,,
OEE,3,0.0124,unmatched,,,
Visitor Management,3,0.0124,unmatched,,,
Viscosity,3,0.0124,unmatched,,,
Visa Support,3,0.0124,unmatched,,,
SRA,3,0.0124,unmatched,,,
Collection management,3,0.0124,unmatched,,,
Harness,3,0.0124,unmatched,,,
Hardware sales,3,0.0124,unmatched,,,
Matte painting,3,0.0124,unmatched,,,
Hdfc Bank,3,0.0124,unmatched,,,
Student Outreach,3,0.0124,unmatched,,,
Voice And Accent,3,0.0124,unmatched,,,
Vnx,3,0.0124,unmatched,,,
Estimation engineering,3,0.0124,unmatched,,,
Estate management,3,0.0124,unmatched,,,
Erwin,3,0.0124,unmatched,,,
Erp Implementation,3,0.0124,unmatched,,,
Ess,3,0.0124,unmatched,,,
Cognos Tm1,3,0.0124,unmatched,,,
SSO,3,0.0124,unmatched,,,
SSH,3,0.0124,unmatched,,,
SRM,3,0.0124,unmatched,,,
Cms1500,3,0.0124,unmatched,,,
Salary Benchmarking,3,0.0124,unmatched,,,
Salary,3,0.0124,unmatched,,,
Sage,3,0.0124,unmatched,,,
OIDC,3,0.0124,unmatched,,,
OIC,3,0.0124,unmatched,,,
Food Industry,3,0.0124,unmatched,,,
Food Science,3,0.0124,unmatched,,,
Volunteering,3,0.0124,unmatched,,,
Volunteer,3,0.0124,unmatched,,,
Volume,3,0.0124,unmatched,,,
Ibm Api Connect,3,0.0124,unmatched,,,
Ibm Qradar,3,0.0124,unmatched,,,
Ibm Mq Series,3,0.0124,unmatched,,,
Saas Applications,3,0.0124,unmatched,,,
SST,3,0.0124,unmatched,,,
Cloud Platform Integration,3,0.0124,unmatched,,,
Strong Communication,3,0.0124,unmatched,,,
Sales Enablement,3,0.0124,unmatched,,,
Cloud Sql,3,0.0124,unmatched,,,
Cloud Solution Sales,3,0.0124,unmatched,,,
BI,3,0.0124,unmatched,,,
Lighting Sales,3,0.0124,unmatched,,,
Ibm Datastage,3,0.0124,unmatched,,,
Vulnerability Analysis,3,0.0124,unmatched,,,
Etp,3,0.0124,unmatched,,,
Part Modeling,3,0.0124,unmatched,,,
Sales Compensation,3,0.0124,unmatched,,,
Cmake,3,0.0124,unmatched,,,
Hcm Cloud,3,0.0124,unmatched,,,
Student Activities,3,0.0124,unmatched,,,
Cnc Operation,3,0.0124,unmatched,,,
ITI electrical,3,0.0124,unmatched,,,
Linguistics,3,0.0124,unmatched,,,
BDE,3,0.0124,unmatched,,,
Structural engineering,3,0.0124,unmatched,,,
Structural Steel,3,0.0124,unmatched,,,
Cloud Native,3,0.0124,unmatched,,,
Cloud ERP,3,0.0124,unmatched,,,
Paints,3,0.0124,unmatched,,,
Ethnic,3,0.0124,unmatched,,,
Pantry,3,0.0124,unmatched,,,
Vmware Server,3,0.0124,unmatched,,,
International Travel,3,0.0124,unmatched,,,
Cloudhub,3,0.0124,unmatched,,,
Head HR,3,0.0124,unmatched,,,
Material procurement,3,0.0124,unmatched,,,
Material Sourcing,3,0.0124,unmatched,,,
Sales Pipeline Management,3,0.0124,unmatched,,,
Clinical Psychology,3,0.0124,unmatched,,,
Line Haul,3,0.0124,unmatched,,,
Cloud Foundry,3,0.0124,unmatched,,,
Health Education,3,0.0124,unmatched,,,
Healthcare Marketing,3,0.0124,unmatched,,,
Strategic Hr,3,0.0124,unmatched,,,
Strategic Communication,3,0.0124,unmatched,,,
WPQ,3,0.0124,unmatched,,,
WM,3,0.0124,unmatched,,,
WIX,3,0.0124,unmatched,,,
Event planning,3,0.0124,unmatched,,,
OMS,3,0.0124,unmatched,,,
Sales Manager Bancassurance,3,0.0124,unmatched,,,
Strategic Sales Planning,3,0.0124,unmatched,,,
ITK,3,0.0124,unmatched,,,
Strategic Management,3,0.0124,unmatched,,,
Clinical Database,3,0.0124,unmatched,,,
BTP IS,3,0.0124,unmatched,,,
IT skills,3,0.0124,unmatched,,,
Linux Internals,3,0.0124,unmatched,,,
Paid Advertising Campaigns,3,0.0124,unmatched,,,
Vsan,3,0.0124,unmatched,,,
Vrops,3,0.0124,unmatched,,,
Voucher Making,3,0.0124,unmatched,,,
Sales Promotions,3,0.0124,unmatched,,,
Health councelling,3,0.0124,unmatched,,,
Master CAM,3,0.0124,unmatched,,,
Storyline,3,0.0124,unmatched,,,
BRIM,3,0.0124,unmatched,,,
BIM model,3,0.0124,unmatched,,,
Strategic management,3,0.0124,unmatched,,,
BTL,3,0.0124,unmatched,,,
Storage Management,3,0.0124,unmatched,,,
BPO Voice,3,0.0124,unmatched,,,
Store operations,3,0.0124,unmatched,,,
Store Manager,3,0.0124,unmatched,,,
Sales coordination,3,0.0124,unmatched,,,
Sales consulting,3,0.0124,unmatched,,,
Martech,3,0.0124,unmatched,,,
WBT,3,0.0124,unmatched,,,
Warranty,3,0.0124,unmatched,,,
Warehouse Management System,3,0.0124,unmatched,,,
Waik,3,0.0124,unmatched,,,
Client interaction,3,0.0124,unmatched,,,
Client coordination,3,0.0124,unmatched,,,
BPO process,3,0.0124,unmatched,,,
Strategic Partnerships,3,0.0124,unmatched,,,
Heathcare coach,3,0.0124,unmatched,,,
Stock exchange,3,0.0124,unmatched,,,
Sales manager,3,0.0124,unmatched,,,
Clerical,3,0.0124,unmatched,,,
Clearing,3,0.0124,unmatched,,,
Sales trainer,3,0.0124,unmatched,,,
Events Management,3,0.0124,unmatched,,,
Event strategy,3,0.0124,unmatched,,,
OTBI,3,0.0124,unmatched,,,
Flux,3,0.0124,unmatched,,,
Flutter Development,3,0.0124,unmatched,,,
Sales lead generation,3,0.0124,unmatched,,,
Sales executive,3,0.0124,unmatched,,,
Client Relations,3,0.0124,unmatched,,,
Back Office Executive,3,0.0124,unmatched,,,
BTP,3,0.0124,unmatched,,,
Civil management,3,0.0124,unmatched,,,
IT Strategy Planning,3,0.0124,unmatched,,,
Salesforce Testing,3,0.0124,unmatched,,,
Salesforce Qa,3,0.0124,unmatched,,,
Classification,3,0.0124,unmatched,,,
Class,3,0.0124,unmatched,,,
Claims processing,3,0.0124,unmatched,,,
Stock Audit,3,0.0124,unmatched,,,
Backbone.Js,3,0.0124,unmatched,,,
Badis,3,0.0124,unmatched,,,
Internet Applications,3,0.0124,unmatched,,,
PPP,3,0.0124,unmatched,,,
PPDS,3,0.0124,unmatched,,,
PSU,3,0.0124,unmatched,,,
ITAM,3,0.0124,unmatched,,,
Sales support,3,0.0124,unmatched,,,
Banking Application,3,0.0124,unmatched,,,
Background Screening,3,0.0124,unmatched,,,
Stewardess Activities,3,0.0124,unmatched,,,
Steward,3,0.0124,unmatched,,,
Helix,3,0.0124,unmatched,,,
Marketing Cloud,3,0.0124,unmatched,,,
Civil Project,3,0.0124,unmatched,,,
Floor management,3,0.0124,unmatched,,,
Flm,3,0.0124,unmatched,,,
Flight Attendant,3,0.0124,unmatched,,,
Flight,3,0.0124,unmatched,,,
OTM,3,0.0124,unmatched,,,
Internet Research,3,0.0124,unmatched,,,
Backup Management,3,0.0124,unmatched,,,
Backup,3,0.0124,unmatched,,,
Cleaning Validation,3,0.0124,unmatched,,,
IT Services,3,0.0124,unmatched,,,
IT Service Delivery,3,0.0124,unmatched,,,
Sap Car,3,0.0124,unmatched,,,
Sap Business Intelligence,3,0.0124,unmatched,,,
Sap Crm,3,0.0124,unmatched,,,
Sap Consulting,3,0.0124,unmatched,,,
Wds,3,0.0124,unmatched,,,
Waterproofing,3,0.0124,unmatched,,,
Expediting,3,0.0124,unmatched,,,
Bank Reconciliation Statement,3,0.0124,unmatched,,,
Helper,3,0.0124,unmatched,,,
Market study,3,0.0124,unmatched,,,
Cisco Ucs,3,0.0124,unmatched,,,
Sap Btp Integration Suite,3,0.0124,unmatched,,,
Civil Architecture,3,0.0124,unmatched,,,
Statutory Reporting,3,0.0124,unmatched,,,
Sap Hybris,3,0.0124,unmatched,,,
Llm,3,0.0124,unmatched,,,
Live Underwriting,3,0.0124,unmatched,,,
Banking Financial Services,3,0.0124,unmatched,,,
High Performance Computing,3,0.0124,unmatched,,,
Executive Production,3,0.0124,unmatched,,,
PNR,3,0.0124,unmatched,,,
Watches,3,0.0124,unmatched,,,
Waste management,3,0.0124,unmatched,,,
Waste Management,3,0.0124,unmatched,,,
Cin,3,0.0124,unmatched,,,
Cif,3,0.0124,unmatched,,,
Sap Development,3,0.0124,unmatched,,,
Sap Data Services,3,0.0124,unmatched,,,
Bartending,3,0.0124,unmatched,,,
IT Solutions,3,0.0124,unmatched,,,
Sap Le,3,0.0124,unmatched,,,
Sap Is-Retail,3,0.0124,unmatched,,,
Sap Is,3,0.0124,unmatched,,,
Chemist,3,0.0124,unmatched,,,
Chemical Processing,3,0.0124,unmatched,,,
Static Analysis,3,0.0124,unmatched,,,
Startup Hiring,3,0.0124,unmatched,,,
Base SAS,3,0.0124,unmatched,,,
Base,3,0.0124,unmatched,,,
Export Industry Experience,3,0.0124,unmatched,,,
Object Oriented Programming,3,0.0124,unmatched,,,
Interpretation,3,0.0124,unmatched,,,
Chrome Plating,3,0.0124,unmatched,,,
Sap Fiori Ui5,3,0.0124,unmatched,,,
Sap Erp,3,0.0124,unmatched,,,
Circuit Breakers,3,0.0124,unmatched,,,
Channel partner management,3,0.0124,unmatched,,,
Channel distribution,3,0.0124,unmatched,,,
Channel Strategy,3,0.0124,unmatched,,,
Channel Sales Executive,3,0.0124,unmatched,,,
WebDynPro,3,0.0124,unmatched,,,
WebAPI,3,0.0124,unmatched,,,
Express Server,3,0.0124,unmatched,,,
PID,3,0.0124,unmatched,,,
PHE,3,0.0124,unmatched,,,
Chemical Industry,3,0.0124,unmatched,,,
Hindi Speaking,3,0.0124,unmatched,,,
Market Dynamics,3,0.0124,unmatched,,,
Market Data,3,0.0124,unmatched,,,
Stakeholder Communication,3,0.0124,unmatched,,,
Banner Designing,3,0.0124,unmatched,,,
Sap Logistics,3,0.0124,unmatched,,,
Certified Ethical Hacker,3,0.0124,unmatched,,,
Channel Partners,3,0.0124,unmatched,,,
Sap Qm,3,0.0124,unmatched,,,
Beam,3,0.0124,unmatched,,,
Be Degree,3,0.0124,unmatched,,,
Extruder,3,0.0124,unmatched,,,
Fixed asset accounting,3,0.0124,unmatched,,,
Ocr,3,0.0124,unmatched,,,
Ocean,3,0.0124,unmatched,,,
Occupational health,3,0.0124,unmatched,,,
Obstetrics,3,0.0124,unmatched,,,
Web Content,3,0.0124,unmatched,,,
Web Application Testing,3,0.0124,unmatched,,,
Load testing,3,0.0124,unmatched,,,
Basel,3,0.0124,unmatched,,,
Sap Pp Qm,3,0.0124,unmatched,,,
Ce,3,0.0124,unmatched,,,
Bc,3,0.0124,unmatched,,,
IT Hardware,3,0.0124,unmatched,,,
Loan Origination System,3,0.0124,unmatched,,,
IT Risk,3,0.0124,unmatched,,,
PDI,3,0.0124,unmatched,,,
PDCA,3,0.0124,unmatched,,,
PCS,3,0.0124,unmatched,,,
Web content,3,0.0124,unmatched,,,
Inventory Accounting,3,0.0124,unmatched,,,
PCG,3,0.0124,unmatched,,,
Histopathology,3,0.0124,unmatched,,,
Marine Insurance,3,0.0124,unmatched,,,
Marine,3,0.0124,unmatched,,,
MariaDB,3,0.0124,unmatched,,,
Margins,3,0.0124,unmatched,,,
Sas Viya,3,0.0124,unmatched,,,
Catering Sales,3,0.0124,unmatched,,,
Hobbing,3,0.0124,unmatched,,,
Manufacturing Technology,3,0.0124,unmatched,,,
Ccie,3,0.0124,unmatched,,,
Sql Database,3,0.0124,partial/semantic_match,Database,"Nashik University, University of Mumbai","MDC401 Multidisciplinary minor 20 20 40 60 2 -- -- 100, MDL401 Multidisciplinary minor -- 2 -- -- -- 1 1, MDC401 Multidisciplinary minor 3 -- -- 3 -- -- 3, Unknown"
Sqa,3,0.0124,unmatched,,,
Wholesale,3,0.0124,unmatched,,,
FCL,3,0.0124,unmatched,,,
External Communications,3,0.0124,unmatched,,,
Cctv Installation,3,0.0124,unmatched,,,
Cctv,3,0.0124,unmatched,,,
Benefits Configurations,3,0.0124,unmatched,,,
Ccs,3,0.0124,unmatched,,,
Battery Design,3,0.0124,unmatched,,,
Celonis,3,0.0124,unmatched,,,
Bench Sales,3,0.0124,unmatched,,,
Cassandra Database,3,0.0124,unmatched,,,
Scale Up,3,0.0124,unmatched,,,
Home loan,3,0.0124,unmatched,,,
Schematic,3,0.0124,unmatched,,,
Log Analytics,3,0.0124,unmatched,,,
Log Analysis,3,0.0124,unmatched,,,
Lodr,3,0.0124,unmatched,,,
PA,3,0.0124,unmatched,,,
P Tax,3,0.0124,unmatched,,,
Website,3,0.0124,unmatched,,,
Weblogic Administration,3,0.0124,unmatched,,,
Sprint Review,3,0.0124,unmatched,,,
Sprinklr,3,0.0124,unmatched,,,
Spring Security,3,0.0124,unmatched,,,
Sql Server Dba,3,0.0124,unmatched,,,
Scm,3,0.0124,unmatched,,,
Case Processing,3,0.0124,unmatched,,,
Bigtable,3,0.0124,unmatched,,,
Bi Testing,3,0.0124,unmatched,,,
Spring Data,3,0.0124,unmatched,,,
Inverter,3,0.0124,unmatched,,,
Inventory Valuation,3,0.0124,unmatched,,,
Ivd,3,0.0124,unmatched,,,
Odata Services,3,0.0124,unmatched,,,
FDI,3,0.0124,unmatched,,,
Owasp Top,3,0.0124,unmatched,,,
Overseas Marketing,3,0.0124,unmatched,,,
Outward Clearing,3,0.0124,unmatched,,,
IT Management,3,0.0124,unmatched,,,
Bending Machine,3,0.0124,unmatched,,,
Benchmarking,3,0.0124,unmatched,,,
Bill Of Materials,3,0.0124,unmatched,,,
Bidding Process,3,0.0124,unmatched,,,
Bid Preparation,3,0.0124,unmatched,,,
Bid Evaluation,3,0.0124,unmatched,,,
Bilingual,3,0.0124,unmatched,,,
Scp,3,0.0124,unmatched,,,
Orthopedic,3,0.0124,unmatched,,,
Oriya,3,0.0124,unmatched,,,
Firewalls,3,0.0124,unmatched,,,
Firewall Management,3,0.0124,unmatched,,,
Oem,3,0.0124,unmatched,,,
Welfare,3,0.0124,unmatched,,,
Hootsuite,3,0.0124,unmatched,,,
Manufacturing Management,3,0.0124,unmatched,,,
Spring Boot Framework,3,0.0124,unmatched,,,
Spreadsheets,3,0.0124,unmatched,,,
Capital Goods,3,0.0124,unmatched,,,
Secure Sdlc,3,0.0124,unmatched,,,
Logistics management,3,0.0124,unmatched,,,
BigQuery,3,0.0124,unmatched,,,
Big Query,3,0.0124,unmatched,,,
Sports Content Writing,3,0.0124,unmatched,,,
Sports Content Editor,3,0.0124,unmatched,,,
Sdn,3,0.0124,unmatched,,,
Scrum master,3,0.0124,unmatched,,,
Car Evaluation,3,0.0124,unmatched,,,
Wire,3,0.0124,unmatched,,,
Oum,3,0.0124,unmatched,,,
Otm,3,0.0124,unmatched,,,
Ota,3,0.0124,unmatched,,,
Osha,3,0.0124,unmatched,,,
Hospital Marketing,3,0.0124,unmatched,,,
Candidate Screening,3,0.0124,unmatched,,,
Security Controls,3,0.0124,unmatched,,,
Security Automation,3,0.0124,unmatched,,,
Specialty Doctor,3,0.0124,unmatched,,,
Special Educator,3,0.0124,unmatched,,,
Order Taking,3,0.0124,unmatched,,,
Fire alarm system,3,0.0124,unmatched,,,
WinCC,3,0.0124,unmatched,,,
AIML,3,0.0124,unmatched,,,
AI tools,3,0.0124,unmatched,,,
Logical Approach,3,0.0124,unmatched,,,
Logic Apps,3,0.0124,unmatched,,,
Bill Processing,3,0.0124,unmatched,,,
Bill Passing,3,0.0124,unmatched,,,
Manhattan WMS Testing,3,0.0124,unmatched,,,
Hotels,3,0.0124,unmatched,,,
Housekeeping Associate,3,0.0124,unmatched,,,
Special Education,3,0.0124,unmatched,,,
Spares management,3,0.0124,unmatched,,,
Security Operations Center,3,0.0124,unmatched,,,
Security management,3,0.0124,unmatched,,,
AD,3,0.0124,unmatched,,,
AEM,3,0.0124,unmatched,,,
Facade Design,3,0.0124,unmatched,,,
Organizational development,3,0.0124,unmatched,,,
Organizational Skills,3,0.0124,unmatched,,,
Organic Synthesis,3,0.0124,unmatched,,,
Order Tracking,3,0.0124,unmatched,,,
Hotel Projects,3,0.0124,unmatched,,,
Hotel Housekeeping,3,0.0124,unmatched,,,
Campus recruitment,3,0.0124,unmatched,,,
Canteen Management,3,0.0124,unmatched,,,
Cable Manufacturing,3,0.0124,unmatched,,,
Cable Laying,3,0.0124,unmatched,,,
Selling Upselling,3,0.0124,unmatched,,,
Blockchain,3,0.0124,unmatched,,,
Bluetooth,3,0.0124,unmatched,,,
Windows Support,3,0.0124,unmatched,,,
Windows Services,3,0.0124,unmatched,,,
Windows Os,3,0.0124,partial/semantic_match,Operating System,"Nashik University, University of Mumbai, Savitribai Phule Pune University","Unknown, MDL401 Multidisciplinary minor -- 2 -- -- -- 1 1, MDC401 Multidisciplinary minor 3 -- -- 3 -- -- 3, MDC401 Multidisciplinary minor 20 20 40 60 2 -- -- 100"
Logstash,3,0.0124,unmatched,,,
Seeburger,3,0.0124,unmatched,,,
Security+,3,0.0124,unmatched,,,
Campaign Strategy,3,0.0124,unmatched,,,
Space Management,3,0.0124,unmatched,,,
Hp Data Protector,3,0.0124,unmatched,,,
Housekeeping management,3,0.0124,unmatched,,,
Housekeeping Staff,3,0.0124,unmatched,,,
Fiori Apps,3,0.0124,unmatched,,,
Office assistance,3,0.0124,unmatched,,,
Senior Finance Associate,3,0.0124,unmatched,,,
Sop Preparation,3,0.0124,unmatched,,,
ISERIES,3,0.0124,unmatched,,,
Loyalty Marketing,3,0.0124,unmatched,,,
Loyalty Channel,3,0.0124,unmatched,,,
Office administration,3,0.0124,unmatched,,,
Firebase,3,0.0124,unmatched,,,
Oracle Sales,3,0.0124,unmatched,,,
Fabrication Industry,3,0.0124,unmatched,,,
Fabrication Drawing,3,0.0124,unmatched,,,
Oracle forms,3,0.0124,unmatched,,,
Blazemeter,3,0.0124,unmatched,,,
Hr,3,0.0124,unmatched,,,
Hr Reporting,3,0.0124,unmatched,,,
CTD,3,0.0124,unmatched,,,
Seo Marketing,3,0.0124,unmatched,,,
Bmc,3,0.0124,unmatched,,,
Low Latency,3,0.0124,unmatched,,,
Lotus Script,3,0.0124,unmatched,,,
Lotus Notes,3,0.0124,unmatched,,,
Sox Audit,3,0.0124,unmatched,,,
Cable Sizing,3,0.0124,unmatched,,,
Hr Metrics,3,0.0124,unmatched,,,
Management audit,3,0.0124,unmatched,,,
Management Training,3,0.0124,unmatched,,,
Investment Analysis,3,0.0124,unmatched,,,
Oracle Purchasing,3,0.0124,unmatched,,,
Oracle Project Accounting,3,0.0124,unmatched,,,
Oracle Procedural Language,3,0.0124,unmatched,,,
Faculty,3,0.0124,unmatched,,,
HubSpot,3,0.0124,unmatched,,,
CRM software,3,0.0124,unmatched,,,
Solution delivery,3,0.0124,unmatched,,,
Body Shop,3,0.0124,unmatched,,,
Bods,3,0.0124,unmatched,,,
Bluecoat,3,0.0124,unmatched,,,
Bluebeam,3,0.0124,unmatched,,,
Source,3,0.0124,unmatched,,,
Hrms,3,0.0124,unmatched,,,
Hr Transformation,3,0.0124,unmatched,,,
Finite Element Analysis,3,0.0124,unmatched,,,
Investment Research,3,0.0124,unmatched,,,
Investment Planning,3,0.0124,unmatched,,,
Serverless Architecture,3,0.0124,unmatched,,,
Server administration,3,0.0124,unmatched,,,
CTV,3,0.0124,unmatched,,,
COPQ,3,0.0124,unmatched,,,
Solution Integration,3,0.0124,unmatched,,,
Solution Delivery,3,0.0124,unmatched,,,
IRIS,3,0.0124,unmatched,,,
Oracle Finance Functional,3,0.0124,unmatched,,,
Oracle Finance,3,0.0124,unmatched,,,
Fast Formula,3,0.0124,unmatched,,,
Oracle Identity Manager,3,0.0124,unmatched,,,
Oracle HRMS,3,0.0124,unmatched,,,
Oracle HCM Fusion,3,0.0124,unmatched,,,
Oracle Fusion Ppm,3,0.0124,unmatched,,,
Sonarqube,3,0.0124,unmatched,,,
Bml,3,0.0124,unmatched,,,
Service delivery management,3,0.0124,unmatched,,,
Html5,3,0.0124,unmatched,,,
Hr Solutions,3,0.0124,unmatched,,,
Maintenance Department,3,0.0124,unmatched,,,
Bpo Calling,3,0.0124,unmatched,,,
Bpo Backoffice,3,0.0124,unmatched,,,
Bpcs,3,0.0124,unmatched,,,
Workday HCM,3,0.0124,unmatched,,,
Oracle EBS,3,0.0124,unmatched,,,
Family Office,3,0.0124,unmatched,,,
Lte,3,0.0124,unmatched,,,
Bod,3,0.0124,unmatched,,,
ServiceNow CMDB Developer,3,0.0124,unmatched,,,
Service operations,3,0.0124,unmatched,,,
CRE,3,0.0124,unmatched,,,
ServiceNow ITOM,3,0.0124,unmatched,,,
Human Resource,3,0.0124,unmatched,,,
Make,3,0.0124,unmatched,,,
CPA,3,0.0124,unmatched,,,
CMS1500,3,0.0124,unmatched,,,
Hybris,3,0.0124,unmatched,,,
Bom Management,3,0.0124,unmatched,,,
Set,3,0.0124,unmatched,,,
Servo drives,3,0.0124,unmatched,,,
Servo Motors,3,0.0124,unmatched,,,
Servo,3,0.0124,unmatched,,,
Share Broking,3,0.0124,unmatched,,,
Sftp,3,0.0124,unmatched,,,
Fastapi,3,0.0124,unmatched,,,
Feasibility Studies,3,0.0124,unmatched,,,
Ojt,3,0.0124,unmatched,,,
Work From Home,3,0.0124,unmatched,,,
Workday Studio,3,0.0124,unmatched,,,
Human Capital Management,3,0.0124,unmatched,,,
Maintenance Management,3,0.0124,unmatched,,,
CI/Cd,3,0.0124,unmatched,,,
Sharepoint Online Development,3,0.0124,unmatched,,,
SharePoint,3,0.0124,unmatched,,,
CHA,3,0.0124,unmatched,,,
CGI,3,0.0124,unmatched,,,
Oracle Cpq,3,0.0124,unmatched,,,
Oracle Core HR,3,0.0124,unmatched,,,
Fertilizer,3,0.0124,unmatched,,,
Oracle Development,3,0.0124,unmatched,,,
Oracle Database Enterprise Edition,3,0.0124,unmatched,,,
Fcl,3,0.0124,unmatched,,,
Fcc,3,0.0124,unmatched,,,
Fat,3,0.0124,unmatched,,,
M Code,3,0.0124,unmatched,,,
Lv Switchgear,3,0.0124,unmatched,,,
Solution Architecture,3,0.0124,unmatched,,,
Hydraulic Press Machine,3,0.0124,unmatched,,,
Hydraulic Maintenance,3,0.0124,unmatched,,,
Hypermesh,3,0.0124,unmatched,,,
CICD,3,0.0124,unmatched,,,
CELTA,3,0.0124,unmatched,,,
Shift Management,3,0.0124,unmatched,,,
Solaris Administration,3,0.0124,unmatched,,,
Solar Rooftop,3,0.0124,unmatched,,,
Bpc,3,0.0124,unmatched,,,
Boy Activities,3,0.0124,unmatched,,,
Oracle Application Framework,3,0.0124,unmatched,,,
Fine Chemicals,3,0.0124,unmatched,,,
Oracle Data Integrator,3,0.0124,unmatched,,,
Invoice,3,0.0124,unmatched,,,
Itgc,3,0.0124,unmatched,,,
IoT,3,0.0124,unmatched,,,
Siemens,3,0.0124,unmatched,,,
Siebel Configuration,3,0.0124,unmatched,,,
Solar Energy,3,0.0124,unmatched,,,
Brand Positioning,3,0.0124,unmatched,,,
Workiva,3,0.0124,unmatched,,,
7Qc Tools,3,0.0124,unmatched,,,
Optometrist,3,0.0124,unmatched,,,
Optics,3,0.0124,unmatched,,,
Feature Engineering,3,0.0124,unmatched,,,
Oracle Cloud Cost Management,3,0.0124,unmatched,,,
Shop Drawing,3,0.0124,unmatched,,,
Shipping Line,3,0.0124,unmatched,,,
Shipment Tracking,3,0.0124,unmatched,,,
Branch Audit,3,0.0124,unmatched,,,
Solid Waste Management,3,0.0124,unmatched,,,
Hygienist Activities,3,0.0124,unmatched,,,
IATF 16949,3,0.0124,unmatched,,,
C2H,3,0.0124,unmatched,,,
MBBS Doctor,3,0.0124,unmatched,,,
Silk Performer,3,0.0124,unmatched,,,
Silicon,3,0.0124,unmatched,,,
Signal Processing,3,0.0124,unmatched,,,
Signage,3,0.0124,unmatched,,,
Workforce management,3,0.0124,unmatched,,,
5G,3,0.0124,unmatched,,,
4G,3,0.0124,unmatched,,,
400Kv,3,0.0124,unmatched,,,
Worldspan,3,0.0124,unmatched,,,
Worksoft,3,0.0124,unmatched,,,
Solid Orals,3,0.0124,unmatched,,,
CASA,3,0.0124,unmatched,,,
CDS,3,0.0124,unmatched,,,
Brand strategy,3,0.0124,unmatched,,,
Brand management,3,0.0124,unmatched,,,
Solar Design,3,0.0124,unmatched,,,
Soildworks,3,0.0124,unmatched,,,
Machine Shop Quality,3,0.0124,unmatched,,,
Machine Operator,3,0.0124,unmatched,,,
Write Off,3,0.0124,unmatched,,,
Opex,3,0.0124,unmatched,,,
Butler Activities,3,0.0124,unmatched,,,
Butchery,3,0.0124,unmatched,,,
Site Installation,3,0.0124,unmatched,,,
IMS,3,0.0124,unmatched,,,
IM,3,0.0124,unmatched,,,
ME,3,0.0124,unmatched,,,
Machining Quality,3,0.0124,unmatched,,,
IBM,3,0.0124,unmatched,,,
Bridge Design,3,0.0124,unmatched,,,
Business delivery,3,0.0124,unmatched,,,
Site supervision,3,0.0124,unmatched,,,
Six,3,0.0124,unmatched,,,
Business advisory services,3,0.0124,unmatched,,,
3D Studio Max,3,0.0124,unmatched,,,
3D Software,3,0.0124,unmatched,,,
3D Rendering,3,0.0124,unmatched,,,
Onbparding,3,0.0124,unmatched,,,
Onboarding Process,3,0.0124,unmatched,,,
Field Visit,3,0.0124,unmatched,,,
XCode,3,0.0124,unmatched,,,
Business process modeling,3,0.0124,unmatched,,,
Business operations,3,0.0124,unmatched,,,
Bw,3,0.0124,unmatched,,,
Brochure Design,3,0.0124,unmatched,,,
OpenAI,3,0.0124,unmatched,,,
Filling Machine,3,0.0124,unmatched,,,
ICD,3,0.0124,unmatched,,,
MSA,3,0.0124,unmatched,,,
Field sales management,3,0.0124,unmatched,,,
Operational Management,3,0.0124,unmatched,,,
Invoice Management,3,0.0124,unmatched,,,
It Software Sales,3,0.0124,unmatched,,,
Small Enterprise,3,0.0124,unmatched,,,
MSW,3,0.0124,unmatched,,,
ILE RPG,3,0.0124,unmatched,,,
Sizing,3,0.0124,unmatched,,,
Business Process Review,3,0.0124,unmatched,,,
Mac Support,3,0.0124,unmatched,,,
MT,3,0.0124,unmatched,,,
MIG Welding,3,0.0124,unmatched,,,
Business Continuity Management,3,0.0124,unmatched,,,
Soap Web Services,3,0.0124,unmatched,,,
IGAAP,3,0.0124,unmatched,,,
Browser Compatibility,3,0.0124,unmatched,,,
Brownfield,3,0.0124,unmatched,,,
Broking Channel,3,0.0124,unmatched,,,
Software Marketing,3,0.0124,unmatched,,,
Snow Flake Schema,3,0.0124,unmatched,,,
Snow Development,3,0.0124,unmatched,,,
Snacks,3,0.0124,unmatched,,,
Smtp,3,0.0124,unmatched,,,
Business Process,3,0.0124,unmatched,,,
Soap Ui,3,0.0124,unmatched,,,
Ir,3,0.0124,unmatched,,,
It Project Management,3,0.0124,unmatched,,,
Openai,3,0.0124,unmatched,,,
patient care Management,3,0.0124,unmatched,,,
Iso 27001 Lead Auditor,3,0.0124,unmatched,,,
14001,3,0.0124,unmatched,,,
python+ fastAPI,3,0.0124,unmatched,,,
Xpath,3,0.0124,unmatched,,,
Finance Executive,3,0.0124,unmatched,,,
Ood,3,0.0124,unmatched,,,
Finalization,3,0.0124,unmatched,,,
Open Api,3,0.0124,unmatched,,,
Build Automation,3,0.0124,unmatched,,,
Software Architecture Design,3,0.0124,unmatched,,,
sales Development,3,0.0124,unmatched,,,
Zscaler,3,0.0124,unmatched,,,
Zonal Sales,3,0.0124,unmatched,,,
Isu,3,0.0124,unmatched,,,
Socket Programming,3,0.0124,unmatched,,,
Additives,3,0.0124,unmatched,,,
Adc,3,0.0124,unmatched,,,
Product Analyst,3,0.0124,unmatched,,,
Product Analysis,3,0.0124,unmatched,,,
Draftsman activities,3,0.0124,unmatched,,,
Product Campaigns,3,0.0124,unmatched,,,
Installshield,3,0.0124,unmatched,,,
Online Platforms,3,0.0124,unmatched,,,
Financial Due Diligence,3,0.0124,unmatched,,,
3 Way Matching,3,0.0124,unmatched,,,
Yoga,3,0.0124,unmatched,,,
Isometrics,3,0.0124,unmatched,,,
Iso Ts 9,3,0.0124,unmatched,,,
It Operations,3,0.0124,unmatched,,,
python+ fast API,3,0.0124,unmatched,,,
12C,3,0.0124,unmatched,,,
24X7,2,0.0083,unmatched,,,
operation Head,2,0.0083,unmatched,,,
iOS,2,0.0083,unmatched,,,
bank Officer,2,0.0083,unmatched,,,
and organizational skills. Knowledge of garment production and materials. Ability to work under deadlines and handle multiple tasks. Awareness of sustainable sourcing practi,2,0.0083,unmatched,,,
Zoho Creator,2,0.0083,unmatched,,,
Xml Publisher,2,0.0083,unmatched,,,
Yocto,2,0.0083,unmatched,,,
YourKit,2,0.0083,unmatched,,,
Youtube,2,0.0083,unmatched,,,
3D CAD Modelling,2,0.0083,unmatched,,,
Ipqa,2,0.0083,unmatched,,,
Ionic Framework,2,0.0083,unmatched,,,
Ios Framework,2,0.0083,unmatched,,,
Iosh,2,0.0083,unmatched,,,
Ip Protocols,2,0.0083,unmatched,,,
It Returns,2,0.0083,unmatched,,,
3G,2,0.0083,unmatched,,,
3Pl,2,0.0083,unmatched,,,
Xcode,2,0.0083,unmatched,,,
Xcp,2,0.0083,unmatched,,,
Openlink Endur,2,0.0083,unmatched,,,
Filters,2,0.0083,unmatched,,,
Fin,2,0.0083,unmatched,,,
Openshift Administration,2,0.0083,unmatched,,,
Financial Processes,2,0.0083,unmatched,,,
Onedrive,2,0.0083,unmatched,,,
Online Media,2,0.0083,unmatched,,,
Online Operations,2,0.0083,unmatched,,,
Financial Analytics,2,0.0083,unmatched,,,
Financial Concepts,2,0.0083,unmatched,,,
Opd Incharge,2,0.0083,unmatched,,,
Opd Staff,2,0.0083,unmatched,,,
Open Telemetry,2,0.0083,unmatched,,,
Finance Controller,2,0.0083,unmatched,,,
Ontime Delivery,2,0.0083,unmatched,,,
Ooa,2,0.0083,unmatched,,,
Field Sales Executive,2,0.0083,unmatched,,,
Field Support,2,0.0083,unmatched,,,
Oncology Sales,2,0.0083,unmatched,,,
Financial Planning & Analytics,2,0.0083,unmatched,,,
Field operations,2,0.0083,unmatched,,,
Field work,2,0.0083,unmatched,,,
Fieldglass,2,0.0083,unmatched,,,
Fifo,2,0.0083,unmatched,,,
Opentext Exstream,2,0.0083,unmatched,,,
Operating System Installation,2,0.0083,unmatched,,,
Operation And Maintanance,2,0.0083,unmatched,,,
File Services,2,0.0083,unmatched,,,
File System,2,0.0083,unmatched,,,
Filed Work,2,0.0083,unmatched,,,
Operational Efficiency,2,0.0083,unmatched,,,
Openlink,2,0.0083,unmatched,,,
Optometrists,2,0.0083,unmatched,,,
Oq,2,0.0083,unmatched,,,
Fiber,2,0.0083,unmatched,,,
Fiber Optic,2,0.0083,unmatched,,,
Financial Ratios,2,0.0083,unmatched,,,
Financial Reconciliation,2,0.0083,unmatched,,,
Financial Record Keeping,2,0.0083,unmatched,,,
Financial Risk Management,2,0.0083,unmatched,,,
Financial Statement,2,0.0083,unmatched,,,
On-Page Optimization,2,0.0083,unmatched,,,
Operations Team Handling,2,0.0083,unmatched,,,
Ops,2,0.0083,unmatched,,,
Field Engineering,2,0.0083,unmatched,,,
Field Executive,2,0.0083,unmatched,,,
Field Officer,2,0.0083,unmatched,,,
Operations Leadership,2,0.0083,unmatched,,,
Oracle Database Architecture,2,0.0083,unmatched,,,
Oracle Database Enterprise,2,0.0083,unmatched,,,
Fine arts,2,0.0083,unmatched,,,
OmniScript,2,0.0083,unmatched,,,
Omnistudio,2,0.0083,unmatched,,,
On Job Training,2,0.0083,unmatched,,,
On Page Optimiztion,2,0.0083,unmatched,,,
Financial Strategy,2,0.0083,unmatched,,,
Financial Systems,2,0.0083,unmatched,,,
Financial Transformation,2,0.0083,unmatched,,,
Financial advisory,2,0.0083,unmatched,,,
Financial consultancy,2,0.0083,unmatched,,,
Financial control,2,0.0083,unmatched,,,
Field Operation,2,0.0083,unmatched,,,
Optimizely,2,0.0083,unmatched,,,
Options,2,0.0083,unmatched,,,
Fashion Advisor,2,0.0083,unmatched,,,
Oracle EPM,2,0.0083,unmatched,,,
Oracle Ebs Functional,2,0.0083,unmatched,,,
Oracle Exadata,2,0.0083,unmatched,,,
Fashion Illustration,2,0.0083,unmatched,,,
Oil And Gas Project,2,0.0083,unmatched,,,
Financial risk,2,0.0083,unmatched,,,
Financial sector,2,0.0083,unmatched,,,
Financial statement analysis,2,0.0083,unmatched,,,
Financing,2,0.0083,unmatched,,,
Fdme,2,0.0083,unmatched,,,
Fe Analysis,2,0.0083,unmatched,,,
Feasibility studies,2,0.0083,unmatched,,,
Fault Management,2,0.0083,unmatched,,,
Fccs,2,0.0083,unmatched,,,
Feild Service,2,0.0083,unmatched,,,
Factory Administration,2,0.0083,unmatched,,,
Factory Automation,2,0.0083,unmatched,,,
Factory Building,2,0.0083,unmatched,,,
Ogma,2,0.0083,unmatched,,,
Ohs,2,0.0083,unmatched,,,
Finished Goods,2,0.0083,unmatched,,,
Finished products,2,0.0083,unmatched,,,
Finsim,2,0.0083,unmatched,,,
Oracle Fusion Scm,2,0.0083,unmatched,,,
Oracle Golden Gate,2,0.0083,unmatched,,,
Oracle OR Sybase,2,0.0083,unmatched,,,
Oracle Order,2,0.0083,unmatched,,,
Fast Food,2,0.0083,unmatched,,,
Oracle Fusion Benefits,2,0.0083,unmatched,,,
Oracle Fusion Benefits Consultant,2,0.0083,unmatched,,,
Farm Equipment,2,0.0083,unmatched,,,
Oracle financials,2,0.0083,unmatched,,,
Oracle RAC,2,0.0083,unmatched,,,
Oracle SOA Suite,2,0.0083,unmatched,,,
Oracle SaaS applications,2,0.0083,unmatched,,,
Oracle Sales Cloud,2,0.0083,unmatched,,,
Facebook ads,2,0.0083,unmatched,,,
Facial,2,0.0083,unmatched,,,
Firefighting,2,0.0083,unmatched,,,
Office Maintenance,2,0.0083,unmatched,,,
Office automation,2,0.0083,unmatched,,,
Office coordination,2,0.0083,unmatched,,,
Offline,2,0.0083,unmatched,,,
Fiori,2,0.0083,unmatched,,,
Fiori Ui,2,0.0083,unmatched,,,
Failover,2,0.0083,unmatched,,,
Oracle PaaS,2,0.0083,unmatched,,,
Otl,2,0.0083,unmatched,,,
FSMS,2,0.0083,unmatched,,,
FMCG Operations,2,0.0083,unmatched,,,
FPGA,2,0.0083,unmatched,,,
FPNA,2,0.0083,unmatched,,,
Firmware Testing,2,0.0083,unmatched,,,
Fire fighting,2,0.0083,unmatched,,,
Organic Chemistry,2,0.0083,unmatched,,,
Organizational Change Management,2,0.0083,unmatched,,,
Oracle fusion middleware,2,0.0083,unmatched,,,
Oracle technologies,2,0.0083,unmatched,,,
Oral Surgery,2,0.0083,unmatched,,,
Orchestrator,2,0.0083,unmatched,,,
FTIR,2,0.0083,unmatched,,,
Fabric Testing,2,0.0083,unmatched,,,
Facility Services,2,0.0083,unmatched,,,
Ownership,2,0.0083,unmatched,,,
FIDIC,2,0.0083,unmatched,,,
Outbound Calls,2,0.0083,unmatched,,,
Outbound Voice Process,2,0.0083,unmatched,,,
Outdoor Advertising,2,0.0083,unmatched,,,
FD,2,0.0083,unmatched,,,
FE analysis,2,0.0083,unmatched,,,
Odi,2,0.0083,unmatched,,,
Odin,2,0.0083,unmatched,,,
Oecd,2,0.0083,unmatched,,,
Oem Management,2,0.0083,unmatched,,,
Off Page SEO,2,0.0083,unmatched,,,
Firewall Configuration,2,0.0083,unmatched,,,
Orthopedic Surgery,2,0.0083,unmatched,,,
Osi Pi,2,0.0083,unmatched,,,
Oss / Bss,2,0.0083,unmatched,,,
PC Maintenance,2,0.0083,unmatched,,,
PCC,2,0.0083,unmatched,,,
Extend,2,0.0083,unmatched,,,
Exterior Trims,2,0.0083,unmatched,,,
Fishbone,2,0.0083,unmatched,,,
Fitness trainer,2,0.0083,unmatched,,,
Fiu,2,0.0083,unmatched,,,
FAW,2,0.0083,unmatched,,,
P & ID,2,0.0083,unmatched,,,
P &Id,2,0.0083,unmatched,,,
P&C insurance,2,0.0083,unmatched,,,
P&ID,2,0.0083,unmatched,,,
P&L Management,2,0.0083,unmatched,,,
Outsystems,2,0.0083,unmatched,,,
Outward Remittance,2,0.0083,unmatched,,,
Overseas Recruitment,2,0.0083,unmatched,,,
PLC PROGRAMMING,2,0.0083,unmatched,,,
Expression blend,2,0.0083,unmatched,,,
Export Finance,2,0.0083,unmatched,,,
Export House,2,0.0083,unmatched,,,
Export Import,2,0.0083,unmatched,,,
FlexCards,2,0.0083,unmatched,,,
Flexcube,2,0.0083,unmatched,,,
Flexera,2,0.0083,unmatched,,,
Objective C,2,0.0083,unmatched,,,
Obstetrics And Gynaecology,2,0.0083,unmatched,,,
PCF,2,0.0083,unmatched,,,
PDIR,2,0.0083,unmatched,,,
PBCS,2,0.0083,unmatched,,,
F & A,2,0.0083,unmatched,,,
F&A,2,0.0083,unmatched,,,
PC,2,0.0083,unmatched,,,
PLC programming,2,0.0083,unmatched,,,
Expenses,2,0.0083,unmatched,,,
Experience Design,2,0.0083,unmatched,,,
PLCS,2,0.0083,unmatched,,,
PMC,2,0.0083,unmatched,,,
Executives,2,0.0083,unmatched,,,
Exit,2,0.0083,unmatched,,,
Exit Management,2,0.0083,unmatched,,,
Oam,2,0.0083,unmatched,,,
Object Detection,2,0.0083,unmatched,,,
Object Oriented Analysis,2,0.0083,unmatched,,,
Flanges,2,0.0083,unmatched,,,
PHP Development,2,0.0083,unmatched,,,
PIRANGUT PUNE,2,0.0083,unmatched,,,
PKC,2,0.0083,unmatched,,,
PLC PROGRAMMER,2,0.0083,unmatched,,,
PROJECT SYSTEMS,2,0.0083,unmatched,,,
Exchange,2,0.0083,unmatched,,,
Exchange Online,2,0.0083,unmatched,,,
OTDR,2,0.0083,unmatched,,,
OVM,2,0.0083,unmatched,,,
OWASP ZAP,2,0.0083,unmatched,,,
Flexible Packaging,2,0.0083,unmatched,,,
Flipkart Seller Hub,2,0.0083,unmatched,,,
Floor Operations,2,0.0083,unmatched,,,
Floor Planning,2,0.0083,unmatched,,,
Executive assistant,2,0.0083,unmatched,,,
Executive management,2,0.0083,unmatched,,,
PP Module,2,0.0083,unmatched,,,
Excipients,2,0.0083,unmatched,,,
Expeditor,2,0.0083,unmatched,,,
Executive Secretary,2,0.0083,unmatched,,,
Packing Machine,2,0.0083,unmatched,,,
Event Operations,2,0.0083,unmatched,,,
OT Technician,2,0.0083,unmatched,,,
Flow Meter,2,0.0083,unmatched,,,
PYTHON,2,0.0083,partial/semantic_match,Python,"Nashik University, University of Mumbai, Savitribai Phule Pune University","MDC401 Multidisciplinary minor 20 20 40 60 2 -- -- 100, Unknown"
Event services,2,0.0083,unmatched,,,
Examiner Activities,2,0.0083,unmatched,,,
Excavation,2,0.0083,unmatched,,,
Exchange Server,2,0.0083,unmatched,,,
Exchange server,2,0.0083,unmatched,,,
PRPC,2,0.0083,unmatched,,,
PSM,2,0.0083,unmatched,,,
Excel Macros,2,0.0083,unmatched,,,
PPP models,2,0.0083,unmatched,,,
PQR,2,0.0083,unmatched,,,
PRINCE2,2,0.0083,unmatched,,,
Paint Protection Film,2,0.0083,unmatched,,,
Panel Assembly,2,0.0083,unmatched,,,
OLP,2,0.0083,unmatched,,,
ON ROLLS JOB,2,0.0083,unmatched,,,
ONB,2,0.0083,unmatched,,,
OOAD,2,0.0083,unmatched,,,
Fmcg,2,0.0083,unmatched,,,
OR-Tools,2,0.0083,unmatched,,,
Event marketing,2,0.0083,unmatched,,,
Evaluate Bids,2,0.0083,unmatched,,,
Event Driven Architecture,2,0.0083,unmatched,,,
Event Execution,2,0.0083,unmatched,,,
Event Hub,2,0.0083,unmatched,,,
Paint Inspection,2,0.0083,unmatched,,,
PaaS solutions,2,0.0083,unmatched,,,
Packaging Development,2,0.0083,unmatched,,,
Party Reconciliation,2,0.0083,unmatched,,,
Passenger Handling,2,0.0083,unmatched,,,
Esg Reporting,2,0.0083,unmatched,,,
Food Testing,2,0.0083,unmatched,,,
Follow Up With Suppliers,2,0.0083,unmatched,,,
Follow ups,2,0.0083,unmatched,,,
Food Engineering,2,0.0083,unmatched,,,
OIM,2,0.0083,unmatched,,,
Etl Automation Testing,2,0.0083,unmatched,,,
Part Costing,2,0.0083,unmatched,,,
Estate Management,2,0.0083,unmatched,,,
Estate Planning,2,0.0083,unmatched,,,
Parameterization,2,0.0083,unmatched,,,
Ethercat,2,0.0083,unmatched,,,
Ethical Hacking,2,0.0083,unmatched,,,
Ethnic Wear,2,0.0083,unmatched,,,
Patient Evaluation,2,0.0083,unmatched,,,
Patient Safety,2,0.0083,unmatched,,,
Erection Commissioning,2,0.0083,unmatched,,,
Erp Accounting,2,0.0083,unmatched,,,
Erp Cloud,2,0.0083,unmatched,,,
Foreign Accounts,2,0.0083,unmatched,,,
OE Sales,2,0.0083,unmatched,,,
OEE Calculation,2,0.0083,unmatched,,,
Esg Strategy,2,0.0083,unmatched,,,
Esql,2,0.0083,unmatched,,,
Esri,2,0.0083,unmatched,,,
Passive Infrastructure,2,0.0083,unmatched,,,
Patient Consultation,2,0.0083,unmatched,,,
Partner Relationship Management,2,0.0083,unmatched,,,
Partnership,2,0.0083,unmatched,,,
Partnership Development,2,0.0083,unmatched,,,
Payroll software,2,0.0083,unmatched,,,
Payment Operations,2,0.0083,unmatched,,,
Payment Systems,2,0.0083,unmatched,,,
Epson,2,0.0083,unmatched,,,
OCM,2,0.0083,unmatched,,,
OCS,2,0.0083,unmatched,,,
Food processing,2,0.0083,unmatched,,,
Food production,2,0.0083,unmatched,,,
Football,2,0.0083,unmatched,,,
Forecasts,2,0.0083,unmatched,,,
Payment Investigation,2,0.0083,unmatched,,,
Patients Care,2,0.0083,unmatched,,,
Pattern Making,2,0.0083,unmatched,,,
Equity Analysis,2,0.0083,unmatched,,,
Equity Capital Markets,2,0.0083,unmatched,,,
Patient Education,2,0.0083,unmatched,,,
Enterprise Service Bus,2,0.0083,unmatched,,,
Entry Level,2,0.0083,unmatched,,,
Pega Development,2,0.0083,unmatched,,,
Pega PRPC,2,0.0083,unmatched,,,
Enterprise sales,2,0.0083,unmatched,,,
O2C Cash Application,2,0.0083,unmatched,,,
O9,2,0.0083,unmatched,,,
Foreign Currency,2,0.0083,unmatched,,,
Foreign Language,2,0.0083,unmatched,,,
Foreign Trade,2,0.0083,unmatched,,,
Foreman Activities,2,0.0083,unmatched,,,
Environmental Audit,2,0.0083,unmatched,,,
Pcs,2,0.0083,unmatched,,,
Pdm,2,0.0083,unmatched,,,
Pedicure,2,0.0083,unmatched,,,
Payroll management,2,0.0083,unmatched,,,
Enterprise Information Architecture,2,0.0083,unmatched,,,
Performance Measurement,2,0.0083,unmatched,,,
Enhancements,2,0.0083,unmatched,,,
Ens,2,0.0083,unmatched,,,
Nutritionist Activities,2,0.0083,unmatched,,,
Nvh,2,0.0083,unmatched,,,
Nvm,2,0.0083,unmatched,,,
PeopleSoft,2,0.0083,unmatched,,,
Peoplesoft Peopletools,2,0.0083,unmatched,,,
Perforce,2,0.0083,unmatched,,,
Enterprise Architecture Framework,2,0.0083,unmatched,,,
Enterprise Content Management,2,0.0083,unmatched,,,
Pension,2,0.0083,unmatched,,,
Enterprise Manager,2,0.0083,unmatched,,,
Enterprise Performance Management,2,0.0083,unmatched,,,
Enterprise Security,2,0.0083,unmatched,,,
Performance monitoring,2,0.0083,unmatched,,,
Engineering Change Management,2,0.0083,unmatched,,,
Engineering Documentation,2,0.0083,unmatched,,,
Engineering Drawings,2,0.0083,unmatched,,,
Form 1065,2,0.0083,unmatched,,,
Form 1120,2,0.0083,unmatched,,,
Formatting,2,0.0083,unmatched,,,
Forms,2,0.0083,unmatched,,,
Nursing Head,2,0.0083,unmatched,,,
Nursing Quality Assurance,2,0.0083,unmatched,,,
Performance engineering,2,0.0083,unmatched,,,
Engineering management,2,0.0083,unmatched,,,
Engineering spare parts,2,0.0083,unmatched,,,
Enscape,2,0.0083,unmatched,,,
English Training,2,0.0083,unmatched,,,
Performance Reporting,2,0.0083,unmatched,,,
Engineer,2,0.0083,unmatched,,,
Endpoint Protection,2,0.0083,unmatched,,,
Energy Storage,2,0.0083,unmatched,,,
Personal Skills,2,0.0083,unmatched,,,
Personal Stylist,2,0.0083,unmatched,,,
Personal Training,2,0.0083,unmatched,,,
Nurse,2,0.0083,unmatched,,,
Nursing Administration,2,0.0083,unmatched,,,
Nursing Council,2,0.0083,unmatched,,,
Nursing Education,2,0.0083,unmatched,,,
Formw,2,0.0083,unmatched,,,
Perl Script,2,0.0083,unmatched,,,
Persona,2,0.0083,unmatched,,,
Personal Development,2,0.0083,unmatched,,,
Personal Finance,2,0.0083,unmatched,,,
Engine Calibration,2,0.0083,unmatched,,,
Pex,2,0.0083,unmatched,,,
Pfd,2,0.0083,unmatched,,,
End-to-End Implementation,2,0.0083,unmatched,,,
End-to-end CV/ML pipelines,2,0.0083,unmatched,,,
Npa Management,2,0.0083,unmatched,,,
Npd Process,2,0.0083,unmatched,,,
Npd Project,2,0.0083,unmatched,,,
Npd Quality,2,0.0083,unmatched,,,
Nri Banking,2,0.0083,unmatched,,,
Nri Sales,2,0.0083,unmatched,,,
Foundry operations,2,0.0083,unmatched,,,
Fpa,2,0.0083,unmatched,,,
Framemaker,2,0.0083,unmatched,,,
Engine Sales,2,0.0083,unmatched,,,
Engine design,2,0.0083,unmatched,,,
Engine development,2,0.0083,unmatched,,,
Employee Referral,2,0.0083,unmatched,,,
Pharmaceutical Packaging,2,0.0083,unmatched,,,
Pharmacist,2,0.0083,unmatched,,,
Employee development,2,0.0083,unmatched,,,
Nostro Reconciliation,2,0.0083,unmatched,,,
Notices,2,0.0083,unmatched,,,
Franchisee Development,2,0.0083,unmatched,,,
Franchising,2,0.0083,unmatched,,,
Frappe Framework,2,0.0083,unmatched,,,
Endothermic,2,0.0083,unmatched,,,
Pharma Machinery,2,0.0083,unmatched,,,
Personal banking,2,0.0083,unmatched,,,
Persuasion,2,0.0083,unmatched,,,
Pest Control,2,0.0083,unmatched,,,
Pesticides,2,0.0083,unmatched,,,
Pet,2,0.0083,unmatched,,,
Employee Management,2,0.0083,unmatched,,,
Physical security,2,0.0083,unmatched,,,
Physical verification,2,0.0083,unmatched,,,
Physician billing,2,0.0083,unmatched,,,
Emi / Emc Testing,2,0.0083,unmatched,,,
Non Motor,2,0.0083,unmatched,,,
Fraud Risk Assessment,2,0.0083,unmatched,,,
Freight Analytics,2,0.0083,unmatched,,,
Employee Verification,2,0.0083,unmatched,,,
Physical Chemistry,2,0.0083,unmatched,,,
Physical Intrusion Detection System,2,0.0083,unmatched,,,
Employee Counseling,2,0.0083,unmatched,,,
Phishing,2,0.0083,unmatched,,,
Phonetics,2,0.0083,unmatched,,,
Php,2,0.0083,unmatched,,,
Employee Orientation,2,0.0083,unmatched,,,
Embedded Firmware,2,0.0083,unmatched,,,
Piping And Instrumentation Diagram,2,0.0083,unmatched,,,
Node Js,2,0.0083,unmatched,,,
Non Functional Testing,2,0.0083,unmatched,,,
Freight forwarding,2,0.0083,unmatched,,,
Freight management,2,0.0083,unmatched,,,
French Translation,2,0.0083,unmatched,,,
Ping,2,0.0083,unmatched,,,
Pingfederate,2,0.0083,unmatched,,,
Emm,2,0.0083,unmatched,,,
Emotional Intelligence,2,0.0083,unmatched,,,
Emotional Support,2,0.0083,unmatched,,,
Empathy,2,0.0083,unmatched,,,
Pickling,2,0.0083,unmatched,,,
Pids,2,0.0083,unmatched,,,
Emc Testing,2,0.0083,unmatched,,,
Placement Head,2,0.0083,unmatched,,,
Electronics Hardware Design,2,0.0083,unmatched,,,
Electronics Manufacturing,2,0.0083,unmatched,,,
Nlp,2,0.0083,unmatched,,,
No SQL,2,0.0083,unmatched,,,
Noc,2,0.0083,unmatched,,,
Front Desk Executive,2,0.0083,unmatched,,,
Front Line Sales,2,0.0083,unmatched,,,
Piping Isometrics,2,0.0083,unmatched,,,
Piping design,2,0.0083,unmatched,,,
Piping layout,2,0.0083,unmatched,,,
Elite,2,0.0083,unmatched,,,
Elk,2,0.0083,unmatched,,,
Email Studio,2,0.0083,unmatched,,,
Email support,2,0.0083,unmatched,,,
Embedded C++,2,0.0083,unmatched,,,
Planning coordination,2,0.0083,unmatched,,,
Planswift,2,0.0083,unmatched,,,
Electronic Sales,2,0.0083,unmatched,,,
Electronic Trading,2,0.0083,unmatched,,,
Electronics Components Manufacturing,2,0.0083,unmatched,,,
Electronics Hardware,2,0.0083,unmatched,,,
Plant Breeding,2,0.0083,unmatched,,,
Ftth,2,0.0083,unmatched,,,
Ni,2,0.0083,unmatched,,,
Nice,2,0.0083,unmatched,,,
Nice Actimize,2,0.0083,unmatched,,,
Nism,2,0.0083,unmatched,,,
Nism Viii,2,0.0083,unmatched,,,
Front end design,2,0.0083,unmatched,,,
Email Management,2,0.0083,unmatched,,,
Pizza hut,2,0.0083,unmatched,,,
Plaster,2,0.0083,unmatched,,,
Electrical Site Engineering,2,0.0083,unmatched,,,
Electrical Systems,2,0.0083,unmatched,,,
Electrical Testing,2,0.0083,unmatched,,,
Electrical Troubleshooting,2,0.0083,unmatched,,,
Electrical Wiring,2,0.0083,unmatched,,,
NgRx,2,0.0083,unmatched,,,
Ngo Management,2,0.0083,unmatched,,,
Frontend Ui,2,0.0083,unmatched,,,
Frozen Food,2,0.0083,unmatched,,,
Ftd,2,0.0083,unmatched,,,
Ftir,2,0.0083,unmatched,,,
Plant Production,2,0.0083,unmatched,,,
Electrician Activities,2,0.0083,unmatched,,,
Electronic Costing,2,0.0083,unmatched,,,
Electronic Data Interchange,2,0.0083,unmatched,,,
Electrical Sales,2,0.0083,unmatched,,,
Pleasing Personality,2,0.0083,unmatched,,,
Plm Teamcenter,2,0.0083,unmatched,,,
Plot Sales,2,0.0083,unmatched,,,
Plsql Oracle,2,0.0083,unmatched,,,
Electrical Draftsman,2,0.0083,unmatched,,,
Functional Consultant,2,0.0083,unmatched,,,
News,2,0.0083,unmatched,,,
NextJS,2,0.0083,unmatched,,,
Nextgen,2,0.0083,unmatched,,,
Full Life Cycle Recruiting,2,0.0083,unmatched,,,
Full Search,2,0.0083,unmatched,,,
Full stack,2,0.0083,unmatched,,,
Plating,2,0.0083,unmatched,,,
Electrical Instrumentation,2,0.0083,unmatched,,,
Electrical Panel Design,2,0.0083,unmatched,,,
Portal Development,2,0.0083,unmatched,,,
Education Institutions,2,0.0083,unmatched,,,
Function Apps,2,0.0083,unmatched,,,
Policy Design,2,0.0083,unmatched,,,
Policy Framing,2,0.0083,unmatched,,,
Policy Management,2,0.0083,unmatched,,,
Effluent Treatment,2,0.0083,unmatched,,,
Pnl Management,2,0.0083,unmatched,,,
Poka-Yoke,2,0.0083,unmatched,,,
Elastic,2,0.0083,unmatched,,,
Electrical Engineer,2,0.0083,unmatched,,,
Electrical Equipments,2,0.0083,unmatched,,,
Plumbing System,2,0.0083,unmatched,,,
Pm,2,0.0083,unmatched,,,
Pmgm,2,0.0083,unmatched,,,
Electrical Projects,2,0.0083,unmatched,,,
Post graduate teacher,2,0.0083,unmatched,,,
Post sales,2,0.0083,unmatched,,,
Ecg,2,0.0083,unmatched,,,
Echo,2,0.0083,unmatched,,,
Eclerx,2,0.0083,unmatched,,,
New Account Processing,2,0.0083,unmatched,,,
Functional Lead,2,0.0083,unmatched,,,
Functional Safety,2,0.0083,unmatched,,,
Portfolio Monitoring,2,0.0083,unmatched,,,
Pos,2,0.0083,unmatched,,,
Ecu Design,2,0.0083,unmatched,,,
Effort Estimation,2,0.0083,unmatched,,,
Poly,2,0.0083,unmatched,,,
Polymer Compounding,2,0.0083,unmatched,,,
Polyurethane,2,0.0083,unmatched,,,
Port,2,0.0083,unmatched,,,
Poultry Automation,2,0.0083,unmatched,,,
Power Apps,2,0.0083,unmatched,,,
Power Bi Desktop,2,0.0083,unmatched,,,
Power Distribution,2,0.0083,unmatched,,,
Networking Concepts,2,0.0083,unmatched,,,
Networking with TOP Channel Partners including IMF & APC / CDA Partners,2,0.0083,unmatched,,,
Neuro Surgeon,2,0.0083,unmatched,,,
Poster Design,2,0.0083,unmatched,,,
Postilion,2,0.0083,unmatched,,,
Early Childhood Care And Education,2,0.0083,unmatched,,,
Earthing,2,0.0083,unmatched,,,
Earthing Calculation,2,0.0083,unmatched,,,
Earthmoving,2,0.0083,unmatched,,,
Ed Facility,2,0.0083,unmatched,,,
Possession,2,0.0083,unmatched,,,
Post Sales Support,2,0.0083,unmatched,,,
Power management,2,0.0083,unmatched,,,
Power system,2,0.0083,unmatched,,,
PowerBI,2,0.0083,unmatched,,,
PowerPoint,2,0.0083,unmatched,,,
Powercenter,2,0.0083,unmatched,,,
Network design,2,0.0083,unmatched,,,
Furnishing,2,0.0083,unmatched,,,
Fuse Esb,2,0.0083,unmatched,,,
EVS,2,0.0083,unmatched,,,
EWF,2,0.0083,unmatched,,,
Power Portal,2,0.0083,unmatched,,,
Power Sector,2,0.0083,unmatched,,,
Power Supply Arrangement,2,0.0083,unmatched,,,
Ebs Technical,2,0.0083,unmatched,,,
Postman Api,2,0.0083,unmatched,,,
Poultry,2,0.0083,unmatched,,,
Pr,2,0.0083,unmatched,,,
ES6,2,0.0083,unmatched,,,
Pr To Po Process,2,0.0083,unmatched,,,
Practical Knowledge,2,0.0083,unmatched,,,
GDB,2,0.0083,unmatched,,,
Network Performance,2,0.0083,unmatched,,,
Fusion Hcm,2,0.0083,unmatched,,,
Futures,2,0.0083,unmatched,,,
G Code,2,0.0083,unmatched,,,
ETL Developer,2,0.0083,unmatched,,,
ETL processes,2,0.0083,unmatched,,,
ESP,2,0.0083,unmatched,,,
ESQL,2,0.0083,unmatched,,,
ESS,2,0.0083,unmatched,,,
ESXI,2,0.0083,unmatched,,,
Power distribution,2,0.0083,unmatched,,,
ERP implementation,2,0.0083,unmatched,,,
Preferred Banking,2,0.0083,unmatched,,,
Preffered Relationship Manager,2,0.0083,unmatched,,,
Premium Brand,2,0.0083,unmatched,,,
EPM Architect,2,0.0083,unmatched,,,
Network Architectures,2,0.0083,unmatched,,,
Network Automation,2,0.0083,unmatched,,,
Network Data,2,0.0083,unmatched,,,
Network Expansion,2,0.0083,unmatched,,,
GCS,2,0.0083,unmatched,,,
Pre Dispatch Inspection,2,0.0083,unmatched,,,
Pre Sales,2,0.0083,unmatched,,,
Pre-commissioning,2,0.0083,unmatched,,,
ERP Training,2,0.0083,unmatched,,,
Ppm,2,0.0083,unmatched,,,
Pq,2,0.0083,unmatched,,,
EPABX,2,0.0083,unmatched,,,
EPPM,2,0.0083,unmatched,,,
EQMS,2,0.0083,unmatched,,,
ERP Consulting,2,0.0083,unmatched,,,
Preparing Quotations,2,0.0083,unmatched,,,
Presentation Design,2,0.0083,unmatched,,,
EOT,2,0.0083,unmatched,,,
Net Promoter Score,2,0.0083,unmatched,,,
NetWeaver,2,0.0083,unmatched,,,
Netbackup,2,0.0083,unmatched,,,
Netbeans,2,0.0083,unmatched,,,
Netronline,2,0.0083,unmatched,,,
Netscaler,2,0.0083,unmatched,,,
Netsuite Erp,2,0.0083,unmatched,,,
Network,2,0.0083,present,Network,University of Mumbai,MDC401 Multidisciplinary minor 20 20 40 60 2 -- -- 100
Network Administrator,2,0.0083,unmatched,,,
Primary English Teacher,2,0.0083,unmatched,,,
Primavera Project Planner,2,0.0083,unmatched,,,
Prime Brokerage,2,0.0083,unmatched,,,
ECM,2,0.0083,unmatched,,,
Nestjs,2,0.0083,unmatched,,,
Net Asset Value,2,0.0083,unmatched,,,
Net Core Framework,2,0.0083,unmatched,,,
Net Developer,2,0.0083,unmatched,,,
Net Framework,2,0.0083,unmatched,,,
ELK,2,0.0083,unmatched,,,
Price negotiation,2,0.0083,unmatched,,,
EDD,2,0.0083,unmatched,,,
ENT,2,0.0083,unmatched,,,
Pressing,2,0.0083,unmatched,,,
Preventive Action,2,0.0083,unmatched,,,
EIM,2,0.0083,unmatched,,,
EC2,2,0.0083,unmatched,,,
ECB,2,0.0083,unmatched,,,
ECE,2,0.0083,unmatched,,,
Printing And Packaging,2,0.0083,unmatched,,,
Prioritization,2,0.0083,unmatched,,,
Priority Banking,2,0.0083,unmatched,,,
GST Filing,2,0.0083,unmatched,,,
Negotiation skills,2,0.0083,unmatched,,,
Negotiations,2,0.0083,unmatched,,,
EDA,2,0.0083,unmatched,,,
EDA tools,2,0.0083,unmatched,,,
Print Sales,2,0.0083,unmatched,,,
E3D,2,0.0083,unmatched,,,
EEE,2,0.0083,unmatched,,,
EHR,2,0.0083,unmatched,,,
Primary English,2,0.0083,unmatched,,,
Process Safety Management,2,0.0083,unmatched,,,
Process Simulation,2,0.0083,unmatched,,,
GTTC,2,0.0083,unmatched,,,
GUI,2,0.0083,unmatched,,,
Natural Language Understanding,2,0.0083,unmatched,,,
Navi mumbai,2,0.0083,unmatched,,,
Process Expert,2,0.0083,unmatched,,,
E -Invoice,2,0.0083,unmatched,,,
Problem Solving & Decision Making,2,0.0083,unmatched,,,
Process Associate,2,0.0083,unmatched,,,
E2E Testing,2,0.0083,unmatched,,,
Private wealth manager,2,0.0083,unmatched,,,
Privilege,2,0.0083,unmatched,,,
Pro Active,2,0.0083,unmatched,,,
E-Publishing,2,0.0083,unmatched,,,
E-governance,2,0.0083,unmatched,,,
Driver Management,2,0.0083,unmatched,,,
Drupal 8,2,0.0083,unmatched,,,
NVIDIA edge platforms,2,0.0083,unmatched,,,
Nabh,2,0.0083,unmatched,,,
National Sales,2,0.0083,unmatched,,,
National sales,2,0.0083,unmatched,,,
Native Android Development,2,0.0083,unmatched,,,
Native App,2,0.0083,unmatched,,,
Process equipment,2,0.0083,unmatched,,,
Dryer,2,0.0083,unmatched,,,
Dtp,2,0.0083,unmatched,,,
Dubai,2,0.0083,unmatched,,,
Duck creek DMS,2,0.0083,unmatched,,,
Due Diligence Review,2,0.0083,unmatched,,,
Process Inspection,2,0.0083,unmatched,,,
Process Quality Assurance,2,0.0083,unmatched,,,
Product Selection,2,0.0083,unmatched,,,
Product Implementation,2,0.0083,unmatched,,,
Product Operations,2,0.0083,unmatched,,,
NPI,2,0.0083,unmatched,,,
NPV,2,0.0083,unmatched,,,
NSDL,2,0.0083,unmatched,,,
Gad,2,0.0083,unmatched,,,
Game Design,2,0.0083,unmatched,,,
Driving entire Agency Team,2,0.0083,unmatched,,,
Product Control,2,0.0083,unmatched,,,
Product Data Management,2,0.0083,unmatched,,,
Product Delivery,2,0.0083,unmatched,,,
Procure-to-Pay,2,0.0083,unmatched,,,
Procurement Engineer,2,0.0083,unmatched,,,
Procurement strategy,2,0.0083,unmatched,,,
Product Associate,2,0.0083,unmatched,,,
Dom,2,0.0083,unmatched,,,
Dot Net Core,2,0.0083,unmatched,,,
Dotnet Azure,2,0.0083,unmatched,,,
Domestic sales,2,0.0083,unmatched,,,
Domino,2,0.0083,unmatched,,,
Dominos,2,0.0083,unmatched,,,
Domo,2,0.0083,unmatched,,,
Donor Management,2,0.0083,unmatched,,,
Doosan,2,0.0083,unmatched,,,
Dossier Compilation,2,0.0083,unmatched,,,
Gav,2,0.0083,unmatched,,,
NICMAR,2,0.0083,unmatched,,,
NIM,2,0.0083,unmatched,,,
NOC,2,0.0083,unmatched,,,
Garment Export,2,0.0083,unmatched,,,
Product Safety,2,0.0083,unmatched,,,
Diversity & Inclusion,2,0.0083,unmatched,,,
Django Rest Api,2,0.0083,unmatched,,,
NEC,2,0.0083,unmatched,,,
NGO Management,2,0.0083,unmatched,,,
NGOSS,2,0.0083,unmatched,,,
Doctors,2,0.0083,unmatched,,,
Document checking,2,0.0083,unmatched,,,
Production Operation,2,0.0083,unmatched,,,
Documentation And Reporting,2,0.0083,unmatched,,,
Documents Keeping,2,0.0083,unmatched,,,
Production Goal,2,0.0083,unmatched,,,
Production Handling,2,0.0083,unmatched,,,
Document Collection,2,0.0083,unmatched,,,
Domestic Staffing,2,0.0083,unmatched,,,
Product pricing,2,0.0083,unmatched,,,
Doe,2,0.0083,unmatched,,,
Disaster Recover,2,0.0083,unmatched,,,
Programmatic Buying,2,0.0083,unmatched,,,
Progress 4GL,2,0.0083,unmatched,,,
Dispatch Operation,2,0.0083,unmatched,,,
Gear Hobbing,2,0.0083,unmatched,,,
Gc-Ms,2,0.0083,unmatched,,,
Program Delivery,2,0.0083,unmatched,,,
Distillation,2,0.0083,unmatched,,,
Profile Projector,2,0.0083,unmatched,,,
Profit,2,0.0083,unmatched,,,
Distribution Planning,2,0.0083,unmatched,,,
Distribution management,2,0.0083,unmatched,,,
Products Sales,2,0.0083,unmatched,,,
Products Services,2,0.0083,unmatched,,,
Profession Tax,2,0.0083,unmatched,,,
Distributors,2,0.0083,unmatched,,,
Project Engineer,2,0.0083,unmatched,,,
Digital Signage,2,0.0083,unmatched,,,
Digital design,2,0.0083,unmatched,,,
Mvc Architecture,2,0.0083,unmatched,,,
Mybatis,2,0.0083,unmatched,,,
NAPS,2,0.0083,unmatched,,,
Digitization,2,0.0083,unmatched,,,
Dimension,2,0.0083,unmatched,,,
Project Controls,2,0.0083,unmatched,,,
Project Cost Control,2,0.0083,unmatched,,,
Diplomacy,2,0.0083,unmatched,,,
Direct Distribution,2,0.0083,unmatched,,,
Project / Program Management,2,0.0083,unmatched,,,
Project Analysis,2,0.0083,unmatched,,,
Project Architecture,2,0.0083,unmatched,,,
Disaster Management,2,0.0083,unmatched,,,
Project Quality,2,0.0083,unmatched,,,
Project Scope & Objectives,2,0.0083,unmatched,,,
Digital Branding,2,0.0083,unmatched,,,
Digital Circuits,2,0.0083,unmatched,,,
Digital Communication,2,0.0083,unmatched,,,
Project Marketing,2,0.0083,unmatched,,,
Project Operations,2,0.0083,unmatched,,,
Digital Innovation,2,0.0083,unmatched,,,
Project Procurement,2,0.0083,unmatched,,,
Project Head,2,0.0083,unmatched,,,
Digital Marketing Platforms,2,0.0083,unmatched,,,
Digital Marketing Sales,2,0.0083,unmatched,,,
Digital Marketing Strategies,2,0.0083,unmatched,,,
Digital Media,2,0.0083,unmatched,,,
Digital Printing,2,0.0083,unmatched,,,
Digital Product,2,0.0083,unmatched,,,
Prompt Engineering,2,0.0083,unmatched,,,
Prompt engineering,2,0.0083,unmatched,,,
Pronunciation,2,0.0083,unmatched,,,
General trade,2,0.0083,unmatched,,,
Multiple Languages,2,0.0083,unmatched,,,
General Hr,2,0.0083,unmatched,,,
General Life Insurance,2,0.0083,unmatched,,,
Project leadership,2,0.0083,unmatched,,,
Project leading,2,0.0083,unmatched,,,
Projects,2,0.0083,unmatched,,,
Dialysis,2,0.0083,unmatched,,,
Project costing,2,0.0083,unmatched,,,
Project design,2,0.0083,unmatched,,,
Diesel Generator,2,0.0083,unmatched,,,
Diet Planning,2,0.0083,unmatched,,,
Dietitian Activities,2,0.0083,unmatched,,,
Dev,2,0.0083,unmatched,,,
Proteomics,2,0.0083,unmatched,,,
Develop,2,0.0083,unmatched,,,
Geneva,2,0.0083,unmatched,,,
Mulesoft,2,0.0083,unmatched,,,
Mulesoft Api,2,0.0083,unmatched,,,
Mulesoft Architecture,2,0.0083,unmatched,,,
Mulesoft developer,2,0.0083,unmatched,,,
General ledger,2,0.0083,unmatched,,,
General management,2,0.0083,unmatched,,,
Proposal Support,2,0.0083,unmatched,,,
Development Management,2,0.0083,unmatched,,,
Property Advisor,2,0.0083,unmatched,,,
Property Claims,2,0.0083,unmatched,,,
Diesel Engines,2,0.0083,unmatched,,,
Promotional campaigns,2,0.0083,unmatched,,,
Psm,2,0.0083,unmatched,,,
Psu Sales,2,0.0083,unmatched,,,
Desktop Application,2,0.0083,unmatched,,,
Desktop Management,2,0.0083,unmatched,,,
Desktop engineering,2,0.0083,unmatched,,,
Destructive Testing,2,0.0083,unmatched,,,
Ptp,2,0.0083,unmatched,,,
Msme Finance,2,0.0083,unmatched,,,
Mssql Dba,2,0.0083,unmatched,,,
Mt,2,0.0083,unmatched,,,
Mto,2,0.0083,unmatched,,,
MuleSoft,2,0.0083,unmatched,,,
Provident Fund,2,0.0083,unmatched,,,
Provider Side,2,0.0083,unmatched,,,
Providing customer service,2,0.0083,unmatched,,,
Detailed Drawings,2,0.0083,unmatched,,,
Purchase Invoice,2,0.0083,unmatched,,,
Purchase Order Creation,2,0.0083,unmatched,,,
Design Studio,2,0.0083,unmatched,,,
Gis,2,0.0083,unmatched,,,
Ms Sql Server Administration,2,0.0083,unmatched,,,
Ms World,2,0.0083,unmatched,,,
Msa,2,0.0083,unmatched,,,
Genrative Ai,2,0.0083,unmatched,,,
Genrocket,2,0.0083,unmatched,,,
Public Health,2,0.0083,unmatched,,,
Public Sector,2,0.0083,unmatched,,,
Pump,2,0.0083,unmatched,,,
Designer,2,0.0083,unmatched,,,
Designing,2,0.0083,unmatched,,,
Provisioning,2,0.0083,unmatched,,,
Proxy,2,0.0083,unmatched,,,
Denodo,2,0.0083,unmatched,,,
Pytest Framework,2,0.0083,unmatched,,,
Python Framework,2,0.0083,unmatched,,,
Gl accounting,2,0.0083,unmatched,,,
Ms Defender,2,0.0083,unmatched,,,
Ms Office,2,0.0083,unmatched,,,
Ms Office Outlook,2,0.0083,unmatched,,,
Ms Office Tools,2,0.0083,unmatched,,,
Pvsyst,2,0.0083,unmatched,,,
Pyomo,2,0.0083,unmatched,,,
Design Automation,2,0.0083,unmatched,,,
Design Control,2,0.0083,unmatched,,,
Purchase order,2,0.0083,unmatched,,,
Purchase planning,2,0.0083,unmatched,,,
Pune,2,0.0083,unmatched,,,
Puppeteer,2,0.0083,unmatched,,,
QMS Development,2,0.0083,unmatched,,,
Deputy Manager Logistics,2,0.0083,unmatched,,,
Demantra,2,0.0083,unmatched,,,
Denial Coding,2,0.0083,unmatched,,,
Mounting,2,0.0083,unmatched,,,
Mql,2,0.0083,unmatched,,,
GitHub Actions,2,0.0083,unmatched,,,
GitLab,2,0.0083,unmatched,,,
GitOps,2,0.0083,unmatched,,,
Gitlab Ci,2,0.0083,unmatched,,,
Gitlab Ci / Cd,2,0.0083,unmatched,,,
Design And Estimation,2,0.0083,unmatched,,,
Python Web Framework,2,0.0083,unmatched,,,
Python scripting,2,0.0083,unmatched,,,
QA Management,2,0.0083,unmatched,,,
QA automation,2,0.0083,unmatched,,,
Deluge,2,0.0083,unmatched,,,
QNX,2,0.0083,unmatched,,,
QOS,2,0.0083,unmatched,,,
QT,2,0.0083,unmatched,,,
Delivery Coordination,2,0.0083,unmatched,,,
Delivery Executive,2,0.0083,unmatched,,,
Motorsports Journalist,2,0.0083,unmatched,,,
Mould Development,2,0.0083,unmatched,,,
Moulding Machine Maintenance,2,0.0083,unmatched,,,
Glide API,2,0.0083,unmatched,,,
Global Hr,2,0.0083,unmatched,,,
QA testing,2,0.0083,unmatched,,,
QA/QC,2,0.0083,unmatched,,,
QAD,2,0.0083,unmatched,,,
QE,2,0.0083,unmatched,,,
QM,2,0.0083,unmatched,,,
Decision Support,2,0.0083,unmatched,,,
Decision Tree,2,0.0083,unmatched,,,
Dedicated,2,0.0083,unmatched,,,
Qms System,2,0.0083,unmatched,,,
Qnx,2,0.0083,unmatched,,,
Gmat,2,0.0083,unmatched,,,
Gmp Compliance,2,0.0083,unmatched,,,
Global Logistics,2,0.0083,unmatched,,,
Motor Control,2,0.0083,unmatched,,,
Delegation,2,0.0083,unmatched,,,
Defect Life Cycle,2,0.0083,unmatched,,,
Defect analysis,2,0.0083,unmatched,,,
Defect management,2,0.0083,unmatched,,,
Delivery Manager,2,0.0083,unmatched,,,
Qa Management,2,0.0083,unmatched,,,
Defense,2,0.0083,unmatched,,,
Quality System Implementation,2,0.0083,unmatched,,,
Dealers,2,0.0083,unmatched,,,
Quality Manager,2,0.0083,unmatched,,,
Ddos,2,0.0083,unmatched,,,
Deadline Oriented,2,0.0083,unmatched,,,
Deal Advisory,2,0.0083,unmatched,,,
Month-End Closing,2,0.0083,unmatched,,,
Mooney Viscometer,2,0.0083,unmatched,,,
Motion Control,2,0.0083,unmatched,,,
Motivator,2,0.0083,unmatched,,,
Quality Inspector,2,0.0083,unmatched,,,
Dealer Channel Management,2,0.0083,unmatched,,,
Qtp,2,0.0083,unmatched,,,
Qliksense,2,0.0083,unmatched,,,
Qlikview Development,2,0.0083,unmatched,,,
Qml,2,0.0083,unmatched,,,
Database Security,2,0.0083,unmatched,,,
Databases,2,0.0083,partial/semantic_match,Database,"Nashik University, University of Mumbai","MDC401 Multidisciplinary minor 20 20 40 60 2 -- -- 100, MDL401 Multidisciplinary minor -- 2 -- -- -- 1 1, MDC401 Multidisciplinary minor 3 -- -- 3 -- -- 3, Unknown"
Quantity Analysis,2,0.0083,unmatched,,,
Golang Development,2,0.0083,unmatched,,,
Monster,2,0.0083,unmatched,,,
Quality manager,2,0.0083,unmatched,,,
Qualys,2,0.0083,unmatched,,,
Databrick,2,0.0083,unmatched,,,
Datacenter Sales,2,0.0083,unmatched,,,
Quality analyst,2,0.0083,unmatched,,,
Quality check,2,0.0083,unmatched,,,
Quality control,2,0.0083,unmatched,,,
Deal structuring,2,0.0083,unmatched,,,
Dbt,2,0.0083,unmatched,,,
Dcf,2,0.0083,unmatched,,,
Quality Supervisor,2,0.0083,unmatched,,,
Data Warehouse,2,0.0083,unmatched,,,
RAG architecture,2,0.0083,unmatched,,,
Gold Loans,2,0.0083,unmatched,,,
Gold Sales,2,0.0083,unmatched,,,
Golden Gate,2,0.0083,unmatched,,,
Quote Preparation,2,0.0083,unmatched,,,
Query Studio,2,0.0083,unmatched,,,
Query Writing,2,0.0083,unmatched,,,
Query management,2,0.0083,unmatched,,,
Data visualization,2,0.0083,unmatched,,,
Database Building,2,0.0083,unmatched,,,
Database Developer,2,0.0083,unmatched,,,
Database Firewall,2,0.0083,unmatched,,,
Database Marketing,2,0.0083,unmatched,,,
Datadog,2,0.0083,unmatched,,,
Database Monitoring,2,0.0083,unmatched,,,
Data Maintenance,2,0.0083,unmatched,,,
Data Quality Analysis,2,0.0083,unmatched,,,
RESTful APIs,2,0.0083,unmatched,,,
RESTful web services,2,0.0083,unmatched,,,
Goods And Service Tax,2,0.0083,unmatched,,,
Moef,2,0.0083,unmatched,,,
Molecular Techniques,2,0.0083,unmatched,,,
Data Scientist,2,0.0083,unmatched,,,
Data Sheets,2,0.0083,unmatched,,,
Data Protection,2,0.0083,unmatched,,,
RAG concepts,2,0.0083,unmatched,,,
RAP,2,0.0083,unmatched,,,
RAR,2,0.0083,unmatched,,,
RBI Compliance,2,0.0083,unmatched,,,
Data center management,2,0.0083,unmatched,,,
Data Studio,2,0.0083,unmatched,,,
Data Handling,2,0.0083,unmatched,,,
Data Hub,2,0.0083,unmatched,,,
Data Ingestion,2,0.0083,unmatched,,,
Modbus,2,0.0083,unmatched,,,
Modbus Protocol,2,0.0083,unmatched,,,
Model Based Development,2,0.0083,unmatched,,,
Model Building,2,0.0083,unmatched,,,
Model Deployment,2,0.0083,unmatched,,,
Model Validation,2,0.0083,unmatched,,,
RFIs,2,0.0083,unmatched,,,
RFPs,2,0.0083,unmatched,,,
RFx,2,0.0083,unmatched,,,
RHCE,2,0.0083,unmatched,,,
Data Entry Jobs,2,0.0083,unmatched,,,
Data Integration Tools,2,0.0083,unmatched,,,
Data Loader,2,0.0083,unmatched,,,
RPC,2,0.0083,unmatched,,,
RSVP-TE,2,0.0083,unmatched,,,
Dashboard,2,0.0083,unmatched,,,
Dashboard Development,2,0.0083,unmatched,,,
Mobile SDK implementations,2,0.0083,unmatched,,,
Mobile Studio,2,0.0083,unmatched,,,
Mobile application development,2,0.0083,unmatched,,,
Mobile banking,2,0.0083,unmatched,,,
Mobile testing,2,0.0083,unmatched,,,
Google Cloud Services,2,0.0083,unmatched,,,
Google Search,2,0.0083,unmatched,,,
ROC Filing,2,0.0083,unmatched,,,
RPA,2,0.0083,unmatched,,,
Data Catalog,2,0.0083,unmatched,,,
Data Center Design,2,0.0083,unmatched,,,
Data Center Infrastructure,2,0.0083,unmatched,,,
Rap,2,0.0083,unmatched,,,
Rate Negotiation,2,0.0083,unmatched,,,
Government Banking,2,0.0083,unmatched,,,
Mobile Applications,2,0.0083,unmatched,,,
Google Tag Manager,2,0.0083,unmatched,,,
Google ads,2,0.0083,unmatched,,,
Raci,2,0.0083,unmatched,,,
Radio,2,0.0083,unmatched,,,
Radius,2,0.0083,unmatched,,,
DSP,2,0.0083,unmatched,,,
DTAA,2,0.0083,unmatched,,,
Daan Utsav Meals,2,0.0083,unmatched,,,
Radware,2,0.0083,unmatched,,,
RTL,2,0.0083,unmatched,,,
RTM,2,0.0083,unmatched,,,
Daily Accounting,2,0.0083,unmatched,,,
React Testing Library,2,0.0083,unmatched,,,
React js,2,0.0083,unmatched,,,
DIPLOMA,2,0.0083,unmatched,,,
DLP,2,0.0083,unmatched,,,
Gpo,2,0.0083,unmatched,,,
Gradle,2,0.0083,unmatched,,,
Mixpanel,2,0.0083,unmatched,,,
Ml Pipelines,2,0.0083,unmatched,,,
Mlops,2,0.0083,unmatched,,,
Mmis,2,0.0083,unmatched,,,
Mob,2,0.0083,unmatched,,,
Governance / Compliance,2,0.0083,unmatched,,,
Rbi Guidelines,2,0.0083,unmatched,,,
Rbi Inspection,2,0.0083,unmatched,,,
Rcm,2,0.0083,unmatched,,,
Rcm Billing,2,0.0083,unmatched,,,
Receiving Inspection,2,0.0083,unmatched,,,
Receiving Quality,2,0.0083,unmatched,,,
DAC,2,0.0083,unmatched,,,
DAP,2,0.0083,unmatched,,,
DB connection pooling,2,0.0083,unmatched,,,
GraphQL,2,0.0083,unmatched,,,
Mistral,2,0.0083,unmatched,,,
Mitsubishi Plc,2,0.0083,unmatched,,,
Reagents,2,0.0083,unmatched,,,
Real estate sales,2,0.0083,unmatched,,,
Reactivation,2,0.0083,unmatched,,,
DFT,2,0.0083,unmatched,,,
DFT Architecture,2,0.0083,unmatched,,,
DOT NET,2,0.0083,unmatched,,,
DPDP,2,0.0083,unmatched,,,
Re Framework,2,0.0083,unmatched,,,
Cyara,2,0.0083,unmatched,,,
Recruitment Manager,2,0.0083,unmatched,,,
Cytoscape,2,0.0083,unmatched,,,
Recruitment Process Outsourcing,2,0.0083,unmatched,,,
Recruitment management,2,0.0083,unmatched,,,
Redevelopment,2,0.0083,unmatched,,,
Cyber law,2,0.0083,unmatched,,,
Graphics And Illustrations,2,0.0083,unmatched,,,
Minerals,2,0.0083,unmatched,,,
Mining Operations,2,0.0083,unmatched,,,
Recon,2,0.0083,unmatched,,,
Recruitment Consulting,2,0.0083,unmatched,,,
DBT,2,0.0083,unmatched,,,
DCF,2,0.0083,unmatched,,,
Receipt,2,0.0083,unmatched,,,
Receivable management,2,0.0083,unmatched,,,
Customer Relationships,2,0.0083,unmatched,,,
Customer Requirement,2,0.0083,unmatched,,,
Customer Servi e,2,0.0083,unmatched,,,
Mid Corporate,2,0.0083,unmatched,,,
Mig,2,0.0083,unmatched,,,
Migration Management,2,0.0083,unmatched,,,
Reinforcement,2,0.0083,unmatched,,,
Rejection Control,2,0.0083,unmatched,,,
Regulatory Frameworks,2,0.0083,unmatched,,,
Customer relationship management,2,0.0083,unmatched,,,
Reflow,2,0.0083,unmatched,,,
Refx,2,0.0083,unmatched,,,
Regional Management,2,0.0083,unmatched,,,
Regression analysis,2,0.0083,unmatched,,,
Customer success management,2,0.0083,unmatched,,,
Redshift Db,2,0.0083,unmatched,,,
Custom App,2,0.0083,unmatched,,,
Customer Analytics,2,0.0083,unmatched,,,
Customer Centric,2,0.0083,unmatched,,,
Customer Development,2,0.0083,unmatched,,,
Reliability engineering,2,0.0083,unmatched,,,
Microsoft Teams,2,0.0083,unmatched,,,
Microsoft messaging,2,0.0083,unmatched,,,
Gray Box,2,0.0083,unmatched,,,
Green Field Projects,2,0.0083,unmatched,,,
Relationship manager,2,0.0083,unmatched,,,
Release Engineering,2,0.0083,unmatched,,,
Customer Insights,2,0.0083,unmatched,,,
Relationship Head,2,0.0083,unmatched,,,
Customer Journey Analytics,2,0.0083,unmatched,,,
Customer Marketing,2,0.0083,unmatched,,,
Customer Relationship Manager,2,0.0083,unmatched,,,
Cro,2,0.0083,unmatched,,,
Css/Css3,2,0.0083,unmatched,,,
Ctms,2,0.0083,unmatched,,,
Crusher,2,0.0083,unmatched,,,
Microsoft Front End Development,2,0.0083,unmatched,,,
Microsoft Office,2,0.0083,unmatched,,,
Microsoft Packages,2,0.0083,unmatched,,,
Csm,2,0.0083,unmatched,,,
Report Compilation,2,0.0083,unmatched,,,
Renewable Energy Marketing,2,0.0083,unmatched,,,
Current Owner Search,2,0.0083,unmatched,,,
Remedy Developer,2,0.0083,unmatched,,,
Remote Desktop,2,0.0083,unmatched,,,
Remote desktop,2,0.0083,unmatched,,,
Remote support,2,0.0083,unmatched,,,
Custody,2,0.0083,unmatched,,,
Crm Implementation,2,0.0083,unmatched,,,
Crm Testing,2,0.0083,unmatched,,,
Crewai,2,0.0083,unmatched,,,
Criminal,2,0.0083,unmatched,,,
Crisc,2,0.0083,unmatched,,,
Resource Optimization,2,0.0083,unmatched,,,
Microsoft Flow,2,0.0083,unmatched,,,
Group Policy,2,0.0083,unmatched,,,
Group sales,2,0.0083,unmatched,,,
Grouting,2,0.0083,unmatched,,,
Growth Consulting,2,0.0083,unmatched,,,
Growth Hacking,2,0.0083,unmatched,,,
Cross-Team Collaboration,2,0.0083,unmatched,,,
Resin,2,0.0083,unmatched,,,
Research & Development,2,0.0083,unmatched,,,
Research Reports,2,0.0083,unmatched,,,
Restaurant Manager,2,0.0083,unmatched,,,
Restful,2,0.0083,unmatched,,,
Restorative Dentistry,2,0.0083,unmatched,,,
Resumes,2,0.0083,unmatched,,,
Growth strategy,2,0.0083,unmatched,,,
Gst Registration,2,0.0083,unmatched,,,
Credit collection,2,0.0083,unmatched,,,
Credit control,2,0.0083,unmatched,,,
Credit Monitoring,2,0.0083,unmatched,,,
Credit Note,2,0.0083,unmatched,,,
Credit Operations,2,0.0083,unmatched,,,
Resource Utilization,2,0.0083,unmatched,,,
Respiratory,2,0.0083,unmatched,,,
Credit management,2,0.0083,unmatched,,,
Credit monitoring,2,0.0083,unmatched,,,
Creo Parametric,2,0.0083,unmatched,,,
Retail lending,2,0.0083,unmatched,,,
Retail marketing,2,0.0083,unmatched,,,
Cpt Coding,2,0.0083,unmatched,,,
Cqa,2,0.0083,unmatched,,,
Microsoft Azure Services,2,0.0083,unmatched,,,
Gst Working,2,0.0083,unmatched,,,
Gtm Strategy,2,0.0083,unmatched,,,
Guest House Management,2,0.0083,unmatched,,,
Retail Business,2,0.0083,unmatched,,,
Retail Distribution,2,0.0083,unmatched,,,
Retail Finance,2,0.0083,unmatched,,,
Creative Direction,2,0.0083,unmatched,,,
Credit Control Operations,2,0.0083,unmatched,,,
Credentialing,2,0.0083,unmatched,,,
Rest Soap,2,0.0083,unmatched,,,
Rest Web Api,2,0.0083,unmatched,,,
Costing Engineer,2,0.0083,unmatched,,,
Revenue Operations,2,0.0083,unmatched,,,
Revenue Optimization,2,0.0083,unmatched,,,
Revenue Planning,2,0.0083,unmatched,,,
Gxp,2,0.0083,unmatched,,,
Guest Relationship Management,2,0.0083,unmatched,,,
Microservices architecture,2,0.0083,unmatched,,,
Revenue Collection,2,0.0083,unmatched,,,
Couchbase,2,0.0083,unmatched,,,
Couchdb,2,0.0083,unmatched,,,
Counseling,2,0.0083,unmatched,,,
Retention Marketing,2,0.0083,unmatched,,,
Retrospective,2,0.0083,unmatched,,,
Cpa,2,0.0083,unmatched,,,
Cpi,2,0.0083,unmatched,,,
Retail Sales Management,2,0.0083,unmatched,,,
Corrosion,2,0.0083,unmatched,,,
Cost accounting,2,0.0083,unmatched,,,
Rfqs,2,0.0083,unmatched,,,
Rhapsody,2,0.0083,unmatched,,,
Rhel Linux,2,0.0083,unmatched,,,
Cost Audit,2,0.0083,unmatched,,,
H1B,2,0.0083,unmatched,,,
Mgr,2,0.0083,unmatched,,,
Microbial Limit Test,2,0.0083,unmatched,,,
Revenue Recognition process,2,0.0083,unmatched,,,
Revenue Targets,2,0.0083,unmatched,,,
Reverse Charge Mechanism,2,0.0083,unmatched,,,
Revit MEP,2,0.0083,unmatched,,,
Revit Structure,2,0.0083,unmatched,,,
Coupa,2,0.0083,unmatched,,,
Cost control,2,0.0083,unmatched,,,
Corporate Quality Assurance,2,0.0083,unmatched,,,
Corporate taxation,2,0.0083,unmatched,,,
Corrective Action,2,0.0083,unmatched,,,
Corporate Sustainability,2,0.0083,unmatched,,,
Corporate accounting,2,0.0083,unmatched,,,
Metal Assessment,2,0.0083,unmatched,,,
Metallurgical Lab,2,0.0083,unmatched,,,
Method Development,2,0.0083,unmatched,,,
Method Study,2,0.0083,unmatched,,,
Metrics,2,0.0083,unmatched,,,
H1 Transfer,2,0.0083,unmatched,,,
Risk Analyst,2,0.0083,unmatched,,,
Risk Based Audits,2,0.0083,unmatched,,,
Cost Control Management,2,0.0083,unmatched,,,
Ricefw,2,0.0083,unmatched,,,
Ride,2,0.0083,unmatched,,,
Corporate Legal,2,0.0083,unmatched,,,
Robotic Simulation,2,0.0083,unmatched,,,
Robotics Programming,2,0.0083,unmatched,,,
Meta,2,0.0083,unmatched,,,
Metadata Hub,2,0.0083,unmatched,,,
HCM Payroll,2,0.0083,unmatched,,,
HE,2,0.0083,unmatched,,,
HEVACOMP,2,0.0083,unmatched,,,
Corporate Salary Account,2,0.0083,unmatched,,,
Road Work,2,0.0083,unmatched,,,
Robohelp,2,0.0083,unmatched,,,
Corporate Insurance,2,0.0083,unmatched,,,
Risk Governance,2,0.0083,unmatched,,,
Risk Identification,2,0.0083,unmatched,,,
Risk Monitoring,2,0.0083,unmatched,,,
Riverbed,2,0.0083,unmatched,,,
Router Configuration,2,0.0083,unmatched,,,
Core Php,2,0.0083,unmatched,,,
Copy Editor,2,0.0083,unmatched,,,
Merchant Banking,2,0.0083,unmatched,,,
Merchant Onboarding,2,0.0083,unmatched,,,
Merchant acquiring,2,0.0083,unmatched,,,
HL7,2,0.0083,unmatched,,,
HLD,2,0.0083,unmatched,,,
Rolling Mill,2,0.0083,unmatched,,,
Roof Automation,2,0.0083,unmatched,,,
Roofing,2,0.0083,unmatched,,,
Core Foundation,2,0.0083,unmatched,,,
Core Hr,2,0.0083,unmatched,,,
CorelDRAW,2,0.0083,unmatched,,,
Roc,2,0.0083,unmatched,,,
Corporate Kyc,2,0.0083,unmatched,,,
Control panel,2,0.0083,unmatched,,,
Rs232,2,0.0083,unmatched,,,
Rs485,2,0.0083,unmatched,,,
Conversational Ai,2,0.0083,unmatched,,,
Conversions,2,0.0083,unmatched,,,
Mep Electrical,2,0.0083,unmatched,,,
Meraki,2,0.0083,unmatched,,,
HNI Clients,2,0.0083,unmatched,,,
Merchandising Strategies,2,0.0083,unmatched,,,
Coordination with Departments,2,0.0083,unmatched,,,
Cop,2,0.0083,unmatched,,,
Copilot Studio,2,0.0083,unmatched,,,
Cooling System,2,0.0083,unmatched,,,
Rpa Tool,2,0.0083,unmatched,,,
Rpas,2,0.0083,unmatched,,,
Rpc,2,0.0083,unmatched,,,
Control valves,2,0.0083,unmatched,,,
Ruby Scripting,2,0.0083,unmatched,,,
Rural Development,2,0.0083,unmatched,,,
Rural Finance,2,0.0083,unmatched,,,
Rust,2,0.0083,unmatched,,,
Contracts And Claims,2,0.0083,unmatched,,,
Contracts Negotiation,2,0.0083,unmatched,,,
Meeting Scheduling,2,0.0083,unmatched,,,
Memory Management,2,0.0083,unmatched,,,
Memory management,2,0.0083,unmatched,,,
HR Administrator,2,0.0083,unmatched,,,
Rtd,2,0.0083,unmatched,,,
Rubber Molding,2,0.0083,unmatched,,,
Rubber Parts,2,0.0083,unmatched,,,
Rubber Processing,2,0.0083,unmatched,,,
Control Panels,2,0.0083,unmatched,,,
Contractor billing,2,0.0083,unmatched,,,
Contract Compliance,2,0.0083,unmatched,,,
Contract Logistics,2,0.0083,unmatched,,,
Contract Manufacturing,2,0.0083,unmatched,,,
Contract Negotiation,2,0.0083,unmatched,,,
Medical representative,2,0.0083,unmatched,,,
Medical sales representative,2,0.0083,unmatched,,,
Medications,2,0.0083,unmatched,,,
Meeting Doctors,2,0.0083,unmatched,,,
HR Audit,2,0.0083,unmatched,,,
HR BPO,2,0.0083,unmatched,,,
HR Consulting,2,0.0083,unmatched,,,
Control And Compliance,2,0.0083,unmatched,,,
Control Center,2,0.0083,unmatched,,,
S/4 Hana,2,0.0083,unmatched,,,
Contract Staffing,2,0.0083,unmatched,,,
Contact Lens,2,0.0083,unmatched,,,
Container Orchestration,2,0.0083,unmatched,,,
Container Terminal,2,0.0083,unmatched,,,
Medical Superintendent,2,0.0083,unmatched,,,
Medical Training,2,0.0083,unmatched,,,
Medical coding,2,0.0083,unmatched,,,
HR Policy,2,0.0083,unmatched,,,
SAP ABAP Development,2,0.0083,unmatched,,,
SAP ABAP HANA,2,0.0083,unmatched,,,
SAP ABAP O DATA,2,0.0083,unmatched,,,
Content Generation,2,0.0083,unmatched,,,
SAAS Sales,2,0.0083,unmatched,,,
SAC,2,0.0083,unmatched,,,
SACS,2,0.0083,unmatched,,,
SAGE,2,0.0083,unmatched,,,
Contentful,2,0.0083,unmatched,,,
SAP CPI,2,0.0083,unmatched,,,
Construction project management,2,0.0083,unmatched,,,
Medical Imaging,2,0.0083,unmatched,,,
Medical Insurance,2,0.0083,unmatched,,,
Medical Microbiology,2,0.0083,unmatched,,,
Medical Oncology,2,0.0083,unmatched,,,
HR Recruitment,2,0.0083,unmatched,,,
Consumable purchase,2,0.0083,unmatched,,,
Consumables,2,0.0083,unmatched,,,
Consumer durables,2,0.0083,unmatched,,,
Consumer electronics,2,0.0083,unmatched,,,
Content Management S,2,0.0083,unmatched,,,
SAP APO,2,0.0083,unmatched,,,
SAP BI,2,0.0083,unmatched,,,
SAP BO,2,0.0083,unmatched,,,
Contact Center Operations,2,0.0083,unmatched,,,
SAP EWM,2,0.0083,unmatched,,,
SAP Executive,2,0.0083,unmatched,,,
SAP FICO Consultant,2,0.0083,unmatched,,,
SAP FSCM,2,0.0083,unmatched,,,
Medical College,2,0.0083,unmatched,,,
HR management,2,0.0083,unmatched,,,
HR policies,2,0.0083,unmatched,,,
Medical Device,2,0.0083,unmatched,,,
Medical Documentation,2,0.0083,unmatched,,,
Consultative Sales,2,0.0083,unmatched,,,
SAP Certification,2,0.0083,unmatched,,,
Construction Equipment,2,0.0083,unmatched,,,
Construction Project,2,0.0083,unmatched,,,
SAP Basis administration,2,0.0083,unmatched,,,
SAP Business Warehouse,2,0.0083,unmatched,,,
SAP C4c,2,0.0083,unmatched,,,
Computer operator,2,0.0083,unmatched,,,
Computer proficiency,2,0.0083,unmatched,,,
HSE Training,2,0.0083,unmatched,,,
HSS,2,0.0083,unmatched,,,
HSales Training,2,0.0083,unmatched,,,
Concepts,2,0.0083,unmatched,,,
Concrete Testing,2,0.0083,unmatched,,,
SAP GTS,2,0.0083,unmatched,,,
Conditional Access,2,0.0083,unmatched,,,
Confident,2,0.0083,unmatched,,,
Confidentiality & Discretion,2,0.0083,unmatched,,,
SAP Functional Module,2,0.0083,unmatched,,,
SAP DRC,2,0.0083,unmatched,,,
SAP Data Migration,2,0.0083,unmatched,,,
SAP EHS,2,0.0083,unmatched,,,
SAP ERP Implementation,2,0.0083,unmatched,,,
Compliance Training,2,0.0083,unmatched,,,
SAP SD Consultant,2,0.0083,unmatched,,,
Mechanical maintenance,2,0.0083,unmatched,,,
Mechanics,2,0.0083,unmatched,,,
Mechanism,2,0.0083,unmatched,,,
Mechine Learning,2,0.0083,unmatched,,,
Media Preparation,2,0.0083,unmatched,,,
Compression,2,0.0083,unmatched,,,
Compressor Engineering,2,0.0083,unmatched,,,
Computation,2,0.0083,unmatched,,,
Computer Application,2,0.0083,unmatched,,,
SAP PI,2,0.0083,unmatched,,,
SAP PP Module,2,0.0083,unmatched,,,
SAP PP QM,2,0.0083,unmatched,,,
Computer Engineering,2,0.0083,unmatched,,,
Condition monitoring,2,0.0083,unmatched,,,
SAS Macros,2,0.0083,unmatched,,,
SAS SQL,2,0.0083,unmatched,,,
Compliance Audit,2,0.0083,unmatched,,,
Hana Abap,2,0.0083,unmatched,,,
Hana Data Modeling,2,0.0083,unmatched,,,
Mechanical Project,2,0.0083,unmatched,,,
Mechanical Sales,2,0.0083,unmatched,,,
HVAC Equipments,2,0.0083,unmatched,,,
HVAC components,2,0.0083,unmatched,,,
HVAC engineering,2,0.0083,unmatched,,,
Hacking,2,0.0083,unmatched,,,
Component Selection,2,0.0083,unmatched,,,
SAP TM,2,0.0083,unmatched,,,
SAP TRM,2,0.0083,unmatched,,,
SAP Treasury,2,0.0083,unmatched,,,
Compliance Review,2,0.0083,unmatched,,,
SDLC Life Cycle,2,0.0083,unmatched,,,
SDM,2,0.0083,unmatched,,,
SDWAN,2,0.0083,unmatched,,,
Compactlogix,2,0.0083,unmatched,,,
Mechanical Assembly,2,0.0083,unmatched,,,
Mechanical Engg,2,0.0083,unmatched,,,
Hair Styling,2,0.0083,unmatched,,,
Hair Transplant,2,0.0083,unmatched,,,
SCM workflows,2,0.0083,unmatched,,,
Compassion,2,0.0083,unmatched,,,
Compensation Management,2,0.0083,unmatched,,,
Competency Mapping,2,0.0083,unmatched,,,
Competition mapping & gathering market intelligence report on new updates,2,0.0083,unmatched,,,
SAST,2,0.0083,unmatched,,,
SBU,2,0.0083,unmatched,,,
SAP project management,2,0.0083,unmatched,,,
SHE,2,0.0083,unmatched,,,
SLI,2,0.0083,unmatched,,,
SMB,2,0.0083,unmatched,,,
SME Banking,2,0.0083,unmatched,,,
Commercial knowledge,2,0.0083,unmatched,,,
Mdt,2,0.0083,unmatched,,,
Mean,2,0.0083,unmatched,,,
Hand holding & training Zonal Team to achieve sales as well recruitment targets,2,0.0083,unmatched,,,
SEO writing,2,0.0083,unmatched,,,
SFA,2,0.0083,unmatched,,,
Commodity Trading,2,0.0083,unmatched,,,
Communication Design,2,0.0083,unmatched,,,
Communication Sckills,2,0.0083,unmatched,,,
Communication with clients,2,0.0083,unmatched,,,
Communicative English,2,0.0083,unmatched,,,
SD module,2,0.0083,unmatched,,,
SQL Azure,2,0.0083,unmatched,,,
SMTP,2,0.0083,unmatched,,,
SOAP API,2,0.0083,unmatched,,,
SOLID,2,0.0083,unmatched,,,
SOLID principles,2,0.0083,unmatched,,,
Hardware design,2,0.0083,unmatched,,,
Handling hazardous materials,2,0.0083,unmatched,,,
Happiness Food Distribution,2,0.0083,unmatched,,,
Hard Bucket,2,0.0083,unmatched,,,
Hard Core Sales,2,0.0083,unmatched,,,
Hard Working,2,0.0083,unmatched,,,
Hardware And Software Troubleshooting,2,0.0083,unmatched,,,
Md Anaesthesia,2,0.0083,unmatched,,,
Md Pathology,2,0.0083,unmatched,,,
Commercial Operation,2,0.0083,unmatched,,,
Commercial Strategy,2,0.0083,unmatched,,,
SSP,2,0.0083,unmatched,,,
SSR,2,0.0083,unmatched,,,
Cogs,2,0.0083,unmatched,,,
Mba,2,0.0083,unmatched,,,
Mba Operations,2,0.0083,unmatched,,,
Md,2,0.0083,unmatched,,,
Hardware Configuration,2,0.0083,unmatched,,,
Collateral Development,2,0.0083,unmatched,,,
Collection Framework,2,0.0083,unmatched,,,
Collections Manager-PRIME VISHWAAS-Collection,2,0.0083,unmatched,,,
SQL DBA,2,0.0083,unmatched,,,
SQL Developer,2,0.0083,unmatched,,,
SQL database,2,0.0083,partial/semantic_match,Database,"Nashik University, University of Mumbai","MDC401 Multidisciplinary minor 20 20 40 60 2 -- -- 100, MDL401 Multidisciplinary minor -- 2 -- -- -- 1 1, MDC401 Multidisciplinary minor 3 -- -- 3 -- -- 3, Unknown"
SQLAlchemy,2,0.0083,unmatched,,,
SPA,2,0.0083,unmatched,,,
Commercial Lending,2,0.0083,unmatched,,,
Saas Cloud,2,0.0083,unmatched,,,
Safety Analysis,2,0.0083,unmatched,,,
Code Development,2,0.0083,unmatched,,,
CodeIgniter,2,0.0083,unmatched,,,
Maths,2,0.0083,unmatched,,,
Matillion,2,0.0083,unmatched,,,
Hardware engineering,2,0.0083,unmatched,,,
Hashicorp Vault,2,0.0083,unmatched,,,
Hat,2,0.0083,unmatched,,,
STAAD.Pro,2,0.0083,unmatched,,,
STIBO,2,0.0083,unmatched,,,
SaaS Sales,2,0.0083,unmatched,,,
Codes,2,0.0083,unmatched,,,
Coding Manager,2,0.0083,unmatched,,,
SRE,2,0.0083,unmatched,,,
SSAS,2,0.0083,unmatched,,,
Sales Achievement,2,0.0083,unmatched,,,
Sales And Operations Planning,2,0.0083,unmatched,,,
Sales And Service,2,0.0083,unmatched,,,
Hazardous Waste Management,2,0.0083,unmatched,,,
Hazop,2,0.0083,unmatched,,,
Hcc,2,0.0083,unmatched,,,
Hcm Extracts,2,0.0083,unmatched,,,
Hcm Modules,2,0.0083,unmatched,,,
Co Module,2,0.0083,unmatched,,,
Safety Implementation,2,0.0083,unmatched,,,
Safety Officer,2,0.0083,unmatched,,,
Co-cca,2,0.0083,unmatched,,,
Co-ordinate Measuring Machine,2,0.0083,unmatched,,,
Coal,2,0.0083,unmatched,,,
Coal Procurement,2,0.0083,unmatched,,,
Safety management,2,0.0083,unmatched,,,
Cloud Formation Aws,2,0.0083,unmatched,,,
Sales Generation,2,0.0083,unmatched,,,
Cloud Management,2,0.0083,unmatched,,,
Cloud Native Architecture,2,0.0083,unmatched,,,
Material Requirement,2,0.0083,unmatched,,,
Material Selection,2,0.0083,unmatched,,,
Material Ui,2,0.0083,unmatched,,,
Material handling,2,0.0083,unmatched,,,
Head hunting,2,0.0083,unmatched,,,
CloudFormation,2,0.0083,unmatched,,,
CloudNative K8s,2,0.0083,unmatched,,,
Cloudfront,2,0.0083,unmatched,,,
Sales Associate,2,0.0083,unmatched,,,
Sales Budgeting,2,0.0083,unmatched,,,
Sales Consultant,2,0.0083,unmatched,,,
Sales & PPC,2,0.0083,unmatched,,,
Clinical assessment,2,0.0083,unmatched,,,
Clle,2,0.0083,unmatched,,,
Clm,2,0.0083,unmatched,,,
Clo,2,0.0083,unmatched,,,
Closely working with Variable Agency Partners,2,0.0083,unmatched,,,
Material Ledger,2,0.0083,unmatched,,,
Material Receipt,2,0.0083,unmatched,,,
Closing Sales,2,0.0083,unmatched,,,
Cloud Application Development,2,0.0083,unmatched,,,
Cloud Architect,2,0.0083,unmatched,,,
Cloud Azure,2,0.0083,unmatched,,,
Sales Manager West,2,0.0083,unmatched,,,
Sales Monitoring,2,0.0083,unmatched,,,
Sales Head,2,0.0083,unmatched,,,
Cloud Deployment,2,0.0083,unmatched,,,
Cloud Engineer,2,0.0083,unmatched,,,
Sales Team Management,2,0.0083,unmatched,,,
Sales Review,2,0.0083,unmatched,,,
Sales RnR,2,0.0083,unmatched,,,
Sales Strategies,2,0.0083,unmatched,,,
Sales Target,2,0.0083,unmatched,,,
Sales Tax,2,0.0083,unmatched,,,
Heat Exchanger Design and Manufacturing,2,0.0083,unmatched,,,
Healthcare Consulting,2,0.0083,unmatched,,,
Sales Pitch,2,0.0083,unmatched,,,
Sales Promotion & Driving Zonal Agency Recruitment,2,0.0083,unmatched,,,
Sales Reporting,2,0.0083,unmatched,,,
Clinical Pharmacy,2,0.0083,unmatched,,,
Clinical Research Associate,2,0.0083,unmatched,,,
Clinical SAS Programming,2,0.0083,unmatched,,,
Sales Navigator,2,0.0083,unmatched,,,
Sales Officer,2,0.0083,unmatched,,,
Client Development,2,0.0083,unmatched,,,
Client Liaison,2,0.0083,unmatched,,,
Client Partner,2,0.0083,unmatched,,,
Client Presentations,2,0.0083,unmatched,,,
Sales forecasting,2,0.0083,unmatched,,,
Heavy equipment,2,0.0083,unmatched,,,
Marketing analytics,2,0.0083,unmatched,,,
Marketing programs,2,0.0083,unmatched,,,
Marketing/Sales,2,0.0083,unmatched,,,
Marketplace Operations,2,0.0083,unmatched,,,
Mass Finishing,2,0.0083,unmatched,,,
Mass Recruitment,2,0.0083,unmatched,,,
Sales achievement,2,0.0083,unmatched,,,
Sales and Marketing,2,0.0083,unmatched,,,
Sales budgeting,2,0.0083,unmatched,,,
Client Reporting,2,0.0083,unmatched,,,
Classroom Engagement,2,0.0083,unmatched,,,
Salesforce Crm,2,0.0083,unmatched,,,
Salesforce Development,2,0.0083,unmatched,,,
Salesforce Dx,2,0.0083,unmatched,,,
Classroom Training,2,0.0083,unmatched,,,
Cleaner,2,0.0083,unmatched,,,
Marketing Promotions,2,0.0083,unmatched,,,
Heavy engineering,2,0.0083,unmatched,,,
Salesforce Administration,2,0.0083,unmatched,,,
Salesforce Administrator,2,0.0083,unmatched,,,
Salesforce CPQ,2,0.0083,unmatched,,,
Salesforce Cloud,2,0.0083,unmatched,,,
Cleanroom,2,0.0083,unmatched,,,
Clevertap,2,0.0083,unmatched,,,
Sales promoter,2,0.0083,unmatched,,,
Client Acquistion,2,0.0083,unmatched,,,
Sap Bpc,2,0.0083,unmatched,,,
Civil Law,2,0.0083,unmatched,,,
Hibernate / Jpa,2,0.0083,unmatched,,,
Marketing Agency,2,0.0083,unmatched,,,
Marketing Collaterals,2,0.0083,unmatched,,,
Marketing Executive,2,0.0083,unmatched,,,
Hedge Management,2,0.0083,unmatched,,,
Marketing Lead,2,0.0083,unmatched,,,
Sap Accounting,2,0.0083,unmatched,,,
Sap Administration,2,0.0083,unmatched,,,
Sap Apo,2,0.0083,unmatched,,,
Sap Application,2,0.0083,unmatched,,,
Civil construction,2,0.0083,unmatched,,,
Cladding,2,0.0083,unmatched,,,
Claim Center,2,0.0083,unmatched,,,
Sanitation,2,0.0083,unmatched,,,
Sap Business Warehouse,2,0.0083,unmatched,,,
Sap C4C,2,0.0083,unmatched,,,
Cisco Network Engineer,2,0.0083,unmatched,,,
High Rise Residential,2,0.0083,unmatched,,,
High Voltage,2,0.0083,unmatched,,,
Herbal,2,0.0083,unmatched,,,
Hexaware,2,0.0083,unmatched,,,
Civil Supervision,2,0.0083,unmatched,,,
Citrix Vdi,2,0.0083,unmatched,,,
Citrix Xenapp,2,0.0083,unmatched,,,
Civics,2,0.0083,unmatched,,,
Civil Design,2,0.0083,unmatched,,,
Civil Engineer,2,0.0083,unmatched,,,
Sap Audit,2,0.0083,unmatched,,,
Sap Automation Testing,2,0.0083,unmatched,,,
Sap Billing,2,0.0083,unmatched,,,
Chief Financial Officer,2,0.0083,unmatched,,,
Sap Fica,2,0.0083,unmatched,,,
Sap Fin Co,2,0.0083,unmatched,,,
Sap For Utilities Billing,2,0.0083,unmatched,,,
Churn,2,0.0083,unmatched,,,
Market Trends,2,0.0083,unmatched,,,
High Availability,2,0.0083,unmatched,,,
Sap Customer Service,2,0.0083,unmatched,,,
Sap Eam,2,0.0083,unmatched,,,
Cinematographer,2,0.0083,unmatched,,,
Circleci,2,0.0083,unmatched,,,
Circuit Designing,2,0.0083,unmatched,,,
Circuit breakers,2,0.0083,unmatched,,,
Cisco Aci,2,0.0083,unmatched,,,
Cisco IPS,2,0.0083,unmatched,,,
Sap Copa,2,0.0083,unmatched,,,
Character Designing,2,0.0083,unmatched,,,
Chemical Handling,2,0.0083,unmatched,,,
Chartering,2,0.0083,unmatched,,,
Chassis,2,0.0083,unmatched,,,
ChatGPT,2,0.0083,unmatched,,,
Hitachi Storage,2,0.0083,unmatched,,,
Market Entry Strategy,2,0.0083,unmatched,,,
High-Speed Steel,2,0.0083,unmatched,,,
Hindi Teacher,2,0.0083,unmatched,,,
Sap Mdg Technical,2,0.0083,unmatched,,,
Chief Technology Officer,2,0.0083,unmatched,,,
Chemical Manufacturing,2,0.0083,unmatched,,,
Chemical Procurement,2,0.0083,unmatched,,,
Chemical Production,2,0.0083,unmatched,,,
Sap Hr,2,0.0083,unmatched,,,
Sap Hybris Commerce,2,0.0083,unmatched,,,
Sap Sac,2,0.0083,unmatched,,,
Sap Scm Apo Advanced Planning,2,0.0083,unmatched,,,
Sap Scripts,2,0.0083,unmatched,,,
Certified Financial Planner,2,0.0083,unmatched,,,
Cfo,2,0.0083,unmatched,,,
Mariadb,2,0.0083,unmatched,,,
Hinges,2,0.0083,unmatched,,,
His,2,0.0083,unmatched,,,
Sap Ps Integration,2,0.0083,unmatched,,,
Sap Refx,2,0.0083,unmatched,,,
Change Strategy,2,0.0083,unmatched,,,
Channel Handling,2,0.0083,unmatched,,,
Channel Sales Development,2,0.0083,unmatched,,,
Sap Mm Hana,2,0.0083,unmatched,,,
Sap Mm Wm,2,0.0083,unmatched,,,
Sap Pi,2,0.0083,unmatched,,,
Saving Account Sales,2,0.0083,unmatched,,,
Catia V4,2,0.0083,unmatched,,,
Cattle,2,0.0083,unmatched,,,
Ccd,2,0.0083,unmatched,,,
Cch,2,0.0083,unmatched,,,
Manuscript,2,0.0083,unmatched,,,
MapReduce,2,0.0083,unmatched,,,
Hmi Programming,2,0.0083,unmatched,,,
Hmi Software,2,0.0083,unmatched,,,
Mapinfo,2,0.0083,unmatched,,,
Ccna,2,0.0083,unmatched,,,
Ceramics,2,0.0083,unmatched,,,
Celery,2,0.0083,unmatched,,,
Cell Biology,2,0.0083,unmatched,,,
Sap Solman,2,0.0083,unmatched,,,
Sap Time Management,2,0.0083,unmatched,,,
Cash Reconciliation,2,0.0083,unmatched,,,
Schedule Management,2,0.0083,unmatched,,,
Schedule Planning,2,0.0083,unmatched,,,
Home Furnishing,2,0.0083,unmatched,,,
Home Health,2,0.0083,unmatched,,,
Home Textiles,2,0.0083,unmatched,,,
Home Tuition,2,0.0083,unmatched,,,
Home loans,2,0.0083,unmatched,,,
Manufacturing Plant,2,0.0083,unmatched,,,
Saw,2,0.0083,unmatched,,,
Scada Programming,2,0.0083,unmatched,,,
Scale,2,0.0083,unmatched,,,
Scan Insertion,2,0.0083,unmatched,,,
Catering sales,2,0.0083,unmatched,,,
Cath Lab,2,0.0083,unmatched,,,
Sass,2,0.0083,unmatched,,,
Caretaking,2,0.0083,unmatched,,,
Cargo Handling,2,0.0083,unmatched,,,
Carrier Hap,2,0.0083,unmatched,,,
Manufacturing Audit,2,0.0083,unmatched,,,
Homologation,2,0.0083,unmatched,,,
Hong Kong,2,0.0083,unmatched,,,
Hose,2,0.0083,unmatched,,,
Hose Pipe,2,0.0083,unmatched,,,
School Visit,2,0.0083,unmatched,,,
Case,2,0.0083,unmatched,,,
Schematic Capture,2,0.0083,unmatched,,,
School,2,0.0083,unmatched,,,
School Sales,2,0.0083,unmatched,,,
Cash Flow Statement,2,0.0083,unmatched,,,
Cash Forecasting,2,0.0083,unmatched,,,
Cash Management Services,2,0.0083,unmatched,,,
Career counselling,2,0.0083,unmatched,,,
Sea Export,2,0.0083,unmatched,,,
Sealant,2,0.0083,unmatched,,,
Seals,2,0.0083,unmatched,,,
Search Console,2,0.0083,unmatched,,,
Manual Therapy,2,0.0083,unmatched,,,
Hospital Pharmacy,2,0.0083,unmatched,,,
Hospital administration,2,0.0083,unmatched,,,
Hospital billing,2,0.0083,unmatched,,,
Screenwriting,2,0.0083,unmatched,,,
Cards Domain,2,0.0083,unmatched,,,
Career,2,0.0083,unmatched,,,
Career Management,2,0.0083,unmatched,,,
Scm Modules,2,0.0083,unmatched,,,
Scorm,2,0.0083,unmatched,,,
Scouting,2,0.0083,unmatched,,,
Capacity Analysis,2,0.0083,unmatched,,,
Capacity Building,2,0.0083,unmatched,,,
Mango Db,2,0.0083,unmatched,,,
Manpower Budgeting,2,0.0083,unmatched,,,
Secretarial Work,2,0.0083,unmatched,,,
Securities,2,0.0083,unmatched,,,
Securities Lending,2,0.0083,unmatched,,,
Car Mechanic,2,0.0083,unmatched,,,
Capital Market Operations,2,0.0083,unmatched,,,
Captivate,2,0.0083,unmatched,,,
Secondary English Teacher,2,0.0083,unmatched,,,
Secondary sales,2,0.0083,unmatched,,,
Car Technician,2,0.0083,unmatched,,,
Seat Frame,2,0.0083,unmatched,,,
Car Body,2,0.0083,unmatched,,,
Car Driving,2,0.0083,unmatched,,,
Campaign Development,2,0.0083,unmatched,,,
Security Services,2,0.0083,unmatched,,,
Manager Materials,2,0.0083,unmatched,,,
Managing Director,2,0.0083,unmatched,,,
Hot Stamping,2,0.0083,unmatched,,,
Hotel Accounts,2,0.0083,unmatched,,,
Security Administration,2,0.0083,unmatched,,,
Security Analyst,2,0.0083,unmatched,,,
Security Consulting,2,0.0083,unmatched,,,
Can Protocol,2,0.0083,unmatched,,,
Canalyzer,2,0.0083,unmatched,,,
Cancer,2,0.0083,unmatched,,,
Capital Management,2,0.0083,unmatched,,,
Cap,2,0.0083,unmatched,,,
Capability Building,2,0.0083,unmatched,,,
Capacitors,2,0.0083,unmatched,,,
Call Center Management,2,0.0083,unmatched,,,
Campaign Operations,2,0.0083,unmatched,,,
Campaign Planning,2,0.0083,unmatched,,,
Call center operations,2,0.0083,unmatched,,,
Calling Process,2,0.0083,unmatched,,,
Calling process,2,0.0083,unmatched,,,
Security testing,2,0.0083,unmatched,,,
Hr Consulting,2,0.0083,unmatched,,,
Hr Documentation,2,0.0083,unmatched,,,
Hr Executive,2,0.0083,unmatched,,,
Housekeeping Executive,2,0.0083,unmatched,,,
Housekeeping Operations,2,0.0083,unmatched,,,
Camtasia,2,0.0083,unmatched,,,
Security Training,2,0.0083,unmatched,,,
Security audit,2,0.0083,unmatched,,,
Campaign Design,2,0.0083,unmatched,,,
Senior Finance Executive,2,0.0083,unmatched,,,
Senior Research Analyst,2,0.0083,unmatched,,,
Senior Resident,2,0.0083,unmatched,,,
Management reporting,2,0.0083,unmatched,,,
Hpdc Tool Design,2,0.0083,unmatched,,,
Cadworx,2,0.0083,unmatched,,,
Caesar Ii,2,0.0083,unmatched,,,
Call Center Training,2,0.0083,unmatched,,,
Call Manager,2,0.0083,unmatched,,,
Selenium Ide,2,0.0083,unmatched,,,
Selenium WebDriver,2,0.0083,unmatched,,,
CakePHP,2,0.0083,unmatched,,,
Cakephp,2,0.0083,unmatched,,,
Cal,2,0.0083,unmatched,,,
Call Calibration,2,0.0083,unmatched,,,
Call Center Jobs,2,0.0083,unmatched,,,
Seo Tools,2,0.0083,unmatched,,,
Server Management,2,0.0083,unmatched,,,
CT,2,0.0083,unmatched,,,
CUCM,2,0.0083,unmatched,,,
Management Professional,2,0.0083,unmatched,,,
Hr Manager,2,0.0083,unmatched,,,
Hr Ops,2,0.0083,unmatched,,,
Hr Planning,2,0.0083,unmatched,,,
Cache,2,0.0083,unmatched,,,
Senior Systems Engineer,2,0.0083,unmatched,,,
Sensor,2,0.0083,unmatched,,,
Cabin Crew,2,0.0083,unmatched,,,
Cabinet Design,2,0.0083,unmatched,,,
Cafe Management,2,0.0083,unmatched,,,
Seminars,2,0.0083,unmatched,,,
Seminars & Acquisition,2,0.0083,unmatched,,,
CRM Strategy,2,0.0083,unmatched,,,
Service Executive,2,0.0083,unmatched,,,
Service Industry,2,0.0083,unmatched,,,
Service Level Agreement,2,0.0083,unmatched,,,
CRM management,2,0.0083,unmatched,,,
CRM post sales,2,0.0083,unmatched,,,
CRM systems,2,0.0083,unmatched,,,
CRM tools,2,0.0083,unmatched,,,
CRT,2,0.0083,unmatched,,,
Managed Services,2,0.0083,unmatched,,,
Hr Services,2,0.0083,unmatched,,,
Hr Support,2,0.0083,unmatched,,,
Hris Systems,2,0.0083,unmatched,,,
Service Advisor,2,0.0083,unmatched,,,
Service Bus,2,0.0083,unmatched,,,
Service Delivery Manager,2,0.0083,unmatched,,,
COGNIZANT,2,0.0083,unmatched,,,
COGS,2,0.0083,unmatched,,,
Human Resource Manager,2,0.0083,unmatched,,,
Maintenance management,2,0.0083,unmatched,,,
Http,2,0.0083,unmatched,,,
Service Tax,2,0.0083,unmatched,,,
Service contracts,2,0.0083,unmatched,,,
CPI,2,0.0083,unmatched,,,
CPM schedules,2,0.0083,unmatched,,,
CQRS,2,0.0083,unmatched,,,
CS,2,0.0083,unmatched,,,
Service Mapping,2,0.0083,unmatched,,,
Service Now Ticketing,2,0.0083,unmatched,,,
Service Orientation,2,0.0083,unmatched,,,
Service Request,2,0.0083,unmatched,,,
CRM - Real estate Industry,2,0.0083,unmatched,,,
CNS,2,0.0083,unmatched,,,
COBOL,2,0.0083,unmatched,,,
Servlets,2,0.0083,unmatched,,,
Session Management,2,0.0083,unmatched,,,
Setter Activities,2,0.0083,unmatched,,,
CMDB structure,2,0.0083,unmatched,,,
Human Resource Business Partner,2,0.0083,unmatched,,,
ServiceNow ITOM Developer,2,0.0083,unmatched,,,
ServiceNow Platform Architect,2,0.0083,unmatched,,,
ServiceNow SecOps,2,0.0083,unmatched,,,
ServiceNow SecOps Developer,2,0.0083,unmatched,,,
Servicenow Discovery,2,0.0083,unmatched,,,
Service request management,2,0.0083,unmatched,,,
Service sales,2,0.0083,unmatched,,,
ServiceNow CSDM,2,0.0083,unmatched,,,
ServiceNow Developer,2,0.0083,unmatched,,,
CMA Data,2,0.0083,unmatched,,,
Sharegate,2,0.0083,unmatched,,,
Sharepoint Administration,2,0.0083,unmatched,,,
Sharepoint Designer,2,0.0083,unmatched,,,
HyperMesh,2,0.0083,unmatched,,,
Mainframe Db2,2,0.0083,unmatched,,,
Maintain,2,0.0083,unmatched,,,
Hv,2,0.0083,unmatched,,,
Hvac Sales,2,0.0083,unmatched,,,
Hybrid Agency,2,0.0083,unmatched,,,
Sfdc Testing,2,0.0083,unmatched,,,
Sfra,2,0.0083,unmatched,,,
CISSP,2,0.0083,unmatched,,,
CLM,2,0.0083,unmatched,,,
CLRA,2,0.0083,unmatched,,,
CM360,2,0.0083,unmatched,,,
Shipping line,2,0.0083,unmatched,,,
Shooting,2,0.0083,unmatched,,,
Shop Floor Operations,2,0.0083,unmatched,,,
Shopify Plus,2,0.0083,unmatched,,,
Hyperworks,2,0.0083,unmatched,,,
I/O,2,0.0083,unmatched,,,
Maestro,2,0.0083,unmatched,,,
Magnolia Cms,2,0.0083,unmatched,,,
Shift,2,0.0083,unmatched,,,
Shift Operation,2,0.0083,unmatched,,,
Shift Production,2,0.0083,unmatched,,,
CEO,2,0.0083,unmatched,,,
CFS,2,0.0083,unmatched,,,
CFS Sales,2,0.0083,unmatched,,,
CISM,2,0.0083,unmatched,,,
Shaving,2,0.0083,unmatched,,,
Singing,2,0.0083,unmatched,,,
Single line diagram,2,0.0083,unmatched,,,
C++17,2,0.0083,unmatched,,,
C2h,2,0.0083,unmatched,,,
Machining Component,2,0.0083,unmatched,,,
CAPEX,2,0.0083,unmatched,,,
Siemens S7,2,0.0083,unmatched,,,
Sigma,2,0.0083,unmatched,,,
Shutdown,2,0.0083,unmatched,,,
Siebel CRM,2,0.0083,unmatched,,,
Siebel Workflows,2,0.0083,unmatched,,,
CAM,2,0.0083,unmatched,,,
CCTV installation,2,0.0083,unmatched,,,
CED,2,0.0083,unmatched,,,
CC,2,0.0083,unmatched,,,
Shipping Documentation,2,0.0083,unmatched,,,
Business reporting,2,0.0083,unmatched,,,
Site coordination,2,0.0083,unmatched,,,
Machine Learning Operations,2,0.0083,unmatched,,,
Machine Setting,2,0.0083,unmatched,,,
Machine maintenance,2,0.0083,unmatched,,,
Machine operating,2,0.0083,unmatched,,,
Site Operations,2,0.0083,unmatched,,,
Site Supervisor,2,0.0083,unmatched,,,
CA Fresher,2,0.0083,unmatched,,,
Site Head,2,0.0083,unmatched,,,
Site Incharge,2,0.0083,unmatched,,,
Bw 4Hana,2,0.0083,unmatched,,,
Bw On Hana,2,0.0083,unmatched,,,
CAE,2,0.0083,unmatched,,,
Simulation Modeling,2,0.0083,unmatched,,,
Simulation Tools,2,0.0083,unmatched,,,
Business To Business,2,0.0083,unmatched,,,
Business Transition,2,0.0083,unmatched,,,
Business Travel Arrangement,2,0.0083,unmatched,,,
MTS,2,0.0083,unmatched,,,
MVC Architecture,2,0.0083,unmatched,,,
MYSQL,2,0.0083,unmatched,,,
Machine Automation,2,0.0083,unmatched,,,
Business Writing,2,0.0083,unmatched,,,
Business advisory,2,0.0083,unmatched,,,
Business analyst,2,0.0083,unmatched,,,
Business case,2,0.0083,unmatched,,,
Business consulting,2,0.0083,unmatched,,,
Sitecore Cms,2,0.0083,unmatched,,,
Business continuity planning,2,0.0083,unmatched,,,
Business excellence,2,0.0083,unmatched,,,
Business objects,2,0.0083,unmatched,,,
Business Insights,2,0.0083,unmatched,,,
Business Leadership,2,0.0083,unmatched,,,
MS Visio,2,0.0083,unmatched,,,
MSTest,2,0.0083,unmatched,,,
Smartforms,2,0.0083,unmatched,,,
Smartsheet,2,0.0083,unmatched,,,
Smartview,2,0.0083,unmatched,,,
Skill Matrix,2,0.0083,unmatched,,,
Sla,2,0.0083,unmatched,,,
Sla Management,2,0.0083,unmatched,,,
Slack,2,0.0083,unmatched,,,
Business Process Re-engineering,2,0.0083,unmatched,,,
Six Sigma Certified,2,0.0083,unmatched,,,
Six Sigma Green Belt,2,0.0083,unmatched,,,
SketchUp,2,0.0083,unmatched,,,
Business Services,2,0.0083,unmatched,,,
Social Responsibility,2,0.0083,unmatched,,,
Bumper,2,0.0083,unmatched,,,
Bus,2,0.0083,unmatched,,,
IEC 61439,2,0.0083,unmatched,,,
IEEE,2,0.0083,unmatched,,,
ICFR,2,0.0083,unmatched,,,
ICM,2,0.0083,unmatched,,,
MS Office Outlook,2,0.0083,unmatched,,,
Business Awareness,2,0.0083,unmatched,,,
Social Compliance,2,0.0083,unmatched,,,
Social Media Creatives,2,0.0083,unmatched,,,
Business Continuity Planning,2,0.0083,unmatched,,,
Business Networking,2,0.0083,unmatched,,,
Soa Bpel,2,0.0083,unmatched,,,
Business Process Analysis,2,0.0083,unmatched,,,
Business Process Design,2,0.0083,unmatched,,,
Budget management,2,0.0083,unmatched,,,
Budgetary Analysis,2,0.0083,unmatched,,,
IHS v8.x,2,0.0083,unmatched,,,
MRN,2,0.0083,unmatched,,,
MS Dynamics,2,0.0083,unmatched,,,
IDOC,2,0.0083,unmatched,,,
Sockets,2,0.0083,unmatched,,,
Soft skills,2,0.0083,unmatched,,,
Software Administration,2,0.0083,unmatched,,,
Software Architecture,2,0.0083,unmatched,,,
Build,2,0.0083,unmatched,,,
Builder Finance,2,0.0083,unmatched,,,
Builders,2,0.0083,unmatched,,,
Social Studies teacher,2,0.0083,unmatched,,,
Building Management System,2,0.0083,unmatched,,,
Bulk Drugs,2,0.0083,unmatched,,,
Software Delivery,2,0.0083,unmatched,,,
Software Developer,2,0.0083,unmatched,,,
Software Documentation,2,0.0083,unmatched,,,
Software Engineer,2,0.0083,unmatched,,,
Bsm,2,0.0083,unmatched,,,
Btl Activation,2,0.0083,unmatched,,,
MIS Updation,2,0.0083,unmatched,,,
MIS preparation,2,0.0083,unmatched,,,
ML flow,2,0.0083,unmatched,,,
ML model,2,0.0083,unmatched,,,
MLOps,2,0.0083,unmatched,,,
IFRS 16,2,0.0083,unmatched,,,
IFRS standards,2,0.0083,unmatched,,,
IFS,2,0.0083,unmatched,,,
Budget Monitoring,2,0.0083,unmatched,,,
Budget Planning,2,0.0083,unmatched,,,
Software Products,2,0.0083,unmatched,,,
Software Project Management,2,0.0083,unmatched,,,
Software QA,2,0.0083,unmatched,,,
Software Services,2,0.0083,unmatched,,,
Software Solutions,2,0.0083,unmatched,,,
Software Support,2,0.0083,unmatched,,,
Software Test Automation,2,0.0083,unmatched,,,
Broadband,2,0.0083,unmatched,,,
Broadcom CA TDM,2,0.0083,unmatched,,,
MID Server,2,0.0083,unmatched,,,
MIG,2,0.0083,unmatched,,,
MIS Generation,2,0.0083,unmatched,,,
IIW,2,0.0083,unmatched,,,
Bucket,2,0.0083,unmatched,,,
Software Licensing,2,0.0083,unmatched,,,
Software Procurement,2,0.0083,unmatched,,,
Solar Power Marketing,2,0.0083,unmatched,,,
Solar Projects Marketing,2,0.0083,unmatched,,,
Branch banking operations,2,0.0083,unmatched,,,
MEDICAL COLLEGE,2,0.0083,unmatched,,,
MFA,2,0.0083,unmatched,,,
IMF,2,0.0083,unmatched,,,
Soil Testing,2,0.0083,unmatched,,,
Solar EPC Project Services Marketing,2,0.0083,unmatched,,,
Software Testing Life Cycle,2,0.0083,unmatched,,,
Software Training,2,0.0083,unmatched,,,
Software Validation,2,0.0083,unmatched,,,
Software implementation,2,0.0083,unmatched,,,
Bread,2,0.0083,unmatched,,,
Breeding,2,0.0083,unmatched,,,
Brf+,2,0.0083,unmatched,,,
Software Testing Automation,2,0.0083,unmatched,,,
Branch head,2,0.0083,unmatched,,,
Branch,2,0.0083,unmatched,,,
IPC,2,0.0083,unmatched,,,
IPD,2,0.0083,unmatched,,,
MBIST,2,0.0083,unmatched,,,
MCCB,2,0.0083,unmatched,,,
MCP,2,0.0083,unmatched,,,
IOSH,2,0.0083,unmatched,,,
IP Addressing,2,0.0083,unmatched,,,
Brand Planning,2,0.0083,unmatched,,,
Brand Solutions,2,0.0083,unmatched,,,
Solar EPC Services,2,0.0083,unmatched,,,
Solar Energy Marketing,2,0.0083,unmatched,,,
Solar Marketing,2,0.0083,unmatched,,,
Solar Marketing Manager,2,0.0083,unmatched,,,
Solar Panel,2,0.0083,unmatched,,,
Bootloader,2,0.0083,unmatched,,,
Boq Estimation,2,0.0083,unmatched,,,
Luxury Interiors,2,0.0083,unmatched,,,
M365,2,0.0083,unmatched,,,
MA,2,0.0083,unmatched,,,
MAG,2,0.0083,unmatched,,,
MBBR,2,0.0083,unmatched,,,
Bpo sales,2,0.0083,unmatched,,,
Bpr,2,0.0083,unmatched,,,
Solidwork,2,0.0083,unmatched,,,
Bought-Out,2,0.0083,unmatched,,,
Box,2,0.0083,unmatched,,,
Solar energy,2,0.0083,unmatched,,,
Soldering,2,0.0083,unmatched,,,
Solid Principles,2,0.0083,unmatched,,,
Bpo Training,2,0.0083,unmatched,,,
Bonus Act,2,0.0083,unmatched,,,
Book Closure,2,0.0083,unmatched,,,
Solution Selling,2,0.0083,unmatched,,,
Som,2,0.0083,unmatched,,,
Board Design,2,0.0083,unmatched,,,
ISO 13485,2,0.0083,unmatched,,,
Ls-Dyna,2,0.0083,unmatched,,,
Lube Oil,2,0.0083,unmatched,,,
Lubricant Sales,2,0.0083,unmatched,,,
IPR,2,0.0083,unmatched,,,
IREPS,2,0.0083,unmatched,,,
Solution Designing,2,0.0083,unmatched,,,
Solution Implementation,2,0.0083,unmatched,,,
Solution Management,2,0.0083,unmatched,,,
Boiler Maintenance,2,0.0083,unmatched,,,
Bom Creation,2,0.0083,unmatched,,,
Sourcing Executive,2,0.0083,unmatched,,,
Sow,2,0.0083,unmatched,,,
Blob Storage,2,0.0083,unmatched,,,
Blogger,2,0.0083,unmatched,,,
Sox,2,0.0083,unmatched,,,
Lotus,2,0.0083,unmatched,,,
Lotus Notes Domino,2,0.0083,unmatched,,,
Low Voltage Switchgear,2,0.0083,unmatched,,,
IS Retail,2,0.0083,unmatched,,,
Sop preparation,2,0.0083,unmatched,,,
Blow Molding Machines,2,0.0083,unmatched,,,
BluePrism,2,0.0083,unmatched,,,
Bluebeam Revu,2,0.0083,unmatched,,,
Bmlt,2,0.0083,unmatched,,,
Bmr,2,0.0083,unmatched,,,
Bms System,2,0.0083,unmatched,,,
Specialty Chemicals,2,0.0083,unmatched,,,
Blender,2,0.0083,unmatched,,,
Spare Parts Marketing,2,0.0083,unmatched,,,
Spares Management,2,0.0083,unmatched,,,
Spark Streaming,2,0.0083,unmatched,,,
Bis,2,0.0083,unmatched,,,
Logistics operations,2,0.0083,unmatched,,,
Looker Studio,2,0.0083,unmatched,,,
Lookup,2,0.0083,unmatched,,,
Loss Mitigation,2,0.0083,unmatched,,,
ISO 14644,2,0.0083,unmatched,,,
Bl,2,0.0083,unmatched,,,
Blackline,2,0.0083,unmatched,,,
Blazor,2,0.0083,unmatched,,,
Blended,2,0.0083,unmatched,,,
Source Management,2,0.0083,unmatched,,,
Sponsorship Sales,2,0.0083,unmatched,,,
Bill Payment,2,0.0083,unmatched,,,
Logical thinking,2,0.0083,unmatched,,,
Logistic Coordinator,2,0.0083,unmatched,,,
Logistic Regression,2,0.0083,unmatched,,,
Logistics Coordination,2,0.0083,unmatched,,,
ISU,2,0.0083,unmatched,,,
Biopharma,2,0.0083,unmatched,,,
Bioprocess Engineering,2,0.0083,unmatched,,,
Spectrum,2,0.0083,unmatched,,,
Spend Analysis,2,0.0083,unmatched,,,
Spend Management,2,0.0083,unmatched,,,
Spicejet,2,0.0083,unmatched,,,
Splicing,2,0.0083,unmatched,,,
Biw Welding Fixture,2,0.0083,unmatched,,,
Biztalk,2,0.0083,unmatched,,,
Spring boot,2,0.0083,unmatched,,,
Sprout Social,2,0.0083,unmatched,,,
Location Management,2,0.0083,unmatched,,,
IT Asset,2,0.0083,unmatched,,,
IT Business Analyst,2,0.0083,unmatched,,,
IT Governance,2,0.0083,unmatched,,,
Spring MVC,2,0.0083,unmatched,,,
Spring Microservices,2,0.0083,unmatched,,,
Bid management,2,0.0083,unmatched,,,
Billing Executive,2,0.0083,unmatched,,,
Sports Journalist,2,0.0083,unmatched,,,
Sports Writer,2,0.0083,unmatched,,,
Sports coach,2,0.0083,unmatched,,,
Spot Welding,2,0.0083,unmatched,,,
Spotfire,2,0.0083,unmatched,,,
Splunk Administration,2,0.0083,unmatched,,,
Ssh,2,0.0083,unmatched,,,
Ssis Etl,2,0.0083,unmatched,,,
Battery Charger,2,0.0083,unmatched,,,
Battery Energy Storage System,2,0.0083,unmatched,,,
IT Recruiter,2,0.0083,unmatched,,,
IT Risk Management,2,0.0083,unmatched,,,
Loan Facilitation,2,0.0083,unmatched,,,
Loan Management,2,0.0083,unmatched,,,
Loan Management System,2,0.0083,unmatched,,,
Bed Making,2,0.0083,unmatched,,,
Bedrock,2,0.0083,unmatched,,,
Behavior Driven Development,2,0.0083,unmatched,,,
Being guiding force for entire Zone agency team,2,0.0083,unmatched,,,
Sql Support,2,0.0083,unmatched,,,
Bcom,2,0.0083,unmatched,,,
Sql Server Database,2,0.0083,unmatched,,,
Baseline Schedule,2,0.0083,unmatched,,,
Bash Scripting,2,0.0083,unmatched,,,
Basic Computer Knowledge,2,0.0083,unmatched,,,
Load balancing,2,0.0083,unmatched,,,
Loading Unloading,2,0.0083,unmatched,,,
IT Networking,2,0.0083,unmatched,,,
IT Program Management,2,0.0083,unmatched,,,
IT Projects,2,0.0083,unmatched,,,
Battery Management,2,0.0083,unmatched,,,
Bbi,2,0.0083,unmatched,,,
Bbs,2,0.0083,unmatched,,,
Staff Nurse,2,0.0083,unmatched,,,
Staff Supervision,2,0.0083,unmatched,,,
Staff Training,2,0.0083,unmatched,,,
Srdf,2,0.0083,unmatched,,,
Ss,2,0.0083,unmatched,,,
Banking sales,2,0.0083,unmatched,,,
Bank Reconciliations,2,0.0083,unmatched,,,
Banking & Treasury,2,0.0083,unmatched,,,
Banking Domain,2,0.0083,unmatched,,,
Litigation management,2,0.0083,unmatched,,,
IT Service Delivery Management,2,0.0083,unmatched,,,
IT Skills,2,0.0083,unmatched,,,
Stat,2,0.0083,unmatched,,,
Standardization,2,0.0083,unmatched,,,
Star,2,0.0083,unmatched,,,
Star CCM+,2,0.0083,unmatched,,,
Star Schema,2,0.0083,unmatched,,,
Startup,2,0.0083,unmatched,,,
Bapi,2,0.0083,unmatched,,,
Batch Manufacturing,2,0.0083,unmatched,,,
Stainless Steel,2,0.0083,unmatched,,,
Stibo,2,0.0083,unmatched,,,
Stibo Mdm,2,0.0083,unmatched,,,
Liquor,2,0.0083,unmatched,,,
Literature Search,2,0.0083,unmatched,,,
Lithium Ion Battery,2,0.0083,unmatched,,,
Litigation Support,2,0.0083,unmatched,,,
IT Training,2,0.0083,unmatched,,,
IT hardware,2,0.0083,unmatched,,,
Bank Loan,2,0.0083,unmatched,,,
Statutory Management,2,0.0083,unmatched,,,
Steam Turbine,2,0.0083,unmatched,,,
Baking,2,0.0083,unmatched,,,
Balance Sheet Analysis,2,0.0083,unmatched,,,
Statistical Tools,2,0.0083,unmatched,,,
Statistical programming,2,0.0083,unmatched,,,
Bancs,2,0.0083,unmatched,,,
Back End,2,0.0083,unmatched,,,
Back Office Processing,2,0.0083,unmatched,,,
ITGC,2,0.0083,unmatched,,,
Linux System,2,0.0083,partial/semantic_match,Linux,"Nashik University, University of Mumbai, Savitribai Phule Pune University","MDC401 Multidisciplinary minor 20 20 40 60 2 -- -- 100, Unknown"
Liquid,2,0.0083,unmatched,,,
IT project management,2,0.0083,unmatched,,,
IT projects,2,0.0083,unmatched,,,
Backup And Recovery,2,0.0083,unmatched,,,
Stock Analysis,2,0.0083,unmatched,,,
Balancing valve,2,0.0083,unmatched,,,
Bams,2,0.0083,unmatched,,,
Steel Structure,2,0.0083,unmatched,,,
Sterile,2,0.0083,unmatched,,,
Sterilization,2,0.0083,unmatched,,,
Sterling Integrator,2,0.0083,unmatched,,,
Stewardship,2,0.0083,unmatched,,,
BPO Jobs in Bangalore,2,0.0083,unmatched,,,
BPO Jobs in Pune,2,0.0083,unmatched,,,
BPO Operations,2,0.0083,unmatched,,,
Linkedin Recruiter,2,0.0083,unmatched,,,
Linux Device Drivers,2,0.0083,unmatched,,,
Linux OS,2,0.0083,partial/semantic_match,Linux,"Nashik University, University of Mumbai, Savitribai Phule Pune University","MDC401 Multidisciplinary minor 20 20 40 60 2 -- -- 100, Unknown"
ITAC,2,0.0083,unmatched,,,
Store Officer,2,0.0083,unmatched,,,
Stock control,2,0.0083,unmatched,,,
Store,2,0.0083,unmatched,,,
Store & Purchase,2,0.0083,unmatched,,,
Store Design,2,0.0083,unmatched,,,
Stock Control,2,0.0083,unmatched,,,
Stock Inventory,2,0.0083,unmatched,,,
Stock Market Operations,2,0.0083,unmatched,,,
Bachelor in Arts,2,0.0083,unmatched,,,
Strategy Making,2,0.0083,unmatched,,,
Streaming,2,0.0083,unmatched,,,
Streams,2,0.0083,unmatched,,,
Strong communication and interpersonal skills,2,0.0083,unmatched,,,
Strong negotiation,2,0.0083,unmatched,,,
Line Inspection,2,0.0083,unmatched,,,
Line Supervisor,2,0.0083,unmatched,,,
Linear Regression,2,0.0083,unmatched,,,
Linen,2,0.0083,unmatched,,,
ITI Fitter,2,0.0083,unmatched,,,
ITIL Certified,2,0.0083,unmatched,,,
BOM costing,2,0.0083,unmatched,,,
Strategist,2,0.0083,unmatched,,,
Strategic Marketing,2,0.0083,unmatched,,,
Stores maintenance,2,0.0083,unmatched,,,
Storm Water Drainage,2,0.0083,unmatched,,,
Structured finance,2,0.0083,unmatched,,,
Structured products,2,0.0083,unmatched,,,
Structures,2,0.0083,unmatched,,,
Ibm Data Power,2,0.0083,unmatched,,,
Lightspeed,2,0.0083,unmatched,,,
Limestone,2,0.0083,unmatched,,,
Lin,2,0.0083,unmatched,,,
IWE,2,0.0083,unmatched,,,
IaaS,2,0.0083,unmatched,,,
BFSI Salles,2,0.0083,unmatched,,,
BHEL,2,0.0083,unmatched,,,
BHMS,2,0.0083,unmatched,,,
Structure Design,2,0.0083,unmatched,,,
BDD,2,0.0083,unmatched,,,
BIOS,2,0.0083,unmatched,,,
Strategy Implementation,2,0.0083,unmatched,,,
B.Sc,2,0.0083,unmatched,,,
B2b,2,0.0083,unmatched,,,
B2b Saas,2,0.0083,unmatched,,,
Subnetting,2,0.0083,unmatched,,,
Subscription,2,0.0083,unmatched,,,
B2B Integration,2,0.0083,unmatched,,,
Icaap,2,0.0083,unmatched,,,
Iac Tools,2,0.0083,unmatched,,,
Iata,2,0.0083,unmatched,,,
Ibm App Connect Enterprise,2,0.0083,unmatched,,,
Ibm Bpm,2,0.0083,unmatched,,,
Ibm Cloud,2,0.0083,unmatched,,,
Student placement,2,0.0083,unmatched,,,
Study Abroad Programs,2,0.0083,unmatched,,,
B2B2C,2,0.0083,unmatched,,,
BE/B,2,0.0083,unmatched,,,
Supply chain solutions,2,0.0083,unmatched,,,
Azure Log Analytics,2,0.0083,unmatched,,,
Icp-Ms,2,0.0083,unmatched,,,
Life insurance sales,2,0.0083,unmatched,,,
Liferay,2,0.0083,unmatched,,,
Supplier Quality Development,2,0.0083,unmatched,,,
Supplier Relationship Management,2,0.0083,unmatched,,,
Supplier management,2,0.0083,unmatched,,,
Supplier,2,0.0083,unmatched,,,
Supplier Coordination,2,0.0083,unmatched,,,
Supplier Process Audit,2,0.0083,unmatched,,,
Azure cloud,2,0.0083,unmatched,,,
Azure functions,2,0.0083,unmatched,,,
Azzure,2,0.0083,unmatched,,,
Sugar Mill,2,0.0083,unmatched,,,
Sunroof,2,0.0083,unmatched,,,
Azure Administration,2,0.0083,unmatched,,,
Azure Api Management,2,0.0083,unmatched,,,
Azure Apim,2,0.0083,unmatched,,,
Lentra,2,0.0083,unmatched,,,
Lexis Nexis,2,0.0083,unmatched,,,
Lgd,2,0.0083,unmatched,,,
Liaisoning,2,0.0083,unmatched,,,
Library,2,0.0083,unmatched,,,
License Management,2,0.0083,unmatched,,,
Azure Event Hub,2,0.0083,unmatched,,,
Suse,2,0.0083,unmatched,,,
Azure Chatbot,2,0.0083,unmatched,,,
Azure Cli,2,0.0083,unmatched,,,
Azure Monitoring,2,0.0083,unmatched,,,
Surface Grinder,2,0.0083,unmatched,,,
Azure Vm,2,0.0083,unmatched,,,
Swipe Machine,2,0.0083,unmatched,,,
Switch Testing,2,0.0083,unmatched,,,
Axis Securities,2,0.0083,unmatched,,,
Ayurvedic Diagnosis,2,0.0083,unmatched,,,
Ayurvedic Treatment,2,0.0083,unmatched,,,
Switching & Routing,2,0.0083,unmatched,,,
Legal management,2,0.0083,unmatched,,,
Lending Operations,2,0.0083,unmatched,,,
Ide,2,0.0083,unmatched,,,
Idea,2,0.0083,unmatched,,,
Identify,2,0.0083,unmatched,,,
Identify and Teach,2,0.0083,unmatched,,,
Identity management,2,0.0083,unmatched,,,
Sv,2,0.0083,unmatched,,,
Swaps,2,0.0083,unmatched,,,
Azure AI,2,0.0083,unmatched,,,
System Troubleshooting,2,0.0083,unmatched,,,
Aws Sales,2,0.0083,unmatched,,,
Aws Security,2,0.0083,unmatched,,,
Aws Stack,2,0.0083,unmatched,,,
Axiom,2,0.0083,unmatched,,,
Aws Administration,2,0.0083,unmatched,,,
Aws Big Data,2,0.0083,unmatched,,,
Aws Infrastructure,2,0.0083,unmatched,,,
Legal Advisory,2,0.0083,unmatched,,,
Ifc Audit,2,0.0083,unmatched,,,
Ifrs Reporting,2,0.0083,unmatched,,,
Symfony,2,0.0083,unmatched,,,
Synchronization,2,0.0083,unmatched,,,
Syniti,2,0.0083,unmatched,,,
Syniti Adm,2,0.0083,unmatched,,,
Aws Sagemaker,2,0.0083,unmatched,,,
Automotive Component,2,0.0083,unmatched,,,
Automotive Lighting,2,0.0083,unmatched,,,
Automotive Plastics,2,0.0083,unmatched,,,
Autosar,2,0.0083,unmatched,,,
Av Sales,2,0.0083,unmatched,,,
Availability,2,0.0083,unmatched,,,
System administration,2,0.0083,unmatched,,,
Ledger Accounting,2,0.0083,unmatched,,,
Ledger Management,2,0.0083,unmatched,,,
Ihm,2,0.0083,unmatched,,,
Im,2,0.0083,unmatched,,,
System Center Configuration Manager,2,0.0083,unmatched,,,
System Designing,2,0.0083,unmatched,,,
System Implementation,2,0.0083,unmatched,,,
System Monitoring,2,0.0083,unmatched,,,
System Service,2,0.0083,unmatched,,,
Automated Test Scripts,2,0.0083,unmatched,,,
TDM architecture,2,0.0083,unmatched,,,
Automation Frameworks,2,0.0083,unmatched,,,
Automation Industry,2,0.0083,unmatched,,,
Lease Accounting,2,0.0083,unmatched,,,
Lease Deed,2,0.0083,unmatched,,,
Leased Line,2,0.0083,unmatched,,,
Image editing,2,0.0083,unmatched,,,
Imaging,2,0.0083,unmatched,,,
Immunology,2,0.0083,unmatched,,,
Lecturer Activities,2,0.0083,unmatched,,,
System integration testing,2,0.0083,unmatched,,,
System management,2,0.0083,unmatched,,,
Automobile Maintenance,2,0.0083,unmatched,,,
Automobile engineering,2,0.0083,unmatched,,,
Automotive Accessories,2,0.0083,unmatched,,,
TPP,2,0.0083,unmatched,,,
TQM,2,0.0083,unmatched,,,
TTD,2,0.0083,unmatched,,,
TTT,2,0.0083,unmatched,,,
Auto Claims,2,0.0083,unmatched,,,
Import/Export Documentation,2,0.0083,unmatched,,,
Lean Management,2,0.0083,unmatched,,,
Lean Methodology,2,0.0083,unmatched,,,
Learning Agility & Adaptability,2,0.0083,unmatched,,,
Implementation And Support,2,0.0083,unmatched,,,
Implementation And Testing,2,0.0083,unmatched,,,
TIBCO BW,2,0.0083,unmatched,,,
TLC,2,0.0083,unmatched,,,
Automation Tester,2,0.0083,unmatched,,,
TDS Filing,2,0.0083,unmatched,,,
TGT Maths,2,0.0083,unmatched,,,
Auto Parts,2,0.0083,unmatched,,,
Auto loans,2,0.0083,unmatched,,,
Tableau Server,2,0.0083,unmatched,,,
Tables,2,0.0083,unmatched,,,
Tablets,2,0.0083,unmatched,,,
Tac,2,0.0083,unmatched,,,
Tactical planning,2,0.0083,unmatched,,,
Tagging,2,0.0083,unmatched,,,
Tail Lamp,2,0.0083,unmatched,,,
Australia,2,0.0083,unmatched,,,
InDesign,2,0.0083,unmatched,,,
Leadership Quality,2,0.0083,unmatched,,,
Leadership Training,2,0.0083,unmatched,,,
Leads,2,0.0083,unmatched,,,
Import Management,2,0.0083,unmatched,,,
Import Operations,2,0.0083,unmatched,,,
Audit Support,2,0.0083,unmatched,,,
Tap,2,0.0083,unmatched,,,
Audio Mixing,2,0.0083,unmatched,,,
Inbound US Chat Process,2,0.0083,unmatched,,,
Inbound Voice,2,0.0083,unmatched,,,
Inbound calls,2,0.0083,unmatched,,,
Lead Sale,2,0.0083,unmatched,,,
Lead Software,2,0.0083,unmatched,,,
Lead Talent Acquisition,2,0.0083,unmatched,,,
Ims Db,2,0.0083,unmatched,,,
In Process,2,0.0083,unmatched,,,
Audits,2,0.0083,unmatched,,,
Auto Cadd,2,0.0083,unmatched,,,
Audit documentation,2,0.0083,unmatched,,,
Audit execution,2,0.0083,unmatched,,,
Audit report,2,0.0083,unmatched,,,
Associate Professor,2,0.0083,unmatched,,,
Astm,2,0.0083,unmatched,,,
Tcl,2,0.0083,unmatched,,,
Layout Inspection,2,0.0083,unmatched,,,
Lc Documentation,2,0.0083,unmatched,,,
Lcl,2,0.0083,unmatched,,,
Ldap,2,0.0083,unmatched,,,
Inbound Chat Analysis,2,0.0083,unmatched,,,
Tax Filing,2,0.0083,unmatched,,,
Tax audit,2,0.0083,unmatched,,,
Athletics,2,0.0083,unmatched,,,
Audit Execution,2,0.0083,unmatched,,,
Tat,2,0.0083,unmatched,,,
Tax Analyst,2,0.0083,unmatched,,,
Tax Audits,2,0.0083,unmatched,,,
Tax Calculation,2,0.0083,unmatched,,,
Assembly language,2,0.0083,unmatched,,,
Assistant Manager Operations,2,0.0083,unmatched,,,
Asset Liability Management,2,0.0083,unmatched,,,
Team Mentoring,2,0.0083,unmatched,,,
Launchpad,2,0.0083,unmatched,,,
Laundry,2,0.0083,unmatched,,,
Law Firm,2,0.0083,unmatched,,,
Law enforcement,2,0.0083,unmatched,,,
Inbound customer service,2,0.0083,unmatched,,,
Teaching Maths,2,0.0083,unmatched,,,
Tdm,2,0.0083,unmatched,,,
Teacher Training,2,0.0083,unmatched,,,
Teaching Biology,2,0.0083,unmatched,,,
Atm,2,0.0083,unmatched,,,
Associate Analyst,2,0.0083,unmatched,,,
Associate Operations,2,0.0083,unmatched,,,
Asme Standards,2,0.0083,unmatched,,,
Technical Associate,2,0.0083,unmatched,,,
Technical Audit,2,0.0083,unmatched,,,
Last Mile Delivery,2,0.0083,unmatched,,,
Latches,2,0.0083,unmatched,,,
Inco Terms,2,0.0083,unmatched,,,
Income Tax Assessment,2,0.0083,unmatched,,,
Team lead,2,0.0083,unmatched,,,
Teamcenter Unified,2,0.0083,unmatched,,,
Teams,2,0.0083,unmatched,,,
Tech Support,2,0.0083,unmatched,,,
Tech Transfer,2,0.0083,unmatched,,,
Team Work,2,0.0083,unmatched,,,
Team coaching,2,0.0083,unmatched,,,
Assembly Operation,2,0.0083,unmatched,,,
Assembly Planning,2,0.0083,unmatched,,,
Technical Security,2,0.0083,unmatched,,,
Technical Support Associate,2,0.0083,unmatched,,,
Art Director,2,0.0083,unmatched,,,
Laptop,2,0.0083,unmatched,,,
Large Account,2,0.0083,unmatched,,,
Indian,2,0.0083,unmatched,,,
Technical Process,2,0.0083,unmatched,,,
Ash Business Development,2,0.0083,unmatched,,,
Technical Reviews,2,0.0083,unmatched,,,
Asa Firewall,2,0.0083,unmatched,,,
Technical Evaluation,2,0.0083,unmatched,,,
Technical Infrastructure,2,0.0083,unmatched,,,
Technical Marketing,2,0.0083,unmatched,,,
Assamese,2,0.0083,unmatched,,,
Assembly Drawing,2,0.0083,unmatched,,,
Assembly Drawings,2,0.0083,unmatched,,,
Arcs,2,0.0083,unmatched,,,
Area Business Manager,2,0.0083,unmatched,,,
Archicad,2,0.0083,unmatched,,,
Architect Industry,2,0.0083,unmatched,,,
Architectural Draftsman,2,0.0083,unmatched,,,
Induction Motors,2,0.0083,unmatched,,,
Indian Curry,2,0.0083,unmatched,,,
Indirect Tax Compliance,2,0.0083,unmatched,,,
Language skills,2,0.0083,unmatched,,,
Technology Hiring,2,0.0083,unmatched,,,
Technology Leadership,2,0.0083,unmatched,,,
Architecture Modelling,2,0.0083,unmatched,,,
Technical services,2,0.0083,unmatched,,,
Area management,2,0.0083,unmatched,,,
Technical Troubleshooting,2,0.0083,unmatched,,,
Technical marketing,2,0.0083,unmatched,,,
Telematics,2,0.0083,unmatched,,,
Application engineering,2,0.0083,unmatched,,,
Industrial Iot,2,0.0083,unmatched,,,
Lang Chain,2,0.0083,unmatched,,,
Individual sales manager,2,0.0083,unmatched,,,
Tele Sales,2,0.0083,unmatched,,,
Appointment Management,2,0.0083,unmatched,,,
Apprentice Activities,2,0.0083,unmatched,,,
Apqr,2,0.0083,unmatched,,,
Tekla Software,2,0.0083,unmatched,,,
Telco,2,0.0083,unmatched,,,
Ar Calling,2,0.0083,unmatched,,,
Aras,2,0.0083,unmatched,,,
Arbitration Matters,2,0.0083,unmatched,,,
Arbortext Epic Editor,2,0.0083,unmatched,,,
Archiving,2,0.0083,unmatched,,,
Application Penetration,2,0.0083,unmatched,,,
Application System,2,0.0083,unmatched,,,
Template Development,2,0.0083,unmatched,,,
Lamination,2,0.0083,unmatched,,,
Land Development,2,0.0083,unmatched,,,
Land Laws,2,0.0083,unmatched,,,
Landing Page,2,0.0083,unmatched,,,
Landscape Maintenance,2,0.0083,unmatched,,,
Tellcaller,2,0.0083,unmatched,,,
Tema,2,0.0083,unmatched,,,
Temenos,2,0.0083,unmatched,,,
Application Performance Tuning,2,0.0083,unmatched,,,
Application Portfolio Management,2,0.0083,unmatched,,,
Application Processing,2,0.0083,unmatched,,,
Application Security Testing,2,0.0083,unmatched,,,
Telecom Testing,2,0.0083,unmatched,,,
App-V,2,0.0083,unmatched,,,
Api Documentation,2,0.0083,unmatched,,,
Api Rest,2,0.0083,unmatched,,,
Api Test Automation,2,0.0083,unmatched,,,
Industrial sales,2,0.0083,unmatched,,,
Lambdas,2,0.0083,unmatched,,,
Industrial Plant,2,0.0083,unmatched,,,
Terminal Operations,2,0.0083,unmatched,,,
Tesol,2,0.0083,unmatched,,,
Test Analysis,2,0.0083,unmatched,,,
Apollo Graphql,2,0.0083,unmatched,,,
Tendering Process,2,0.0083,unmatched,,,
TensorFlow,2,0.0083,unmatched,,,
Apparel Sales,2,0.0083,unmatched,,,
Appian Process Automation,2,0.0083,unmatched,,,
Terminal,2,0.0083,unmatched,,,
Test Suite,2,0.0083,unmatched,,,
Test case design,2,0.0083,unmatched,,,
Labor,2,0.0083,unmatched,,,
Labour Contract,2,0.0083,unmatched,,,
Industrial Security,2,0.0083,unmatched,,,
Industrial building,2,0.0083,unmatched,,,
Aop,2,0.0083,unmatched,,,
Apac Payroll,2,0.0083,unmatched,,,
Apache Kafka,2,0.0083,unmatched,,,
Apache Nifi,2,0.0083,unmatched,,,
Test Complete,2,0.0083,unmatched,,,
Apache Spark,2,0.0083,unmatched,,,
Apache Storm,2,0.0083,unmatched,,,
Apache Zookeeper,2,0.0083,unmatched,,,
Apex Classes,2,0.0083,unmatched,,,
App Insights,2,0.0083,unmatched,,,
Testing Mobile Applications,2,0.0083,unmatched,,,
Angiography,2,0.0083,unmatched,,,
Angioplasty,2,0.0083,unmatched,,,
LS-DYNA,2,0.0083,unmatched,,,
LT,2,0.0083,unmatched,,,
Industry Collaboration,2,0.0083,unmatched,,,
Testing & Inspection,2,0.0083,unmatched,,,
Testing & Validation,2,0.0083,unmatched,,,
Angular Js,2,0.0083,unmatched,,,
Angular React,2,0.0083,unmatched,,,
Angular/React,2,0.0083,unmatched,,,
Animal Health,2,0.0083,unmatched,,,
Test Reporting,2,0.0083,unmatched,,,
Test Scripting,2,0.0083,unmatched,,,
Antibiotics,2,0.0083,unmatched,,,
Aocp,2,0.0083,unmatched,,,
Tibco Administrator,2,0.0083,unmatched,,,
Tibco EBX,2,0.0083,unmatched,,,
Tibco Ems,2,0.0083,unmatched,,,
Tibco Spotfire,2,0.0083,unmatched,,,
Analytics Clouds,2,0.0083,unmatched,,,
LNG,2,0.0083,unmatched,,,
Thermal Engineering,2,0.0083,unmatched,,,
Thermal Power,2,0.0083,unmatched,,,
Third Party Risk Assessment,2,0.0083,unmatched,,,
Third Party Sales,2,0.0083,unmatched,,,
Threat Intelligence,2,0.0083,unmatched,,,
Angular 14+,2,0.0083,unmatched,,,
Thai,2,0.0083,unmatched,,,
Thermal Design,2,0.0083,unmatched,,,
Testing Frameworks,2,0.0083,unmatched,,,
Testing Microservices,2,0.0083,unmatched,,,
Tile Adhesives,2,0.0083,unmatched,,,
Tiles Sales,2,0.0083,unmatched,,,
Analysts,2,0.0083,unmatched,,,
Analytical & Problem-Solving Skills,2,0.0083,unmatched,,,
LAN/WAN,2,0.0083,unmatched,,,
LC,2,0.0083,unmatched,,,
LCA,2,0.0083,unmatched,,,
LCR,2,0.0083,unmatched,,,
LCV,2,0.0083,unmatched,,,
Informatica Idq,2,0.0083,unmatched,,,
Informatica Intelligent Cloud Services,2,0.0083,unmatched,,,
Analytical Research,2,0.0083,unmatched,,,
Analytical Testing,2,0.0083,unmatched,,,
Three.Js,2,0.0083,unmatched,,,
Tia Portal,2,0.0083,unmatched,,,
Tibco,2,0.0083,unmatched,,,
Tooling process,2,0.0083,unmatched,,,
Title Industry,2,0.0083,unmatched,,,
Title Verification,2,0.0083,unmatched,,,
Tivoli,2,0.0083,unmatched,,,
Toad,2,0.0083,unmatched,,,
Toefl,2,0.0083,unmatched,,,
Amc Sales,2,0.0083,unmatched,,,
Infrastructure As Code,2,0.0083,unmatched,,,
Infrastructure Automation,2,0.0083,unmatched,,,
L2 Support,2,0.0083,unmatched,,,
L2 support,2,0.0083,unmatched,,,
LAN Configuration,2,0.0083,unmatched,,,
Information management,2,0.0083,unmatched,,,
Anaesthetist Activities,2,0.0083,unmatched,,,
Timesheet,2,0.0083,unmatched,,,
Ticketing Tool,2,0.0083,unmatched,,,
Trade Capture,2,0.0083,unmatched,,,
Algorithm development,2,0.0083,unmatched,,,
Allocation,2,0.0083,unmatched,,,
Tower,2,0.0083,unmatched,,,
Kvm,2,0.0083,unmatched,,,
Infrastructure Advisory,2,0.0083,unmatched,,,
Amazon Ppc,2,0.0083,unmatched,,,
Amazon Sqs,2,0.0083,unmatched,,,
Top,2,0.0083,unmatched,,,
Toshiba,2,0.0083,unmatched,,,
Total Station,2,0.0083,unmatched,,,
Altair,2,0.0083,unmatched,,,
Amcs,2,0.0083,unmatched,,,
Tool Room Manufacturing,2,0.0083,unmatched,,,
Tool Setting,2,0.0083,unmatched,,,
Tooling Development,2,0.0083,unmatched,,,
Traffic Management,2,0.0083,unmatched,,,
Train The Trainer,2,0.0083,unmatched,,,
Inkjet Printers,2,0.0083,unmatched,,,
Kronos,2,0.0083,unmatched,,,
Infrastructure Support,2,0.0083,unmatched,,,
Trade Forex,2,0.0083,unmatched,,,
Trade Marketing,2,0.0083,unmatched,,,
Trade Promotion,2,0.0083,unmatched,,,
Air Export,2,0.0083,unmatched,,,
Air flow diagram,2,0.0083,unmatched,,,
Aircraft Handling,2,0.0083,unmatched,,,
Aircraft maintenance,2,0.0083,unmatched,,,
Trade Shows,2,0.0083,unmatched,,,
Alation,2,0.0083,unmatched,,,
Trade Desk,2,0.0083,unmatched,,,
Tpa,2,0.0083,unmatched,,,
Agile Development Methodology,2,0.0083,unmatched,,,
Agile Framework,2,0.0083,unmatched,,,
Agile Methodologies,2,0.0083,unmatched,,,
Inside Sales Representative,2,0.0083,unmatched,,,
Korean,2,0.0083,unmatched,,,
Injection   Parts,2,0.0083,unmatched,,,
Training & Placement,2,0.0083,unmatched,,,
Training Manager,2,0.0083,unmatched,,,
Agile/Scrum methodologies,2,0.0083,unmatched,,,
Agriculture Sales,2,0.0083,unmatched,,,
Agronomy,2,0.0083,unmatched,,,
Ai,2,0.0083,unmatched,,,
Trade Support,2,0.0083,unmatched,,,
Tradebull,2,0.0083,unmatched,,,
Trademarks,2,0.0083,unmatched,,,
Trading Account,2,0.0083,unmatched,,,
Advisor,2,0.0083,unmatched,,,
Advocacy,2,0.0083,unmatched,,,
Adwords,2,0.0083,unmatched,,,
Kibana,2,0.0083,unmatched,,,
Kinaxis Rapid Response,2,0.0083,unmatched,,,
Kinesis,2,0.0083,unmatched,,,
Knockoutjs,2,0.0083,unmatched,,,
Inpatient Coding,2,0.0083,unmatched,,,
Transformation Management,2,0.0083,unmatched,,,
Transformational change,2,0.0083,unmatched,,,
Affluent Relationship Manager,2,0.0083,unmatched,,,
Agentforce,2,0.0083,unmatched,,,
After sales support,2,0.0083,unmatched,,,
Transactional Quality,2,0.0083,unmatched,,,
Agent Force,2,0.0083,unmatched,,,
Training Operations,2,0.0083,unmatched,,,
Treasury management,2,0.0083,unmatched,,,
Treasury operations,2,0.0083,unmatched,,,
Treatment planning,2,0.0083,unmatched,,,
Adobe Launch,2,0.0083,unmatched,,,
Insight Generation,2,0.0083,unmatched,,,
Travel Agent,2,0.0083,unmatched,,,
Travel Consultant,2,0.0083,unmatched,,,
Travel Coordination,2,0.0083,unmatched,,,
Travel Planning,2,0.0083,unmatched,,,
Advanced Security,2,0.0083,unmatched,,,
Advanced Sql Queries,2,0.0083,unmatched,,,
Advanced product quality planning,2,0.0083,unmatched,,,
Advertising Agency,2,0.0083,unmatched,,,
Transition management,2,0.0083,unmatched,,,
Transmission line,2,0.0083,unmatched,,,
Transport,2,0.0083,unmatched,,,
Tsr,2,0.0083,unmatched,,,
Ttd,2,0.0083,unmatched,,,
Turnkey,2,0.0083,unmatched,,,
Tutor,2,0.0083,unmatched,,,
Instrument Handling,2,0.0083,unmatched,,,
Karl Fischer,2,0.0083,unmatched,,,
Trouble shooting,2,0.0083,unmatched,,,
Troubleshoot,2,0.0083,unmatched,,,
Troubleshooting Skills,2,0.0083,unmatched,,,
Troubleshooting technical issues,2,0.0083,unmatched,,,
Administrative Operations,2,0.0083,unmatched,,,
Adobe product Analytics,2,0.0083,unmatched,,,
Advance Accounting,2,0.0083,unmatched,,,
Adobe Cloud,2,0.0083,unmatched,,,
Adobe Experience Cloud,2,0.0083,unmatched,,,
Trend Micro,2,0.0083,unmatched,,,
Actd,2,0.0083,unmatched,,,
Actimize,2,0.0083,unmatched,,,
Activation,2,0.0083,unmatched,,,
Insulation,2,0.0083,unmatched,,,
KYC Compliance,2,0.0083,unmatched,,,
Instructing,2,0.0083,unmatched,,,
Typist,2,0.0083,unmatched,,,
Tyre Sales,2,0.0083,unmatched,,,
UAN,2,0.0083,unmatched,,,
UDS,2,0.0083,unmatched,,,
UI Design,2,0.0083,unmatched,,,
Ad Operations,2,0.0083,unmatched,,,
Administration Activities,2,0.0083,unmatched,,,
Two-wheeler,2,0.0083,unmatched,,,
Adas,2,0.0083,unmatched,,,
Addm,2,0.0083,unmatched,,,
US mortgage,2,0.0083,unmatched,,,
US Shift,2,0.0083,unmatched,,,
US Voice Process,2,0.0083,unmatched,,,
US Voice process,2,0.0083,unmatched,,,
US Wealth Management,2,0.0083,unmatched,,,
Accounts payable,2,0.0083,unmatched,,,
Insurance Operation,2,0.0083,unmatched,,,
Juniper Firewall,2,0.0083,unmatched,,,
US Calling,2,0.0083,unmatched,,,
US IT Staffing,2,0.0083,unmatched,,,
Acquiring And Retaining Corporate Clients,2,0.0083,unmatched,,,
US Insurance,2,0.0083,unmatched,,,
Active Pharmaceutical Ingredient,2,0.0083,unmatched,,,
Activemq,2,0.0083,unmatched,,,
Actuators,2,0.0083,unmatched,,,
UK Insurance,2,0.0083,unmatched,,,
Ucce,2,0.0083,unmatched,,,
Udeploy,2,0.0083,unmatched,,,
Accounting Functions,2,0.0083,unmatched,,,
Ug Nx,2,0.0083,unmatched,,,
Insurance Broker,2,0.0083,unmatched,,,
USFDA,2,0.0083,unmatched,,,
UV,2,0.0083,unmatched,,,
UX Research,2,0.0083,unmatched,,,
Uae,2,0.0083,unmatched,,,
Accounting packages,2,0.0083,unmatched,,,
Accounting software,2,0.0083,unmatched,,,
Accounts Analyst,2,0.0083,unmatched,,,
Accounts And Taxation,2,0.0083,unmatched,,,
Accounts Closing,2,0.0083,unmatched,,,
Accounts Handling,2,0.0083,unmatched,,,
Accounts Management,2,0.0083,unmatched,,,
Unix Internals,2,0.0083,unmatched,,,
Accent,2,0.0083,unmatched,,,
Journey Builder,2,0.0083,unmatched,,,
Insurance Underwriting,2,0.0083,unmatched,,,
Insurance Verification,2,0.0083,unmatched,,,
Uk Recruitment,2,0.0083,unmatched,,,
Uk Tax,2,0.0083,unmatched,,,
Ultra,2,0.0083,unmatched,,,
Umts,2,0.0083,unmatched,,,
Unet,2,0.0083,unmatched,,,
Union Management,2,0.0083,unmatched,,,
Ui Policy,2,0.0083,unmatched,,,
Account Mining,2,0.0083,unmatched,,,
Uk Payroll,2,0.0083,unmatched,,,
Accounts & Finance,2,0.0083,unmatched,,,
Uat,2,0.0083,unmatched,,,
Academic Sales,2,0.0083,unmatched,,,
Academic Writing,2,0.0083,unmatched,,,
Upvc Doors,2,0.0083,unmatched,,,
Upvc Window,2,0.0083,unmatched,,,
Urban Design,2,0.0083,unmatched,,,
Abb Robots,2,0.0083,unmatched,,,
Integrations,2,0.0083,unmatched,,,
Intellectual Property,2,0.0083,unmatched,,,
Jlpt,2,0.0083,unmatched,,,
Integrated Marketing,2,0.0083,unmatched,,,
Integrated Planning,2,0.0083,unmatched,,,
Unsecured Business Loan,2,0.0083,unmatched,,,
Upgradation,2,0.0083,unmatched,,,
Upgrade,2,0.0083,unmatched,,,
Account Based Marketing,2,0.0083,unmatched,,,
University Relations,2,0.0083,unmatched,,,
AX 2012 R3,2,0.0083,unmatched,,,
AZURE,2,0.0083,unmatched,,,
Jetpack,2,0.0083,unmatched,,,
Jewelry Evaluation,2,0.0083,unmatched,,,
Jewelry Grader,2,0.0083,unmatched,,,
Jewelry Quality Control,2,0.0083,unmatched,,,
Integration Management,2,0.0083,unmatched,,,
Integration Patterns,2,0.0083,unmatched,,,
Absence,2,0.0083,unmatched,,,
Absence Management,2,0.0083,unmatched,,,
Ab Testing,2,0.0083,unmatched,,,
Abacus,2,0.0083,unmatched,,,
Abap Dictionary,2,0.0083,unmatched,,,
Abap Object Oriented Programming,2,0.0083,unmatched,,,
Abap Objects,2,0.0083,unmatched,,,
Abap Reports,2,0.0083,unmatched,,,
User Acquisition,2,0.0083,unmatched,,,
AV Solutions,2,0.0083,unmatched,,,
AWS Bedrock,2,0.0083,unmatched,,,
AWS Java,2,0.0083,unmatched,,,
User Exits,2,0.0083,unmatched,,,
Jax-Rs,2,0.0083,unmatched,,,
Jbpm,2,0.0083,unmatched,,,
Jd Edwards Enterpriseone,2,0.0083,unmatched,,,
Jee,2,0.0083,unmatched,,,
Intellectual property law,2,0.0083,unmatched,,,
Intellij Idea,2,0.0083,unmatched,,,
Intercompany Accounting,2,0.0083,unmatched,,,
Us Mortgage Underwriting,2,0.0083,unmatched,,,
Us Process,2,0.0083,unmatched,,,
Us Residential Mortgage,2,0.0083,unmatched,,,
AWS cloud,2,0.0083,unmatched,,,
VMC Machining,2,0.0083,unmatched,,,
Utility Operation,2,0.0083,unmatched,,,
Utility Projects,2,0.0083,unmatched,,,
Utility Systems,2,0.0083,unmatched,,,
VAPT,2,0.0083,unmatched,,,
Java+,2,0.0083,partial/semantic_match,Java,"University of Mumbai, Savitribai Phule Pune University","Unknown, MDC401 Multidisciplinary minor 20 20 40 60 2 -- -- 100"
Java8,2,0.0083,unmatched,,,
Interior Decoration,2,0.0083,unmatched,,,
Interior Decorator,2,0.0083,unmatched,,,
Interior Design,2,0.0083,unmatched,,,
User Interface,2,0.0083,unmatched,,,
User Management,2,0.0083,unmatched,,,
ATM Operations,2,0.0083,unmatched,,,
AUM Growth,2,0.0083,unmatched,,,
AUTOSAR,2,0.0083,unmatched,,,
User experience design,2,0.0083,unmatched,,,
VRRP,2,0.0083,unmatched,,,
VSphere,2,0.0083,unmatched,,,
Va,2,0.0083,unmatched,,,
Value Added Tax,2,0.0083,unmatched,,,
AR Follow ups,2,0.0083,unmatched,,,
Java Full Stack Developer,2,0.0083,unmatched,,,
Java Mapping,2,0.0083,unmatched,,,
Java Selenium Jobs Chennai,2,0.0083,unmatched,,,
Java Web Services,2,0.0083,unmatched,,,
ASSISTANT PROFESSOR,2,0.0083,unmatched,,,
ASNT,2,0.0083,unmatched,,,
ASNT Level,2,0.0083,unmatched,,,
VAVE,2,0.0083,unmatched,,,
VCenter,2,0.0083,unmatched,,,
VDA,2,0.0083,unmatched,,,
VHDL,2,0.0083,unmatched,,,
Vcf,2,0.0083,unmatched,,,
Vds,2,0.0083,unmatched,,,
API Q1,2,0.0083,unmatched,,,
API Security,2,0.0083,unmatched,,,
API Security Testing,2,0.0083,unmatched,,,
International BPO Jobs,2,0.0083,unmatched,,,
Internal Control Review,2,0.0083,unmatched,,,
Internal Controls,2,0.0083,unmatched,,,
Internal Order Accounting,2,0.0083,unmatched,,,
AS400 Developer,2,0.0083,unmatched,,,
Value Engineering,2,0.0083,unmatched,,,
Value added services,2,0.0083,unmatched,,,
Value stream mapping,2,0.0083,unmatched,,,
Var,2,0.0083,unmatched,,,
Variable Agency,2,0.0083,unmatched,,,
APM,2,0.0083,unmatched,,,
Vendor Creation,2,0.0083,unmatched,,,
Vendor Handling,2,0.0083,unmatched,,,
AMS,2,0.0083,unmatched,,,
AOSP,2,0.0083,unmatched,,,
Internal auditor,2,0.0083,unmatched,,,
Internal quality auditor,2,0.0083,unmatched,,,
API applications,2,0.0083,unmatched,,,
Vector Databases,2,0.0083,unmatched,,,
Veeva Crm,2,0.0083,unmatched,,,
Vehicle Dynamics,2,0.0083,unmatched,,,
Vehicle Inspection,2,0.0083,unmatched,,,
Vehicle Testing,2,0.0083,unmatched,,,
API Automation,2,0.0083,unmatched,,,
API Automation Tester Pune,2,0.0083,unmatched,,,
API Gateway,2,0.0083,unmatched,,,
Vcenter,2,0.0083,unmatched,,,
Vfx,2,0.0083,unmatched,,,
Video Editors,2,0.0083,unmatched,,,
International Freight Forwarding,2,0.0083,unmatched,,,
International Lead Generation,2,0.0083,unmatched,,,
Vendor payments,2,0.0083,unmatched,,,
Ventilators,2,0.0083,unmatched,,,
Venue Management,2,0.0083,unmatched,,,
Vercel,2,0.0083,unmatched,,,
Veritas Cluster Server,2,0.0083,unmatched,,,
Vernier Caliper,2,0.0083,unmatched,,,
APC,2,0.0083,unmatched,,,
Vendor analysis,2,0.0083,unmatched,,,
AMDP,2,0.0083,unmatched,,,
API Management,2,0.0083,unmatched,,,
Vendor Analysis,2,0.0083,unmatched,,,
Vendor Assessment,2,0.0083,unmatched,,,
Visual Aesthetics,2,0.0083,unmatched,,,
Visual Arts,2,0.0083,unmatched,,,
Visual Builder Cloud Service,2,0.0083,unmatched,,,
Visual Debugging,2,0.0083,unmatched,,,
Jamf,2,0.0083,unmatched,,,
Japanese Bilingual,2,0.0083,unmatched,,,
International Outbound Sales,2,0.0083,unmatched,,,
Villas,2,0.0083,unmatched,,,
Vim,2,0.0083,unmatched,,,
Vim Process,2,0.0083,unmatched,,,
Vip Support,2,0.0083,unmatched,,,
Virtual Assistant,2,0.0083,unmatched,,,
Virtual Relationship Manager,2,0.0083,unmatched,,,
Virtual Server,2,0.0083,unmatched,,,
Vertical,2,0.0083,unmatched,,,
Vfd,2,0.0083,unmatched,,,
Vp,2,0.0083,unmatched,,,
Vrealize,2,0.0083,unmatched,,,
Vrealize Automation,2,0.0083,unmatched,,,
Vsam,2,0.0083,unmatched,,,
JLPT,2,0.0083,unmatched,,,
International Welding,2,0.0083,unmatched,,,
International calling,2,0.0083,unmatched,,,
International marketing,2,0.0083,unmatched,,,
Voice Audits,2,0.0083,unmatched,,,
Voice support,2,0.0083,unmatched,,,
Visual Storytelling,2,0.0083,unmatched,,,
Visual Studio Code,2,0.0083,unmatched,,,
VisualVM,2,0.0083,unmatched,,,
Visualforce Pages,2,0.0083,unmatched,,,
Vlocity Omniscript,2,0.0083,unmatched,,,
Visa Operations,2,0.0083,unmatched,,,
Water Analysis,2,0.0083,unmatched,,,
Water Heater Sales,2,0.0083,unmatched,,,
Water Supply,2,0.0083,unmatched,,,
Water System,2,0.0083,unmatched,,,
Internet Explorer,2,0.0083,unmatched,,,
JFR,2,0.0083,unmatched,,,
JIS,2,0.0083,unmatched,,,
WWTP,2,0.0083,unmatched,,,
Wage Administration,2,0.0083,unmatched,,,
Walk Ins,2,0.0083,unmatched,,,
Warranty Analysis,2,0.0083,unmatched,,,
Warranty Handling,2,0.0083,unmatched,,,
Vulnerability Response,2,0.0083,unmatched,,,
Vulnerability management,2,0.0083,unmatched,,,
WCM,2,0.0083,unmatched,,,
Voucher making,2,0.0083,unmatched,,,
Web Frameworks,2,0.0083,unmatched,,,
Web Marketing,2,0.0083,unmatched,,,
Web Research,2,0.0083,unmatched,,,
JD Edwards,2,0.0083,unmatched,,,
JDE,2,0.0083,unmatched,,,
Intrusion Detection System,2,0.0083,unmatched,,,
Waxing,2,0.0083,unmatched,,,
Wealth,2,0.0083,unmatched,,,
Wealth Head,2,0.0083,unmatched,,,
Wealth Product,2,0.0083,unmatched,,,
Wealth manager,2,0.0083,unmatched,,,
Web Analytics,2,0.0083,unmatched,,,
Web Api Services,2,0.0083,unmatched,,,
Wastage Control,2,0.0083,unmatched,,,
Waste water,2,0.0083,unmatched,,,
Waste water treatment,2,0.0083,unmatched,,,
Why Why,2,0.0083,unmatched,,,
Webgl,2,0.0083,unmatched,,,
Webmethods,2,0.0083,unmatched,,,
Website Analysis,2,0.0083,unmatched,,,
Websocket,2,0.0083,unmatched,,,
Websphere Message Broker,2,0.0083,unmatched,,,
Ivr,2,0.0083,unmatched,,,
JAVA 8,2,0.0083,unmatched,,,
Inventory Analysis,2,0.0083,unmatched,,,
Inventory Control Management,2,0.0083,unmatched,,,
Web SDK,2,0.0083,unmatched,,,
Web UI,2,0.0083,unmatched,,,
Web application development,2,0.0083,unmatched,,,
Webapi,2,0.0083,unmatched,,,
Webdriverio,2,0.0083,unmatched,,,
Web Developer,2,0.0083,unmatched,,,
Wireline,2,0.0083,unmatched,,,
Win,2,0.0083,unmatched,,,
Win 32,2,0.0083,unmatched,,,
WinTEL,2,0.0083,unmatched,,,
WinUI,2,0.0083,unmatched,,,
Wincc,2,0.0083,unmatched,,,
Window Regulator,2,0.0083,unmatched,,,
Windows Active Directory,2,0.0083,unmatched,,,
Itr,2,0.0083,unmatched,,,
Itr Filing,2,0.0083,unmatched,,,
Itsm Modules,2,0.0083,unmatched,,,
Inventory analysis,2,0.0083,unmatched,,,
Inventory valuation,2,0.0083,unmatched,,,
Weight Training,2,0.0083,unmatched,,,
Welder,2,0.0083,unmatched,,,
Wet Chemistry,2,0.0083,unmatched,,,
Work management,2,0.0083,unmatched,,,
Workato,2,0.0083,unmatched,,,
Workday Core Hcm,2,0.0083,unmatched,,,
AACS,2,0.0083,unmatched,,,
Invoice Billing,2,0.0083,unmatched,,,
Investment Portfolio,2,0.0083,unmatched,,,
Investment Products,2,0.0083,unmatched,,,
Itil Processes,2,0.0083,unmatched,,,
Wm,2,0.0083,unmatched,,,
Womens Wear,2,0.0083,unmatched,,,
Woocommerce,2,0.0083,unmatched,,,
ACH,2,0.0083,unmatched,,,
ACI,2,0.0083,unmatched,,,
ADB,2,0.0083,unmatched,,,
Winforms,2,0.0083,unmatched,,,
Wire Edm,2,0.0083,unmatched,,,
Workflow Management,2,0.0083,unmatched,,,
Workfront,2,0.0083,unmatched,,,
Working Capital Loans,2,0.0083,unmatched,,,
5S Methodology,2,0.0083,unmatched,,,
It Support,2,0.0083,unmatched,,,
Italian Cuisine,2,0.0083,unmatched,,,
Iti Electronics,2,0.0083,unmatched,,,
ACB reporting,2,0.0083,unmatched,,,
Workday Finance,2,0.0083,unmatched,,,
Workday Finance Core,2,0.0083,unmatched,,,
Workday Reporting,2,0.0083,unmatched,,,
Workday Security,2,0.0083,unmatched,,,
A+,2,0.0083,unmatched,,,
ADMM,2,0.0083,unmatched,,,
Work Nc,2,0.0083,unmatched,,,
Work Orders,2,0.0083,unmatched,,,
Xcuitest,2,0.0083,unmatched,,,
3D Drawing,2,0.0083,unmatched,,,
Wtp,2,0.0083,unmatched,,,
X++,2,0.0083,unmatched,,,
X86,2,0.0083,unmatched,,,
3D Visualization,2,0.0083,unmatched,,,
3D model,2,0.0083,unmatched,,,
3Dexperience,2,0.0083,unmatched,,,
8 Bit,2,0.0083,unmatched,,,
Wpf,2,0.0083,unmatched,,,
4HANA,2,0.0083,unmatched,,,
5 Axis,2,0.0083,unmatched,,,
5S,2,0.0083,unmatched,,,
Workflow Automation,2,0.0083,unmatched,,,
Workflow Builder,2,0.0083,unmatched,,,
Workflow Design,2,0.0083,unmatched,,,
and Excel,2,0.0083,unmatched,,,
24,2,0.0083,unmatched,,,
It Business Analysis,2,0.0083,unmatched,,,
It Business Development,2,0.0083,unmatched,,,
It General Controls,2,0.0083,unmatched,,,
It Hardware,2,0.0083,unmatched,,,
It Infrastructure Management,2,0.0083,unmatched,,,
It Parks,2,0.0083,unmatched,,,
Zbrush,2,0.0083,unmatched,,,
Zero Trust,2,0.0083,unmatched,,,
Zoho Analytics,2,0.0083,unmatched,,,
2D Animation,2,0.0083,unmatched,,,
2D Design,2,0.0083,unmatched,,,
2D Drawing,2,0.0083,unmatched,,,
2D Modeling,2,0.0083,unmatched,,,
2D drawings,2,0.0083,unmatched,,,
Ooh,2,0.0083,unmatched,,,
Oot,2,0.0083,unmatched,,,
Finance Leadership,2,0.0083,unmatched,,,
Finance Management,2,0.0083,unmatched,,,
Finance Modelling,2,0.0083,unmatched,,,
Financial Domain,2,0.0083,unmatched,,,
Online R&D,2,0.0083,unmatched,,,
Online Trading,2,0.0083,unmatched,,,
Onpremise,2,0.0083,unmatched,,,
Onscreen Takeoff,2,0.0083,unmatched,,,
proficient in software  Tally,2,0.0083,unmatched,,,
Istqb,2,0.0083,unmatched,,,
Ishikawa,2,0.0083,unmatched,,,
It Asset,2,0.0083,unmatched,,,
Zoology,2,0.0083,unmatched,,,
Zuora,2,0.0083,unmatched,,,
rotational Shifts,1,0.0041,unmatched,,,
revit MEP,1,0.0041,unmatched,,,
retail HR,1,0.0041,unmatched,,,
restAPI,1,0.0041,unmatched,,,
regulatory Market,1,0.0041,unmatched,,,
react or Angular,1,0.0041,unmatched,,,
26Q,1,0.0041,unmatched,,,
24Q,1,0.0041,unmatched,,,
220Kv,1,0.0041,unmatched,,,
21 Cfr Part 11,1,0.0041,unmatched,,,
21 Cfr,1,0.0041,unmatched,,,
2/4 Wheeler,1,0.0041,unmatched,,,
2-3 yrs of HFM experience,1,0.0041,unmatched,,,
2 Way Matching,1,0.0041,unmatched,,,
2 HFM implementations,1,0.0041,unmatched,,,
1yrs Banking Experience in CASA Sales,1,0.0041,unmatched,,,
Issues Related To Vibration,1,0.0041,unmatched,,,
Issue Resolution,1,0.0041,unmatched,,,
Issue Management,1,0.0041,unmatched,,,
Iso 50001,1,0.0041,unmatched,,,
Iso 14001,1,0.0041,unmatched,,,
websphere Mq,1,0.0041,unmatched,,,
webApi,1,0.0041,unmatched,,,
vouchers. Good communication,1,0.0041,unmatched,,,
version 2005B,1,0.0041,unmatched,,,
vendor Reconciliation,1,0.0041,unmatched,,,
upply Chain Management,1,0.0041,unmatched,,,
track KPIs,1,0.0041,unmatched,,,
tool Design,1,0.0041,unmatched,,,
technical Sales,1,0.0041,unmatched,,,
team Leader,1,0.0041,unmatched,,,
support UAT,1,0.0041,unmatched,,,
It Architecture,1,0.0041,unmatched,,,
Ism,1,0.0041,unmatched,,,
Iseries,1,0.0041,unmatched,,,
Irrigation,1,0.0041,unmatched,,,
Irr,1,0.0041,unmatched,,,
Ironclad,1,0.0041,unmatched,,,
Iron ore logistics,1,0.0041,unmatched,,,
Iron Ore Mining,1,0.0041,unmatched,,,
Iron Ore,1,0.0041,unmatched,,,
Iron Casting,1,0.0041,unmatched,,,
Iron & steel procurement,1,0.0041,unmatched,,,
Iron,1,0.0041,unmatched,,,
Iris,1,0.0041,unmatched,,,
Ireland Payroll,1,0.0041,unmatched,,,
It Administration,1,0.0041,unmatched,,,
It,1,0.0041,unmatched,,,
Ipc,1,0.0041,unmatched,,,
Ipam,1,0.0041,unmatched,,,
Ipa,1,0.0041,unmatched,,,
Ip Routing,1,0.0041,unmatched,,,
It Recruiter,1,0.0041,unmatched,,,
It Purchase,1,0.0041,unmatched,,,
It Projects,1,0.0041,unmatched,,,
It Products,1,0.0041,unmatched,,,
It Presales,1,0.0041,unmatched,,,
It Outsourcing,1,0.0041,unmatched,,,
It Marketing,1,0.0041,unmatched,,,
It Internal Audit,1,0.0041,unmatched,,,
It Helpdesk,1,0.0041,unmatched,,,
It Governance,1,0.0041,unmatched,,,
It Enabled Services,1,0.0041,unmatched,,,
It Automation,1,0.0041,unmatched,,,
Iot Technology,1,0.0041,unmatched,,,
Iot Sales,1,0.0041,unmatched,,,
Iot Device,1,0.0041,unmatched,,,
Ios Testing,1,0.0041,unmatched,,,
Ios Swift,1,0.0041,unmatched,,,
Ionic Design,1,0.0041,unmatched,,,
Iraq,1,0.0041,unmatched,,,
Iran,1,0.0041,unmatched,,,
Iq,1,0.0041,unmatched,,,
Iptables,1,0.0041,unmatched,,,
Ipsec Vpn,1,0.0041,unmatched,,,
Ipr,1,0.0041,unmatched,,,
Ipo Related Documents,1,0.0041,unmatched,,,
Ipo,1,0.0041,unmatched,,,
Ipdrg,1,0.0041,unmatched,,,
Ipd Billing,1,0.0041,unmatched,,,
Iterative Development,1,0.0041,unmatched,,,
Italian brands,1,0.0041,unmatched,,,
It Transformation,1,0.0041,unmatched,,,
It Technologies,1,0.0041,unmatched,,,
Ionic,1,0.0041,unmatched,,,
Ion,1,0.0041,unmatched,,,
Inward Remittance,1,0.0041,unmatched,,,
Inward Material Quality Control,1,0.0041,unmatched,,,
Inward Document,1,0.0041,unmatched,,,
Invoice processing & payment follow-up  Account reconciliation & aging analysis  Spectrum Software proficiency,1,0.0041,unmatched,,,
It Staffing Solution,1,0.0041,unmatched,,,
It Staffing,1,0.0041,unmatched,,,
It Service Delivery,1,0.0041,unmatched,,,
It Sales Manager,1,0.0041,unmatched,,,
It Recruiters,1,0.0041,unmatched,,,
Ip Phones,1,0.0041,unmatched,,,
Investment Declaration,1,0.0041,unmatched,,,
Investment Banking Hiring,1,0.0041,unmatched,,,
Investment Accounting,1,0.0041,unmatched,,,
Invertors,1,0.0041,unmatched,,,
Invoice Discounting,1,0.0041,unmatched,,,
Invoice Booking,1,0.0041,unmatched,,,
Invigilation,1,0.0041,unmatched,,,
Investran,1,0.0041,unmatched,,,
Investor Presentations,1,0.0041,unmatched,,,
Investor Communication,1,0.0041,unmatched,,,
Investor Allocation,1,0.0041,unmatched,,,
Investments,1,0.0041,unmatched,,,
Iti Fitter,1,0.0041,unmatched,,,
Iti Electrical,1,0.0041,unmatched,,,
Iti,1,0.0041,unmatched,,,
Ites Recruitment,1,0.0041,unmatched,,,
Ivr Testing,1,0.0041,unmatched,,,
Ivf,1,0.0041,unmatched,,,
Inventory of Groceries,1,0.0041,unmatched,,,
Inventory executive,1,0.0041,unmatched,,,
Inventory Records,1,0.0041,unmatched,,,
Inventory Reconciliation,1,0.0041,unmatched,,,
Inventory Monitoring,1,0.0041,unmatched,,,
Inventory Mgmt,1,0.0041,unmatched,,,
Inventory Levels,1,0.0041,unmatched,,,
Itx,1,0.0041,unmatched,,,
Itrm,1,0.0041,unmatched,,,
Itp,1,0.0041,unmatched,,,
Itk Rac,1,0.0041,unmatched,,,
Itinerary design,1,0.0041,unmatched,,,
Itil V3,1,0.0041,unmatched,,,
Investment Memorandums,1,0.0041,unmatched,,,
JCB,1,0.0041,unmatched,,,
Inventory Audits,1,0.0041,unmatched,,,
Inventory Audit,1,0.0041,unmatched,,,
Inventory & Supplies Management,1,0.0041,unmatched,,,
Inventory & Stock Control  Warehouse Management & 5S Practices  ERP Systems   Material Handling & Documentation   Dispatch & Logistics Coordination   Problem-Solving Skills  Attention to Detail & Accuracy,1,0.0041,unmatched,,,
Inventory & Material Management,1,0.0041,unmatched,,,
Inventia,1,0.0041,unmatched,,,
Inv,1,0.0041,unmatched,,,
Intune deployment,1,0.0041,unmatched,,,
Intrusion detection,1,0.0041,unmatched,,,
JBase,1,0.0041,unmatched,,,
JBPM -Jboss,1,0.0041,unmatched,,,
JAVA Script,1,0.0041,unmatched,,,
J2ee,1,0.0041,unmatched,,,
J2Se,1,0.0041,unmatched,,,
J1939,1,0.0041,unmatched,,,
Internet Managed Services Pune,1,0.0041,unmatched,,,
Intruder Alarm,1,0.0041,unmatched,,,
Intraday,1,0.0041,unmatched,,,
Intra US Reloctions,1,0.0041,unmatched,,,
Interview scheduling,1,0.0041,unmatched,,,
Interview Techniques,1,0.0041,unmatched,,,
Interview Preparation,1,0.0041,unmatched,,,
Interventional Cardiology,1,0.0041,unmatched,,,
JES2,1,0.0041,unmatched,,,
JEE API,1,0.0041,unmatched,,,
JDMT,1,0.0041,unmatched,,,
JDE World Soft,1,0.0041,unmatched,,,
JDE S&D,1,0.0041,unmatched,,,
JDE S &D Functional consultant,1,0.0041,unmatched,,,
JCL CICS DB2 Jobs,1,0.0041,unmatched,,,
JCI,1,0.0041,unmatched,,,
JTAG,1,0.0041,unmatched,,,
JSP servlets,1,0.0041,unmatched,,,
JSON/XML handling,1,0.0041,unmatched,,,
International supply chain,1,0.0041,unmatched,,,
International recruitment,1,0.0041,unmatched,,,
International process,1,0.0041,unmatched,,,
International operations,1,0.0041,unmatched,,,
International business development,1,0.0041,unmatched,,,
International Voice Process Executive,1,0.0041,unmatched,,,
JS,1,0.0041,unmatched,,,
JR.MERCHANDISER,1,0.0041,unmatched,,,
JNDI data sources,1,0.0041,unmatched,,,
JLPT n3,1,0.0041,unmatched,,,
JIRA Service Management,1,0.0041,unmatched,,,
JEST,1,0.0041,unmatched,,,
Internet applications,1,0.0041,unmatched,,,
International Labor Laws,1,0.0041,unmatched,,,
International Education,1,0.0041,unmatched,,,
International Domain,1,0.0041,unmatched,,,
International Collection,1,0.0041,unmatched,,,
International Call Center Jobs,1,0.0041,unmatched,,,
International Suppliers And Manufacturers,1,0.0041,unmatched,,,
International Sourcing,1,0.0041,unmatched,,,
International Projects,1,0.0041,unmatched,,,
International Payments,1,0.0041,unmatched,,,
International Onboarding,1,0.0041,unmatched,,,
Jam,1,0.0041,unmatched,,,
Jacket,1,0.0041,unmatched,,,
JVisual VM Server Technologies,1,0.0041,unmatched,,,
JVS,1,0.0041,unmatched,,,
JV,1,0.0041,unmatched,,,
JTAG Boundary Scan,1,0.0041,unmatched,,,
Java Fresher & Java Expereince,1,0.0041,unmatched,,,
Internal Process Audit,1,0.0041,unmatched,,,
Internal Orders,1,0.0041,unmatched,,,
Internal Audits,1,0.0041,unmatched,,,
Internal Auditing,1,0.0041,unmatched,,,
Internal Audit certification,1,0.0041,unmatched,,,
InternATI,1,0.0041,unmatched,,,
International BPO Technical Support,1,0.0041,unmatched,,,
Internatioanl Process,1,0.0041,unmatched,,,
Internal orders,1,0.0041,unmatched,,,
Internal Teams,1,0.0041,unmatched,,,
Java Backend,1,0.0041,unmatched,,,
Java Back End,1,0.0041,unmatched,,,
Java Architect,1,0.0041,unmatched,,,
Java 17,1,0.0041,unmatched,,,
Java 11,1,0.0041,unmatched,,,
Java and Kafka,1,0.0041,unmatched,,,
Java WebDriver Testing,1,0.0041,unmatched,,,
Java Testing,1,0.0041,unmatched,,,
Java TestNG Automation,1,0.0041,unmatched,,,
Java Stack,1,0.0041,unmatched,,,
Java Servlets,1,0.0041,unmatched,,,
Java Servlet,1,0.0041,unmatched,,,
Java Selenium Katalon Jobs Chennai,1,0.0041,unmatched,,,
Java Selenium Jobs Pune,1,0.0041,unmatched,,,
Java Script,1,0.0041,unmatched,,,
Java QA Automation,1,0.0041,unmatched,,,
Java Programming,1,0.0041,partial/semantic_match,Java,"University of Mumbai, Savitribai Phule Pune University","Unknown, MDC401 Multidisciplinary minor 20 20 40 60 2 -- -- 100"
Java JSP,1,0.0041,unmatched,,,
Java J2Ee Developer,1,0.0041,unmatched,,,
Java Integration,1,0.0041,unmatched,,,
Java Full Stack Developement,1,0.0041,unmatched,,,
Java react,1,0.0041,unmatched,,,
Java fresher,1,0.0041,unmatched,,,
Intermediate,1,0.0041,unmatched,,,
Interior design projects,1,0.0041,unmatched,,,
Interior Trims,1,0.0041,unmatched,,,
Interior Site Supervisor,1,0.0041,unmatched,,,
Interior Site Execution,1,0.0041,unmatched,,,
Interior Projects,1,0.0041,unmatched,,,
Interior Project Management,1,0.0041,unmatched,,,
Interior Project Coordinator,1,0.0041,unmatched,,,
Interior Project,1,0.0041,unmatched,,,
Interior Planning,1,0.0041,unmatched,,,
Interior Fit-out Projects,1,0.0041,unmatched,,,
Interior Fit Out Projects,1,0.0041,unmatched,,,
Java developer,1,0.0041,unmatched,,,
Java architecture,1,0.0041,unmatched,,,
Jda,1,0.0041,unmatched,,,
Jboss Application Server,1,0.0041,unmatched,,,
Interior Fit Out,1,0.0041,unmatched,,,
Interior Execution,1,0.0041,unmatched,,,
Interior Designer,1,0.0041,unmatched,,,
Interior,1,0.0041,unmatched,,,
Intergation Broker,1,0.0041,unmatched,,,
Interest rate risk,1,0.0041,unmatched,,,
Interest Rate Risk,1,0.0041,unmatched,,,
Interest Booking,1,0.0041,unmatched,,,
Jaws,1,0.0041,unmatched,,,
Jaw,1,0.0041,unmatched,,,
JavaScript/TypeScript,1,0.0041,unmatched,,,
Java/J2EE,1,0.0041,unmatched,,,
Java script,1,0.0041,unmatched,,,
Java react.js,1,0.0041,unmatched,,,
Jewellery Design,1,0.0041,unmatched,,,
Jetpack Compose,1,0.0041,unmatched,,,
Jenkins/Bamboo,1,0.0041,unmatched,,,
Intercompany,1,0.0041,unmatched,,,
Interaction with patient,1,0.0041,unmatched,,,
Interaction Design,1,0.0041,unmatched,,,
Interaction,1,0.0041,unmatched,,,
Inter,1,0.0041,unmatched,,,
IntelliJ Idea,1,0.0041,unmatched,,,
IntelliJ Database Oracle JMH,1,0.0041,unmatched,,,
Jenkins Ci,1,0.0041,unmatched,,,
Jenkins CI/CD Pipeline setup and automation,1,0.0041,unmatched,,,
Jelly,1,0.0041,unmatched,,,
Jde Cnc,1,0.0041,unmatched,,,
Jde,1,0.0041,unmatched,,,
Jda Wms,1,0.0041,unmatched,,,
Job Diva,1,0.0041,unmatched,,,
Job Analysis,1,0.0041,unmatched,,,
Jncip,1,0.0041,unmatched,,,
Jms,1,0.0041,unmatched,,,
Jira Tool,1,0.0041,unmatched,,,
Jigs and Fixtures,1,0.0041,unmatched,,,
Intellectual Property Rights,1,0.0041,unmatched,,,
Integration with SAP Modules,1,0.0041,unmatched,,,
Integration with AWS,1,0.0041,unmatched,,,
Integration and Implementation,1,0.0041,unmatched,,,
Integration Touchpoints,1,0.0041,unmatched,,,
Integration Strategies,1,0.0041,unmatched,,,
Integration Server,1,0.0041,unmatched,,,
Jig,1,0.0041,unmatched,,,
Jewellery consultant,1,0.0041,unmatched,,,
Jewellery Grading,1,0.0041,unmatched,,,
Join,1,0.0041,unmatched,,,
Johns,1,0.0041,unmatched,,,
Job Safety Analysis,1,0.0041,unmatched,,,
Integration Exp,1,0.0041,unmatched,,,
Integration Development,1,0.0041,unmatched,,,
Integration Developer,1,0.0041,unmatched,,,
Integration Design Patterns,1,0.0041,unmatched,,,
Integration Consultant,1,0.0041,unmatched,,,
Integration Analyst,1,0.0041,unmatched,,,
Integrated Risk Management,1,0.0041,unmatched,,,
Integrated Logistics,1,0.0041,unmatched,,,
Integrated Campaigns,1,0.0041,unmatched,,,
Integrated Business Planning,1,0.0041,unmatched,,,
Insurance underwriting,1,0.0041,unmatched,,,
Job Requisition and Offer Letter Configuration,1,0.0041,unmatched,,,
Job Evaluation,1,0.0041,unmatched,,,
Js Libraries,1,0.0041,unmatched,,,
Jr/Sr Visualizer,1,0.0041,unmatched,,,
Jr/Sr Copywriter,1,0.0041,unmatched,,,
Jr/Sr Account Manager,1,0.0041,unmatched,,,
Insurance training,1,0.0041,unmatched,,,
Insurance claims,1,0.0041,unmatched,,,
Insurance advisory,1,0.0041,unmatched,,,
Insurance Trainer,1,0.0041,unmatched,,,
Insurance Processing,1,0.0041,unmatched,,,
Insurance Presales,1,0.0041,unmatched,,,
Insurance Policies,1,0.0041,unmatched,,,
Journey Automation,1,0.0041,unmatched,,,
Journey,1,0.0041,unmatched,,,
Journals,1,0.0041,unmatched,,,
Journalist,1,0.0041,unmatched,,,
Joining process,1,0.0041,unmatched,,,
Jython,1,0.0041,unmatched,,,
Justdial,1,0.0041,unmatched,,,
JupiterOne,1,0.0041,unmatched,,,
Juniper Routers,1,0.0041,unmatched,,,
Insurance Knowledge,1,0.0041,unmatched,,,
Insurance Executive,1,0.0041,unmatched,,,
Insurance Consulting,1,0.0041,unmatched,,,
Insurance Cloud,1,0.0041,unmatched,,,
Insurance Cases,1,0.0041,unmatched,,,
Insurance & AMC Management,1,0.0041,unmatched,,,
Junior IT Project Portfolio & PMO (WFO - Thane),1,0.0041,unmatched,,,
Junior Executive,1,0.0041,unmatched,,,
Junior Compositor,1,0.0041,unmatched,,,
Junior Architect,1,0.0041,unmatched,,,
Junior Accountant,1,0.0041,unmatched,,,
Junior   Well Versed With Legal Terms,1,0.0041,unmatched,,,
KPIs,1,0.0041,unmatched,,,
KPI Dashboard Creation,1,0.0041,unmatched,,,
KPI Analysis,1,0.0041,unmatched,,,
KONDHWA PUNE,1,0.0041,unmatched,,,
KOL Management,1,0.0041,unmatched,,,
KOL Engagement,1,0.0041,unmatched,,,
KOL,1,0.0041,unmatched,,,
KNowledge of Tire Manufacturing Machines,1,0.0041,unmatched,,,
KNOWLEDGE OF Conveyors,1,0.0041,unmatched,,,
KIBO,1,0.0041,unmatched,,,
KFC,1,0.0041,unmatched,,,
KEDA,1,0.0041,unmatched,,,
KARVY,1,0.0041,unmatched,,,
KABAN,1,0.0041,unmatched,,,
K6,1,0.0041,unmatched,,,
K12,1,0.0041,unmatched,,,
KYC documents,1,0.0041,unmatched,,,
KYC documentation,1,0.0041,unmatched,,,
KYC Verification,1,0.0041,unmatched,,,
KVM,1,0.0041,unmatched,,,
KTS,1,0.0041,unmatched,,,
KTM,1,0.0041,unmatched,,,
KRONOS ANALYST,1,0.0041,unmatched,,,
Insurace Claim,1,0.0041,unmatched,,,
Insulin,1,0.0041,unmatched,,,
Insulators,1,0.0041,unmatched,,,
Instruments Handling,1,0.0041,unmatched,,,
Instrumentation Sales,1,0.0041,unmatched,,,
Instrumentation Maintenance,1,0.0041,unmatched,,,
Instrument index,1,0.0041,unmatched,,,
Instrument Sizing,1,0.0041,unmatched,,,
Instrument Qualification,1,0.0041,unmatched,,,
Kakfa,1,0.0041,unmatched,,,
Kaggle,1,0.0041,unmatched,,,
Kafta,1,0.0041,unmatched,,,
Instrument,1,0.0041,unmatched,,,
Instructors,1,0.0041,unmatched,,,
Instructor,1,0.0041,unmatched,,,
Instructional Writing,1,0.0041,unmatched,,,
Instructional Designing,1,0.0041,unmatched,,,
Institutional funding,1,0.0041,unmatched,,,
Institutional Research Analyst,1,0.0041,unmatched,,,
Institutional Kyc,1,0.0041,unmatched,,,
Institutional Equities,1,0.0041,unmatched,,,
Kafka Cluster,1,0.0041,unmatched,,,
Kafka Brokers,1,0.0041,unmatched,,,
KYC remediation,1,0.0041,unmatched,,,
KYC operations,1,0.0041,unmatched,,,
Kdb,1,0.0041,unmatched,,,
Kawasaki,1,0.0041,unmatched,,,
Katalon Studio Jobs,1,0.0041,unmatched,,,
Institutional Broking,1,0.0041,unmatched,,,
Institutional Banking,1,0.0041,unmatched,,,
Institute Tie-Ups,1,0.0041,unmatched,,,
Institute,1,0.0041,unmatched,,,
Instana,1,0.0041,unmatched,,,
Installation Testing,1,0.0041,unmatched,,,
Installation & Commissioning Support,1,0.0041,unmatched,,,
Install base,1,0.0041,unmatched,,,
Install Electrical Systems,1,0.0041,unmatched,,,
Katalon Automation Tester,1,0.0041,unmatched,,,
Katalon Automation Engineer,1,0.0041,unmatched,,,
Kanada,1,0.0041,unmatched,,,
Kali Linux,1,0.0041,unmatched,,,
Inspections and Testing,1,0.0041,unmatched,,,
Inspections,1,0.0041,unmatched,,,
Inspection reporting,1,0.0041,unmatched,,,
Inspection Reports,1,0.0041,unmatched,,,
Inspection Management,1,0.0041,unmatched,,,
Inspection Coordination,1,0.0041,unmatched,,,
Inspect Buildings,1,0.0041,unmatched,,,
Insolvency and Bankruptcy,1,0.0041,unmatched,,,
Insolvency,1,0.0041,unmatched,,,
Key Accounts Executive,1,0.0041,unmatched,,,
Keserv,1,0.0041,unmatched,,,
Kernel Development,1,0.0041,unmatched,,,
Kerberos,1,0.0041,unmatched,,,
Kendo,1,0.0041,unmatched,,,
Keen Interest In People,1,0.0041,unmatched,,,
Keda,1,0.0041,unmatched,,,
Knits,1,0.0041,unmatched,,,
Klocwork,1,0.0041,unmatched,,,
Kiosk Sales,1,0.0041,unmatched,,,
Kiosk Marketing,1,0.0041,unmatched,,,
Kindergarten Teacher,1,0.0041,unmatched,,,
Kinaxis RapidResponse,1,0.0041,unmatched,,,
Kinaxis Maestro,1,0.0041,unmatched,,,
Kinaxis,1,0.0041,unmatched,,,
Kharghar,1,0.0041,unmatched,,,
Kfc,1,0.0041,unmatched,,,
Keywords Research,1,0.0041,unmatched,,,
Keyword Ranking,1,0.0041,unmatched,,,
Keyword Planning,1,0.0041,unmatched,,,
Key Vault + Git/ADO,1,0.0041,unmatched,,,
Key Stakeholder Management,1,0.0041,unmatched,,,
Key Management,1,0.0041,unmatched,,,
Knowledge of Construction Materials,1,0.0041,unmatched,,,
Knowledge and application of labour laws,1,0.0041,unmatched,,,
Knowledge Transfer,1,0.0041,unmatched,,,
Knowledge Sharing,1,0.0041,unmatched,,,
Knowledge Of Tally,1,0.0041,unmatched,,,
Knowledge Of Computer,1,0.0041,unmatched,,,
Knowledge Of Account,1,0.0041,unmatched,,,
Inside skills,1,0.0041,unmatched,,,
Inside Sales Associate,1,0.0041,unmatched,,,
Ins,1,0.0041,unmatched,,,
Input,1,0.0041,unmatched,,,
Inprocess inspection,1,0.0041,unmatched,,,
Inorganic,1,0.0041,unmatched,,,
Knowledge Karat Meter & Touchstone Methods,1,0.0041,unmatched,,,
Know Your Client,1,0.0041,unmatched,,,
Knits Fabric,1,0.0041,unmatched,,,
Korean Cuizine,1,0.0041,unmatched,,,
Kore.Ai,1,0.0041,unmatched,,,
Kore Ai,1,0.0041,unmatched,,,
Kong API,1,0.0041,unmatched,,,
Kong,1,0.0041,unmatched,,,
Kol Development,1,0.0041,unmatched,,,
Knowledge of pumps,1,0.0041,unmatched,,,
Knowledge of property portals,1,0.0041,unmatched,,,
Knowledge of multi-org structures,1,0.0041,unmatched,,,
Knowledge of logistics/transport operations and tracking systems. Proficiency in MS Excel / ERP / GPS tracking tools. Strong communication and customer handling skills. Ability to work in a fast-paced operational environment,1,0.0041,unmatched,,,
Knowledge of heavy engineering production processes,1,0.0041,unmatched,,,
Knowledge of fabrication,1,0.0041,unmatched,,,
Knowledge of Tally,1,0.0041,unmatched,,,
Knowledge of SAP System,1,0.0041,unmatched,,,
Knowledge of GenAI frameworks,1,0.0041,unmatched,,,
Knowledge of Double tax avoidance agreements,1,0.0041,unmatched,,,
Kstreams,1,0.0041,unmatched,,,
Kronos Workforce,1,0.0041,unmatched,,,
Kronos WIM Interface Designer Tool,1,0.0041,unmatched,,,
Kronos Product,1,0.0041,unmatched,,,
Kronos Developer,1,0.0041,unmatched,,,
Kronos Analytics,1,0.0041,unmatched,,,
Kpi Dashboards,1,0.0041,unmatched,,,
Innovation Management,1,0.0041,unmatched,,,
Injection moulding machine maintenance,1,0.0041,unmatched,,,
Initiative,1,0.0041,unmatched,,,
Ingenium,1,0.0041,unmatched,,,
Infusion management,1,0.0041,unmatched,,,
Kotak Securities,1,0.0041,unmatched,,,
Kotak,1,0.0041,unmatched,,,
Korean Language,1,0.0041,unmatched,,,
Korean Dishes,1,0.0041,unmatched,,,
L&T / Mahindra / Godrej / Automobile,1,0.0041,unmatched,,,
L&D strategies,1,0.0041,unmatched,,,
Kyc Aml,1,0.0041,unmatched,,,
Kustomize,1,0.0041,unmatched,,,
Infrographics,1,0.0041,unmatched,,,
Infrastructure works,1,0.0041,unmatched,,,
Infrastructure support,1,0.0041,unmatched,,,
Infrastructure engineer,1,0.0041,unmatched,,,
Infrastructure deployment,1,0.0041,unmatched,,,
Infrastructure controls,1,0.0041,unmatched,,,
Infrastructure as Code,1,0.0041,unmatched,,,
Infrastructure Project Management,1,0.0041,unmatched,,,
Infrastructure Monitoring,1,0.0041,unmatched,,,
Kuberne,1,0.0041,unmatched,,,
Kubeflow,1,0.0041,unmatched,,,
KubeFlow,1,0.0041,unmatched,,,
L3VPN,1,0.0041,unmatched,,,
L2/L3 support,1,0.0041,unmatched,,,
L2 VPN,1,0.0041,unmatched,,,
L2 Production Support,1,0.0041,unmatched,,,
L2 IT Support,1,0.0041,unmatched,,,
L2 Application Support,1,0.0041,unmatched,,,
Infrastructure Development,1,0.0041,unmatched,,,
Infrastructure Architecture Design,1,0.0041,unmatched,,,
Infrastructure Architect,1,0.0041,unmatched,,,
Infragistics,1,0.0041,unmatched,,,
Infosec,1,0.0041,unmatched,,,
Informix 4Gl,1,0.0041,unmatched,,,
Informix,1,0.0041,unmatched,,,
L1/L2/L3 support for production monitoring of pipelines,1,0.0041,unmatched,,,
L1 support,1,0.0041,unmatched,,,
L1 monitoring,1,0.0041,unmatched,,,
LAP Collections,1,0.0041,unmatched,,,
LAN networking,1,0.0041,unmatched,,,
Information architecture,1,0.0041,unmatched,,,
Information Systems,1,0.0041,unmatched,,,
Information System,1,0.0041,unmatched,,,
Information Security Strategy,1,0.0041,unmatched,,,
Information Security Risk,1,0.0041,unmatched,,,
Information Security Management System,1,0.0041,unmatched,,,
Information Security Management,1,0.0041,unmatched,,,
Information Security Audit,1,0.0041,unmatched,,,
Information Security Analyst,1,0.0041,unmatched,,,
Information Research,1,0.0041,unmatched,,,
LAMP,1,0.0041,unmatched,,,
LACP,1,0.0041,unmatched,,,
LABOR LAW COMPLIANCE,1,0.0041,unmatched,,,
LAB CHEMIST,1,0.0041,unmatched,,,
LESS/SASS,1,0.0041,unmatched,,,
LED SALES,1,0.0041,unmatched,,,
LEAN,1,0.0041,unmatched,,,
LDPE,1,0.0041,unmatched,,,
Information Gathering,1,0.0041,unmatched,,,
Information Design,1,0.0041,unmatched,,,
Information Assistance,1,0.0041,unmatched,,,
Information  Azure,1,0.0041,unmatched,,,
Informatics,1,0.0041,unmatched,,,
Informatica Testing with Python,1,0.0041,unmatched,,,
Informatica QA,1,0.0041,unmatched,,,
Informatica Product 360 PIM,1,0.0041,unmatched,,,
Informatica Pim,1,0.0041,unmatched,,,
LCO,1,0.0041,unmatched,,,
LC Documentation,1,0.0041,unmatched,,,
LARGE DEAL,1,0.0041,unmatched,,,
LOT,1,0.0041,unmatched,,,
LOS,1,0.0041,unmatched,,,
LOANS,1,0.0041,unmatched,,,
LLops,1,0.0041,unmatched,,,
LLaMA,1,0.0041,unmatched,,,
LLP Act,1,0.0041,unmatched,,,
LLMOps pipelines,1,0.0041,unmatched,,,
LLM integration,1,0.0041,unmatched,,,
LLM frameworks,1,0.0041,unmatched,,,
LLB,1,0.0041,unmatched,,,
LIN,1,0.0041,unmatched,,,
LIFEGUARD,1,0.0041,unmatched,,,
LIFE GUARD COACH,1,0.0041,unmatched,,,
LIFE GUARD,1,0.0041,unmatched,,,
LIC,1,0.0041,unmatched,,,
LFR,1,0.0041,unmatched,,,
LT Switchgear,1,0.0041,unmatched,,,
LT Motors,1,0.0041,unmatched,,,
LT Distribution,1,0.0041,unmatched,,,
LSMW,1,0.0041,unmatched,,,
LS central,1,0.0041,unmatched,,,
LR,1,0.0041,unmatched,,,
Informatica CAI,1,0.0041,unmatched,,,
Informatica Administration,1,0.0041,unmatched,,,
Infor Ion,1,0.0041,unmatched,,,
Infoblox,1,0.0041,unmatched,,,
InfoWater / SewerGEMS,1,0.0041,unmatched,,,
Info Packages,1,0.0041,unmatched,,,
Info Cubes,1,0.0041,unmatched,,,
Info Archieve,1,0.0041,unmatched,,,
Influencing Skills,1,0.0041,unmatched,,,
LPAR,1,0.0041,unmatched,,,
Lab technician,1,0.0041,unmatched,,,
Lab instruments service,1,0.0041,unmatched,,,
Lab equipments,1,0.0041,unmatched,,,
Lab Technologist,1,0.0041,unmatched,,,
Lab Operations,1,0.0041,unmatched,,,
Lab Management,1,0.0041,unmatched,,,
Lab Maintenance,1,0.0041,unmatched,,,
Lab Instrumentation,1,0.0041,unmatched,,,
Lab Head,1,0.0041,unmatched,,,
Lab Equipment Handling,1,0.0041,unmatched,,,
Lab Consumables,1,0.0041,unmatched,,,
Lab Chemicals,1,0.0041,unmatched,,,
Lab Chemical,1,0.0041,unmatched,,,
LWR,1,0.0041,unmatched,,,
LTL,1,0.0041,unmatched,,,
LTE,1,0.0041,unmatched,,,
Laboratory Knowledge,1,0.0041,unmatched,,,
Laboratory Equipment,1,0.0041,unmatched,,,
Labor management,1,0.0041,unmatched,,,
Labor Management Systems,1,0.0041,unmatched,,,
Labor Management,1,0.0041,unmatched,,,
Label Executive,1,0.0041,unmatched,,,
Influencer Management,1,0.0041,unmatched,,,
Influencer Campaigns,1,0.0041,unmatched,,,
Infertility,1,0.0041,unmatched,,,
Infection Prevention,1,0.0041,unmatched,,,
Infection Control Practices,1,0.0041,unmatched,,,
Industry Standards,1,0.0041,unmatched,,,
Industry Operations,1,0.0041,unmatched,,,
Industry Knowledge,1,0.0041,unmatched,,,
Industry Analysis,1,0.0041,unmatched,,,
Industry 4.0 experience,1,0.0041,unmatched,,,
Ladies Wear design,1,0.0041,unmatched,,,
Labware Lims,1,0.0041,unmatched,,,
Labour relations,1,0.0041,unmatched,,,
Labour Relations,1,0.0041,unmatched,,,
Industry 4.0,1,0.0041,unmatched,,,
Industrial structures,1,0.0041,unmatched,,,
Industrial relations competency,1,0.0041,unmatched,,,
Industrial projects,1,0.0041,unmatched,,,
Industrial product sales,1,0.0041,unmatched,,,
Industrial marketing,1,0.0041,unmatched,,,
Industrial instrumentation,1,0.0041,unmatched,,,
Industrial Valves,1,0.0041,unmatched,,,
Industrial Supplies,1,0.0041,unmatched,,,
Labour Management,1,0.0041,unmatched,,,
Labour Law,1,0.0041,unmatched,,,
Laboratory Management,1,0.0041,unmatched,,,
Landmark Tools,1,0.0041,unmatched,,,
Landing page optimization,1,0.0041,unmatched,,,
Landex,1,0.0041,unmatched,,,
Land Acquisition Laws,1,0.0041,unmatched,,,
Laminate,1,0.0041,unmatched,,,
Industrial Sales And Marketing,1,0.0041,unmatched,,,
Industrial Safety Certificated,1,0.0041,unmatched,,,
Industrial Pumps,1,0.0041,unmatched,,,
Industrial Printer,1,0.0041,unmatched,,,
Industrial Minerals,1,0.0041,unmatched,,,
Industrial Marketing Steel & Nickel Alloys,1,0.0041,unmatched,,,
Lambda,1,0.0041,unmatched,,,
Lambada,1,0.0041,unmatched,,,
Lakehouse,1,0.0041,unmatched,,,
Laisoning with Architects/Builders/Contractors/etc,1,0.0041,unmatched,,,
Lagchain,1,0.0041,unmatched,,,
Langsmith,1,0.0041,unmatched,,,
Langfuse,1,0.0041,unmatched,,,
LangGraph,1,0.0041,unmatched,,,
LangChain CrewAI,1,0.0041,unmatched,,,
Lang chain,1,0.0041,unmatched,,,
Lang Graph,1,0.0041,unmatched,,,
Industrial Law,1,0.0041,unmatched,,,
Industrial Gear Box,1,0.0041,unmatched,,,
Industrial Fabrication & Erection works,1,0.0041,unmatched,,,
Industrial Equipment Sales,1,0.0041,unmatched,,,
Industrial Electronics,1,0.0041,unmatched,,,
Industrial Database Management,1,0.0041,unmatched,,,
Industrial Consumables,1,0.0041,unmatched,,,
Industrial Components,1,0.0041,unmatched,,,
Industrial Coatings,1,0.0041,unmatched,,,
Landscape Architect,1,0.0041,unmatched,,,
Indirect Sales,1,0.0041,unmatched,,,
Indirect Purchase,1,0.0041,unmatched,,,
Indian export,1,0.0041,unmatched,,,
Indian accounting,1,0.0041,unmatched,,,
Indian Taxation,1,0.0041,unmatched,,,
Indian GAAP,1,0.0041,unmatched,,,
Indian Custom Regulation,1,0.0041,unmatched,,,
Industrial Building Construction,1,0.0041,unmatched,,,
Industrial Automation Engineer,1,0.0041,unmatched,,,
Induction Training,1,0.0041,unmatched,,,
Induction Hardening Inspection,1,0.0041,unmatched,,,
Indoor Signage,1,0.0041,unmatched,,,
Individual tax,1,0.0041,unmatched,,,
Language Training,1,0.0041,unmatched,,,
Language Expert,1,0.0041,unmatched,,,
Language Editing,1,0.0041,unmatched,,,
Large Deals,1,0.0041,unmatched,,,
Large Databases,1,0.0041,unmatched,,,
Large Corporate Sales,1,0.0041,unmatched,,,
Indian Bank,1,0.0041,unmatched,,,
IndiaMART,1,0.0041,unmatched,,,
Independent Correspondence,1,0.0041,unmatched,,,
Indenting,1,0.0041,unmatched,,,
Ind,1,0.0041,unmatched,,,
Increase Productivity,1,0.0041,unmatched,,,
Incoterm,1,0.0041,unmatched,,,
Incorporation,1,0.0041,unmatched,,,
Large Account Selling,1,0.0041,unmatched,,,
Laparoscopies,1,0.0041,unmatched,,,
Lap Sales,1,0.0041,unmatched,,,
Indirect tax,1,0.0041,unmatched,,,
Indirect Sourcing,1,0.0041,unmatched,,,
Laundry Services,1,0.0041,unmatched,,,
Launch Plans,1,0.0041,unmatched,,,
Lateral Movement,1,0.0041,unmatched,,,
Income tax return,1,0.0041,unmatched,,,
Income Tax Deductions,1,0.0041,unmatched,,,
Income Tax Audit,1,0.0041,unmatched,,,
Income Calculation,1,0.0041,unmatched,,,
Income Auditor,1,0.0041,unmatched,,,
Including Recruitment,1,0.0041,unmatched,,,
Incident Manager,1,0.0041,unmatched,,,
Latam,1,0.0041,unmatched,,,
Laserjet,1,0.0041,unmatched,,,
Laser Marking MAchine Programming,1,0.0041,unmatched,,,
Laser Hair Removal,1,0.0041,unmatched,,,
Large Format Stores,1,0.0041,unmatched,,,
Large Format Retail,1,0.0041,unmatched,,,
Layout Planning,1,0.0041,unmatched,,,
Layout Finalisation,1,0.0041,unmatched,,,
Layout Engineering,1,0.0041,unmatched,,,
Incident Investigation,1,0.0041,unmatched,,,
Incident Handling,1,0.0041,unmatched,,,
Incharge Activities,1,0.0041,unmatched,,,
Incentive Design,1,0.0041,unmatched,,,
Incentive Compensation,1,0.0041,unmatched,,,
Incentive Calculation,1,0.0041,unmatched,,,
Incentive Automation,1,0.0041,unmatched,,,
Incentive Accruals,1,0.0041,unmatched,,,
Incentivate,1,0.0041,unmatched,,,
Inbound voice,1,0.0041,unmatched,,,
Inbound process,1,0.0041,unmatched,,,
Layout & P&I Diagrams,1,0.0041,unmatched,,,
Lawson,1,0.0041,unmatched,,,
Lead Generation & Client Acquisition,1,0.0041,unmatched,,,
Lead Generation & Business Development,1,0.0041,unmatched,,,
Lead Developer,1,0.0041,unmatched,,,
Lead Database,1,0.0041,unmatched,,,
Lead Data Scientist,1,0.0041,unmatched,,,
Lead Conversion,1,0.0041,unmatched,,,
Lead Business Analyst,1,0.0041,unmatched,,,
Lead Assistant Manager,1,0.0041,unmatched,,,
Lead Analyst,1,0.0041,unmatched,,,
Lead - Campaign Management & Customer Insights,1,0.0041,unmatched,,,
Le,1,0.0041,unmatched,,,
Lcms,1,0.0041,unmatched,,,
Lc,1,0.0041,unmatched,,,
Layouts,1,0.0041,unmatched,,,
Layout design,1,0.0041,unmatched,,,
Layout Preparation,1,0.0041,unmatched,,,
Lead solution architect,1,0.0041,unmatched,,,
Lead security infrastructure,1,0.0041,unmatched,,,
Lead management,1,0.0041,unmatched,,,
Lead field service operations including machine installation,1,0.0041,unmatched,,,
Lead Trainer,1,0.0041,unmatched,,,
Lead Team & Ensure Smooth Operations,1,0.0041,unmatched,,,
Lead Nurturing,1,0.0041,unmatched,,,
Inbound Marketing Strategies,1,0.0041,unmatched,,,
Inbound Marketing,1,0.0041,unmatched,,,
Inbound Email Process,1,0.0041,unmatched,,,
Inbound Calling,1,0.0041,unmatched,,,
Inactive Client,1,0.0041,unmatched,,,
Lead MEP,1,0.0041,unmatched,,,
Lead Generations,1,0.0041,unmatched,,,
Lead Generation Project Execution & Final Installation Delivery To Clients,1,0.0041,unmatched,,,
Lead Generation International B2B Sales Business Development International B2B Sales Customer Relationship Management International B2B Sales Key Account Management  Negotiation  Problem-Solving   Strategic Planning,1,0.0041,unmatched,,,
Leadership training,1,0.0041,unmatched,,,
Leadership and Team Management,1,0.0041,unmatched,,,
Leadership & Management Skills,1,0.0041,unmatched,,,
In-process Inspection,1,0.0041,unmatched,,,
In-memory,1,0.0041,unmatched,,,
In-land depot sales,1,0.0041,unmatched,,,
In-Process Quality Control,1,0.0041,unmatched,,,
In-Process Inspection,1,0.0041,unmatched,,,
In Process Quality Assurance,1,0.0041,unmatched,,,
In House Cash,1,0.0041,unmatched,,,
Ims Dc,1,0.0041,unmatched,,,
Ims,1,0.0041,unmatched,,,
Impurity,1,0.0041,unmatched,,,
Import/Export operations,1,0.0041,unmatched,,,
LeadPowerBI,1,0.0041,unmatched,,,
Lead training sessions and prepare UAT/test cases. Experience with at least 3 end-to-end implementations,1,0.0041,unmatched,,,
Leardership development,1,0.0041,unmatched,,,
LeanFT,1,0.0041,unmatched,,,
Lean Manufacturing System,1,0.0041,unmatched,,,
Lean Maintenance,1,0.0041,unmatched,,,
Lean Deployment,1,0.0041,unmatched,,,
Import billing,1,0.0041,unmatched,,,
Import Payments,1,0.0041,unmatched,,,
Import Payment,1,0.0041,unmatched,,,
Import Export documentation,1,0.0041,unmatched,,,
Import Customer Service,1,0.0041,unmatched,,,
Import Compliance,1,0.0041,unmatched,,,
Import Clearance,1,0.0041,unmatched,,,
Leakage Analysis,1,0.0041,unmatched,,,
Leagacy System,1,0.0041,unmatched,,,
Leading studies,1,0.0041,unmatched,,,
Leading accounts team,1,0.0041,unmatched,,,
Learning Management Syastem,1,0.0041,unmatched,,,
Learning Management,1,0.0041,unmatched,,,
Learning Disability,1,0.0041,unmatched,,,
Import & Export FCL Sale,1,0.0041,unmatched,,,
Implementing,1,0.0041,unmatched,,,
Implementaton,1,0.0041,unmatched,,,
Implementations,1,0.0041,unmatched,,,
Implementation Product Management,1,0.0041,unmatched,,,
Implementation Plans,1,0.0041,unmatched,,,
Implementation And Maintenance,1,0.0041,unmatched,,,
Implement statistical process control,1,0.0041,unmatched,,,
Implement,1,0.0041,unmatched,,,
Imperva,1,0.0041,unmatched,,,
Learning Design,1,0.0041,unmatched,,,
Learning Administrator,1,0.0041,unmatched,,,
Learning & development,1,0.0041,unmatched,,,
Ledger Maintenance,1,0.0041,unmatched,,,
Impala,1,0.0041,unmatched,,,
Immunohistochemistry,1,0.0041,unmatched,,,
Immunohaematology techniques,1,0.0041,unmatched,,,
Immigration Sales,1,0.0041,unmatched,,,
Immigration Document,1,0.0041,unmatched,,,
Immediate release,1,0.0041,unmatched,,,
Immediate Joining,1,0.0041,unmatched,,,
Imarticus Learner,1,0.0041,unmatched,,,
Imagex,1,0.0041,unmatched,,,
Lectora,1,0.0041,unmatched,,,
Leave management,1,0.0041,unmatched,,,
Leave & Attendance Management,1,0.0041,unmatched,,,
Leased line,1,0.0041,unmatched,,,
Learning and Development,1,0.0041,unmatched,,,
Learning Management System,1,0.0041,unmatched,,,
Legal Consultancy,1,0.0041,unmatched,,,
Legal Cases,1,0.0041,unmatched,,,
Image Optimization,1,0.0041,unmatched,,,
Image Management,1,0.0041,unmatched,,,
Image Editing & Retouching,1,0.0041,unmatched,,,
Ilo,1,0.0041,unmatched,,,
Ilm,1,0.0041,unmatched,,,
Illustrations,1,0.0041,unmatched,,,
Illustrate Design,1,0.0041,unmatched,,,
Ile,1,0.0041,unmatched,,,
Ihc,1,0.0041,unmatched,,,
Legacy Modernization,1,0.0041,unmatched,,,
Leed Certified,1,0.0041,unmatched,,,
Ledgers scrutiny,1,0.0041,unmatched,,,
Ledgers and Cash/Bank transactions  .Possess a sound understanding of taxation laws majorly GST,1,0.0041,unmatched,,,
Ledger scrutiny,1,0.0041,unmatched,,,
Legal Recovery,1,0.0041,unmatched,,,
Ignition SCADA,1,0.0041,unmatched,,,
Ignition,1,0.0041,unmatched,,,
Igcse,1,0.0041,unmatched,,,
Igbt,1,0.0041,unmatched,,,
Ifrs Implementation,1,0.0041,unmatched,,,
Ifa Sales,1,0.0041,unmatched,,,
Ielts,1,0.0041,unmatched,,,
Ids Software,1,0.0041,unmatched,,,
Idq,1,0.0041,unmatched,,,
Legal Procedures,1,0.0041,unmatched,,,
Legal Issues,1,0.0041,unmatched,,,
Legal Expert,1,0.0041,unmatched,,,
Legal Executive,1,0.0041,unmatched,,,
Legal Counsel,1,0.0041,unmatched,,,
Legal Content Writing,1,0.0041,unmatched,,,
Lessor Cutting And Programing,1,0.0041,unmatched,,,
Lessor Cutting,1,0.0041,unmatched,,,
Lens,1,0.0041,unmatched,,,
Identity Now,1,0.0041,unmatched,,,
Identity & Access Management,1,0.0041,unmatched,,,
Identify and counsel students,1,0.0041,unmatched,,,
Identify Outstanding Debts,1,0.0041,unmatched,,,
Idea generation,1,0.0041,unmatched,,,
Ida Pro,1,0.0041,unmatched,,,
Lenel,1,0.0041,unmatched,,,
Lending Domain,1,0.0041,unmatched,,,
Legal manager,1,0.0041,unmatched,,,
Legal advice,1,0.0041,unmatched,,,
Legal Writing,1,0.0041,unmatched,,,
Legal Research Tools,1,0.0041,unmatched,,,
Legal Representation,1,0.0041,unmatched,,,
License Compliance,1,0.0041,unmatched,,,
Library Science,1,0.0041,unmatched,,,
Library Management,1,0.0041,unmatched,,,
Librarian Activities,1,0.0041,unmatched,,,
Liasioning,1,0.0041,unmatched,,,
LiDAR,1,0.0041,unmatched,,,
Li,1,0.0041,unmatched,,,
Lfr,1,0.0041,unmatched,,,
Lex,1,0.0041,unmatched,,,
Leveraging Relationships,1,0.0041,unmatched,,,
Level Instrument,1,0.0041,unmatched,,,
Level II,1,0.0041,unmatched,,,
Level 3 support,1,0.0041,unmatched,,,
Level 2 Application Support,1,0.0041,unmatched,,,
Level 1 Technical Support,1,0.0041,unmatched,,,
Letter Writing,1,0.0041,unmatched,,,
Life Insurance sales,1,0.0041,unmatched,,,
Life Insurance Product Training,1,0.0041,unmatched,,,
Life Cycle Assessment,1,0.0041,unmatched,,,
Life Coaching,1,0.0041,unmatched,,,
License Renewal,1,0.0041,unmatched,,,
Icwa,1,0.0041,unmatched,,,
Icu Rmo,1,0.0041,unmatched,,,
Ict/Elv,1,0.0041,unmatched,,,
Ict,1,0.0041,unmatched,,,
Icp-Oes,1,0.0041,unmatched,,,
Icp,1,0.0041,unmatched,,,
Icommunication Skills,1,0.0041,unmatched,,,
Icici,1,0.0041,unmatched,,,
Icem Surf,1,0.0041,unmatched,,,
Icegate,1,0.0041,unmatched,,,
Ice,1,0.0041,unmatched,,,
Light Weight Architecture,1,0.0041,unmatched,,,
Light Gauge Steel Framed Structures,1,0.0041,unmatched,,,
Lift irrigation,1,0.0041,unmatched,,,
Lifestyle Writer,1,0.0041,unmatched,,,
Lifestyle Finance,1,0.0041,unmatched,,,
Lifestyle Counseling,1,0.0041,unmatched,,,
Lifescience,1,0.0041,unmatched,,,
Liferay wrappers,1,0.0041,unmatched,,,
Liferay plugins,1,0.0041,unmatched,,,
Liferay core EXT,1,0.0041,unmatched,,,
Liferay Portal,1,0.0041,unmatched,,,
Liferay 7.4 portal development,1,0.0041,unmatched,,,
Life science education,1,0.0041,unmatched,,,
Life inshurace,1,0.0041,unmatched,,,
Life asia,1,0.0041,unmatched,,,
Life Skills,1,0.0041,unmatched,,,
Lightning Web Component Development,1,0.0041,unmatched,,,
Lighting product design & development,1,0.0041,unmatched,,,
Lighting Systems,1,0.0041,unmatched,,,
Lighting Layouts,1,0.0041,unmatched,,,
Ibm Informix,1,0.0041,unmatched,,,
Ibm Db2,1,0.0041,unmatched,,,
Iam Security,1,0.0041,unmatched,,,
Ibm Wtx,1,0.0041,unmatched,,,
Ibm Websphere Application Server V0,1,0.0041,unmatched,,,
Ibm Tivoli Monitoring,1,0.0041,unmatched,,,
Ibm Sterling Integrator,1,0.0041,unmatched,,,
Ibm Sterling,1,0.0041,unmatched,,,
Ibm Service,1,0.0041,unmatched,,,
Ibm San,1,0.0041,unmatched,,,
Ibm Rhapsody,1,0.0041,unmatched,,,
Ibm Maximo Asset Management,1,0.0041,unmatched,,,
Linear Analysis,1,0.0041,unmatched,,,
Line Shifting,1,0.0041,unmatched,,,
IaaC,1,0.0041,unmatched,,,
IaC,1,0.0041,unmatched,,,
IXOS,1,0.0041,unmatched,,,
IX,1,0.0041,unmatched,,,
IVR Automation,1,0.0041,unmatched,,,
IVA,1,0.0041,unmatched,,,
IV,1,0.0041,unmatched,,,
ITSM workflows,1,0.0041,unmatched,,,
ITSM ticketing tools,1,0.0041,unmatched,,,
ITSM processes,1,0.0041,unmatched,,,
ITSM development,1,0.0041,unmatched,,,
ITR Filing,1,0.0041,unmatched,,,
Limited Review,1,0.0041,unmatched,,,
Lime,1,0.0041,unmatched,,,
Linux Admin,1,0.0041,unmatched,,,
Linq,1,0.0041,unmatched,,,
Linkedin Sales,1,0.0041,unmatched,,,
Linkedin Outreach,1,0.0041,unmatched,,,
ITPs,1,0.0041,unmatched,,,
ITKK,1,0.0041,unmatched,,,
ITIL framework,1,0.0041,unmatched,,,
ITIL certified,1,0.0041,unmatched,,,
ITIL Framework,1,0.0041,unmatched,,,
ITI MECHANICAL,1,0.0041,unmatched,,,
ITI Fresher,1,0.0041,unmatched,,,
ITI Electrician,1,0.0041,unmatched,,,
Linkedin Campaigns,1,0.0041,unmatched,,,
LinkedIn Lead Generation,1,0.0041,unmatched,,,
LinkedIn,1,0.0041,unmatched,,,
Linear motion Guide,1,0.0041,unmatched,,,
Linux technology RedHat,1,0.0041,unmatched,,,
Linux kernel,1,0.0041,unmatched,,,
Linux administration,1,0.0041,unmatched,,,
Linux Support,1,0.0041,unmatched,,,
Linux Shell,1,0.0041,unmatched,,,
Linux Server Administration,1,0.0041,unmatched,,,
ITI Draftsman,1,0.0041,unmatched,,,
ITC Reconcilation,1,0.0041,unmatched,,,
ITC Compliance,1,0.0041,unmatched,,,
ITBM,1,0.0041,unmatched,,,
IT service management / delivery  management,1,0.0041,unmatched,,,
Linux Network Design,1,0.0041,unmatched,,,
Linux Kernel,1,0.0041,unmatched,,,
Linux Driver,1,0.0041,unmatched,,,
Linux Device Driver,1,0.0041,unmatched,,,
Linux Application Development,1,0.0041,unmatched,,,
Liquor Sales,1,0.0041,unmatched,,,
Liquidity risk frameworks,1,0.0041,unmatched,,,
Liquidity planning,1,0.0041,unmatched,,,
Liquidity management,1,0.0041,unmatched,,,
IT service delivery,1,0.0041,unmatched,,,
IT scrutiny Assessment,1,0.0041,unmatched,,,
IT risk,1,0.0041,unmatched,,,
IT products,1,0.0041,unmatched,,,
IT peripherals,1,0.0041,unmatched,,,
IT marketing,1,0.0041,unmatched,,,
IT infrastructure solutioning,1,0.0041,unmatched,,,
IT infrastructure operations,1,0.0041,unmatched,,,
IT infrastructure management,1,0.0041,unmatched,,,
Liquidity forecast,1,0.0041,unmatched,,,
Liquidity dashboards,1,0.0041,unmatched,,,
Liquidity Reporting,1,0.0041,unmatched,,,
Live Underwriter,1,0.0041,unmatched,,,
Live Chat,1,0.0041,unmatched,,,
IT executive,1,0.0041,unmatched,,,
IT consulting,1,0.0041,unmatched,,,
IT cloud,1,0.0041,unmatched,,,
IT business analyst,1,0.0041,unmatched,,,
IT audit,1,0.0041,unmatched,,,
IT asset management,1,0.0041,unmatched,,,
IT architecture,1,0.0041,unmatched,,,
IT Trainer,1,0.0041,unmatched,,,
IT Team Management,1,0.0041,unmatched,,,
IT Support Executive  IT Administrator,1,0.0041,unmatched,,,
IT Support & Desktop Management  Hardware Installation,1,0.0041,unmatched,,,
Listing Management,1,0.0041,unmatched,,,
Listening Skills,1,0.0041,unmatched,,,
Lis,1,0.0041,unmatched,,,
Load runner,1,0.0041,unmatched,,,
Load calculation,1,0.0041,unmatched,,,
Load balancer Implementation,1,0.0041,unmatched,,,
IT Staffing & IT Services,1,0.0041,unmatched,,,
IT Solutions Sales,1,0.0041,unmatched,,,
IT Solution,1,0.0041,unmatched,,,
IT Software Trainer,1,0.0041,unmatched,,,
IT Software - Programming,1,0.0041,unmatched,,,
IT Service Management Systems,1,0.0041,unmatched,,,
IT Security Management,1,0.0041,unmatched,,,
Load Processing,1,0.0041,unmatched,,,
Load Ninja,1,0.0041,unmatched,,,
Load Balancers,1,0.0041,unmatched,,,
Lld,1,0.0041,unmatched,,,
Llama,1,0.0041,unmatched,,,
Livelihood,1,0.0041,unmatched,,,
Loan Processor,1,0.0041,unmatched,,,
Loan Processing & Documentation,1,0.0041,unmatched,,,
Loan On Shares,1,0.0041,unmatched,,,
Loan Disbursement & Monitoring,1,0.0041,unmatched,,,
Loan Closure,1,0.0041,unmatched,,,
Loan Charges,1,0.0041,unmatched,,,
IT Project Development,1,0.0041,unmatched,,,
IT Products & Solutions,1,0.0041,unmatched,,,
IT Planning,1,0.0041,unmatched,,,
IT Parks,1,0.0041,unmatched,,,
IT Network Security,1,0.0041,unmatched,,,
Loan Against Shares,1,0.0041,unmatched,,,
Loan Against Securities,1,0.0041,unmatched,,,
Loan Accounting,1,0.0041,unmatched,,,
Loadui,1,0.0041,unmatched,,,
Loading/Unloading Supervision,1,0.0041,unmatched,,,
Loan document processing,1,0.0041,unmatched,,,
Loan booking,1,0.0041,unmatched,,,
Loan against Property,1,0.0041,unmatched,,,
Loan Syndication,1,0.0041,unmatched,,,
Loan Sourcing & Business Development,1,0.0041,unmatched,,,
Loan Sourcing,1,0.0041,unmatched,,,
Loan Setup,1,0.0041,unmatched,,,
IT Managed Service Sales,1,0.0041,unmatched,,,
IT Infrastructure Support,1,0.0041,unmatched,,,
IT Infrastructure Operations,1,0.0041,unmatched,,,
IT Infra Sales,1,0.0041,unmatched,,,
IT Infra,1,0.0041,unmatched,,,
IT Implementation,1,0.0041,unmatched,,,
IT Helpdesk Freshers,1,0.0041,unmatched,,,
IT Helpdesk Executive,1,0.0041,unmatched,,,
IT Head,1,0.0041,unmatched,,,
IT Enterprise Project,1,0.0041,unmatched,,,
IT Enterprise Delivery,1,0.0041,unmatched,,,
IT Documentation,1,0.0041,unmatched,,,
IT Disaster Recovery,1,0.0041,unmatched,,,
IT Business Development Manager,1,0.0041,unmatched,,,
IT Business Development,1,0.0041,unmatched,,,
IT Budgeting,1,0.0041,unmatched,,,
IT Asset & Inventory Management,1,0.0041,unmatched,,,
IT Architecture,1,0.0041,unmatched,,,
IT Architect,1,0.0041,unmatched,,,
Localization,1,0.0041,unmatched,,,
Local area network,1,0.0041,unmatched,,,
Local Candidates,1,0.0041,unmatched,,,
Lobby & Front Desk Management,1,0.0041,unmatched,,,
Loan syndication,1,0.0041,unmatched,,,
Loan operations,1,0.0041,unmatched,,,
Logistics Support,1,0.0041,unmatched,,,
Logistics Plannin,1,0.0041,unmatched,,,
Logistics Manager,1,0.0041,unmatched,,,
Logistics Hiring,1,0.0041,unmatched,,,
Logistics Engineering,1,0.0041,unmatched,,,
Logistics CRM,1,0.0041,unmatched,,,
Logistics Analysis,1,0.0041,unmatched,,,
Logistics Accounting,1,0.0041,unmatched,,,
Logistic regression,1,0.0041,unmatched,,,
Logistic Head,1,0.0041,unmatched,,,
Logistic Execution,1,0.0041,unmatched,,,
Loging,1,0.0041,unmatched,,,
Logical Ability,1,0.0041,unmatched,,,
Logic,1,0.0041,unmatched,,,
Logfire,1,0.0041,unmatched,,,
IT GRC,1,0.0041,unmatched,,,
Looker,1,0.0041,unmatched,,,
Long Haul,1,0.0041,unmatched,,,
Logo,1,0.0041,unmatched,,,
IT Application Control,1,0.0041,unmatched,,,
IT Administration,1,0.0041,unmatched,,,
IT ,1,0.0041,unmatched,,,
ISS,1,0.0041,unmatched,,,
ISR,1,0.0041,unmatched,,,
ISPF,1,0.0041,unmatched,,,
ISO9001,1,0.0041,unmatched,,,
ISO27001 Lead Implementer,1,0.0041,unmatched,,,
ISO/BIS std,1,0.0041,unmatched,,,
ISO-22301,1,0.0041,unmatched,,,
ISO training services,1,0.0041,unmatched,,,
Logistics modelling,1,0.0041,unmatched,,,
Logistics coordination,1,0.0041,unmatched,,,
Lotus 123,1,0.0041,unmatched,,,
ISO systems,1,0.0041,unmatched,,,
ISO internal auditor,1,0.0041,unmatched,,,
ISO IATF 16949 Compliance,1,0.0041,unmatched,,,
ISO 9001 and 2015,1,0.0041,unmatched,,,
ISO 55000 expertise,1,0.0041,unmatched,,,
ISO 20022,1,0.0041,unmatched,,,
ISO 14971,1,0.0041,unmatched,,,
ISO 14731,1,0.0041,unmatched,,,
ISO 13845,1,0.0041,unmatched,,,
Loss Forecasting,1,0.0041,unmatched,,,
Lora,1,0.0041,unmatched,,,
Lopa,1,0.0041,unmatched,,,
LoopBack,1,0.0041,unmatched,,,
Loop Drawing,1,0.0041,unmatched,,,
Loop Diagram,1,0.0041,unmatched,,,
Lte Testing,1,0.0041,unmatched,,,
Lstm,1,0.0041,unmatched,,,
Lpg,1,0.0041,unmatched,,,
ISIS Papyrus,1,0.0041,unmatched,,,
ISIR,1,0.0041,unmatched,,,
ISD & TDS compliance,1,0.0041,unmatched,,,
ISD,1,0.0041,unmatched,,,
ISCSI,1,0.0041,unmatched,,,
ISA,1,0.0041,unmatched,,,
IS0 42001,1,0.0041,unmatched,,,
IS standards,1,0.0041,unmatched,,,
IS Audit,1,0.0041,unmatched,,,
IS 456,1,0.0041,unmatched,,,
Loyalty Program Management,1,0.0041,unmatched,,,
Low Level Design,1,0.0041,unmatched,,,
Lotus Domino,1,0.0041,unmatched,,,
Lupin,1,0.0041,unmatched,,,
IRM,1,0.0041,unmatched,,,
IREG,1,0.0041,unmatched,,,
IRATA,1,0.0041,unmatched,,,
IPhone,1,0.0041,unmatched,,,
IPad,1,0.0041,unmatched,,,
IPV6,1,0.0041,unmatched,,,
IPSEC,1,0.0041,unmatched,,,
IPR Laws,1,0.0041,unmatched,,,
IPQA,1,0.0041,unmatched,,,
IPO filing,1,0.0041,unmatched,,,
Lumira,1,0.0041,unmatched,,,
Luminaries,1,0.0041,unmatched,,,
Lubricant Additives,1,0.0041,unmatched,,,
Lube Oil System,1,0.0041,unmatched,,,
Ltimindtree,1,0.0041,unmatched,,,
M.S Office,1,0.0041,unmatched,,,
M.Pharm,1,0.0041,unmatched,,,
M.COM,1,0.0041,unmatched,,,
M&E Engineer,1,0.0041,unmatched,,,
M&A and capital raising,1,0.0041,unmatched,,,
M&A Tax,1,0.0041,unmatched,,,
Lync,1,0.0041,unmatched,,,
Lymph Node Biopsy,1,0.0041,unmatched,,,
Luxury retail,1,0.0041,unmatched,,,
Luxury furniture,1,0.0041,unmatched,,,
Luxury Property Sales,1,0.0041,unmatched,,,
Luxury Projects,1,0.0041,unmatched,,,
Luxury Product,1,0.0041,unmatched,,,
Luxury Homes,1,0.0041,unmatched,,,
Luxury Content Writer,1,0.0041,unmatched,,,
Luxury Brand,1,0.0041,unmatched,,,
IP networking,1,0.0041,unmatched,,,
IP domains,1,0.0041,unmatched,,,
IP Services,1,0.0041,unmatched,,,
MBD,1,0.0041,unmatched,,,
MBA project Management,1,0.0041,unmatched,,,
MBA Supply Chain,1,0.0041,unmatched,,,
MBA Finance,1,0.0041,unmatched,,,
MARKETING,1,0.0041,unmatched,,,
MAPE,1,0.0041,unmatched,,,
MANAGER /ASST MANAGER - FMCG /CHOCOLATE /BAKERY / CONFECTIONERIES,1,0.0041,unmatched,,,
MANAGE END TO END RECRUITMENT,1,0.0041,unmatched,,,
MAINFRAME DEVELOPER,1,0.0041,unmatched,,,
MAGUS,1,0.0041,unmatched,,,
M3,1,0.0041,unmatched,,,
M.Tech,1,0.0041,unmatched,,,
M.S.Office,1,0.0041,unmatched,,,
MD Biochemistry,1,0.0041,unmatched,,,
MCSE,1,0.0041,unmatched,,,
MCSA,1,0.0041,unmatched,,,
MCB,1,0.0041,unmatched,,,
MCA,1,0.0041,unmatched,,,
MBR,1,0.0041,unmatched,,,
IPO documentation,1,0.0041,unmatched,,,
IPO compliance,1,0.0041,unmatched,,,
IPO Rsearch & Release,1,0.0041,unmatched,,,
IPO OperaTION,1,0.0041,unmatched,,,
IPO Funding,1,0.0041,unmatched,,,
IPMS,1,0.0041,unmatched,,,
IPDRG,1,0.0041,unmatched,,,
IPD Operations,1,0.0041,unmatched,,,
IPCC,1,0.0041,unmatched,,,
IP21,1,0.0041,unmatched,,,
MDG Central Governance,1,0.0041,unmatched,,,
IP Routing,1,0.0041,unmatched,,,
IP Connectivity,1,0.0041,unmatched,,,
IP Configuration,1,0.0041,unmatched,,,
IP Camera,1,0.0041,unmatched,,,
IP Addresses,1,0.0041,unmatched,,,
IOT assembly,1,0.0041,unmatched,,,
IOT and Platform,1,0.0041,unmatched,,,
IOT Hardware,1,0.0041,unmatched,,,
IOCL,1,0.0041,unmatched,,,
INJECTION MACHINE MAINTENANCE,1,0.0041,unmatched,,,
MDF,1,0.0041,unmatched,,,
MDA,1,0.0041,unmatched,,,
MD Pediatrics,1,0.0041,unmatched,,,
MD Neurology,1,0.0041,unmatched,,,
MD MICROBIOLOGY,1,0.0041,unmatched,,,
MERN,1,0.0041,unmatched,,,
MERCHANSDISE,1,0.0041,unmatched,,,
MEP manager,1,0.0041,unmatched,,,
MEP coordination,1,0.0041,unmatched,,,
MEP consultants,1,0.0041,unmatched,,,
MEP Services,1,0.0041,unmatched,,,
MEP REVIT,1,0.0041,unmatched,,,
MEP Estimation,1,0.0041,unmatched,,,
MEP BIM Modeller,1,0.0041,unmatched,,,
MENA region,1,0.0041,unmatched,,,
MEDICAL OFFICER,1,0.0041,unmatched,,,
MECM,1,0.0041,unmatched,,,
ME Carnival,1,0.0041,unmatched,,,
MDM Testing,1,0.0041,unmatched,,,
MDM Saas,1,0.0041,unmatched,,,
MDH,1,0.0041,unmatched,,,
MICROBIOLOGY,1,0.0041,unmatched,,,
MFC,1,0.0041,unmatched,,,
INFORMATICA,1,0.0041,unmatched,,,
INFOBASIC,1,0.0041,unmatched,,,
INDUCTION HEATERS,1,0.0041,unmatched,,,
INDUCTION,1,0.0041,unmatched,,,
INDAS,1,0.0041,unmatched,,,
IND-AS,1,0.0041,unmatched,,,
IND As,1,0.0041,unmatched,,,
IND AS,1,0.0041,unmatched,,,
IMPORT AND EXPORT COORDINATION WITH SHIPPING LINE,1,0.0041,unmatched,,,
IME,1,0.0041,unmatched,,,
MF utility Platform,1,0.0041,unmatched,,,
METADATA MANAGMENT TOOLS,1,0.0041,unmatched,,,
MESH,1,0.0041,unmatched,,,
MERN Fullstack,1,0.0041,unmatched,,,
IJP486617,1,0.0041,unmatched,,,
IJP486424,1,0.0041,unmatched,,,
IJP486422,1,0.0041,unmatched,,,
IJP486339,1,0.0041,unmatched,,,
IJP486337,1,0.0041,unmatched,,,
IJP486259,1,0.0041,unmatched,,,
IJP486258,1,0.0041,unmatched,,,
IJP486249,1,0.0041,unmatched,,,
IJP486248,1,0.0041,unmatched,,,
IJP480620,1,0.0041,unmatched,,,
IIT,1,0.0041,unmatched,,,
MIS Exper,1,0.0041,unmatched,,,
MIS Development,1,0.0041,unmatched,,,
MIS Coordinator,1,0.0041,unmatched,,,
MIS Analysis,1,0.0041,unmatched,,,
MIDC,1,0.0041,unmatched,,,
MMSE,1,0.0041,unmatched,,,
MLops,1,0.0041,unmatched,,,
MLOps Engineer,1,0.0041,unmatched,,,
MLOPS,1,0.0041,unmatched,,,
MLFlow,1,0.0041,unmatched,,,
ML/AI models,1,0.0041,unmatched,,,
ML ops,1,0.0041,unmatched,,,
ML frameworks,1,0.0041,unmatched,,,
ML engineer,1,0.0041,unmatched,,,
ML Ops,1,0.0041,unmatched,,,
MIcro focus,1,0.0041,unmatched,,,
MIT,1,0.0041,unmatched,,,
MISRA,1,0.0041,unmatched,,,
MIS reports,1,0.0041,unmatched,,,
MIS and dashboarding,1,0.0041,unmatched,,,
ILE CL,1,0.0041,unmatched,,,
MP-BGP,1,0.0041,unmatched,,,
MP&L,1,0.0041,unmatched,,,
MOST,1,0.0041,unmatched,,,
MORTGAGE UNDERWRITER,1,0.0041,unmatched,,,
IHM,1,0.0041,unmatched,,,
IGTR,1,0.0041,unmatched,,,
IGCSE,1,0.0041,unmatched,,,
IFRS 16 Leasing,1,0.0041,unmatched,,,
IFRS 15/ S 15,1,0.0041,unmatched,,,
IFRS 15,1,0.0041,unmatched,,,
IFR,1,0.0041,unmatched,,,
IFMS Operations,1,0.0041,unmatched,,,
IFC Testing,1,0.0041,unmatched,,,
MOEF consultant,1,0.0041,unmatched,,,
MOEF,1,0.0041,unmatched,,,
MNA,1,0.0041,unmatched,,,
IDMC,1,0.0041,unmatched,,,
MS Dynamics 365 Functional,1,0.0041,unmatched,,,
MS Dynamics 365 Developer,1,0.0041,unmatched,,,
MS Dynamics 365 Customer Service,1,0.0041,unmatched,,,
MS Dynamics 365,1,0.0041,unmatched,,,
MS -  Excel,1,0.0041,unmatched,,,
MS,1,0.0041,unmatched,,,
MRP,1,0.0041,unmatched,,,
MQPs,1,0.0041,unmatched,,,
MQL,1,0.0041,unmatched,,,
MQ Series,1,0.0041,unmatched,,,
MPP,1,0.0041,unmatched,,,
MPLS Integartion,1,0.0041,unmatched,,,
MPI,1,0.0041,unmatched,,,
MPCB,1,0.0041,unmatched,,,
MPC,1,0.0041,unmatched,,,
ICSR Aggregate Reporting,1,0.0041,unmatched,,,
ICS,1,0.0041,unmatched,,,
ICP,1,0.0041,unmatched,,,
ICH,1,0.0041,unmatched,,,
ICF,1,0.0041,unmatched,,,
ICEM,1,0.0041,unmatched,,,
IFC,1,0.0041,unmatched,,,
IFAS etc,1,0.0041,unmatched,,,
IFA,1,0.0041,unmatched,,,
IEPF,1,0.0041,unmatched,,,
IEP,1,0.0041,unmatched,,,
IELTS,1,0.0041,unmatched,,,
IEC 61508,1,0.0041,unmatched,,,
IDS,1,0.0041,unmatched,,,
IDN,1,0.0041,unmatched,,,
IDMS,1,0.0041,unmatched,,,
MS-SQL Server,1,0.0041,unmatched,,,
MS office,1,0.0041,unmatched,,,
MS excel,1,0.0041,unmatched,,,
MS Visual Studio 2015,1,0.0041,unmatched,,,
MS SS STEEL,1,0.0041,unmatched,,,
MS SQL Server,1,0.0041,unmatched,,,
MS SQL Serve,1,0.0041,unmatched,,,
MS SQL DB,1,0.0041,unmatched,,,
MS Power Point,1,0.0041,unmatched,,,
MS Office package,1,0.0041,unmatched,,,
MS Office Powerpoint,1,0.0041,unmatched,,,
MS Entra,1,0.0041,unmatched,,,
MS ENT,1,0.0041,unmatched,,,
IDAM - Ping,1,0.0041,unmatched,,,
IDAM,1,0.0041,unmatched,,,
ICU Head,1,0.0041,unmatched,,,
ICD Sales,1,0.0041,unmatched,,,
ICC,1,0.0041,unmatched,,,
ICAI,1,0.0041,unmatched,,,
IC Marketing,1,0.0041,unmatched,,,
IBP Demand/Response,1,0.0041,unmatched,,,
IBP,1,0.0041,unmatched,,,
IBOR,1,0.0041,unmatched,,,
IBNR estimates,1,0.0041,unmatched,,,
IBN,1,0.0041,unmatched,,,
IBMS,1,0.0041,unmatched,,,
IBM tealeaf,1,0.0041,unmatched,,,
IBM support,1,0.0041,unmatched,,,
MSIX,1,0.0041,unmatched,,,
MSDS MAINTAIN,1,0.0041,unmatched,,,
MSCRM,1,0.0041,unmatched,,,
MS.NET,1,0.0041,unmatched,,,
MYND,1,0.0041,unmatched,,,
MY SQL,1,0.0041,partial/semantic_match,Sql,University of Mumbai,MDC401 Multidisciplinary minor 20 20 40 60 2 -- -- 100
MXML,1,0.0041,unmatched,,,
MWAA,1,0.0041,unmatched,,,
MW development,1,0.0041,unmatched,,,
MVV,1,0.0041,unmatched,,,
MVS,1,0.0041,unmatched,,,
MVC frameworks,1,0.0041,unmatched,,,
MV Breakers,1,0.0041,unmatched,,,
MULTIPLE PROJECTS,1,0.0041,unmatched,,,
MSSQL,1,0.0041,unmatched,,,
MSS,1,0.0041,unmatched,,,
MSME-related compliances,1,0.0041,unmatched,,,
MSME Lending,1,0.0041,unmatched,,,
MSL,1,0.0041,unmatched,,,
ICEGATE Portal,1,0.0041,unmatched,,,
IBM IIB,1,0.0041,unmatched,,,
IBM HTTP Server,1,0.0041,unmatched,,,
IBM Guardium,1,0.0041,unmatched,,,
IBM DB2,1,0.0041,unmatched,,,
IBM Cloud,1,0.0041,unmatched,,,
IBM BRMS Tape Management,1,0.0041,unmatched,,,
Machine Manual,1,0.0041,unmatched,,,
Machine Learning engineer,1,0.0041,unmatched,,,
Machine Learning and AI,1,0.0041,unmatched,,,
Machine Intelligence,1,0.0041,unmatched,,,
Machine Handling,1,0.0041,unmatched,,,
Machine Commissioning,1,0.0041,unmatched,,,
Machine Building,1,0.0041,unmatched,,,
Machine Allocation,1,0.0041,unmatched,,,
Machin Fitter,1,0.0041,unmatched,,,
Ma English,1,0.0041,unmatched,,,
IAM - PAM Consultant,1,0.0041,unmatched,,,
Machine lerarning,1,0.0041,unmatched,,,
Machine design,1,0.0041,unmatched,,,
Machine Time Calculation,1,0.0041,unmatched,,,
Machine Testing,1,0.0041,unmatched,,,
Machine Setup,1,0.0041,unmatched,,,
IBM planning Analytics,1,0.0041,unmatched,,,
IBM ZOS HLASM,1,0.0041,unmatched,,,
IBM Z/OS,1,0.0041,unmatched,,,
IBM WatsonX.Gov,1,0.0041,unmatched,,,
IBM Transformation Extender,1,0.0041,unmatched,,,
IBM RDX,1,0.0041,unmatched,,,
IBM MQ,1,0.0041,unmatched,,,
IBM Instana installation,1,0.0041,unmatched,,,
IBM Instana,1,0.0041,unmatched,,,
IBM ITX,1,0.0041,unmatched,,,
Machinist,1,0.0041,unmatched,,,
Machining Shop & Assembly,1,0.0041,unmatched,,,
Machining & Process Expertise,1,0.0041,unmatched,,,
Machines And Tools,1,0.0041,unmatched,,,
Machinery Loan,1,0.0041,unmatched,,,
Machinery Finance,1,0.0041,unmatched,,,
Machine settings,1,0.0041,unmatched,,,
IBM BRMS,1,0.0041,unmatched,,,
IBM ACE,1,0.0041,unmatched,,,
IBH,1,0.0041,unmatched,,,
IBC,1,0.0041,unmatched,,,
IAc,1,0.0041,unmatched,,,
IATF Certification Audits,1,0.0041,unmatched,,,
IATA regulations,1,0.0041,unmatched,,,
IATA Fresher,1,0.0041,unmatched,,,
IAS,1,0.0041,unmatched,,,
Maharashtra,1,0.0041,unmatched,,,
Magma,1,0.0041,unmatched,,,
Magik,1,0.0041,unmatched,,,
Magento Commerce,1,0.0041,unmatched,,,
Magazines,1,0.0041,unmatched,,,
Madcap Flare,1,0.0041,unmatched,,,
Macro Research Analyst,1,0.0041,unmatched,,,
I&C,1,0.0041,unmatched,,,
I,1,0.0041,unmatched,,,
Hysterectomies,1,0.0041,unmatched,,,
Hypervisor,1,0.0041,unmatched,,,
Hyperledger,1,0.0041,unmatched,,,
Hyperion planning,1,0.0041,unmatched,,,
Hyperion Reporting,1,0.0041,unmatched,,,
Hyperion Financial Reporting,1,0.0041,unmatched,,,
Macro Research,1,0.0041,unmatched,,,
Mainframe Assembler,1,0.0041,unmatched,,,
Mainframe Application Modernization,1,0.0041,unmatched,,,
Mainframe Application Development,1,0.0041,unmatched,,,
HyperWorks,1,0.0041,unmatched,,,
Hygiene Standards,1,0.0041,unmatched,,,
Hydrology,1,0.0041,unmatched,,,
Hydrogenation,1,0.0041,unmatched,,,
Hydrocarbon,1,0.0041,unmatched,,,
Hydro Testing,1,0.0041,unmatched,,,
Hydraulic Systems,1,0.0041,unmatched,,,
Hydraulic System,1,0.0041,unmatched,,,
Hydraulic Modeling,1,0.0041,unmatched,,,
Mailchimp,1,0.0041,unmatched,,,
Mail Server,1,0.0041,unmatched,,,
Mail Management,1,0.0041,unmatched,,,
Maid Training,1,0.0041,unmatched,,,
Maintenance And Repair,1,0.0041,unmatched,,,
Maintenance And Instrumentation And Chemical,1,0.0041,unmatched,,,
Maintenance And Instrumentation,1,0.0041,unmatched,,,
Maintaining Cleanliness,1,0.0041,unmatched,,,
Maintaining A Positive Environment,1,0.0041,unmatched,,,
Hydraulic Brake,1,0.0041,unmatched,,,
Hyderabad,1,0.0041,unmatched,,,
Hybrid Process,1,0.0041,unmatched,,,
Hybrid Cloud,1,0.0041,unmatched,,,
Hvac System Design,1,0.0041,unmatched,,,
Hvac Project Engineer,1,0.0041,unmatched,,,
Maintaining,1,0.0041,unmatched,,,
Mainframes Microfocus COBOL,1,0.0041,unmatched,,,
Mainframe developer,1,0.0041,unmatched,,,
Mainframe Engineer Careers,1,0.0041,unmatched,,,
Mainframe Developer Jobs Chennai,1,0.0041,unmatched,,,
Major incident Manager,1,0.0041,unmatched,,,
Major Accounts,1,0.0041,unmatched,,,
Maize,1,0.0041,unmatched,,,
Maintenance operations,1,0.0041,unmatched,,,
Maintenance of furnaces and equipment,1,0.0041,unmatched,,,
Maintenance in Tire Curing,1,0.0041,unmatched,,,
Human Resources Management,1,0.0041,unmatched,,,
Human Genetics,1,0.0041,unmatched,,,
Human Computer Interaction,1,0.0041,unmatched,,,
Hugging Face,1,0.0041,unmatched,,,
Hubspot social,1,0.0041,unmatched,,,
Hubspot Marketing Automation,1,0.0041,unmatched,,,
Hubspot Crm,1,0.0041,unmatched,,,
Maintenance cost,1,0.0041,unmatched,,,
Maintenance Manager,1,0.0041,unmatched,,,
Maintenance Executive,1,0.0041,unmatched,,,
Man Power Management,1,0.0041,unmatched,,,
Man Management And Inter Personal Skills,1,0.0041,unmatched,,,
Mammography,1,0.0041,unmatched,,,
Malls,1,0.0041,unmatched,,,
Hub Operations,1,0.0041,unmatched,,,
Https,1,0.0041,unmatched,,,
Hss,1,0.0041,unmatched,,,
Hsm,1,0.0041,unmatched,,,
Hse Management,1,0.0041,unmatched,,,
Hse,1,0.0041,unmatched,,,
Hrp,1,0.0041,unmatched,,,
Male candidates only,1,0.0041,unmatched,,,
Male candidate,1,0.0041,unmatched,,,
Male Candidate is Prefered,1,0.0041,unmatched,,,
Making quotation,1,0.0041,unmatched,,,
Making Reports,1,0.0041,unmatched,,,
Management Executive,1,0.0041,unmatched,,,
Hrops,1,0.0041,unmatched,,,
Hrms Sales,1,0.0041,unmatched,,,
Hrms Implementation,1,0.0041,unmatched,,,
Hrbp,1,0.0041,unmatched,,,
Hr System,1,0.0041,unmatched,,,
Hr Strategy,1,0.0041,unmatched,,,
Hr Software,1,0.0041,unmatched,,,
Hr Shared Services,1,0.0041,unmatched,,,
Management Audit,1,0.0041,unmatched,,,
Managed Services Sales,1,0.0041,unmatched,,,
Managed Services Presales Specialist,1,0.0041,unmatched,,,
Managed File Transfer,1,0.0041,unmatched,,,
Manage integration points between SD and FICO/MM,1,0.0041,unmatched,,,
Manage Shrinkage,1,0.0041,unmatched,,,
Manage Publishing,1,0.0041,unmatched,,,
Manager Execution,1,0.0041,unmatched,,,
Manager Enterprise Sales,1,0.0041,unmatched,,,
Manager Crm,1,0.0041,unmatched,,,
Manager Accounts Payable,1,0.0041,unmatched,,,
Manager  Plant Accounts,1,0.0041,unmatched,,,
Hr Project Management,1,0.0041,unmatched,,,
Hr Practices,1,0.0041,unmatched,,,
Hr Mba,1,0.0041,unmatched,,,
Hr Internship,1,0.0041,unmatched,,,
Hr Fresher,1,0.0041,unmatched,,,
Management Trainee HR,1,0.0041,unmatched,,,
Management Staff,1,0.0041,unmatched,,,
Management Representative,1,0.0041,unmatched,,,
Management Reports,1,0.0041,unmatched,,,
Management Information Systems,1,0.0041,unmatched,,,
Management Fee,1,0.0041,unmatched,,,
Manager Project Management,1,0.0041,unmatched,,,
Manager NPD & Design,1,0.0041,unmatched,,,
Housekeeping Trainer,1,0.0041,unmatched,,,
Household,1,0.0041,unmatched,,,
House Wiring,1,0.0041,unmatched,,,
House,1,0.0041,unmatched,,,
Hr Bpo,1,0.0041,unmatched,,,
Hr Automation,1,0.0041,unmatched,,,
Hr Administration,1,0.0041,unmatched,,,
Hplc Analysis,1,0.0041,unmatched,,,
Hp Performance Center,1,0.0041,unmatched,,,
Hp Nonstop,1,0.0041,unmatched,,,
Hp Fortify,1,0.0041,unmatched,,,
Manager M1,1,0.0041,unmatched,,,
Manager Fitout,1,0.0041,unmatched,,,
Manager FP&A,1,0.0041,unmatched,,,
Manhattan Software Developer,1,0.0041,unmatched,,,
Manhattan Software,1,0.0041,unmatched,,,
Manhattan SCM,1,0.0041,unmatched,,,
Managment,1,0.0041,unmatched,,,
Hotel Pricing,1,0.0041,unmatched,,,
Hotel Maintenance,1,0.0041,unmatched,,,
Hotel Contracting,1,0.0041,unmatched,,,
Hotel Construction,1,0.0041,unmatched,,,
Hot Rolling Mill,1,0.0041,unmatched,,,
Managing the procurement of all materials,1,0.0041,unmatched,,,
Managing Project Coordination,1,0.0041,unmatched,,,
Managing Field Collection agencies,1,0.0041,unmatched,,,
Manager accounting,1,0.0041,unmatched,,,
Manager Talent Acquisition,1,0.0041,unmatched,,,
Manager Strategic Sourcing,1,0.0041,unmatched,,,
Manager Quality,1,0.0041,unmatched,,,
Hospitality Trainer,1,0.0041,unmatched,,,
Hospitality Segment,1,0.0041,unmatched,,,
Hospitality Relationship Manager,1,0.0041,unmatched,,,
Hospitality Relationship Management,1,0.0041,unmatched,,,
Manual Testing Mobile Application,1,0.0041,unmatched,,,
Manual Dexterity,1,0.0041,unmatched,,,
Manual Designer,1,0.0041,unmatched,,,
Manual Accounting,1,0.0041,unmatched,,,
Manual + Automation Testing Pune,1,0.0041,unmatched,,,
Manpower management,1,0.0041,unmatched,,,
Manpower Training,1,0.0041,unmatched,,,
Manpower Sourcing,1,0.0041,unmatched,,,
Manpower Analysis,1,0.0041,unmatched,,,
Mannual Testing,1,0.0041,unmatched,,,
Manhattan WMS T,1,0.0041,unmatched,,,
Manhattan Software development,1,0.0041,unmatched,,,
Hospitality KPIs,1,0.0041,unmatched,,,
Hospital liaison,1,0.0041,unmatched,,,
Hospital Quality,1,0.0041,unmatched,,,
Hospital Project,1,0.0041,unmatched,,,
Hospital Front office,1,0.0041,unmatched,,,
Hospital Front desk,1,0.0041,unmatched,,,
Hospital Empanelment,1,0.0041,unmatched,,,
Hot Roll Coil,1,0.0041,unmatched,,,
Hot Kitchen,1,0.0041,unmatched,,,
Hot,1,0.0041,unmatched,,,
Hosting,1,0.0041,unmatched,,,
Hostess Activities,1,0.0041,unmatched,,,
Hostel Management,1,0.0041,unmatched,,,
Hostel,1,0.0041,unmatched,,,
Hospitals,1,0.0041,unmatched,,,
Hospitality management,1,0.0041,unmatched,,,
Home Interiors,1,0.0041,unmatched,,,
Home Credit,1,0.0041,unmatched,,,
Home Care,1,0.0041,unmatched,,,
Home Based,1,0.0041,unmatched,,,
Hospital Administrator,1,0.0041,unmatched,,,
Horticultural Practices,1,0.0041,unmatched,,,
Hoovers,1,0.0041,unmatched,,,
Homeopathy,1,0.0041,unmatched,,,
Manufacturing Operation,1,0.0041,unmatched,,,
Manufacturing Module,1,0.0041,unmatched,,,
Manufacturing Line,1,0.0041,unmatched,,,
Manufacturing Hiring,1,0.0041,unmatched,,,
Manufacturing Environment,1,0.0041,unmatched,,,
Manufacturing Engineer,1,0.0041,unmatched,,,
Manual welding,1,0.0041,unmatched,,,
Manual tester,1,0.0041,unmatched,,,
Mapping logics,1,0.0041,unmatched,,,
Home Automation,1,0.0041,unmatched,,,
Home Appliances Design,1,0.0041,unmatched,,,
Hoist,1,0.0041,unmatched,,,
Hogan,1,0.0041,unmatched,,,
HoD,1,0.0041,unmatched,,,
Hni Clients,1,0.0041,unmatched,,,
Hmi Design,1,0.0041,unmatched,,,
Hmc Machine,1,0.0041,unmatched,,,
Map,1,0.0041,unmatched,,,
Manufacturing operations,1,0.0041,unmatched,,,
Manufacturing engineer,1,0.0041,unmatched,,,
Manufacturing Unit,1,0.0041,unmatched,,,
Manufacturing Products,1,0.0041,unmatched,,,
Manufacturing Operations Management,1,0.0041,unmatched,,,
Home appliances,1,0.0041,unmatched,,,
Market Entry,1,0.0041,unmatched,,,
Market Coverage,1,0.0041,unmatched,,,
Market Analysis & Strategy,1,0.0041,unmatched,,,
Market,1,0.0041,unmatched,,,
Hl7,1,0.0041,unmatched,,,
Hl,1,0.0041,unmatched,,,
History Teacher,1,0.0041,unmatched,,,
Hire To Retirement,1,0.0041,unmatched,,,
Hippa Regulations,1,0.0041,unmatched,,,
Hindu,1,0.0041,unmatched,,,
Hindi teacher,1,0.0041,unmatched,,,
Maritime Training,1,0.0041,unmatched,,,
Marine insurance,1,0.0041,unmatched,,,
Marcom,1,0.0041,unmatched,,,
Marathi Typing,1,0.0041,unmatched,,,
Marathi Teacher,1,0.0041,unmatched,,,
Market Research & Analysis,1,0.0041,unmatched,,,
Market Positioning,1,0.0041,unmatched,,,
Hil,1,0.0041,unmatched,,,
Highway Engineering,1,0.0041,unmatched,,,
Highway Detailing,1,0.0041,unmatched,,,
Highway Design,1,0.0041,unmatched,,,
Highrise ERP,1,0.0041,unmatched,,,
Highly Regulated Markets,1,0.0041,unmatched,,,
Highly Motivated,1,0.0041,unmatched,,,
High-Pressure Die Casting,1,0.0041,unmatched,,,
High-Level Administrative Support,1,0.0041,unmatched,,,
High level of confidentiality,1,0.0041,unmatched,,,
Market Mapping,1,0.0041,unmatched,,,
Market Knowledge,1,0.0041,unmatched,,,
Market Intelligence Analyst,1,0.0041,unmatched,,,
Market Expertise,1,0.0041,unmatched,,,
Market segmentation,1,0.0041,unmatched,,,
Market planning,1,0.0041,unmatched,,,
Market penetration,1,0.0041,unmatched,,,
Market operations,1,0.0041,unmatched,,,
High level design,1,0.0041,unmatched,,,
High Voltage Testing,1,0.0041,unmatched,,,
High Voltage Substations,1,0.0041,unmatched,,,
High Value LAP,1,0.0041,unmatched,,,
High Speed Design,1,0.0041,unmatched,,,
High Speed,1,0.0041,unmatched,,,
High Rise Residential buildings,1,0.0041,unmatched,,,
High Radius,1,0.0041,unmatched,,,
Market analysis and valuation,1,0.0041,unmatched,,,
Market Risk Management,1,0.0041,unmatched,,,
Market Reserch,1,0.0041,unmatched,,,
Market Research & Competitive Analysis,1,0.0041,unmatched,,,
Marketing Budget,1,0.0041,unmatched,,,
Marketing Automation Tools,1,0.0041,unmatched,,,
Marketing Associate,1,0.0041,unmatched,,,
Hibernate Framework,1,0.0041,unmatched,,,
Hhc,1,0.0041,unmatched,,,
Hfm,1,0.0041,unmatched,,,
Hfc,1,0.0041,unmatched,,,
Hepatology,1,0.0041,unmatched,,,
Hemodynamic monitoring,1,0.0041,unmatched,,,
Helpdesk Support,1,0.0041,unmatched,,,
Helpdesk Operations,1,0.0041,unmatched,,,
Marketing AMEX,1,0.0041,unmatched,,,
Marketing & Sales of Mechanical Seals and Rotary Unions,1,0.0041,unmatched,,,
Marketing & Public Relations,1,0.0041,unmatched,,,
Marketing & Business Development,1,0.0041,unmatched,,,
Market trend,1,0.0041,unmatched,,,
Marketing Head,1,0.0041,unmatched,,,
Helpdesk Management,1,0.0041,unmatched,,,
Help Desk Technician,1,0.0041,unmatched,,,
Help Desk,1,0.0041,unmatched,,,
Helm Charts,1,0.0041,unmatched,,,
Helium Leak Testing,1,0.0041,unmatched,,,
HelioScope,1,0.0041,unmatched,,,
Height Gauge,1,0.0041,unmatched,,,
Hedging Brokers,1,0.0041,unmatched,,,
Hedging,1,0.0041,unmatched,,,
Heavy machinery,1,0.0041,unmatched,,,
Marketing Expenditures Dashboard,1,0.0041,unmatched,,,
Marketing Communications Plans,1,0.0041,unmatched,,,
Marketing Communications,1,0.0041,unmatched,,,
Marketing Communication Planning,1,0.0041,unmatched,,,
Marketing Campaign Content,1,0.0041,unmatched,,,
Marketing fresher,1,0.0041,unmatched,,,
Marketing finance,1,0.0041,unmatched,,,
Marketing and Sales in the Effluent Treatment Plants and related services,1,0.0041,unmatched,,,
Heavy Vehicle,1,0.0041,unmatched,,,
Heavy Lifting,1,0.0041,unmatched,,,
Heavy Duty vehicle,1,0.0041,unmatched,,,
Heavy Duty Truck,1,0.0041,unmatched,,,
Heating Management,1,0.0041,unmatched,,,
Heater,1,0.0041,unmatched,,,
Marketing Technolog,1,0.0041,unmatched,,,
Marketing Support,1,0.0041,unmatched,,,
Marketing Strategy & Campaign Planning,1,0.0041,unmatched,,,
Marketing Research/Sales Promotion,1,0.0041,unmatched,,,
Marketing Research,1,0.0041,unmatched,,,
Marketing Programs,1,0.0041,unmatched,,,
Marketing Initiatives,1,0.0041,unmatched,,,
Healthcare Turnkey Project,1,0.0041,unmatched,,,
Healthcare Support Operations,1,0.0041,unmatched,,,
Mass Spectrometry,1,0.0041,unmatched,,,
Mass Flow Meter,1,0.0041,unmatched,,,
Mass,1,0.0041,unmatched,,,
Mashup,1,0.0041,unmatched,,,
Mars,1,0.0041,unmatched,,,
Markup Languages,1,0.0041,unmatched,,,
Markitwire,1,0.0041,unmatched,,,
Marketo APIs,1,0.0041,unmatched,,,
Marketing support,1,0.0041,unmatched,,,
Marketing research,1,0.0041,unmatched,,,
Marketing promotions,1,0.0041,unmatched,,,
Marketing project management,1,0.0041,unmatched,,,
Marketing initiatives,1,0.0041,unmatched,,,
Marketing head,1,0.0041,unmatched,,,
Master Schedule Preparation,1,0.0041,unmatched,,,
Master Planning,1,0.0041,unmatched,,,
Master Data Governance,1,0.0041,unmatched,,,
Master Batch Records,1,0.0041,unmatched,,,
Massage,1,0.0041,unmatched,,,
Mass manufacturing,1,0.0041,unmatched,,,
Mass Transfer,1,0.0041,unmatched,,,
Heat and Mass balance,1,0.0041,unmatched,,,
Heat Ventilation Air Conditioning,1,0.0041,unmatched,,,
Heat Ventilation,1,0.0041,unmatched,,,
Heat Treatment Process,1,0.0041,unmatched,,,
Heat Transfer,1,0.0041,unmatched,,,
Heat Exchanger Design,1,0.0041,unmatched,,,
Healthrules Payer,1,0.0041,unmatched,,,
Healthcare management,1,0.0041,unmatched,,,
Healthcare Writing,1,0.0041,unmatched,,,
Material Movement,1,0.0041,unmatched,,,
Material Handling Experience,1,0.0041,unmatched,,,
Material Costing,1,0.0041,unmatched,,,
Material Characterisation,1,0.0041,unmatched,,,
Healthcare Management,1,0.0041,unmatched,,,
Healthcare Insurance,1,0.0041,unmatched,,,
Healthcare Finance,1,0.0041,unmatched,,,
Healthcare Data,1,0.0041,unmatched,,,
Health&Safety,1,0.0041,unmatched,,,
Health insurance channel sales,1,0.0041,unmatched,,,
Health insurance agent sales,1,0.0041,unmatched,,,
Health insurace agent hiring,1,0.0041,unmatched,,,
Matcha,1,0.0041,unmatched,,,
Masterdata management,1,0.0041,unmatched,,,
Masterdata,1,0.0041,unmatched,,,
Master data hub,1,0.0041,unmatched,,,
Material handling & totebox handling,1,0.0041,unmatched,,,
Material control,1,0.0041,unmatched,,,
Material Science,1,0.0041,unmatched,,,
Health care,1,0.0041,unmatched,,,
Health Rules Payer,1,0.0041,unmatched,,,
Health Insurance Products,1,0.0041,unmatched,,,
Health Cloud,1,0.0041,unmatched,,,
Health Claims,1,0.0041,unmatched,,,
Health And Safety Compliance,1,0.0041,unmatched,,,
Health And Safety,1,0.0041,unmatched,,,
Health Agency,1,0.0041,unmatched,,,
Health & Safety,1,0.0041,unmatched,,,
Material Reconciliation,1,0.0041,unmatched,,,
Material Purchase,1,0.0041,unmatched,,,
Material Planning & Logistics,1,0.0041,unmatched,,,
Material Planner,1,0.0041,unmatched,,,
Materials Management,1,0.0041,unmatched,,,
Materials Development,1,0.0041,unmatched,,,
Materialized Views,1,0.0041,unmatched,,,
Material testing,1,0.0041,unmatched,,,
Material science,1,0.0041,unmatched,,,
Headmistress,1,0.0041,unmatched,,,
Headless CMS,1,0.0041,unmatched,,,
Headlamp,1,0.0041,unmatched,,,
Heading branch,1,0.0041,unmatched,,,
Head engineering,1,0.0041,unmatched,,,
Head Supply Chain,1,0.0041,unmatched,,,
Head Operations,1,0.0041,unmatched,,,
Head,1,0.0041,unmatched,,,
Material ledger,1,0.0041,unmatched,,,
Material inspection,1,0.0041,unmatched,,,
Material handling equipments,1,0.0041,unmatched,,,
Matl Audit,1,0.0041,unmatched,,,
Maths Teacher,1,0.0041,unmatched,,,
Mathematics teacher,1,0.0041,unmatched,,,
He/ She should be working in Banking industry . into Current Account Acquisition / Saving Account Acquisition,1,0.0041,unmatched,,,
Hdfs,1,0.0041,unmatched,,,
Hddc,1,0.0041,unmatched,,,
Hcm Testing,1,0.0041,unmatched,,,
Hci,1,0.0041,unmatched,,,
Hazardous Material Guidelines,1,0.0041,unmatched,,,
Mathematics Teacher,1,0.0041,unmatched,,,
Mathematics Faculty,1,0.0041,unmatched,,,
Mathematics & Statistics,1,0.0041,unmatched,,,
Mathematical Foundations for Computer Science,1,0.0041,unmatched,,,
Mathematical Calculations,1,0.0041,unmatched,,,
Math & Science Teacher,1,0.0041,unmatched,,,
Materials Resource Planning,1,0.0041,unmatched,,,
McDonald,1,0.0041,unmatched,,,
McAfee,1,0.0041,unmatched,,,
Mc,1,0.0041,unmatched,,,
Mbist,1,0.0041,unmatched,,,
Mba Fresher,1,0.0041,unmatched,,,
Hazardous Chemicals,1,0.0041,unmatched,,,
Hazard identification,1,0.0041,unmatched,,,
Hashicorp,1,0.0041,unmatched,,,
Hash Map,1,0.0041,unmatched,,,
Hart,1,0.0041,unmatched,,,
Hardware testing,1,0.0041,unmatched,,,
Hardware maintenance,1,0.0041,unmatched,,,
Hardware installation,1,0.0041,unmatched,,,
Maxwell,1,0.0041,unmatched,,,
Matrimonial,1,0.0041,unmatched,,,
Matlab Simulink,1,0.0041,unmatched,,,
Handsets,1,0.0041,unmatched,,,
Hands-on experience with vendor audit processes and welding PWHT inspections,1,0.0041,unmatched,,,
Hands-On Process Control,1,0.0041,unmatched,,,
Handover Process,1,0.0041,unmatched,,,
Handling govt bodies,1,0.0041,unmatched,,,
Handling Petty Cash,1,0.0041,unmatched,,,
Handling Labour Contractor,1,0.0041,unmatched,,,
Hardware Verification,1,0.0041,unmatched,,,
Hardware Replacement,1,0.0041,unmatched,,,
Hardware Management,1,0.0041,unmatched,,,
Hardware Integration,1,0.0041,unmatched,,,
Hardware Change,1,0.0041,unmatched,,,
Mcsa,1,0.0041,unmatched,,,
Mch Surgical Oncology,1,0.0041,unmatched,,,
Mcc,1,0.0041,unmatched,,,
Mcafee Epo,1,0.0041,unmatched,,,
Mechanical Design Checking,1,0.0041,unmatched,,,
Mechanical Components,1,0.0041,unmatched,,,
Mechanical Auditor,1,0.0041,unmatched,,,
Handling IT appeals & Notices,1,0.0041,unmatched,,,
Handling ERP experience is must,1,0.0041,unmatched,,,
Handleing Pentry With Office Outside And Inside Work,1,0.0041,unmatched,,,
Handicrafts,1,0.0041,unmatched,,,
Hana Modelling,1,0.0041,unmatched,,,
Hana Migration,1,0.0041,unmatched,,,
Hana Database,1,0.0041,unmatched,,,
Measurement system analysis,1,0.0041,unmatched,,,
Measurement Lab,1,0.0041,unmatched,,,
Mdm Informatica,1,0.0041,unmatched,,,
Mdg Configuration,1,0.0041,unmatched,,,
Md Anatomy,1,0.0041,unmatched,,,
Hapi,1,0.0041,unmatched,,,
Mechanical Seal,1,0.0041,unmatched,,,
Mechanical Project Coordinator,1,0.0041,unmatched,,,
Mechanical Procurement,1,0.0041,unmatched,,,
Mechanical Operation,1,0.0041,unmatched,,,
Mechanical Metallurgy,1,0.0041,unmatched,,,
Hana Administration,1,0.0041,unmatched,,,
Halliburton,1,0.0041,unmatched,,,
Hair Cutting,1,0.0041,unmatched,,,
Hair Coloring,1,0.0041,unmatched,,,
Haematology,1,0.0041,unmatched,,,
Hae,1,0.0041,unmatched,,,
Hadoop Spark,1,0.0041,unmatched,,,
Hadoop Framework,1,0.0041,unmatched,,,
Mechanical Drawings & BOM,1,0.0041,unmatched,,,
Mechanical Drawings,1,0.0041,unmatched,,,
Mechanical Draftsman Robotics & Process Automation,1,0.0041,unmatched,,,
Mechanical design engineer,1,0.0041,unmatched,,,
Hadoop Development,1,0.0041,unmatched,,,
Haccp,1,0.0041,unmatched,,,
HYSIS,1,0.0041,unmatched,,,
HVAC projects,1,0.0041,unmatched,,,
HVAC industry preferred,1,0.0041,unmatched,,,
HVAC equipment layout,1,0.0041,unmatched,,,
HVAC Sales,1,0.0041,unmatched,,,
HVAC Automation,1,0.0041,unmatched,,,
Mechanical design & CAD proficiency,1,0.0041,unmatched,,,
Mechanical aggregates,1,0.0041,unmatched,,,
Mechanical Systems,1,0.0041,unmatched,,,
Mechanical System Installation,1,0.0041,unmatched,,,
Mechanical Surveyor,1,0.0041,unmatched,,,
Mechanical Support,1,0.0041,unmatched,,,
Mechanical Seals,1,0.0041,unmatched,,,
HT Motors,1,0.0041,unmatched,,,
Media Strategy,1,0.0041,unmatched,,,
Media Production,1,0.0041,unmatched,,,
Media Placements,1,0.0041,unmatched,,,
Media Marketing,1,0.0041,unmatched,,,
Media Handling,1,0.0041,unmatched,,,
Media Fill,1,0.0041,unmatched,,,
Media Contacts,1,0.0041,unmatched,,,
Media Budgeting,1,0.0041,unmatched,,,
Media Barter Management,1,0.0041,unmatched,,,
Medallion Architecture,1,0.0041,unmatched,,,
Med Devices,1,0.0041,unmatched,,,
Med,1,0.0041,unmatched,,,
Mechnical Design,1,0.0041,unmatched,,,
Mechanical testing,1,0.0041,unmatched,,,
Mechanical electrical plumbing,1,0.0041,unmatched,,,
HSE management,1,0.0041,unmatched,,,
HSE Management System,1,0.0041,unmatched,,,
HSE Management,1,0.0041,unmatched,,,
HSE Documentation,1,0.0041,unmatched,,,
HSD system,1,0.0041,unmatched,,,
HRMS Technical Consultant,1,0.0041,unmatched,,,
HRMS & analytics,1,0.0041,unmatched,,,
HV withstand,1,0.0041,unmatched,,,
HV Capacitor,1,0.0041,unmatched,,,
HTML5 & CSS3,1,0.0041,unmatched,,,
HTML Renderer,1,0.0041,unmatched,,,
HTML 5,1,0.0041,unmatched,,,
HTL,1,0.0041,unmatched,,,
HT/LT Systems,1,0.0041,unmatched,,,
HT panels,1,0.0041,unmatched,,,
HT Panel,1,0.0041,unmatched,,,
HRBP Trainer,1,0.0041,unmatched,,,
HR/admin,1,0.0041,unmatched,,,
HR-related financial transactions,1,0.0041,unmatched,,,
HR strategy,1,0.0041,unmatched,,,
HR strategies,1,0.0041,unmatched,,,
HR planning,1,0.0041,unmatched,,,
HR helpdesk,1,0.0041,unmatched,,,
HR generalist activities,1,0.0041,unmatched,,,
Medical Counseling,1,0.0041,unmatched,,,
Medical Content writing,1,0.0041,unmatched,,,
Medical Communications,1,0.0041,unmatched,,,
Medical Coding Manager,1,0.0041,unmatched,,,
Medical Business Operation,1,0.0041,unmatched,,,
Medical Authorization,1,0.0041,unmatched,,,
Mediation,1,0.0041,unmatched,,,
Media planning,1,0.0041,unmatched,,,
HR documentation,1,0.0041,unmatched,,,
HR budgeting,1,0.0041,unmatched,,,
HR assistance,1,0.0041,unmatched,,,
HR analytics,1,0.0041,unmatched,,,
HR Voice process,1,0.0041,unmatched,,,
HR Transformation,1,0.0041,unmatched,,,
HR Training,1,0.0041,unmatched,,,
HR Trainer,1,0.0041,unmatched,,,
HR Professional,1,0.0041,unmatched,,,
Medical Rep,1,0.0041,unmatched,,,
Medical Investigation,1,0.0041,unmatched,,,
Medical Illustrator,1,0.0041,unmatched,,,
Medical Director,1,0.0041,unmatched,,,
Medical Device Sales,1,0.0041,unmatched,,,
HRIS Implementation,1,0.0041,unmatched,,,
HRC,1,0.0041,unmatched,,,
Medical equipment,1,0.0041,unmatched,,,
HR Policies & Compliance,1,0.0041,unmatched,,,
HR Planning,1,0.0041,unmatched,,,
HR Ops,1,0.0041,unmatched,,,
HR Officer,1,0.0041,unmatched,,,
HR OPERATION,1,0.0041,unmatched,,,
HR Instructor,1,0.0041,unmatched,,,
HR Initiatives,1,0.0041,unmatched,,,
HR Information System,1,0.0041,unmatched,,,
Medical coder,1,0.0041,unmatched,,,
Medical affairs,1,0.0041,unmatched,,,
Medical advisory,1,0.0041,unmatched,,,
Medical Terminology,1,0.0041,unmatched,,,
Medical Scribe,1,0.0041,unmatched,,,
Medical Sciences,1,0.0041,unmatched,,,
HR fresher,1,0.0041,unmatched,,,
Melting Point Apparatus,1,0.0041,unmatched,,,
HR GENERALIST,1,0.0041,unmatched,,,
HR Fresher,1,0.0041,unmatched,,,
HR EXECUTIVE - MALE CANDIDATES,1,0.0041,unmatched,,,
HR Digitalization,1,0.0041,unmatched,,,
HR Dashboards,1,0.0041,unmatched,,,
HR Coordinator,1,0.0041,unmatched,,,
HR Budgeting,1,0.0041,unmatched,,,
HR BP,1,0.0041,unmatched,,,
HR Audit trainer,1,0.0041,unmatched,,,
HR Associate,1,0.0041,unmatched,,,
Meeting,1,0.0041,unmatched,,,
Meet Clients,1,0.0041,unmatched,,,
Medium Voltage,1,0.0041,unmatched,,,
Meditation,1,0.0041,unmatched,,,
Medicinal Chemistry,1,0.0041,unmatched,,,
Mep Coordination,1,0.0041,unmatched,,,
Mep Contract,1,0.0041,unmatched,,,
Mep Consultant,1,0.0041,unmatched,,,
HR Assistance,1,0.0041,unmatched,,,
HR Analytics trainer,1,0.0041,unmatched,,,
HR Analytics & MIS,1,0.0041,unmatched,,,
HR Admin,1,0.0041,unmatched,,,
HPNS Support,1,0.0041,unmatched,,,
HPALM,1,0.0041,unmatched,,,
HP ALM,1,0.0041,unmatched,,,
Mentor and Teaching,1,0.0041,unmatched,,,
Mens Wear design,1,0.0041,unmatched,,,
Mendix Development,1,0.0041,unmatched,,,
Mendix Cloud,1,0.0041,unmatched,,,
Mendic Architect,1,0.0041,unmatched,,,
Member Relations,1,0.0041,unmatched,,,
HOnboarding,1,0.0041,unmatched,,,
HOSPITAL,1,0.0041,unmatched,,,
HORECA,1,0.0041,unmatched,,,
HOD Math,1,0.0041,unmatched,,,
HNI/UHNI,1,0.0041,unmatched,,,
HNI sales,1,0.0041,unmatched,,,
HNI client handling,1,0.0041,unmatched,,,
HNI Client base,1,0.0041,unmatched,,,
HN,1,0.0041,unmatched,,,
HMI Programming,1,0.0041,unmatched,,,
Mep Works,1,0.0041,unmatched,,,
Mep Services,1,0.0041,unmatched,,,
Mep Procurement,1,0.0041,unmatched,,,
Mep Execution,1,0.0041,unmatched,,,
Mep Drawings,1,0.0041,unmatched,,,
Mep Costing,1,0.0041,unmatched,,,
Meshing,1,0.0041,unmatched,,,
HM,1,0.0041,unmatched,,,
HLASM,1,0.0041,unmatched,,,
HK,1,0.0041,unmatched,,,
HIL,1,0.0041,unmatched,,,
HIDL,1,0.0041,unmatched,,,
HHC,1,0.0041,unmatched,,,
HFC,1,0.0041,unmatched,,,
Merger And Acquisition Tax,1,0.0041,unmatched,,,
Merger Acquisition,1,0.0041,unmatched,,,
Merchant Underwriting,1,0.0041,unmatched,,,
Merchant Services,1,0.0041,unmatched,,,
Merchant Risk,1,0.0041,unmatched,,,
Merchant Monitoring,1,0.0041,unmatched,,,
Merchandiser,1,0.0041,unmatched,,,
HP,1,0.0041,unmatched,,,
Metal & Mining,1,0.0041,unmatched,,,
Metadata Modelling,1,0.0041,unmatched,,,
HF/ERW welding,1,0.0041,unmatched,,,
HEI,1,0.0041,unmatched,,,
HDR,1,0.0041,unmatched,,,
HDFS,1,0.0041,unmatched,,,
HCPCS,1,0.0041,unmatched,,,
HCM technical,1,0.0041,unmatched,,,
HCM Projects,1,0.0041,unmatched,,,
HCM Payroll Functional Consultant,1,0.0041,unmatched,,,
HCL discover,1,0.0041,unmatched,,,
HCL,1,0.0041,unmatched,,,
Meta ads,1,0.0041,unmatched,,,
Meta Ads Specialist,1,0.0041,unmatched,,,
Messaging Systems,1,0.0041,unmatched,,,
Message Driven Architect,1,0.0041,unmatched,,,
Mf,1,0.0041,unmatched,,,
Mexican,1,0.0041,unmatched,,,
Metro Projects,1,0.0041,unmatched,,,
Method development,1,0.0041,unmatched,,,
Method Statement,1,0.0041,unmatched,,,
Metasploit,1,0.0041,unmatched,,,
Metasp,1,0.0041,unmatched,,,
Metals,1,0.0041,unmatched,,,
Metallurgical testing,1,0.0041,unmatched,,,
Metallurgical Lab Equipment,1,0.0041,unmatched,,,
Metallic Plating,1,0.0041,unmatched,,,
Metallic Electroforming,1,0.0041,unmatched,,,
Metal commodities,1,0.0041,unmatched,,,
Metal Working Fluids,1,0.0041,unmatched,,,
Metal Temperature and Stress Calculations,1,0.0041,unmatched,,,
Metal Cutting,1,0.0041,unmatched,,,
Micro Focus,1,0.0041,unmatched,,,
Micro Finance,1,0.0041,unmatched,,,
Mhe sales,1,0.0041,unmatched,,,
Mhe,1,0.0041,unmatched,,,
Mhada,1,0.0041,unmatched,,,
Mfd,1,0.0041,unmatched,,,
HANA DB,1,0.0041,unmatched,,,
HANA Cloud,1,0.0041,unmatched,,,
HANA Admin,1,0.0041,unmatched,,,
HAM,1,0.0041,unmatched,,,
HALT,1,0.0041,unmatched,,,
HAL,1,0.0041,unmatched,,,
HADOOP,1,0.0041,unmatched,,,
HACMP,1,0.0041,unmatched,,,
H LOOKUP,1,0.0041,unmatched,,,
Gypsum,1,0.0041,unmatched,,,
Guidewire Integration,1,0.0041,unmatched,,,
Microservices Development,1,0.0041,unmatched,,,
Microservice development,1,0.0041,unmatched,,,
Microservice Architect,1,0.0041,unmatched,,,
Microservice,1,0.0041,unmatched,,,
Microsegmentation,1,0.0041,unmatched,,,
Microinteractions,1,0.0041,unmatched,,,
Microbiologist,1,0.0041,unmatched,,,
Microbiological Analysis,1,0.0041,unmatched,,,
MicroStrategy,1,0.0041,unmatched,,,
Micro win Smart,1,0.0041,unmatched,,,
Micro front End,1,0.0041,unmatched,,,
Micro Services,1,0.0041,unmatched,,,
Micro Lending,1,0.0041,unmatched,,,
Micro Lap,1,0.0041,unmatched,,,
Micro Focus LoadRunner,1,0.0041,unmatched,,,
Guidewire Billing Center Developer,1,0.0041,unmatched,,,
Guided sourcing,1,0.0041,unmatched,,,
Gui Development,1,0.0041,unmatched,,,
Guest handling,1,0.0041,unmatched,,,
Guest delight manager,1,0.0041,unmatched,,,
Guest Service Agent,1,0.0041,unmatched,,,
Gynecological Surgeries,1,0.0041,unmatched,,,
Gynaecology,1,0.0041,unmatched,,,
Gym training,1,0.0041,unmatched,,,
Gym trainer,1,0.0041,unmatched,,,
Gym Trainer,1,0.0041,unmatched,,,
Gw Pc Developer,1,0.0041,unmatched,,,
Gunicorn,1,0.0041,unmatched,,,
Gun,1,0.0041,unmatched,,,
Gulp,1,0.0041,unmatched,,,
Guidewire Integration Gateway Developer,1,0.0041,unmatched,,,
Microsoft Dynamics 365 CE,1,0.0041,unmatched,,,
Gst Knowledge,1,0.0041,unmatched,,,
Gss,1,0.0041,unmatched,,,
Grpc,1,0.0041,unmatched,,,
Guest Relationship,1,0.0041,unmatched,,,
Guest Relation Associate,1,0.0041,unmatched,,,
Guest Management,1,0.0041,unmatched,,,
Guest Experience Strategy,1,0.0041,unmatched,,,
Guardium,1,0.0041,unmatched,,,
Guarding,1,0.0041,unmatched,,,
Microsoft Defender,1,0.0041,unmatched,,,
Microsoft Biztalk Server,1,0.0041,unmatched,,,
Microsoft Azure Architecture,1,0.0041,unmatched,,,
Microsoft 365 migrations,1,0.0041,unmatched,,,
Microservicess,1,0.0041,unmatched,,,
Microservices Patterns,1,0.0041,unmatched,,,
Microsoft Office Proficiency,1,0.0041,unmatched,,,
Microsoft Intune,1,0.0041,unmatched,,,
Group medical insurance,1,0.0041,unmatched,,,
Group management,1,0.0041,unmatched,,,
Group Travel,1,0.0041,unmatched,,,
Group Reporting 2020,1,0.0041,unmatched,,,
Group Reporting 1809,1,0.0041,unmatched,,,
Group Product Management,1,0.0041,unmatched,,,
Microsoft Exchange Server,1,0.0041,unmatched,,,
Microsoft Excel,1,0.0041,unmatched,,,
Microsoft Entra,1,0.0041,unmatched,,,
Microsoft Endpoint Configuration Manager,1,0.0041,unmatched,,,
Microsoft Dynamics Nav,1,0.0041,unmatched,,,
Microsoft Dynamics NAV,1,0.0041,unmatched,,,
Microsoft Dynamics Ax Technical,1,0.0041,unmatched,,,
Microsoft Dynamics AXAPTA,1,0.0041,unmatched,,,
Microsoft Ssis,1,0.0041,unmatched,,,
Microsoft Server,1,0.0041,unmatched,,,
Microsoft Security,1,0.0041,unmatched,,,
Microsoft Sales,1,0.0041,unmatched,,,
Group Leadership,1,0.0041,unmatched,,,
Group Insurance,1,0.0041,unmatched,,,
Group Fund Business,1,0.0041,unmatched,,,
Group Business,1,0.0041,unmatched,,,
Ground Mount,1,0.0041,unmatched,,,
Grocery,1,0.0041,unmatched,,,
Grievance management,1,0.0041,unmatched,,,
Microsoft SQL Server,1,0.0041,unmatched,,,
Microsoft SQL,1,0.0041,partial/semantic_match,Sql,University of Mumbai,MDC401 Multidisciplinary minor 20 20 40 60 2 -- -- 100
Microsoft Purview,1,0.0041,unmatched,,,
Microsoft PKI,1,0.0041,unmatched,,,
Microsoft Office Sharepoint Server,1,0.0041,unmatched,,,
Microstrategy Admin,1,0.0041,unmatched,,,
Grid Compliance,1,0.0041,unmatched,,,
Grid,1,0.0041,unmatched,,,
Greige Fabric Testing,1,0.0041,unmatched,,,
Greige Fabric,1,0.0041,unmatched,,,
Greeting,1,0.0041,unmatched,,,
Greenplum,1,0.0041,unmatched,,,
Greenfield,1,0.0041,unmatched,,,
Green Buildings,1,0.0041,unmatched,,,
Gre,1,0.0041,unmatched,,,
Gravure Printing,1,0.0041,unmatched,,,
Microsoft technologies,1,0.0041,unmatched,,,
Microsoft perveiw,1,0.0041,unmatched,,,
Microsoft dynamics 365,1,0.0041,unmatched,,,
Microsoft Visual Studio,1,0.0041,unmatched,,,
Microsoft Support,1,0.0041,unmatched,,,
Mile Delivery,1,0.0041,unmatched,,,
Mil,1,0.0041,unmatched,,,
Migrations,1,0.0041,unmatched,,,
Migration scripts,1,0.0041,unmatched,,,
Migration Tool,1,0.0041,unmatched,,,
Migration Cockpit,1,0.0041,unmatched,,,
Migration Apps,1,0.0041,unmatched,,,
Mig Welding,1,0.0041,unmatched,,,
Mifid,1,0.0041,unmatched,,,
Midjourney,1,0.0041,unmatched,,,
Middle Mile,1,0.0041,unmatched,,,
Middle East Tour Packages,1,0.0041,unmatched,,,
Midas,1,0.0041,unmatched,,,
MidJourney,1,0.0041,unmatched,,,
Mid Office,1,0.0041,unmatched,,,
Microwave,1,0.0041,unmatched,,,
Mining Engineering,1,0.0041,unmatched,,,
Minimum 4-5 yrs,1,0.0041,unmatched,,,
Minimal Access Surgery,1,0.0041,unmatched,,,
Mine Planning,1,0.0041,unmatched,,,
Mine Management,1,0.0041,unmatched,,,
Min 6 yrs experience in material planning dispatch planning commercial and finance and material audit,1,0.0041,unmatched,,,
Mills,1,0.0041,unmatched,,,
Gravure,1,0.0041,unmatched,,,
Gravity Die Casting,1,0.0041,unmatched,,,
Grasshopper,1,0.0041,unmatched,,,
Graphic designer,1,0.0041,unmatched,,,
Graphic Designer,1,0.0041,unmatched,,,
Graphic Artist,1,0.0041,unmatched,,,
Million Dollar Deals,1,0.0041,unmatched,,,
Milling Machine,1,0.0041,unmatched,,,
Milk,1,0.0041,unmatched,,,
Mitre Attack,1,0.0041,unmatched,,,
Mitigation Strategies,1,0.0041,unmatched,,,
Misra,1,0.0041,unmatched,,,
Mis Analytics,1,0.0041,unmatched,,,
Graph Databases,1,0.0041,unmatched,,,
Granulation,1,0.0041,unmatched,,,
Graduate trainee,1,0.0041,unmatched,,,
Graduate fresher,1,0.0041,unmatched,,,
Graduate Trainee,1,0.0041,unmatched,,,
Graduate Jobs,1,0.0041,unmatched,,,
Graduate Freshers,1,0.0041,unmatched,,,
Graduate Apprentice,1,0.0041,unmatched,,,
Graduate / Postgraduate in Business Management,1,0.0041,unmatched,,,
Mis Analysis,1,0.0041,unmatched,,,
Minutes of Meetings,1,0.0041,unmatched,,,
Minutes of Meeting,1,0.0041,unmatched,,,
Mobile,1,0.0041,unmatched,,,
MoEngage,1,0.0041,unmatched,,,
Mo Engage,1,0.0041,unmatched,,,
Mls,1,0.0041,unmatched,,,
Ml Deployment,1,0.0041,unmatched,,,
Grader,1,0.0041,unmatched,,,
Grade,1,0.0041,unmatched,,,
Gpu Programming,1,0.0041,unmatched,,,
Gpu Cuda,1,0.0041,unmatched,,,
Gps Tracking,1,0.0041,unmatched,,,
Gpon,1,0.0041,unmatched,,,
Government risk and advisory,1,0.0041,unmatched,,,
Government acts,1,0.0041,unmatched,,,
Mixologist,1,0.0041,unmatched,,,
Mixing,1,0.0041,unmatched,,,
Mixed Signal Design,1,0.0041,unmatched,,,
Mobile Banking,1,0.0041,unmatched,,,
Mobile Application Security,1,0.0041,unmatched,,,
Mobile App,1,0.0041,unmatched,,,
Mobile Advertising,1,0.0041,unmatched,,,
Mobile Accessories,1,0.0041,unmatched,,,
Mobile & Web Design,1,0.0041,unmatched,,,
Government Regulation,1,0.0041,unmatched,,,
Government Contract Execution,1,0.0041,unmatched,,,
Government Billing,1,0.0041,unmatched,,,
Government Agencies,1,0.0041,unmatched,,,
Government Affairs,1,0.0041,unmatched,,,
Government Advisory,1,0.0041,unmatched,,,
Government,1,0.0041,unmatched,,,
Governance & Risk,1,0.0041,unmatched,,,
Governance & Reporting,1,0.0041,unmatched,,,
Governance & Assurance,1,0.0041,unmatched,,,
Mobile Security,1,0.0041,unmatched,,,
Mobile Sales,1,0.0041,unmatched,,,
Mobile Repairing,1,0.0041,unmatched,,,
Mobile Phones,1,0.0041,unmatched,,,
Goroutines,1,0.0041,unmatched,,,
GoogleCloud,1,0.0041,unmatched,,,
Google sheets,1,0.0041,unmatched,,,
Google Vertex,1,0.0041,unmatched,,,
Google Test,1,0.0041,unmatched,,,
Google Technical Support Jobs,1,0.0041,unmatched,,,
Google Sketchup,1,0.0041,unmatched,,,
Google Sketch up,1,0.0041,unmatched,,,
Google Skechup,1,0.0041,unmatched,,,
Mobile Penetration Testing,1,0.0041,unmatched,,,
Mobile Device Support,1,0.0041,unmatched,,,
Mobile Communication,1,0.0041,unmatched,,,
Mobility Specialist- Intra US,1,0.0041,unmatched,,,
Mobility Specialist,1,0.0041,unmatched,,,
Google Sheet,1,0.0041,unmatched,,,
Google Search Console,1,0.0041,unmatched,,,
Google Process Jobs,1,0.0041,unmatched,,,
Google Play,1,0.0041,unmatched,,,
Google My Business,1,0.0041,unmatched,,,
Google Forms,1,0.0041,unmatched,,,
Google Drive,1,0.0041,unmatched,,,
Google Data Studio,1,0.0041,unmatched,,,
Google Cloud Platform Administration,1,0.0041,unmatched,,,
Google Apps,1,0.0041,unmatched,,,
Mobility Sales,1,0.0041,unmatched,,,
Mobile development,1,0.0041,unmatched,,,
Mobile application testing,1,0.0041,unmatched,,,
Mobile application,1,0.0041,unmatched,,,
Good communications skills,1,0.0041,unmatched,,,
Good communication skills is must,1,0.0041,unmatched,,,
Modern Javascript,1,0.0041,unmatched,,,
Modeling & Assembly Creation,1,0.0041,unmatched,,,
Model-Driven Apps,1,0.0041,unmatched,,,
Model Validation workflows,1,0.0041,unmatched,,,
Model Monitoring,1,0.0041,unmatched,,,
Model Driven Apps,1,0.0041,unmatched,,,
Model Context Protocol,1,0.0041,unmatched,,,
Model Based Testing,1,0.0041,unmatched,,,
Model Based System Engineering,1,0.0041,unmatched,,,
Model Based Design,1,0.0041,unmatched,,,
Modbus TCP,1,0.0041,unmatched,,,
Modal Analysis,1,0.0041,unmatched,,,
Mocking Framework,1,0.0041,unmatched,,,
Mock Testing,1,0.0041,unmatched,,,
Modulation,1,0.0041,unmatched,,,
Modular Projects,1,0.0041,unmatched,,,
Modifers,1,0.0041,unmatched,,,
Modern trade,1,0.0041,unmatched,,,
Modern Trade Sales,1,0.0041,unmatched,,,
Modern Trade Management,1,0.0041,unmatched,,,
Modern Retail,1,0.0041,unmatched,,,
Google Ads Specialist,1,0.0041,unmatched,,,
Google AI,1,0.0041,unmatched,,,
Google ADK,1,0.0041,unmatched,,,
Good understanding of technical enquiries and ability to interpret PID and GADs  Knowledge of process parameters and industrial applications  Strong commercial and technical understanding  Proficiency in preparing accurate quotations,1,0.0041,unmatched,,,
Good trouble shooting skills,1,0.0041,unmatched,,,
Good organizational skills,1,0.0041,unmatched,,,
Good leadership demonstrating team work,1,0.0041,unmatched,,,
Good knowledge of EV production machines,1,0.0041,unmatched,,,
Good communiction,1,0.0041,unmatched,,,
Good Convincing Skills,1,0.0041,unmatched,,,
Good Computer Knowledge,1,0.0041,unmatched,,,
Good Communication skills,1,0.0041,unmatched,,,
Good Communication in English,1,0.0041,unmatched,,,
Good Communication Skills In English. Hindi & Marathi. candidate Should Be Willing To Travel To Different Areas Of Navi Mumbai & Parts Of Mumbai To Meet Clients & Develop Business,1,0.0041,unmatched,,,
MongoDB/NoSQL,1,0.0041,unmatched,,,
Money market,1,0.0041,unmatched,,,
Money laundering,1,0.0041,unmatched,,,
Money Transfer,1,0.0041,unmatched,,,
Money Management,1,0.0041,unmatched,,,
Mom,1,0.0041,unmatched,,,
Molecular Biology Techniques,1,0.0041,unmatched,,,
Mold,1,0.0041,unmatched,,,
Mokito,1,0.0041,unmatched,,,
Module Federation,1,0.0041,unmatched,,,
Module 1,1,0.0041,unmatched,,,
Mongodb architecture,1,0.0041,unmatched,,,
Mongodb Atlas,1,0.0041,unmatched,,,
Good Communication Skill,1,0.0041,unmatched,,,
Gold loan product,1,0.0041,unmatched,,,
Gold Testing,1,0.0041,unmatched,,,
Gold Leve,1,0.0041,unmatched,,,
Gold Jewellery,1,0.0041,unmatched,,,
Good communication,1,0.0041,unmatched,,,
Good at oral and written communication,1,0.0041,unmatched,,,
Good at drafting memos notices and agreements,1,0.0041,unmatched,,,
Good Time-management skills Great interpersonal and communication skills Knowledge of MS Office especially Excel and Word,1,0.0041,unmatched,,,
Good Personality,1,0.0041,unmatched,,,
Good Leadership qualities,1,0.0041,unmatched,,,
Good Laboratory Practice,1,0.0041,unmatched,,,
Good In English speaking and writing,1,0.0041,unmatched,,,
Good Email drafting,1,0.0041,unmatched,,,
Godwon,1,0.0041,unmatched,,,
Godaddy,1,0.0041,unmatched,,,
Goal Management,1,0.0041,unmatched,,,
Go-To-Market,1,0.0041,unmatched,,,
Go To Market,1,0.0041,unmatched,,,
Go Live Support,1,0.0041,unmatched,,,
Go Language,1,0.0041,unmatched,,,
Go Getter,1,0.0041,unmatched,,,
Monitoring Executive,1,0.0041,unmatched,,,
Monitoring & Troubleshooting,1,0.0041,unmatched,,,
Monitor sales,1,0.0041,unmatched,,,
Monitor project,1,0.0041,unmatched,,,
Monitor Spare Parts,1,0.0041,unmatched,,,
Monitor Report,1,0.0041,unmatched,,,
Monitor Of Informatica Development,1,0.0041,unmatched,,,
Monitor & memory,1,0.0041,unmatched,,,
Motor,1,0.0041,unmatched,,,
Motivation For Sales,1,0.0041,unmatched,,,
Motion Designing,1,0.0041,unmatched,,,
Most Study,1,0.0041,unmatched,,,
Mortgage loan,1,0.0041,unmatched,,,
Mortgage Loan Sales,1,0.0041,unmatched,,,
Mortgage Loan,1,0.0041,unmatched,,,
Morningstar,1,0.0041,unmatched,,,
Monthly Financial Closing,1,0.0041,unmatched,,,
Monthly Collection,1,0.0041,unmatched,,,
Month End Activities,1,0.0041,unmatched,,,
Monorail,1,0.0041,unmatched,,,
Mono Framework,1,0.0041,unmatched,,,
Monitoring and Analysis,1,0.0041,unmatched,,,
Gold Appraising,1,0.0041,unmatched,,,
Golang Developer,1,0.0041,unmatched,,,
Motor Applications,1,0.0041,unmatched,,,
Global Talent Acquisition,1,0.0041,unmatched,,,
Global Program Management,1,0.0041,unmatched,,,
Global Product Marketing,1,0.0041,unmatched,,,
Global Mobility,1,0.0041,unmatched,,,
Global Marketing,1,0.0041,unmatched,,,
Global KYC,1,0.0041,unmatched,,,
Gmp,1,0.0041,unmatched,,,
Gmi,1,0.0041,unmatched,,,
Gmail Support Jobs,1,0.0041,unmatched,,,
Glukem,1,0.0041,unmatched,,,
Glsl,1,0.0041,unmatched,,,
Global procurement,1,0.0041,unmatched,,,
Global Traveling,1,0.0041,unmatched,,,
Global Trade Services,1,0.0041,unmatched,,,
Global Trade Operations,1,0.0041,unmatched,,,
Move-Out,1,0.0041,unmatched,,,
Move Money,1,0.0041,unmatched,,,
Global Finance Control,1,0.0041,unmatched,,,
Global Experience,1,0.0041,unmatched,,,
Global Events Operations,1,0.0041,unmatched,,,
Global Client Management,1,0.0041,unmatched,,,
Global Accounting,1,0.0041,unmatched,,,
Glide APIs,1,0.0041,unmatched,,,
Glassware,1,0.0041,unmatched,,,
Glass Railings,1,0.0041,unmatched,,,
Glass Fiber,1,0.0041,unmatched,,,
Mould design,1,0.0041,unmatched,,,
Mould Tools,1,0.0041,unmatched,,,
Mould Changeover,1,0.0041,unmatched,,,
Motor insurance sales,1,0.0041,unmatched,,,
Motor insurance agent,1,0.0041,unmatched,,,
Ms Office Word,1,0.0041,unmatched,,,
Ms Fabrics,1,0.0041,unmatched,,,
Ms Exchange,1,0.0041,unmatched,,,
Ms Azure,1,0.0041,unmatched,,,
Ms Axapta,1,0.0041,unmatched,,,
Mrt,1,0.0041,unmatched,,,
Gland sealing,1,0.0041,unmatched,,,
Gl Reconciliation,1,0.0041,unmatched,,,
Git skills,1,0.0041,unmatched,,,
Mri,1,0.0041,unmatched,,,
Mqx,1,0.0041,unmatched,,,
Mpls,1,0.0041,unmatched,,,
Mpcb,1,0.0041,unmatched,,,
Moz,1,0.0041,unmatched,,,
Moving Averages,1,0.0041,unmatched,,,
Moveworks,1,0.0041,unmatched,,,
Ms fabrics,1,0.0041,unmatched,,,
Ms Visio,1,0.0041,unmatched,,,
Ms Suites,1,0.0041,unmatched,,,
Ms Sql Server,1,0.0041,unmatched,,,
Ms Sql Development,1,0.0041,unmatched,,,
Ms Power Bi,1,0.0041,unmatched,,,
Gin,1,0.0041,unmatched,,,
GigE,1,0.0041,unmatched,,,
Gift Cards,1,0.0041,unmatched,,,
Gic,1,0.0041,unmatched,,,
Gi Surgery,1,0.0041,unmatched,,,
Gfc Drawings,1,0.0041,unmatched,,,
Gerrit,1,0.0041,unmatched,,,
German teacher,1,0.0041,unmatched,,,
Geriatric Support,1,0.0041,unmatched,,,
Geoprocessing,1,0.0041,unmatched,,,
Mule Api,1,0.0041,unmatched,,,
Mud Chemicals,1,0.0041,unmatched,,,
Mstock,1,0.0041,unmatched,,,
Mssql Develop,1,0.0041,unmatched,,,
Mss,1,0.0041,unmatched,,,
Geophysics,1,0.0041,unmatched,,,
Geometric dimensioning and tolerancing,1,0.0041,unmatched,,,
Geomatics,1,0.0041,unmatched,,,
Geological exploration,1,0.0041,unmatched,,,
Geological Exploration  Open Cast Mining  Raw Material  EvaluationGeological Survey & Mapping Expertise,1,0.0041,unmatched,,,
Geographical Information System,1,0.0041,unmatched,,,
Genset Sales,1,0.0041,unmatched,,,
Genpact,1,0.0041,unmatched,,,
Msd365,1,0.0041,unmatched,,,
Msd,1,0.0041,unmatched,,,
Msbi,1,0.0041,unmatched,,,
Multi Cuisine,1,0.0041,unmatched,,,
Multi Channel Marketing,1,0.0041,unmatched,,,
Multi Body Dynamics,1,0.0041,unmatched,,,
Multi Batch,1,0.0041,unmatched,,,
Mulesoft Lead,1,0.0041,unmatched,,,
Mulesoft Esb,1,0.0041,unmatched,,,
Mules,1,0.0041,unmatched,,,
Generators,1,0.0041,unmatched,,,
Generator manufacturing,1,0.0041,unmatched,,,
Generator Design,1,0.0041,unmatched,,,
Generator Control Panels,1,0.0041,unmatched,,,
Generator,1,0.0041,unmatched,,,
GenerativeAI,1,0.0041,unmatched,,,
Generative Ai Tools,1,0.0041,unmatched,,,
Generative AI models,1,0.0041,unmatched,,,
Generative - AI,1,0.0041,unmatched,,,
Multimodal AI,1,0.0041,unmatched,,,
Multimedia Creation,1,0.0041,unmatched,,,
Multiload,1,0.0041,unmatched,,,
Multilingual Communication,1,0.0041,unmatched,,,
Multi-store Manager,1,0.0041,unmatched,,,
Generate leads through field activities,1,0.0041,unmatched,,,
Generate leads,1,0.0041,unmatched,,,
Generate Business,1,0.0041,unmatched,,,
General/Soft Skills,1,0.0041,unmatched,,,
General surgery,1,0.0041,unmatched,,,
General commercial,1,0.0041,unmatched,,,
General administration,1,0.0041,unmatched,,,
General Ward,1,0.0041,unmatched,,,
General Trainer,1,0.0041,unmatched,,,
Multi-disciplinary Coordination,1,0.0041,unmatched,,,
Multi-Channel Campaigns,1,0.0041,unmatched,,,
Murex Front Office Finance,1,0.0041,unmatched,,,
Murex Front Office,1,0.0041,unmatched,,,
Murex Datamart,1,0.0041,unmatched,,,
Murex Back Office Workflows,1,0.0041,unmatched,,,
Municipal architectural drawings,1,0.0041,unmatched,,,
General Stores,1,0.0041,unmatched,,,
General Research For Products,1,0.0041,unmatched,,,
General Lighting,1,0.0041,unmatched,,,
General Liability,1,0.0041,unmatched,,,
General Ledger RBI,1,0.0041,unmatched,,,
General HR Support,1,0.0041,unmatched,,,
Municipal Drawings,1,0.0041,unmatched,,,
Municipal Approval,1,0.0041,unmatched,,,
Muncipal Design,1,0.0041,unmatched,,,
Multithread,1,0.0041,unmatched,,,
Multitenant,1,0.0041,unmatched,,,
General & Laparoscopic,1,0.0041,unmatched,,,
General  Trade,1,0.0041,unmatched,,,
Genai,1,0.0041,unmatched,,,
GenAI workflows,1,0.0041,unmatched,,,
GenAI Architect,1,0.0041,unmatched,,,
Gen ai,1,0.0041,unmatched,,,
Gen Ai,1,0.0041,unmatched,,,
Gemstone Evaluation,1,0.0041,unmatched,,,
Mutual Fund Research,1,0.0041,unmatched,,,
Music Composition,1,0.0041,unmatched,,,
Music,1,0.0041,unmatched,,,
Musculoskeletal Physiotherapy,1,0.0041,unmatched,,,
Murex Testing,1,0.0041,unmatched,,,
Murex MxML Integration,1,0.0041,unmatched,,,
Murex MXML,1,0.0041,unmatched,,,
Murex Functional Consultant,1,0.0041,unmatched,,,
GeM Tender,1,0.0041,unmatched,,,
NAGIOS,1,0.0041,unmatched,,,
NACE MR0175,1,0.0041,unmatched,,,
NACE,1,0.0041,unmatched,,,
NABH Coordinator,1,0.0041,unmatched,,,
N8N,1,0.0041,unmatched,,,
N3,1,0.0041,unmatched,,,
Mysqli,1,0.0041,unmatched,,,
MySql,1,0.0041,unmatched,,,
MySQL Database,1,0.0041,unmatched,,,
Mx 3.1 platform,1,0.0041,unmatched,,,
Mx,1,0.0041,unmatched,,,
Mvc Framework,1,0.0041,unmatched,,,
Mv,1,0.0041,unmatched,,,
Mux/Demux,1,0.0041,unmatched,,,
Mutual funs,1,0.0041,unmatched,,,
GeM Portal monitoring,1,0.0041,unmatched,,,
Gde,1,0.0041,unmatched,,,
Gcp Operation Suite,1,0.0041,unmatched,,,
Gcp Cloud Certified,1,0.0041,unmatched,,,
Gcih,1,0.0041,unmatched,,,
Gcc,1,0.0041,unmatched,,,
Gemology,1,0.0041,unmatched,,,
Gemologist,1,0.0041,unmatched,,,
Gel Electrophoresis,1,0.0041,unmatched,,,
Gearset,1,0.0041,unmatched,,,
Geared motors,1,0.0041,unmatched,,,
Gearboxes,1,0.0041,unmatched,,,
Gear design,1,0.0041,unmatched,,,
Gear box selection,1,0.0041,unmatched,,,
Gear Design,1,0.0041,unmatched,,,
GeM Tender Expert,1,0.0041,unmatched,,,
NEO,1,0.0041,unmatched,,,
NEGOTIATION SKILLS,1,0.0041,unmatched,,,
NEGOTIATION,1,0.0041,unmatched,,,
NEET,1,0.0041,unmatched,,,
NDT repairs,1,0.0041,unmatched,,,
NDT Level,1,0.0041,unmatched,,,
NDT Label II or III,1,0.0041,unmatched,,,
NDSRI,1,0.0041,unmatched,,,
NDE,1,0.0041,unmatched,,,
NCino,1,0.0041,unmatched,,,
NCTVT,1,0.0041,unmatched,,,
NC Programming,1,0.0041,unmatched,,,
NBIC,1,0.0041,unmatched,,,
NBFC Hiring,1,0.0041,unmatched,,,
NAS 410,1,0.0041,unmatched,,,
NAS & Backup Management,1,0.0041,unmatched,,,
Gas Analyzer,1,0.0041,unmatched,,,
Gas Analysis,1,0.0041,unmatched,,,
NI DAQ,1,0.0041,unmatched,,,
NHM protocols,1,0.0041,unmatched,,,
NGRX,1,0.0041,unmatched,,,
NGO,1,0.0041,unmatched,,,
NFPA,1,0.0041,unmatched,,,
NFM-P,1,0.0041,unmatched,,,
NFL Content Writing,1,0.0041,unmatched,,,
NEXTJS,1,0.0041,unmatched,,,
NETCOOL,1,0.0041,unmatched,,,
NET apps,1,0.0041,unmatched,,,
NET Toolkit,1,0.0041,unmatched,,,
NET Core 8,1,0.0041,unmatched,,,
NET Core,1,0.0041,unmatched,,,
NET Compact Framework,1,0.0041,unmatched,,,
NIST CSF,1,0.0041,unmatched,,,
NIST,1,0.0041,unmatched,,,
NISM XA,1,0.0041,unmatched,,,
NICU Fellow,1,0.0041,unmatched,,,
NICE Incontact,1,0.0041,unmatched,,,
NICE CXone,1,0.0041,unmatched,,,
Gauge,1,0.0041,unmatched,,,
Gatp,1,0.0041,unmatched,,,
Gatling,1,0.0041,unmatched,,,
Gas Suppression,1,0.0041,unmatched,,,
Gas Plant Eperience,1,0.0041,unmatched,,,
Gas Insulated Substation,1,0.0041,unmatched,,,
Gas Detector,1,0.0041,unmatched,,,
Gas Cutting,1,0.0041,unmatched,,,
Gas Chromatography,1,0.0041,unmatched,,,
Gas Analyzers,1,0.0041,unmatched,,,
NOSQL,1,0.0041,unmatched,,,
NOOP,1,0.0041,unmatched,,,
NOCIL,1,0.0041,unmatched,,,
NOC Engineer,1,0.0041,unmatched,,,
Gartner,1,0.0041,unmatched,,,
Garment Technology,1,0.0041,unmatched,,,
Garment Technician,1,0.0041,unmatched,,,
Garment Sourcing,1,0.0041,unmatched,,,
Garment Construction,1,0.0041,unmatched,,,
Garment,1,0.0041,unmatched,,,
Gap,1,0.0041,unmatched,,,
Gantry Cranes,1,0.0041,unmatched,,,
Gamp,1,0.0041,unmatched,,,
NO SQL,1,0.0041,unmatched,,,
NNMi,1,0.0041,unmatched,,,
NLD,1,0.0041,unmatched,,,
NVIDIA SDKs,1,0.0041,unmatched,,,
NVIDIA,1,0.0041,unmatched,,,
NVH,1,0.0041,unmatched,,,
NTP-PP,1,0.0041,unmatched,,,
NSP,1,0.0041,unmatched,,,
Gamification,1,0.0041,unmatched,,,
Games,1,0.0041,unmatched,,,
Gainsight,1,0.0041,unmatched,,,
Gabi,1,0.0041,unmatched,,,
Ga,1,0.0041,unmatched,,,
GW CC INTEGRATION,1,0.0041,unmatched,,,
GUI testing,1,0.0041,unmatched,,,
NSM,1,0.0041,unmatched,,,
NSIM XV Certification,1,0.0041,unmatched,,,
NSFR,1,0.0041,unmatched,,,
NPA,1,0.0041,unmatched,,,
GST return,1,0.0041,unmatched,,,
GST laws,1,0.0041,unmatched,,,
National Sales Management,1,0.0041,unmatched,,,
National Sales Head,1,0.0041,unmatched,,,
National Pension System,1,0.0041,unmatched,,,
National Pension Scheme,1,0.0041,unmatched,,,
National Manager- IoT,1,0.0041,unmatched,,,
Nashik,1,0.0041,unmatched,,,
Nant,1,0.0041,unmatched,,,
Nanded,1,0.0041,unmatched,,,
Nach,1,0.0041,unmatched,,,
Nabl,1,0.0041,unmatched,,,
NaH,1,0.0041,unmatched,,,
NaBH4,1,0.0041,unmatched,,,
NWDS,1,0.0041,unmatched,,,
NVOCC,1,0.0041,unmatched,,,
Navis works,1,0.0041,unmatched,,,
Navigation,1,0.0041,unmatched,,,
Natural resource management,1,0.0041,unmatched,,,
Native hana,1,0.0041,unmatched,,,
Native Mobile App Dependency Management Tools,1,0.0041,unmatched,,,
Native Hana Development,1,0.0041,unmatched,,,
Native Azure,1,0.0041,unmatched,,,
GTM,1,0.0041,unmatched,,,
GTK,1,0.0041,unmatched,,,
GSTR- 3B,1,0.0041,unmatched,,,
GSTR 9C,1,0.0041,unmatched,,,
GSTR 9,1,0.0041,unmatched,,,
GSTR 3B,1,0.0041,unmatched,,,
GSTR 1,1,0.0041,unmatched,,,
GST work,1,0.0041,unmatched,,,
GST returns,1,0.0041,unmatched,,,
GSM,1,0.0041,unmatched,,,
GRaduate,1,0.0041,unmatched,,,
Negotiating prices with suppliers,1,0.0041,unmatched,,,
Negotiates Deals,1,0.0041,unmatched,,,
Negotiate Contracts,1,0.0041,unmatched,,,
Need Generation,1,0.0041,unmatched,,,
Need Analysis,1,0.0041,unmatched,,,
Necklaces Design,1,0.0041,unmatched,,,
Ndc,1,0.0041,unmatched,,,
Ncr,1,0.0041,unmatched,,,
Nclt,1,0.0041,unmatched,,,
Ncc,1,0.0041,unmatched,,,
Nbfc Sale,1,0.0041,unmatched,,,
Nbc Codes,1,0.0041,unmatched,,,
Nbad,1,0.0041,unmatched,,,
Navision Finance,1,0.0041,unmatched,,,
Negotiation & Deal Closure,1,0.0041,unmatched,,,
Negotiation & Communication Skills,1,0.0041,unmatched,,,
Negotiation & Closing Deals,1,0.0041,unmatched,,,
Negotiation & Closing,1,0.0041,unmatched,,,
GST law,1,0.0041,unmatched,,,
GST and TDS Compliances,1,0.0041,unmatched,,,
GST Representation & Litigation,1,0.0041,unmatched,,,
GST Refunds,1,0.0041,unmatched,,,
GST Implementation,1,0.0041,unmatched,,,
GST Filing & Returns,1,0.0041,unmatched,,,
GST Compliances,1,0.0041,unmatched,,,
GST Compliance,1,0.0041,unmatched,,,
GST Audits,1,0.0041,unmatched,,,
GST & Taxation Awareness,1,0.0041,unmatched,,,
GSP,1,0.0041,unmatched,,,
GSOC,1,0.0041,unmatched,,,
GRS Developer,1,0.0041,unmatched,,,
GRS,1,0.0041,unmatched,,,
GRC-SAP,1,0.0041,unmatched,,,
GRC Compliance Jobs,1,0.0041,unmatched,,,
GRAPHIC DESIGNER,1,0.0041,unmatched,,,
GRADE 1,1,0.0041,unmatched,,,
GPT-4/5,1,0.0041,unmatched,,,
GPT,1,0.0041,unmatched,,,
GPS,1,0.0041,unmatched,,,
GPIB,1,0.0041,unmatched,,,
GOSU,1,0.0041,unmatched,,,
Neolane,1,0.0041,unmatched,,,
NeoLoad,1,0.0041,unmatched,,,
Negotiation and closing deals,1,0.0041,unmatched,,,
Negotiation Deals,1,0.0041,unmatched,,,
Negotiation & Persuasion,1,0.0041,unmatched,,,
GMO,1,0.0041,unmatched,,,
GM HR,1,0.0041,unmatched,,,
GL reconciliation,1,0.0041,unmatched,,,
GL Accounting,1,0.0041,unmatched,,,
GL AR AP SAP Jobs,1,0.0041,unmatched,,,
GITHub,1,0.0041,unmatched,,,
GIS tools,1,0.0041,unmatched,,,
GIS jurisdictional research,1,0.0041,unmatched,,,
Net C#,1,0.0041,unmatched,,,
Net Azure,1,0.0041,unmatched,,,
Net,1,0.0041,unmatched,,,
Nephrology,1,0.0041,unmatched,,,
Nephro,1,0.0041,unmatched,,,
Neonatologist,1,0.0041,unmatched,,,
Neonatal intensive Care,1,0.0041,unmatched,,,
Neonatal,1,0.0041,unmatched,,,
Network  Fundamentals,1,0.0041,unmatched,,,
Netsuite Implementations,1,0.0041,unmatched,,,
Netskope,1,0.0041,unmatched,,,
Netscalar,1,0.0041,unmatched,,,
Netiq,1,0.0041,unmatched,,,
Netcore campaigns,1,0.0041,unmatched,,,
Netcore,1,0.0041,unmatched,,,
Netcool OMNIbus,1,0.0041,unmatched,,,
Netbatch,1,0.0041,unmatched,,,
Netapp Storage Administration,1,0.0041,unmatched,,,
NetCore,1,0.0041,unmatched,,,
NetBackup,1,0.0041,unmatched,,,
NetApp Storage,1,0.0041,unmatched,,,
Net Full Stack Developer,1,0.0041,unmatched,,,
GOP Inventory,1,0.0041,unmatched,,,
GO,1,0.0041,unmatched,,,
Network Infrastructure Engineer,1,0.0041,unmatched,,,
Network Engineer L2,1,0.0041,unmatched,,,
Network Deployment,1,0.0041,unmatched,,,
GIS Substations,1,0.0041,unmatched,,,
GIPSA,1,0.0041,unmatched,,,
GIB,1,0.0041,unmatched,,,
GHS,1,0.0041,unmatched,,,
GFRC product testing,1,0.0041,unmatched,,,
GFC darwings,1,0.0041,unmatched,,,
GFC,1,0.0041,unmatched,,,
GET,1,0.0041,unmatched,,,
GEN AI Developer,1,0.0041,unmatched,,,
GEM portal,1,0.0041,unmatched,,,
GEM,1,0.0041,unmatched,,,
GEL,1,0.0041,unmatched,,,
Network Access Control,1,0.0041,unmatched,,,
Network Security and Monitoring,1,0.0041,unmatched,,,
Network Security Sales,1,0.0041,unmatched,,,
Network Security Engineer,1,0.0041,unmatched,,,
Network Routing,1,0.0041,unmatched,,,
Network Optimization,1,0.0041,unmatched,,,
Network Operations Engineer,1,0.0041,unmatched,,,
GD T and Drawing Interpretation,1,0.0041,unmatched,,,
GCP Vertex AI,1,0.0041,unmatched,,,
GCP Data Architect,1,0.0041,unmatched,,,
GCP Cloud Solution Architect,1,0.0041,unmatched,,,
GCP Cloud,1,0.0041,unmatched,,,
GCG,1,0.0041,unmatched,,,
GCC Company,1,0.0041,unmatched,,,
GCC,1,0.0041,unmatched,,,
GC-MS,1,0.0041,unmatched,,,
GC analysis,1,0.0041,unmatched,,,
Network programming,1,0.0041,unmatched,,,
Network planning,1,0.0041,unmatched,,,
Network optimization,1,0.0041,unmatched,,,
Network administration,1,0.0041,unmatched,,,
GC Operation,1,0.0041,unmatched,,,
GC Analysis,1,0.0041,unmatched,,,
GBG,1,0.0041,unmatched,,,
GAP,1,0.0041,unmatched,,,
GA4,1,0.0041,unmatched,,,
G,1,0.0041,unmatched,,,
Fx Settlement,1,0.0041,unmatched,,,
Fusion Manufacturing,1,0.0041,unmatched,,,
Fusion HCM Functional,1,0.0041,unmatched,,,
Network Testing,1,0.0041,unmatched,,,
Network Support Jobs,1,0.0041,unmatched,,,
Network Services,1,0.0041,unmatched,,,
Networking Products,1,0.0041,unmatched,,,
Networking Engineer Jobs Pune,1,0.0041,unmatched,,,
Networking  Concepts,1,0.0041,unmatched,,,
Fusion HCM,1,0.0041,unmatched,,,
Fusion Finance Functional,1,0.0041,unmatched,,,
Fusion ERP,1,0.0041,unmatched,,,
Fusion Data Intelligence,1,0.0041,unmatched,,,
Fusion CX B2B Service,1,0.0041,unmatched,,,
Fusion Benefits,1,0.0041,unmatched,,,
Fusion Analytics Warehouse,1,0.0041,unmatched,,,
Fuse,1,0.0041,unmatched,,,
Furniture Retail,1,0.0041,unmatched,,,
Network-Core,1,0.0041,unmatched,,,
Network support,1,0.0041,unmatched,,,
Network sales,1,0.0041,unmatched,,,
Network protocols,1,0.0041,unmatched,,,
New Business Opportunities,1,0.0041,unmatched,,,
New Account Management,1,0.0041,unmatched,,,
New Account Acquisition,1,0.0041,unmatched,,,
New AI technology & Corel DRAW,1,0.0041,unmatched,,,
Neurosurgery,1,0.0041,unmatched,,,
Fundraising,1,0.0041,unmatched,,,
Fundamental research,1,0.0041,unmatched,,,
Fundamental Research,1,0.0041,unmatched,,,
Fund transfer,1,0.0041,unmatched,,,
Fund management,1,0.0041,unmatched,,,
Fund Transfer,1,0.0041,unmatched,,,
Neuroimaging,1,0.0041,unmatched,,,
Neuroadaptation,1,0.0041,unmatched,,,
Neuro Pediatrician,1,0.0041,unmatched,,,
Neural networks,1,0.0041,unmatched,,,
Networking skills,1,0.0041,unmatched,,,
New product introduction,1,0.0041,unmatched,,,
New market development,1,0.0041,unmatched,,,
New Zealand,1,0.0041,unmatched,,,
New Project Implementation,1,0.0041,unmatched,,,
New Project Control,1,0.0041,unmatched,,,
Fund Administration,1,0.0041,unmatched,,,
Functional consultant,1,0.0041,unmatched,,,
Functional Verification,1,0.0041,unmatched,,,
Functional Training,1,0.0041,unmatched,,,
Functional Test Planning,1,0.0041,unmatched,,,
Functional Specifications,1,0.0041,unmatched,,,
Functional Implementation,1,0.0041,unmatched,,,
New Method Development,1,0.0041,unmatched,,,
New Installation,1,0.0041,unmatched,,,
New Hire Training,1,0.0041,unmatched,,,
New Car Sales,1,0.0041,unmatched,,,
News Reporting,1,0.0041,unmatched,,,
News Content Writing,1,0.0041,unmatched,,,
Newgen,1,0.0041,unmatched,,,
NewRelic,1,0.0041,unmatched,,,
New projects,1,0.0041,unmatched,,,
New project implementation,1,0.0041,unmatched,,,
Functional Head,1,0.0041,unmatched,,,
Functional Consulting,1,0.0041,unmatched,,,
Functional Audit,1,0.0041,unmatched,,,
Functional Assurance,1,0.0041,unmatched,,,
Functional Architect,1,0.0041,unmatched,,,
Functional Analysis,1,0.0041,unmatched,,,
Functional & Regression Testing TOSCA,1,0.0041,unmatched,,,
Functional & Regression Testing C#,1,0.0041,unmatched,,,
Function modules,1,0.0041,unmatched,,,
Fullstack developer,1,0.0041,unmatched,,,
Nexus Switches,1,0.0041,unmatched,,,
Nexus 7K,1,0.0041,unmatched,,,
Full Truck Load,1,0.0041,unmatched,,,
Full Stack development,1,0.0041,unmatched,,,
Full Stack Engineering,1,0.0041,unmatched,,,
Full Stack Engineer,1,0.0041,unmatched,,,
Full Stack Development,1,0.0041,unmatched,,,
Full Stack Developement,1,0.0041,unmatched,,,
Full Stack Application Development,1,0.0041,unmatched,,,
Full Scope,1,0.0041,unmatched,,,
Full Life Cycle Implementation,1,0.0041,unmatched,,,
Full Container Load,1,0.0041,unmatched,,,
Full And Final Settlement,1,0.0041,unmatched,,,
Next Js,1,0.0041,unmatched,,,
Newzealand Accounting,1,0.0041,unmatched,,,
Newspaper Release,1,0.0041,unmatched,,,
Nifty 50,1,0.0041,unmatched,,,
Nifty,1,0.0041,unmatched,,,
Nic Teaming,1,0.0041,unmatched,,,
Fulfillment Executive,1,0.0041,unmatched,,,
Fulfillment,1,0.0041,unmatched,,,
Fsi,1,0.0041,unmatched,,,
Fsd,1,0.0041,unmatched,,,
Frp Pipes,1,0.0041,unmatched,,,
Frontline Sales,1,0.0041,unmatched,,,
Nht,1,0.0041,unmatched,,,
Nhb Reporting,1,0.0041,unmatched,,,
Ngo,1,0.0041,unmatched,,,
Nginx,1,0.0041,unmatched,,,
Ngfw,1,0.0041,unmatched,,,
Nfv,1,0.0041,unmatched,,,
NexusIQ,1,0.0041,unmatched,,,
Nitriding Inspection,1,0.0041,unmatched,,,
Nist Cyber Security,1,0.0041,unmatched,,,
Nist Csf,1,0.0041,unmatched,,,
Frontend Developer,1,0.0041,unmatched,,,
Frontend Architecture,1,0.0041,unmatched,,,
Front-End Framework,1,0.0041,unmatched,,,
Front office staff,1,0.0041,unmatched,,,
Front office Management,1,0.0041,unmatched,,,
Front Office Support,1,0.0041,unmatched,,,
Front Office Associate,1,0.0041,unmatched,,,
Nism XV,1,0.0041,unmatched,,,
Nintex,1,0.0041,unmatched,,,
Nim,1,0.0041,unmatched,,,
Nightshift,1,0.0041,unmatched,,,
Night shift,1,0.0041,unmatched,,,
Night Auditing,1,0.0041,unmatched,,,
Nodejs,1,0.0041,unmatched,,,
NodeJS,1,0.0041,unmatched,,,
Node js,1,0.0041,unmatched,,,
Front End Web Design,1,0.0041,unmatched,,,
Front Desk management,1,0.0041,unmatched,,,
Front Desk Manager,1,0.0041,unmatched,,,
Front Desk Management,1,0.0041,unmatched,,,
Freshservice,1,0.0041,unmatched,,,
Freshers Jobs,1,0.0041,unmatched,,,
Node JS programming,1,0.0041,unmatched,,,
Node JS,1,0.0041,unmatched,,,
Node Api,1,0.0041,unmatched,,,
Nodal desk escalations,1,0.0041,unmatched,,,
NoSQL Database,1,0.0041,unmatched,,,
Nmap,1,0.0041,unmatched,,,
Niv,1,0.0041,unmatched,,,
Non Technical Recruitment,1,0.0041,unmatched,,,
Non QM,1,0.0041,unmatched,,,
Non Motor Insurance,1,0.0041,unmatched,,,
Non Linear Analysis,1,0.0041,unmatched,,,
Non It Skills,1,0.0041,unmatched,,,
Fresher Jobs,1,0.0041,unmatched,,,
Fresher Can Apply With Min Age 21 Completed,1,0.0041,unmatched,,,
Frequency Traversals,1,0.0041,unmatched,,,
Freightpath,1,0.0041,unmatched,,,
Freight negotiation,1,0.0041,unmatched,,,
Freight forwarding sales,1,0.0041,unmatched,,,
Freight Services,1,0.0041,unmatched,,,
Non IT Recruiter,1,0.0041,unmatched,,,
Non Finance Domain,1,0.0041,unmatched,,,
Non Clinical,1,0.0041,unmatched,,,
Nokia,1,0.0041,unmatched,,,
Non-Voice Process,1,0.0041,unmatched,,,
Non-Technical Writing,1,0.0041,unmatched,,,
Non-Retirement,1,0.0041,unmatched,,,
Non-Parallon,1,0.0041,unmatched,,,
Freight Sales,1,0.0041,unmatched,,,
Freight Rate Analysis,1,0.0041,unmatched,,,
Freight Operations,1,0.0041,unmatched,,,
Freight Forwarding Sales,1,0.0041,unmatched,,,
Freight Forwarding Coordination,1,0.0041,unmatched,,,
Freight Forwarders,1,0.0041,unmatched,,,
Freight Analysis,1,0.0041,unmatched,,,
Freelance Recruitment,1,0.0041,unmatched,,,
Frd,1,0.0041,unmatched,,,
Non-Automotive Products,1,0.0041,unmatched,,,
Non litigation,1,0.0041,unmatched,,,
Non Voice process,1,0.0041,unmatched,,,
Nprinting,1,0.0041,unmatched,,,
Npi,1,0.0041,unmatched,,,
Npd Design,1,0.0041,unmatched,,,
Fraud Management,1,0.0041,unmatched,,,
Fraud Investigations,1,0.0041,unmatched,,,
Fraud Detection & Prevention,1,0.0041,unmatched,,,
Fraud Control Unit,1,0.0041,unmatched,,,
Frappe,1,0.0041,unmatched,,,
Franchisee development,1,0.0041,unmatched,,,
Franchisee Engagement & Client Acquisition,1,0.0041,unmatched,,,
Nozzle Pro,1,0.0041,unmatched,,,
Notes,1,0.0041,unmatched,,,
North America,1,0.0041,unmatched,,,
Nortel,1,0.0041,unmatched,,,
Nonstop Sql,1,0.0041,unmatched,,,
Non-Voice Process Jobs,1,0.0041,unmatched,,,
Nuclear Medicine Technologist cum Radiation Safety Officer II,1,0.0041,unmatched,,,
Nuclear Medicine Physician,1,0.0041,unmatched,,,
Nuclear Medicine,1,0.0041,unmatched,,,
Franchise Development & Acquisition,1,0.0041,unmatched,,,
Frameworks,1,0.0041,unmatched,,,
Framework Manager,1,0.0041,unmatched,,,
Fragrance,1,0.0041,unmatched,,,
Fractional distillation,1,0.0041,unmatched,,,
Fracas,1,0.0041,unmatched,,,
Fpso,1,0.0041,unmatched,,,
Fpo,1,0.0041,unmatched,,,
Nuance,1,0.0041,unmatched,,,
Ntt Framework,1,0.0041,unmatched,,,
Nsx,1,0.0041,unmatched,,,
Nse,1,0.0041,unmatched,,,
Nscape,1,0.0041,unmatched,,,
Formal Verification,1,0.0041,unmatched,,,
Form 3CEB,1,0.0041,unmatched,,,
Form 16,1,0.0041,unmatched,,,
Forklift Operator,1,0.0041,unmatched,,,
Forklift,1,0.0041,unmatched,,,
Forging Supervisor,1,0.0041,unmatched,,,
Founder Office,1,0.0041,unmatched,,,
Foundation Fieldbus,1,0.0041,unmatched,,,
Forwards,1,0.0041,unmatched,,,
Fortify,1,0.0041,unmatched,,,
Forrester,1,0.0041,unmatched,,,
Formwork,1,0.0041,unmatched,,,
Nunit,1,0.0041,unmatched,,,
NumPy Pandas PySpark matplotlib mFlask FastAPI scikit-learn TensorFlow PyTorch,1,0.0041,unmatched,,,
Nuix,1,0.0041,unmatched,,,
Nuendo,1,0.0041,unmatched,,,
O&M,1,0.0041,unmatched,,,
O 365,1,0.0041,unmatched,,,
Forging Operations,1,0.0041,unmatched,,,
Forging Maintenance,1,0.0041,unmatched,,,
Forging Machine Maintenance,1,0.0041,unmatched,,,
Forging Inspection,1,0.0041,unmatched,,,
Forging Defect,1,0.0041,unmatched,,,
Forex sales,1,0.0041,unmatched,,,
Forex Trading,1,0.0041,unmatched,,,
Nuts,1,0.0041,unmatched,,,
Nutrition Sales Executive,1,0.0041,unmatched,,,
Nutraceuticals Ingredients,1,0.0041,unmatched,,,
Nutraceuticals,1,0.0041,unmatched,,,
Nut Forging Operations,1,0.0041,unmatched,,,
Nursing Staff,1,0.0041,unmatched,,,
Forms 6i,1,0.0041,unmatched,,,
Forensic Audit,1,0.0041,unmatched,,,
Foreigners Regional Registration Office,1,0.0041,unmatched,,,
Foreigners,1,0.0041,unmatched,,,
Foreign operations,1,0.0041,unmatched,,,
Foreign exchange,1,0.0041,unmatched,,,
Foreign currency,1,0.0041,unmatched,,,
Foreign Remittance,1,0.0041,unmatched,,,
Foreign Employers,1,0.0041,unmatched,,,
OBD,1,0.0041,unmatched,,,
OAuth2,1,0.0041,unmatched,,,
OAuth,1,0.0041,unmatched,,,
O9 Solution,1,0.0041,unmatched,,,
O9 Platform,1,0.0041,unmatched,,,
O365 configuration,1,0.0041,unmatched,,,
O2C reporting,1,0.0041,unmatched,,,
O2C Collections,1,0.0041,unmatched,,,
OEM Sales Actuators & Valves,1,0.0041,unmatched,,,
OEM Machine Manufacturing,1,0.0041,unmatched,,,
OE sales,1,0.0041,unmatched,,,
Foreign,1,0.0041,unmatched,,,
Forecasting & Variance Analysis,1,0.0041,unmatched,,,
Football coach,1,0.0041,unmatched,,,
Food testing,1,0.0041,unmatched,,,
Food technology,1,0.0041,unmatched,,,
Food and Beverage Supervisor,1,0.0041,unmatched,,,
ODS,1,0.0041,unmatched,,,
ODI,1,0.0041,unmatched,,,
ODATA,1,0.0041,unmatched,,,
OD INTIATIVES,1,0.0041,unmatched,,,
OCEAN EXPORT,1,0.0041,unmatched,,,
OBOL,1,0.0041,unmatched,,,
OBIEE 12C,1,0.0041,unmatched,,,
Food,1,0.0041,unmatched,,,
Followups,1,0.0041,unmatched,,,
Follow-ups,1,0.0041,unmatched,,,
Foglight,1,0.0041,unmatched,,,
Foam Pad,1,0.0041,unmatched,,,
Foam Design,1,0.0041,unmatched,,,
Food Service,1,0.0041,unmatched,,,
Food Quality Assurance,1,0.0041,unmatched,,,
Food Product Marketing,1,0.0041,unmatched,,,
Food Processing Euipments,1,0.0041,unmatched,,,
OFC,1,0.0041,unmatched,,,
OEMs such as Siemens,1,0.0041,unmatched,,,
OEMs,1,0.0041,unmatched,,,
OEM sales,1,0.0041,unmatched,,,
OEM foundation,1,0.0041,unmatched,,,
OEM design,1,0.0041,unmatched,,,
OPP Development,1,0.0041,unmatched,,,
OPD Operations,1,0.0041,unmatched,,,
OPC,1,0.0041,unmatched,,,
OOS,1,0.0041,unmatched,,,
OOPs,1,0.0041,unmatched,,,
OOH Sales,1,0.0041,unmatched,,,
OOA,1,0.0041,unmatched,,,
ONLY HINDU MENS CAN APPLY,1,0.0041,unmatched,,,
ONBOARDING,1,0.0041,unmatched,,,
ONB 2.0,1,0.0041,unmatched,,,
OMP Consultant,1,0.0041,unmatched,,,
OLTCs,1,0.0041,unmatched,,,
OHSAS,1,0.0041,unmatched,,,
Food Costing,1,0.0041,unmatched,,,
Food Cost,1,0.0041,unmatched,,,
Food Business Management,1,0.0041,unmatched,,,
ORDER ENGINEERING HEAD,1,0.0041,unmatched,,,
Foam,1,0.0041,unmatched,,,
Fnb,1,0.0041,unmatched,,,
Fmvss,1,0.0041,unmatched,,,
Fms,1,0.0041,unmatched,,,
Fm,1,0.0041,unmatched,,,
Flyovers,1,0.0041,unmatched,,,
Flyers,1,0.0041,unmatched,,,
Flyash Purchase,1,0.0041,unmatched,,,
Flyash Management,1,0.0041,unmatched,,,
Flyash Handling,1,0.0041,unmatched,,,
Flyash Disposal,1,0.0041,unmatched,,,
Fly-Ash Transport,1,0.0041,unmatched,,,
Fly Ash Sales,1,0.0041,unmatched,,,
Fly Ash Procurement,1,0.0041,unmatched,,,
OQC,1,0.0041,unmatched,,,
OT/IT,1,0.0041,unmatched,,,
FluxCD,1,0.0041,unmatched,,,
Flutter Sdk,1,0.0041,unmatched,,,
Fluid Dynamics,1,0.0041,unmatched,,,
Fluid Circuit Design,1,0.0041,unmatched,,,
Fluid,1,0.0041,unmatched,,,
Fluent communication,1,0.0041,unmatched,,,
Fluent English Communication,1,0.0041,unmatched,,,
Flowcytometry,1,0.0041,unmatched,,,
Flow Designer,1,0.0041,unmatched,,,
OT Assistant,1,0.0041,unmatched,,,
OSvC,1,0.0041,unmatched,,,
OSP,1,0.0041,unmatched,,,
OSM,1,0.0041,unmatched,,,
OSHA Safety,1,0.0041,unmatched,,,
ORM frameworks,1,0.0041,unmatched,,,
Object Oriented Analysis And Design,1,0.0041,unmatched,,,
Object,1,0.0041,unmatched,,,
Obg,1,0.0041,unmatched,,,
Oasis,1,0.0041,unmatched,,,
Flow Charts,1,0.0041,unmatched,,,
Flow Chart,1,0.0041,unmatched,,,
Flow Automation Builder,1,0.0041,unmatched,,,
Flexible packaging,1,0.0041,unmatched,,,
Flexible Workflow,1,0.0041,unmatched,,,
Oac,1,0.0041,unmatched,,,
OVERSEE THE IT OF THE COMPANY,1,0.0041,unmatched,,,
OTR Generation,1,0.0041,unmatched,,,
OTOLARYNGOLOGIST,1,0.0041,unmatched,,,
OTLP,1,0.0041,unmatched,,,
OTD,1,0.0041,unmatched,,,
OTA,1,0.0041,unmatched,,,
Occupational therapy,1,0.0041,unmatched,,,
Occupancy,1,0.0041,unmatched,,,
Oc,1,0.0041,unmatched,,,
Obstetrics & Gynecology,1,0.0041,unmatched,,,
Observability,1,0.0041,unmatched,,,
Flexible Conduit,1,0.0041,unmatched,,,
Flexera InstallShield,1,0.0041,unmatched,,,
Fleet Manager,1,0.0041,unmatched,,,
Fleet Liaisoning Manager,1,0.0041,unmatched,,,
Flavors,1,0.0041,unmatched,,,
Flask application,1,0.0041,unmatched,,,
Flask Web Framework,1,0.0041,unmatched,,,
Objection Handling Skills,1,0.0041,unmatched,,,
Object-oriented design,1,0.0041,unmatched,,,
Object-Oriented Programming,1,0.0041,unmatched,,,
Object Oriented Perl,1,0.0041,unmatched,,,
Octopus,1,0.0041,unmatched,,,
Fixed Asset Accounting,1,0.0041,unmatched,,,
Fixed Asset,1,0.0041,unmatched,,,
Fix Protocol,1,0.0041,unmatched,,,
Fitness Brand,1,0.0041,unmatched,,,
Fitment of Mechanical Seals on  Pumps & Agitators,1,0.0041,unmatched,,,
Fit Gap Analysis,1,0.0041,unmatched,,,
Flage Nuts,1,0.0041,unmatched,,,
Fixture Drawing,1,0.0041,unmatched,,,
Fixture Development,1,0.0041,unmatched,,,
Fixture,1,0.0041,unmatched,,,
Fixed income securities,1,0.0041,unmatched,,,
Fixed income derivatives,1,0.0041,unmatched,,,
Ocs,1,0.0041,unmatched,,,
Ocean export,1,0.0041,unmatched,,,
Ocean Freight Sales,1,0.0041,unmatched,,,
Off-Page Optimization,1,0.0041,unmatched,,,
Off Page Optimization,1,0.0041,unmatched,,,
Off Page,1,0.0041,unmatched,,,
Off Highway Vehicle,1,0.0041,unmatched,,,
Off Highway Application,1,0.0041,unmatched,,,
Off Highway,1,0.0041,unmatched,,,
Oem Sales,1,0.0041,unmatched,,,
Oem Business,1,0.0041,unmatched,,,
Odx,1,0.0041,unmatched,,,
Ods,1,0.0041,unmatched,,,
Odoo implementation,1,0.0041,unmatched,,,
Odoo Functional Consultant,1,0.0041,unmatched,,,
Odoo Expert,1,0.0041,unmatched,,,
Odoo ERP,1,0.0041,unmatched,,,
Odm,1,0.0041,unmatched,,,
Odi Architecture,1,0.0041,unmatched,,,
Office Building,1,0.0041,unmatched,,,
Office Adminstration,1,0.0041,unmatched,,,
Office 365,1,0.0041,unmatched,,,
Office 360,1,0.0041,unmatched,,,
Offer Release,1,0.0041,unmatched,,,
First Article Inspection,1,0.0041,unmatched,,,
Firewalls & Security,1,0.0041,unmatched,,,
Firewall Specialist,1,0.0041,unmatched,,,
Firewall Implementation,1,0.0041,unmatched,,,
Firestore,1,0.0041,unmatched,,,
Firepower,1,0.0041,unmatched,,,
Fireman Activities,1,0.0041,unmatched,,,
Firefox,1,0.0041,unmatched,,,
Offboarding 2.0,1,0.0041,unmatched,,,
Offboarding,1,0.0041,unmatched,,,
Off-Page SEO,1,0.0041,unmatched,,,
Office Supplies Sales,1,0.0041,unmatched,,,
Office Space Management,1,0.0041,unmatched,,,
Office Skills,1,0.0041,unmatched,,,
Office Managment,1,0.0041,unmatched,,,
Fire safety,1,0.0041,unmatched,,,
Fire prevention,1,0.0041,unmatched,,,
Fire and Gas,1,0.0041,unmatched,,,
Fire access,1,0.0041,unmatched,,,
Fire Survival Cables,1,0.0041,unmatched,,,
Fire Suppression System,1,0.0041,unmatched,,,
Fire Suppression,1,0.0041,unmatched,,,
Office Leasing,1,0.0041,unmatched,,,
Office Interior,1,0.0041,unmatched,,,
Office Fit Out,1,0.0041,unmatched,,,
Office Equipment Handling,1,0.0041,unmatched,,,
Office Equipment,1,0.0041,unmatched,,,
Ofsaa,1,0.0041,unmatched,,,
Offshore Platforms,1,0.0041,unmatched,,,
Offset Printing,1,0.0041,unmatched,,,
Offpage SEO,1,0.0041,unmatched,,,
Offline Storage,1,0.0041,unmatched,,,
Fire NOC,1,0.0041,unmatched,,,
Fire Insurance,1,0.0041,unmatched,,,
Fire Hydrants,1,0.0041,unmatched,,,
Fire Fittings Systems,1,0.0041,unmatched,,,
Fire Extinguishers,1,0.0041,unmatched,,,
Fire Engineering,1,0.0041,unmatched,,,
Fire Detection System,1,0.0041,unmatched,,,
Fire Alarm System layouts,1,0.0041,unmatched,,,
Fiori Freestyle,1,0.0041,unmatched,,,
Office supplies,1,0.0041,unmatched,,,
Office Tasks,1,0.0041,unmatched,,,
Oil & gas,1,0.0041,unmatched,,,
Oil & Refinery Industry,1,0.0041,unmatched,,,
Oil & Gas Sales,1,0.0041,unmatched,,,
Fintech Sales,1,0.0041,unmatched,,,
Fintech Retention Marketing,1,0.0041,unmatched,,,
Fintech Or Tele Selling,1,0.0041,unmatched,,,
Fintech Architecture,1,0.0041,unmatched,,,
Finops,1,0.0041,unmatched,,,
Finishing Stage Works,1,0.0041,unmatched,,,
Finished Products,1,0.0041,unmatched,,,
Finished Goods Quality Testing,1,0.0041,unmatched,,,
Fine-tuning,1,0.0041,unmatched,,,
Oidc,1,0.0041,unmatched,,,
Oid,1,0.0041,unmatched,,,
Ohe,1,0.0041,unmatched,,,
Ohc,1,0.0041,unmatched,,,
OmniStudio,1,0.0041,unmatched,,,
OmniScripts,1,0.0041,unmatched,,,
OmniDocs,1,0.0041,unmatched,,,
Omni Channel,1,0.0041,unmatched,,,
Fine Tuning,1,0.0041,unmatched,,,
Finastra Trade Systems,1,0.0041,unmatched,,,
Finastra Equation,1,0.0041,unmatched,,,
Financialation,1,0.0041,unmatched,,,
Financial planning and analysis,1,0.0041,unmatched,,,
Omni,1,0.0041,unmatched,,,
Ommunication Skills,1,0.0041,unmatched,,,
Ommissioning,1,0.0041,unmatched,,,
Omi,1,0.0041,unmatched,,,
Oleo Chemicals,1,0.0041,unmatched,,,
Oil systems,1,0.0041,unmatched,,,
Oil and gas,1,0.0041,unmatched,,,
On-Call Support Application,1,0.0041,unmatched,,,
Financial Service,1,0.0041,unmatched,,,
Financial SOPs,1,0.0041,unmatched,,,
Financial Restructuring,1,0.0041,unmatched,,,
Financial Reports,1,0.0041,unmatched,,,
Financial Reporting Services,1,0.0041,unmatched,,,
Financial controllership,1,0.0041,unmatched,,,
Financial Writing,1,0.0041,unmatched,,,
On-Boarding,1,0.0041,unmatched,,,
On page Analytics,1,0.0041,unmatched,,,
On line registration,1,0.0041,unmatched,,,
On Site Installation,1,0.0041,unmatched,,,
On Page Optimization,1,0.0041,unmatched,,,
Omniscript,1,0.0041,unmatched,,,
Omnichannel,1,0.0041,unmatched,,,
Omnibus,1,0.0041,unmatched,,,
Onestream,1,0.0041,unmatched,,,
Onesource,1,0.0041,unmatched,,,
OneTrust Developer,1,0.0041,unmatched,,,
OneAgent deployment,1,0.0041,unmatched,,,
Financial Market Infrastructure,1,0.0041,unmatched,,,
Financial Literacy,1,0.0041,unmatched,,,
Financial Leadership,1,0.0041,unmatched,,,
Financial Governance,1,0.0041,unmatched,,,
Onco Surgery,1,0.0041,unmatched,,,
Onboarding modules,1,0.0041,unmatched,,,
Onboarding application,1,0.0041,unmatched,,,
Onbase,1,0.0041,unmatched,,,
On-Site Support,1,0.0041,unmatched,,,
On-Prem ERP,1,0.0041,unmatched,,,
On-Load Tap Changers,1,0.0041,unmatched,,,
On-Call Support for Test Cycles,1,0.0041,unmatched,,,
Online Travel Aggregators,1,0.0041,unmatched,,,
Online Teaching,1,0.0041,unmatched,,,
Online Retail,1,0.0041,unmatched,,,
Online Research,1,0.0041,unmatched,,,
Online Promotion,1,0.0041,unmatched,,,
Financial Crimes,1,0.0041,unmatched,,,
Financial Crime Compliance,1,0.0041,unmatched,,,
Financial Credit Card Sales,1,0.0041,unmatched,,,
Financial Control and Risk Management,1,0.0041,unmatched,,,
Financial Audits,1,0.0041,unmatched,,,
Financial Audit,1,0.0041,unmatched,,,
Financial Associate,1,0.0041,unmatched,,,
Online Payment,1,0.0041,unmatched,,,
Online Merchandising,1,0.0041,unmatched,,,
Online Inspection report,1,0.0041,unmatched,,,
Oneview,1,0.0041,unmatched,,,
Onsite Support,1,0.0041,unmatched,,,
Financial Advisor,1,0.0041,unmatched,,,
Financial Accounting And Reporting,1,0.0041,unmatched,,,
Financial & Data Analysis,1,0.0041,unmatched,,,
Finance staffing,1,0.0041,unmatched,,,
Finance management,1,0.0041,unmatched,,,
Finance ledger,1,0.0041,unmatched,,,
Finance control,1,0.0041,unmatched,,,
Finance charges ledger,1,0.0041,unmatched,,,
Finance business partnering experience,1,0.0041,unmatched,,,
Finance and acounting operations,1,0.0041,unmatched,,,
Finance analysis,1,0.0041,unmatched,,,
Finance Tax & Procurement,1,0.0041,unmatched,,,
Onpage Seo,1,0.0041,unmatched,,,
Onpage SEO,1,0.0041,unmatched,,,
Online trading,1,0.0041,unmatched,,,
Open Cast Mining,1,0.0041,unmatched,,,
Open,1,0.0041,unmatched,,,
Opeartions,1,0.0041,unmatched,,,
Finance Penetration,1,0.0041,unmatched,,,
Finance Operations,1,0.0041,unmatched,,,
Finance Modules,1,0.0041,unmatched,,,
Finance Knowledge,1,0.0041,unmatched,,,
Finance Hiring,1,0.0041,unmatched,,,
Finance Head,1,0.0041,unmatched,,,
Finance Coordinator,1,0.0041,unmatched,,,
Opc,1,0.0041,unmatched,,,
Oozie,1,0.0041,unmatched,,,
Ootb,1,0.0041,unmatched,,,
Oop,1,0.0041,unmatched,,,
Ontology,1,0.0041,unmatched,,,
Ontap,1,0.0041,unmatched,,,
OpenShift,1,0.0041,unmatched,,,
Open Works,1,0.0041,unmatched,,,
Finance Controllership,1,0.0041,unmatched,,,
Finance Assistant,1,0.0041,unmatched,,,
Finance Analytics,1,0.0041,unmatched,,,
Finance Analysts,1,0.0041,unmatched,,,
Finance Analys,1,0.0041,unmatched,,,
Finance Accounting,1,0.0041,unmatched,,,
Finance & Accounts,1,0.0041,unmatched,,,
Finalization of Accounts,1,0.0041,unmatched,,,
Final product inspection,1,0.0041,unmatched,,,
Open Text Integration Center,1,0.0041,unmatched,,,
Open Text,1,0.0041,unmatched,,,
Open Shift,1,0.0041,unmatched,,,
Open Market Sourcing,1,0.0041,unmatched,,,
Open Components API,1,0.0041,unmatched,,,
Final inspection,1,0.0041,unmatched,,,
Final Settlement,1,0.0041,unmatched,,,
Final Distribution products,1,0.0041,unmatched,,,
Final Audit,1,0.0041,unmatched,,,
Final Accounts,1,0.0041,unmatched,,,
Finacle10X,1,0.0041,unmatched,,,
Fin Forming,1,0.0041,unmatched,,,
Filtration Systems,1,0.0041,unmatched,,,
Openroad,1,0.0041,unmatched,,,
Openpages,1,0.0041,unmatched,,,
Openid,1,0.0041,unmatched,,,
Opengl,1,0.0041,unmatched,,,
Opencl,1,0.0041,unmatched,,,
Openbridge,1,0.0041,unmatched,,,
OpenTelemetry,1,0.0041,unmatched,,,
OpenShift & OpenShift Virtualization Administration,1,0.0041,unmatched,,,
Filter Press,1,0.0041,unmatched,,,
Filmora,1,0.0041,unmatched,,,
Film Editing,1,0.0041,unmatched,,,
Film,1,0.0041,unmatched,,,
Filling Activities,1,0.0041,unmatched,,,
Filling & Capping Machines,1,0.0041,unmatched,,,
Filling,1,0.0041,unmatched,,,
Filenet,1,0.0041,unmatched,,,
Filed operations,1,0.0041,unmatched,,,
Filed Service,1,0.0041,unmatched,,,
Operation Theater Executive Assistant,1,0.0041,unmatched,,,
Operation Theater Assistant,1,0.0041,unmatched,,,
Operation Manager,1,0.0041,unmatched,,,
Openworks,1,0.0041,unmatched,,,
Opentext Vim,1,0.0041,unmatched,,,
Opentext Content Server,1,0.0041,unmatched,,,
Operations Administrator,1,0.0041,unmatched,,,
Operations & Execution,1,0.0041,unmatched,,,
File Interfaces,1,0.0041,unmatched,,,
Figma tool,1,0.0041,unmatched,,,
Fiels sales,1,0.0041,unmatched,,,
Fieldbus,1,0.0041,unmatched,,,
Field testing,1,0.0041,unmatched,,,
Field crop,1,0.0041,unmatched,,,
Operational Technology,1,0.0041,unmatched,,,
Operational Processes,1,0.0041,unmatched,,,
Operational Modeling,1,0.0041,unmatched,,,
Operational Controller,1,0.0041,unmatched,,,
Operational Audits,1,0.0041,unmatched,,,
Operational Activities,1,0.0041,unmatched,,,
Operation Theatre Technology,1,0.0041,unmatched,,,
Operation Theater Technician,1,0.0041,unmatched,,,
Operations planning,1,0.0041,unmatched,,,
Operations head,1,0.0041,unmatched,,,
Field Wiring,1,0.0041,unmatched,,,
Field Training,1,0.0041,unmatched,,,
Field Testing,1,0.0041,unmatched,,,
Field Supervision,1,0.0041,unmatched,,,
Field Service solutions,1,0.0041,unmatched,,,
Field Service Engineer,1,0.0041,unmatched,,,
Field Sale,1,0.0041,unmatched,,,
Field Quality,1,0.0041,unmatched,,,
Operations Strategy,1,0.0041,unmatched,,,
Operations Research,1,0.0041,unmatched,,,
Operations Report,1,0.0041,unmatched,,,
Operations Improvement,1,0.0041,unmatched,,,
Operations Executive,1,0.0041,unmatched,,,
Operations Engineer,1,0.0041,unmatched,,,
Options & Derivatives Basics,1,0.0041,unmatched,,,
Optimize Sales,1,0.0041,unmatched,,,
Optimization Techniques,1,0.0041,unmatched,,,
Optical Testing,1,0.0041,unmatched,,,
Field Inspection,1,0.0041,unmatched,,,
Field Hr,1,0.0041,unmatched,,,
Field HR,1,0.0041,unmatched,,,
Field Force Management,1,0.0041,unmatched,,,
Field Coordination,1,0.0041,unmatched,,,
Field Audit,1,0.0041,unmatched,,,
Opt,1,0.0041,unmatched,,,
Ops Services Scripts,1,0.0041,unmatched,,,
Ops Manager,1,0.0041,unmatched,,,
Opl,1,0.0041,unmatched,,,
Ophthalmologists,1,0.0041,unmatched,,,
Ophthalmic Surgery,1,0.0041,unmatched,,,
Oracle Access Manager,1,0.0041,unmatched,,,
Oracle APEX Developer,1,0.0041,unmatched,,,
Oracle APEX,1,0.0041,unmatched,,,
Oracle AIA,1,0.0041,unmatched,,,
Oracle 11G,1,0.0041,unmatched,,,
Fiction Writing,1,0.0041,unmatched,,,
Fico Module,1,0.0041,unmatched,,,
Fibre Channel,1,0.0041,unmatched,,,
Fibre,1,0.0041,unmatched,,,
Fiber Splicing,1,0.0041,unmatched,,,
Fhir,1,0.0041,unmatched,,,
Ff,1,0.0041,unmatched,,,
Fetch API / REST API,1,0.0041,unmatched,,,
Festive Campaigns,1,0.0041,unmatched,,,
Oracle 10G,1,0.0041,unmatched,,,
Or Sealing Problems,1,0.0041,unmatched,,,
Oracle Cloud Integration,1,0.0041,unmatched,,,
Oracle Cloud HCM,1,0.0041,unmatched,,,
Oracle Cloud Accounts Receivable,1,0.0041,unmatched,,,
Oracle CC&B Technical Architecture,1,0.0041,unmatched,,,
Oracle Business Intelligence,1,0.0041,unmatched,,,
Oracle Billing,1,0.0041,unmatched,,,
Oracle Bi Apps,1,0.0041,unmatched,,,
Oracle BRM,1,0.0041,unmatched,,,
Oracle BPEL,1,0.0041,unmatched,,,
Oracle Apps Hrms,1,0.0041,unmatched,,,
Oracle Apps DBA,1,0.0041,unmatched,,,
Oracle Application Express,1,0.0041,unmatched,,,
Oracle Apex,1,0.0041,unmatched,,,
Oracle Analytics,1,0.0041,unmatched,,,
Oracle Agile Plm,1,0.0041,unmatched,,,
Oracle Admin,1,0.0041,unmatched,,,
Fcpa,1,0.0041,unmatched,,,
Oracle Database Cloud,1,0.0041,unmatched,,,
Oracle Data,1,0.0041,unmatched,,,
Oracle Cx,1,0.0041,unmatched,,,
Oracle Configurator,1,0.0041,unmatched,,,
Oracle Cloud Visual Builder,1,0.0041,unmatched,,,
Oracle Cloud Procurement,1,0.0041,unmatched,,,
Fermentation,1,0.0041,unmatched,,,
Female sports coach,1,0.0041,unmatched,,,
Fema,1,0.0041,unmatched,,,
Fellowship in Neonatology,1,0.0041,unmatched,,,
Feeders,1,0.0041,unmatched,,,
Feedback Analysis,1,0.0041,unmatched,,,
Fee Income,1,0.0041,unmatched,,,
Federation,1,0.0041,unmatched,,,
FederatedPortalNetwork,1,0.0041,unmatched,,,
Fb Server,1,0.0041,unmatched,,,
Fault Rectification,1,0.0041,unmatched,,,
Fatigue Analysis,1,0.0041,unmatched,,,
Fastload,1,0.0041,unmatched,,,
Fastening,1,0.0041,unmatched,,,
Fastener,1,0.0041,unmatched,,,
Fastai,1,0.0041,unmatched,,,
Feature Driven Development,1,0.0041,unmatched,,,
Feasibility Working,1,0.0041,unmatched,,,
Feasibility Reports,1,0.0041,unmatched,,,
Feasibility,1,0.0041,unmatched,,,
Fdd,1,0.0041,unmatched,,,
Fd,1,0.0041,unmatched,,,
Fct,1,0.0041,unmatched,,,
Fcra,1,0.0041,unmatched,,,
Fcps,1,0.0041,unmatched,,,
Oracle Functional,1,0.0041,unmatched,,,
Oracle Financial System,1,0.0041,unmatched,,,
Oracle Field Service Cloud SaaS Implementation,1,0.0041,unmatched,,,
Oracle Field Service Cloud,1,0.0041,unmatched,,,
Oracle FCCS,1,0.0041,unmatched,,,
Fast Learner,1,0.0041,unmatched,,,
Fast,1,0.0041,unmatched,,,
Fashion design,1,0.0041,unmatched,,,
Fashion Retail Specialist,1,0.0041,unmatched,,,
Fashion Marketing,1,0.0041,unmatched,,,
Fashion Jewellery,1,0.0041,unmatched,,,
Fashion Content Writer,1,0.0041,unmatched,,,
Oracle Enterprise Performance Management,1,0.0041,unmatched,,,
Oracle Ebs,1,0.0041,unmatched,,,
Oracle Designer,1,0.0041,unmatched,,,
Fba,1,0.0041,unmatched,,,
Oracle Fusion cloud,1,0.0041,unmatched,,,
Oracle Fusion Manufacturing,1,0.0041,unmatched,,,
Fas,1,0.0041,unmatched,,,
Farvision,1,0.0041,unmatched,,,
Faro,1,0.0041,unmatched,,,
Farming,1,0.0041,unmatched,,,
Farmer Engagement,1,0.0041,unmatched,,,
Farm Management,1,0.0041,unmatched,,,
Farm,1,0.0041,unmatched,,,
Fanuc System,1,0.0041,unmatched,,,
Fanuc Robots,1,0.0041,unmatched,,,
Family Planning,1,0.0041,unmatched,,,
Oracle Fusion Financial,1,0.0041,unmatched,,,
Oracle Fusion ERP,1,0.0041,unmatched,,,
Oracle Fusion Cloud HCM,1,0.0041,unmatched,,,
Oracle Fusion Cloud,1,0.0041,unmatched,,,
Factory operations,1,0.0041,unmatched,,,
Factory management,1,0.0041,unmatched,,,
Oracle Manufacturing,1,0.0041,unmatched,,,
Oracle Istore,1,0.0041,unmatched,,,
Oracle Integration Cloud Service,1,0.0041,unmatched,,,
Oracle Hyperion Financial Reporting,1,0.0041,unmatched,,,
Oracle Hyperion Financial Management,1,0.0041,unmatched,,,
Oracle Hyperion Calculation Manager,1,0.0041,unmatched,,,
Oracle Hyperion,1,0.0041,unmatched,,,
Oracle Hcm Technical,1,0.0041,unmatched,,,
Oracle HR,1,0.0041,unmatched,,,
Oracle HCM modules,1,0.0041,unmatched,,,
Oracle HCM Cloud,1,0.0041,unmatched,,,
Oracle HCM Benefit,1,0.0041,unmatched,,,
Oracle Gtm,1,0.0041,unmatched,,,
Oracle General Ledger,1,0.0041,unmatched,,,
Oracle Pos,1,0.0041,unmatched,,,
Oracle Payroll flows,1,0.0041,unmatched,,,
Oracle Paas,1,0.0041,unmatched,,,
Oracle PL SQL,1,0.0041,unmatched,,,
Oracle PL,1,0.0041,unmatched,,,
Family Medicine,1,0.0041,unmatched,,,
Familiarity with Microsoft Office tools,1,0.0041,unmatched,,,
Familiarity with AML,1,0.0041,unmatched,,,
Familiar with standard interfaces,1,0.0041,unmatched,,,
Familiar with rotor balancing,1,0.0041,unmatched,,,
Familiar With Excel,1,0.0041,unmatched,,,
False Ceiling,1,0.0041,unmatched,,,
Falcon,1,0.0041,unmatched,,,
Failure rate,1,0.0041,unmatched,,,
Failure Analysis,1,0.0041,unmatched,,,
Factset,1,0.0041,unmatched,,,
Oracle SCM,1,0.0041,unmatched,,,
Oracle Retail,1,0.0041,unmatched,,,
Oracle RDBMS,1,0.0041,unmatched,,,
Oracle R13,1,0.0041,unmatched,,,
Factory Simulation,1,0.0041,unmatched,,,
Factory Management,1,0.0041,unmatched,,,
Factory Compliance,1,0.0041,unmatched,,,
Factory Audit,1,0.0041,unmatched,,,
Factors,1,0.0041,unmatched,,,
Fact,1,0.0041,unmatched,,,
Facility operations,1,0.0041,unmatched,,,
Facility design,1,0.0041,unmatched,,,
Oracle Projects,1,0.0041,unmatched,,,
Oracle Project Management,1,0.0041,unmatched,,,
Oracle Presales,1,0.0041,unmatched,,,
Oracle Practice,1,0.0041,unmatched,,,
Oracle Sql Loader,1,0.0041,unmatched,,,
Oracle Software,1,0.0041,unmatched,,,
Oracle Soa,1,0.0041,unmatched,,,
Oracle Shipping,1,0.0041,unmatched,,,
Oracle Service Cloud,1,0.0041,unmatched,,,
Oracle Server,1,0.0041,unmatched,,,
Facility Planning,1,0.0041,unmatched,,,
Facility Management Services,1,0.0041,unmatched,,,
Facility Management Operations,1,0.0041,unmatched,,,
Facility Layout,1,0.0041,unmatched,,,
Facility Executive Technical,1,0.0041,unmatched,,,
Facility Design,1,0.0041,unmatched,,,
Facility,1,0.0041,unmatched,,,
Oracle SaaS extension,1,0.0041,unmatched,,,
Oracle SaaS applications OIC,1,0.0041,unmatched,,,
Oracle SaaS,1,0.0041,unmatched,,,
Oracle Xstore,1,0.0041,unmatched,,,
Oracle Workflows,1,0.0041,unmatched,,,
Oracle Workflow,1,0.0041,unmatched,,,
Oracle Weblogic Server,1,0.0041,unmatched,,,
Oracle Webcenter,1,0.0041,unmatched,,,
Oracle Visual Builder Cloud Service,1,0.0041,unmatched,,,
Oracle VBCS Development,1,0.0041,unmatched,,,
Oracle VBCS Developer,1,0.0041,unmatched,,,
Oracle Utilities,1,0.0041,unmatched,,,
Oracle UIM,1,0.0041,unmatched,,,
Oracle Transportation Management,1,0.0041,unmatched,,,
Oracle Technical,1,0.0041,unmatched,,,
Oracle Taleo,1,0.0041,unmatched,,,
Oracle TPM,1,0.0041,unmatched,,,
Oracle Support,1,0.0041,unmatched,,,
Oracle Stack,1,0.0041,unmatched,,,
Oral Communication,1,0.0041,unmatched,,,
OracleHCM,1,0.0041,unmatched,,,
Oracle solutions,1,0.0041,unmatched,,,
Oracle project accounting,1,0.0041,unmatched,,,
Oracle payroll certification,1,0.0041,unmatched,,,
Facebook Marketing,1,0.0041,unmatched,,,
Facebook Ads Specialist,1,0.0041,unmatched,,,
Facebook Ads Manager,1,0.0041,unmatched,,,
Facade design,1,0.0041,unmatched,,,
Facade Engineering,1,0.0041,unmatched,,,
Fabrication Quality,1,0.0041,unmatched,,,
Fabrication Production Engg,1,0.0041,unmatched,,,
Fabrication Process,1,0.0041,unmatched,,,
Fabrication Experinece,1,0.0041,unmatched,,,
Oracle fusion,1,0.0041,unmatched,,,
Oracle cloud,1,0.0041,unmatched,,,
Fabric Stock Levels,1,0.0041,unmatched,,,
Fabric Sales,1,0.0041,unmatched,,,
Fabric Dying,1,0.0041,unmatched,,,
Fabric Development,1,0.0041,unmatched,,,
Fa,1,0.0041,unmatched,,,
FUP,1,0.0041,unmatched,,,
FULLSTACK AI,1,0.0041,unmatched,,,
FULLSTACK,1,0.0041,unmatched,,,
FTT,1,0.0041,unmatched,,,
FTP adapter,1,0.0041,unmatched,,,
FTL,1,0.0041,unmatched,,,
Order Engineering,1,0.0041,unmatched,,,
Orcad Capture,1,0.0041,unmatched,,,
Orcad,1,0.0041,unmatched,,,
Orc,1,0.0041,unmatched,,,
Oral Solid Dosage,1,0.0041,unmatched,,,
FRC,1,0.0041,unmatched,,,
Organizational Leadership,1,0.0041,unmatched,,,
Organizational & Planning Skills,1,0.0041,unmatched,,,
Organization and Time Management,1,0.0041,unmatched,,,
Organization Restructuring,1,0.0041,unmatched,,,
Organization Design,1,0.0041,unmatched,,,
Organic chemistry,1,0.0041,unmatched,,,
Organic Marketing,1,0.0041,unmatched,,,
Organic Farming,1,0.0041,unmatched,,,
Organic Campaign,1,0.0041,unmatched,,,
Order-To-Cash,1,0.0041,unmatched,,,
Order and Service Management,1,0.0041,unmatched,,,
Order To Cash Process,1,0.0041,unmatched,,,
Order Purchase,1,0.0041,unmatched,,,
Order Management System,1,0.0041,unmatched,,,
Order Fulfilment,1,0.0041,unmatched,,,
Origin,1,0.0041,unmatched,,,
FPO sourcing & management,1,0.0041,unmatched,,,
FMEA software,1,0.0041,unmatched,,,
FMCG Domain,1,0.0041,unmatched,,,
FMCG / Trading / Export Industry,1,0.0041,unmatched,,,
FMCD STATIONARY CONSUMER DURABLES,1,0.0041,unmatched,,,
FMCD,1,0.0041,unmatched,,,
FSM & HRSD implementation,1,0.0041,unmatched,,,
FSM,1,0.0041,unmatched,,,
FSLogix,1,0.0041,unmatched,,,
FSI,1,0.0041,unmatched,,,
FS Tax,1,0.0041,unmatched,,,
FRTB,1,0.0041,unmatched,,,
FRRO,1,0.0041,unmatched,,,
FRP / Composite Material Inspection,1,0.0041,unmatched,,,
FRM,1,0.0041,unmatched,,,
FICA,1,0.0041,unmatched,,,
Otc Sales,1,0.0041,unmatched,,,
Otc Derivatives,1,0.0041,unmatched,,,
Otbi Reports,1,0.0041,unmatched,,,
Ot Technician,1,0.0041,unmatched,,,
Ot Security,1,0.0041,unmatched,,,
Oss Domain,1,0.0041,unmatched,,,
Osgi,1,0.0041,unmatched,,,
Osd,1,0.0041,unmatched,,,
Oscp,1,0.0041,unmatched,,,
Osb,1,0.0041,unmatched,,,
Os Installation,1,0.0041,unmatched,,,
Orm Tool,1,0.0041,unmatched,,,
Orion,1,0.0041,unmatched,,,
Origination,1,0.0041,unmatched,,,
Original Equipment Manufacturer,1,0.0041,unmatched,,,
Outbound calling,1,0.0041,unmatched,,,
Outbound Tours,1,0.0041,unmatched,,,
Outbound Sa,1,0.0041,unmatched,,,
Outbound Holiday Sales,1,0.0041,unmatched,,,
FLYASH Sales,1,0.0041,unmatched,,,
FLYASH,1,0.0041,unmatched,,,
FLS,1,0.0041,unmatched,,,
FITTER,1,0.0041,unmatched,,,
FIT,1,0.0041,unmatched,,,
FIRST SOURCE,1,0.0041,unmatched,,,
FIORI Applications,1,0.0041,unmatched,,,
FINAL GRAPHICS,1,0.0041,unmatched,,,
FIFO compliance,1,0.0041,unmatched,,,
FIFO PRACTICES,1,0.0041,unmatched,,,
FICO Module Implementation,1,0.0041,unmatched,,,
FICO HANA,1,0.0041,unmatched,,,
Outlets,1,0.0041,unmatched,,,
Outlet-wise Profitability Analysis,1,0.0041,unmatched,,,
Outlet Operations,1,0.0041,unmatched,,,
Outlet Manager,1,0.0041,unmatched,,,
Outdoor Signage,1,0.0041,unmatched,,,
FI/CO,1,0.0041,unmatched,,,
FI-GL,1,0.0041,unmatched,,,
FI Module,1,0.0041,unmatched,,,
FHIR,1,0.0041,unmatched,,,
FG,1,0.0041,unmatched,,,
FEM,1,0.0041,unmatched,,,
FDMEE,1,0.0041,unmatched,,,
FDM,1,0.0041,unmatched,,,
FCU,1,0.0041,unmatched,,,
Outbound sales,1,0.0041,unmatched,,,
Outbound process,1,0.0041,unmatched,,,
F5 BIG-IP,1,0.0041,unmatched,,,
Ownership Of Tasks,1,0.0041,unmatched,,,
Owasp Zap,1,0.0041,unmatched,,,
Oversee Printing / Ebooks,1,0.0041,unmatched,,,
Overseas Logistics,1,0.0041,unmatched,,,
Overseas Documentation,1,0.0041,unmatched,,,
Overhead Transmission,1,0.0041,unmatched,,,
Overhauling,1,0.0041,unmatched,,,
Overall Equipment Effectiveness,1,0.0041,unmatched,,,
Oven,1,0.0041,unmatched,,,
Outward Document,1,0.0041,unmatched,,,
Outward,1,0.0041,unmatched,,,
Outsource Engineer,1,0.0041,unmatched,,,
Outreach,1,0.0041,unmatched,,,
Output,1,0.0041,unmatched,,,
Outpatient Coding,1,0.0041,unmatched,,,
P&C Insurance,1,0.0041,unmatched,,,
P&C Domain Expert,1,0.0041,unmatched,,,
Oxygen therapy,1,0.0041,unmatched,,,
Oxygen,1,0.0041,unmatched,,,
FCL Sales,1,0.0041,unmatched,,,
FCL SALES,1,0.0041,unmatched,,,
FCC Developer,1,0.0041,unmatched,,,
FC,1,0.0041,unmatched,,,
FBDI,1,0.0041,unmatched,,,
FBA/FBF Operations,1,0.0041,unmatched,,,
FAT procedures,1,0.0041,unmatched,,,
FAS,1,0.0041,unmatched,,,
FAO,1,0.0041,unmatched,,,
FAISS,1,0.0041,unmatched,,,
FA Wings,1,0.0041,unmatched,,,
F5 LTM/GTM,1,0.0041,unmatched,,,
F&A Operations,1,0.0041,unmatched,,,
F & B Trainer,1,0.0041,unmatched,,,
Eygpt,1,0.0041,unmatched,,,
PBCS/EPBCS,1,0.0041,unmatched,,,
PB Portfolio,1,0.0041,unmatched,,,
PAYE,1,0.0041,unmatched,,,
PAY SLIP,1,0.0041,unmatched,,,
PAT,1,0.0041,unmatched,,,
PARAMEDICAL,1,0.0041,unmatched,,,
PAM,1,0.0041,unmatched,,,
PA System,1,0.0041,unmatched,,,
P2R,1,0.0041,unmatched,,,
P2P Process,1,0.0041,unmatched,,,
P2P Network Jobs,1,0.0041,unmatched,,,
P&ID and engineering drawing interpretation,1,0.0041,unmatched,,,
P&ID Development,1,0.0041,unmatched,,,
PCB ROUTING MACHINE,1,0.0041,unmatched,,,
PCB Maintenance,1,0.0041,unmatched,,,
PCB Assembly,1,0.0041,unmatched,,,
PCB ASSEMBLY,1,0.0041,unmatched,,,
PCAOB,1,0.0041,unmatched,,,
PBT,1,0.0041,unmatched,,,
PBS PCL,1,0.0041,unmatched,,,
F2B,1,0.0041,unmatched,,,
F&O,1,0.0041,unmatched,,,
F&F,1,0.0041,unmatched,,,
F&B Management,1,0.0041,unmatched,,,
F&A solutioning,1,0.0041,unmatched,,,
F&A collections,1,0.0041,unmatched,,,
F&A Solutions,1,0.0041,unmatched,,,
F&A Proposals,1,0.0041,unmatched,,,
F&A Processes,1,0.0041,unmatched,,,
PCIe / PCI Express,1,0.0041,unmatched,,,
PCI,1,0.0041,unmatched,,,
PCF Java IDE Eclipse,1,0.0041,unmatched,,,
Eye OT,1,0.0041,unmatched,,,
Extrusion Process,1,0.0041,unmatched,,,
Extrusion Machine,1,0.0041,unmatched,,,
Extreme,1,0.0041,unmatched,,,
Extractable and leachable,1,0.0041,unmatched,,,
Extjs,1,0.0041,unmatched,,,
External Vendor Audit,1,0.0041,unmatched,,,
External Sales,1,0.0041,unmatched,,,
External Communication,1,0.0041,unmatched,,,
Exterior Design,1,0.0041,unmatched,,,
PCC/MCC,1,0.0041,unmatched,,,
PCB design tools,1,0.0041,unmatched,,,
PCB architecture,1,0.0041,unmatched,,,
PEPSE,1,0.0041,unmatched,,,
PEGA Support,1,0.0041,unmatched,,,
PEGA SUPPORT,1,0.0041,unmatched,,,
PEGA Architect,1,0.0041,unmatched,,,
PEGA APPLICATION,1,0.0041,unmatched,,,
PEGA,1,0.0041,unmatched,,,
PECI,1,0.0041,unmatched,,,
PEB Pedestals,1,0.0041,unmatched,,,
PDMS,1,0.0041,unmatched,,,
PDM,1,0.0041,unmatched,,,
PDLC,1,0.0041,unmatched,,,
PDIS,1,0.0041,unmatched,,,
PDF Formatting & Exporting,1,0.0041,unmatched,,,
PCR Schemas,1,0.0041,unmatched,,,
PCR,1,0.0041,unmatched,,,
PCM,1,0.0041,unmatched,,,
PGW,1,0.0041,unmatched,,,
PGT History,1,0.0041,unmatched,,,
PGT English Teacher,1,0.0041,unmatched,,,
PG watch,1,0.0041,unmatched,,,
PFS,1,0.0041,unmatched,,,
PFD,1,0.0041,unmatched,,,
Express Js,1,0.0041,unmatched,,,
Expresjs,1,0.0041,unmatched,,,
Exposure To Audit Protocols,1,0.0041,unmatched,,,
Exports,1,0.0041,unmatched,,,
Export sales,1,0.0041,unmatched,,,
Export management,1,0.0041,unmatched,,,
Export billing,1,0.0041,unmatched,,,
Export Regulations,1,0.0041,unmatched,,,
Export Merchandiser,1,0.0041,unmatched,,,
PERT/CPM will be added advantage,1,0.0041,unmatched,,,
PICU,1,0.0041,unmatched,,,
PICOF/PICIT,1,0.0041,unmatched,,,
PICOF,1,0.0041,unmatched,,,
PI,1,0.0041,unmatched,,,
PHYSICIAN BILLING,1,0.0041,unmatched,,,
PHP Full stack,1,0.0041,unmatched,,,
PHE engineering,1,0.0041,unmatched,,,
Export Manager,1,0.0041,unmatched,,,
Export Compliance,1,0.0041,unmatched,,,
Export Bills,1,0.0041,unmatched,,,
Expo,1,0.0041,unmatched,,,
Exploratory testing,1,0.0041,unmatched,,,
Exploratory Testing,1,0.0041,unmatched,,,
PHARMACEUTICAL,1,0.0041,unmatched,,,
PHA,1,0.0041,unmatched,,,
PH,1,0.0041,unmatched,,,
Experience Cloud,1,0.0041,unmatched,,,
Expense analysis,1,0.0041,unmatched,,,
Expense Reports,1,0.0041,unmatched,,,
PLC SAFETY,1,0.0041,unmatched,,,
PLC Programmer,1,0.0041,unmatched,,,
PLC M,1,0.0041,unmatched,,,
PLC & Control Panel Handling,1,0.0041,unmatched,,,
PL-600,1,0.0041,unmatched,,,
PL-400,1,0.0041,unmatched,,,
PL-200,1,0.0041,unmatched,,,
PL-100,1,0.0041,unmatched,,,
PL Sales,1,0.0041,unmatched,,,
PIM/PAM solution,1,0.0041,unmatched,,,
PIM solutions,1,0.0041,unmatched,,,
PIM design,1,0.0041,unmatched,,,
PIM,1,0.0041,unmatched,,,
PLM- Enovia,1,0.0041,unmatched,,,
PLM Tools,1,0.0041,unmatched,,,
PLM Teamcenter,1,0.0041,unmatched,,,
PLM Development,1,0.0041,unmatched,,,
PLCs and HMI/SCADA,1,0.0041,unmatched,,,
Exploration,1,0.0041,unmatched,,,
Expertise in stage-wise inspection protocols for large rotating and static equipment,1,0.0041,unmatched,,,
Expertise in NVIDIA,1,0.0041,unmatched,,,
Experimental Reports,1,0.0041,unmatched,,,
Experience in managing blue-collar and technical workforce,1,0.0041,unmatched,,,
Experience in REVIT/ BIM/Lumion/Sketch up/ Rhino preferred,1,0.0041,unmatched,,,
Experience in PV Panel Production,1,0.0041,unmatched,,,
Experience in BFP motor and turbine driven and CEP system engineering,1,0.0041,unmatched,,,
Experience Testing,1,0.0041,unmatched,,,
Experience Operating Packaging Machinery In A Manufacturing Environment Preferred,1,0.0041,unmatched,,,
Experience In The Service Industry,1,0.0041,unmatched,,,
PNL Management,1,0.0041,unmatched,,,
PMT,1,0.0041,unmatched,,,
PMRDA drawings,1,0.0041,unmatched,,,
PMP Trained,1,0.0041,unmatched,,,
PMP Certified,1,0.0041,unmatched,,,
PMO Lead,1,0.0041,unmatched,,,
PMI,1,0.0041,unmatched,,,
Expense Analysis,1,0.0041,unmatched,,,
Exit Interview,1,0.0041,unmatched,,,
Eximbill,1,0.0041,unmatched,,,
PMGM,1,0.0041,unmatched,,,
PMCs,1,0.0041,unmatched,,,
PMC drawing,1,0.0041,unmatched,,,
PLTCM,1,0.0041,unmatched,,,
PLSQL Support,1,0.0041,unmatched,,,
PLSQL Development,1,0.0041,unmatched,,,
POS advisors,1,0.0041,unmatched,,,
POS,1,0.0041,unmatched,,,
POP,1,0.0041,unmatched,,,
POLICYCENTER,1,0.0041,unmatched,,,
PO/WO,1,0.0041,unmatched,,,
PO/UX/UI,1,0.0041,unmatched,,,
Executive- Fabric Lab,1,0.0041,unmatched,,,
Executive search,1,0.0041,unmatched,,,
Executive Training,1,0.0041,unmatched,,,
Executive Supply Chain Management,1,0.0041,unmatched,,,
Executive Reporting,1,0.0041,unmatched,,,
Executive Regulatory Affairs,1,0.0041,unmatched,,,
Executive Quality Assurance,1,0.0041,unmatched,,,
Executive Engineering,1,0.0041,unmatched,,,
PO-SRN-Invoice,1,0.0041,unmatched,,,
PO to IS Migration,1,0.0041,unmatched,,,
PPC Engineer,1,0.0041,unmatched,,,
Executive Chef,1,0.0041,unmatched,,,
Executive Assistant to CEO,1,0.0041,unmatched,,,
Executive Assistant To Director,1,0.0041,unmatched,,,
Executive Asistant,1,0.0041,unmatched,,,
Executive Administrator,1,0.0041,unmatched,,,
Executive 2,1,0.0041,unmatched,,,
Executive  for business Strategy & Development - domestic and overseas,1,0.0041,unmatched,,,
Execution Of Defense Projects,1,0.0041,unmatched,,,
Excise Duty,1,0.0041,unmatched,,,
Excipients Development,1,0.0041,unmatched,,,
PPA impact analysis,1,0.0041,unmatched,,,
PP-qm,1,0.0041,unmatched,,,
PP sheet extrusion,1,0.0041,unmatched,,,
PP Layout Engineering,1,0.0041,unmatched,,,
POSDTA,1,0.0041,unmatched,,,
PRODUCT,1,0.0041,unmatched,,,
PROCUREMENT SOFTWARE,1,0.0041,unmatched,,,
PROCUREMENT,1,0.0041,unmatched,,,
PRESSES,1,0.0041,unmatched,,,
PRESALES,1,0.0041,unmatched,,,
PREPARE MEDIA DISTIL,1,0.0041,unmatched,,,
PR Strategy,1,0.0041,unmatched,,,
PQC,1,0.0041,unmatched,,,
PPTP,1,0.0041,unmatched,,,
PPQM,1,0.0041,unmatched,,,
PPM/CPM,1,0.0041,unmatched,,,
PPM Monitoring,1,0.0041,unmatched,,,
PPF industry,1,0.0041,unmatched,,,
PPF,1,0.0041,unmatched,,,
PPC Specialist,1,0.0041,unmatched,,,
PPC Manager,1,0.0041,unmatched,,,
PRT math Science,1,0.0041,unmatched,,,
PRT Maths,1,0.0041,unmatched,,,
PRT English,1,0.0041,unmatched,,,
PRT Computer,1,0.0041,unmatched,,,
Exchange administration,1,0.0041,unmatched,,,
Exchange Online migration,1,0.0041,unmatched,,,
Exchange Online Administration,1,0.0041,unmatched,,,
Exchange Compliance,1,0.0041,unmatched,,,
Exchange Administration,1,0.0041,unmatched,,,
Exception Handling,1,0.0041,unmatched,,,
Excellent verbal and written communication skills for presentations,1,0.0041,unmatched,,,
Excellent verbal and written communication skills,1,0.0041,unmatched,,,
Excellent communication and interpersonal skills,1,0.0041,unmatched,,,
Excellent Verbal And Written Communication Skills Business Development Lead generation Sales & Marketing Business Expansion Email Writing Hospitality Relationship Management After Sales Service,1,0.0041,unmatched,,,
PROVANA,1,0.0041,unmatched,,,
PRODUCT PROMOTIONS,1,0.0041,unmatched,,,
PURCHASE EXECUTIVE,1,0.0041,unmatched,,,
PU,1,0.0041,unmatched,,,
PTCED,1,0.0041,unmatched,,,
Excellent English written and verbal communication skills. Ability to draft professional business correspondence,1,0.0041,unmatched,,,
Excellent Communication skills,1,0.0041,unmatched,,,
Excellent Commskills,1,0.0041,unmatched,,,
Excelle,1,0.0041,unmatched,,,
Excel for SD Agent,1,0.0041,unmatched,,,
Excel Work,1,0.0041,unmatched,,,
Excel Sheets,1,0.0041,unmatched,,,
PTC,1,0.0041,unmatched,,,
PSP,1,0.0041,unmatched,,,
PSMP,1,0.0041,unmatched,,,
PSD,1,0.0041,unmatched,,,
PS module,1,0.0041,unmatched,,,
PRX,1,0.0041,unmatched,,,
Pacemaker,1,0.0041,unmatched,,,
Paas Architecture,1,0.0041,unmatched,,,
Examination,1,0.0041,unmatched,,,
Exacttarget,1,0.0041,unmatched,,,
Ex Servicemen,1,0.0041,unmatched,,,
Ews,1,0.0041,unmatched,,,
Ewfm,1,0.0041,unmatched,,,
Evpn,1,0.0041,unmatched,,,
Events & Campaigns,1,0.0041,unmatched,,,
PYSPARK,1,0.0041,unmatched,,,
PXI,1,0.0041,unmatched,,,
PWC,1,0.0041,unmatched,,,
PVAC,1,0.0041,unmatched,,,
PV System,1,0.0041,unmatched,,,
PURESCALE,1,0.0041,unmatched,,,
PURCHASE EXECUTIVE - STATIONARY /CONSUMER DURABLES /FMCD,1,0.0041,unmatched,,,
Page Design,1,0.0041,unmatched,,,
Page,1,0.0041,unmatched,,,
Paediatrician,1,0.0041,unmatched,,,
Packing material,1,0.0041,unmatched,,,
Packing Matrix,1,0.0041,unmatched,,,
Packing List,1,0.0041,unmatched,,,
Packing Helper,1,0.0041,unmatched,,,
Packing,1,0.0041,unmatched,,,
Packet Core,1,0.0041,unmatched,,,
Packet Capture,1,0.0041,unmatched,,,
Packaging machines,1,0.0041,unmatched,,,
Packaging development,1,0.0041,unmatched,,,
Packaging Line Maintenance,1,0.0041,unmatched,,,
Packaging Equipments,1,0.0041,unmatched,,,
Packaging Engineering,1,0.0041,unmatched,,,
Packaging And Printing Technologies,1,0.0041,unmatched,,,
Event Correlation,1,0.0041,unmatched,,,
Event Branding,1,0.0041,unmatched,,,
Event & Service Planning,1,0.0041,unmatched,,,
Event & Exhibition Coordination,1,0.0041,unmatched,,,
Evaluation And Management,1,0.0041,unmatched,,,
Event operation,1,0.0041,unmatched,,,
Event mesh,1,0.0041,unmatched,,,
Event logistics,1,0.0041,unmatched,,,
Event driven architect,1,0.0041,unmatched,,,
Event Strategy Management,1,0.0041,unmatched,,,
Event Scheduler,1,0.0041,unmatched,,,
Event Promotion,1,0.0041,unmatched,,,
Event Production,1,0.0041,unmatched,,,
Event Planning & Coordination,1,0.0041,unmatched,,,
Pagination,1,0.0041,unmatched,,,
Page Object Model,1,0.0041,unmatched,,,
Palletizing Systems,1,0.0041,unmatched,,,
Palantir Foundry tools,1,0.0041,unmatched,,,
Palantir Foundry,1,0.0041,unmatched,,,
Pair Programming,1,0.0041,unmatched,,,
Paint shop,1,0.0041,unmatched,,,
Paint circulation system maintenance,1,0.0041,unmatched,,,
Paint Technologist,1,0.0041,unmatched,,,
Paint Shop Supervisor,1,0.0041,unmatched,,,
Paint Shop Maintenance,1,0.0041,unmatched,,,
Paint Engineering,1,0.0041,unmatched,,,
Paint Booth,1,0.0041,unmatched,,,
Paint Application,1,0.0041,unmatched,,,
Paint,1,0.0041,unmatched,,,
Pain management,1,0.0041,unmatched,,,
Paid marketing,1,0.0041,unmatched,,,
Event Management Software,1,0.0041,unmatched,,,
Etp Plant,1,0.0041,unmatched,,,
Etom,1,0.0041,unmatched,,,
Etl Tool,1,0.0041,unmatched,,,
Etl Testing,1,0.0041,unmatched,,,
Panel Fabrication,1,0.0041,unmatched,,,
Panel Estimation,1,0.0041,unmatched,,,
Panel Costing,1,0.0041,unmatched,,,
Panel Builder,1,0.0041,unmatched,,,
Panel,1,0.0041,unmatched,,,
Panda,1,0.0041,unmatched,,,
Panchakarma Therapist,1,0.0041,unmatched,,,
Panchakarma,1,0.0041,unmatched,,,
Panasonics Robotics,1,0.0041,unmatched,,,
Panasonic Robots,1,0.0041,unmatched,,,
Pan Asian,1,0.0041,unmatched,,,
Palo Alto,1,0.0041,unmatched,,,
Parasoft,1,0.0041,unmatched,,,
Paramedic Activities,1,0.0041,unmatched,,,
Parallon,1,0.0041,unmatched,,,
Parallel Programming,1,0.0041,unmatched,,,
Papyrus,1,0.0041,unmatched,,,
Pantry arrangement,1,0.0041,unmatched,,,
Panel designing,1,0.0041,unmatched,,,
European Union Aviation Safety Agency,1,0.0041,unmatched,,,
Europe Sales,1,0.0041,unmatched,,,
Europe Reporting,1,0.0041,unmatched,,,
Europe Payroll,1,0.0041,unmatched,,,
Euro Codes,1,0.0041,unmatched,,,
Euc,1,0.0041,unmatched,,,
Eu,1,0.0041,unmatched,,,
Etrm,1,0.0041,unmatched,,,
Etq Reliance,1,0.0041,unmatched,,,
Partitioning,1,0.0041,unmatched,,,
Particle Size Analysis,1,0.0041,unmatched,,,
Particle Size,1,0.0041,unmatched,,,
Part modeling,1,0.0041,unmatched,,,
Part Design,1,0.0041,unmatched,,,
Pareto Analysis,1,0.0041,unmatched,,,
Etl Development,1,0.0041,unmatched,,,
Etl Automation,1,0.0041,unmatched,,,
Ethics And Compliance,1,0.0041,unmatched,,,
Ethical and Legal Understanding,1,0.0041,unmatched,,,
Etd,1,0.0041,unmatched,,,
Etc,1,0.0041,unmatched,,,
Parents Interaction,1,0.0041,unmatched,,,
Parent Relation,1,0.0041,unmatched,,,
Parent Handling,1,0.0041,unmatched,,,
Pardot clouds,1,0.0041,unmatched,,,
Parts Replacement,1,0.0041,unmatched,,,
Parts Management,1,0.0041,unmatched,,,
Parts Coordination,1,0.0041,unmatched,,,
Partnership management,1,0.0041,unmatched,,,
Partner development,1,0.0041,unmatched,,,
Partner Reconciliation,1,0.0041,unmatched,,,
Partner Onboarding,1,0.0041,unmatched,,,
Etabs,1,0.0041,unmatched,,,
Estimator,1,0.0041,unmatched,,,
Estimation Engineer,1,0.0041,unmatched,,,
Estimation Costing,1,0.0041,unmatched,,,
Estimation And Billing,1,0.0041,unmatched,,,
Estimation & Budgeting,1,0.0041,unmatched,,,
Estimating Efforts,1,0.0041,unmatched,,,
Partner Marketing,1,0.0041,unmatched,,,
Partner,1,0.0041,unmatched,,,
Patents,1,0.0041,unmatched,,,
Patent landscaping,1,0.0041,unmatched,,,
Pastry,1,0.0041,unmatched,,,
Password Management,1,0.0041,unmatched,,,
Passive Cabling,1,0.0041,unmatched,,,
Passenger Vehicle,1,0.0041,unmatched,,,
Ess / Mss,1,0.0041,unmatched,,,
Esri Arcgis,1,0.0041,unmatched,,,
Espresso,1,0.0041,unmatched,,,
Esp,1,0.0041,unmatched,,,
Escrow account opening,1,0.0041,unmatched,,,
Escrow Transaction Monitoring,1,0.0041,unmatched,,,
Escrow Agreements,1,0.0041,unmatched,,,
Escrow,1,0.0041,unmatched,,,
Escalations Monitoring,1,0.0041,unmatched,,,
Parts development,1,0.0041,unmatched,,,
Escalation Calls,1,0.0041,unmatched,,,
Esb,1,0.0041,unmatched,,,
Esanchit,1,0.0041,unmatched,,,
Error Analysis,1,0.0041,unmatched,,,
Erp Tools,1,0.0041,unmatched,,,
Erp Testing,1,0.0041,unmatched,,,
Erp Technical,1,0.0041,unmatched,,,
Erp Product Sales,1,0.0041,unmatched,,,
Erp Ln,1,0.0041,unmatched,,,
Erp Functional,1,0.0041,unmatched,,,
Erp Consulting,1,0.0041,unmatched,,,
Patient Assessments,1,0.0041,unmatched,,,
Patient Assessment,1,0.0041,unmatched,,,
Patience,1,0.0041,unmatched,,,
Pathway,1,0.0041,unmatched,,,
Path Labs,1,0.0041,unmatched,,,
Patient education,1,0.0041,unmatched,,,
Patient based,1,0.0041,unmatched,,,
Erm,1,0.0041,unmatched,,,
Ergonomic Products,1,0.0041,unmatched,,,
Era,1,0.0041,unmatched,,,
Er,1,0.0041,unmatched,,,
Equivalent,1,0.0041,unmatched,,,
Equity valuation,1,0.0041,unmatched,,,
Equity dealer,1,0.0041,unmatched,,,
Patient Records,1,0.0041,unmatched,,,
Patient Management,1,0.0041,unmatched,,,
Patient Journey,1,0.0041,unmatched,,,
Patient Flow Forecasting,1,0.0041,unmatched,,,
Patient Engagement,1,0.0041,unmatched,,,
Patient Case Management,1,0.0041,unmatched,,,
Patient Care Coordinator,1,0.0041,unmatched,,,
Equipment Layout,1,0.0041,unmatched,,,
Equipment Handling,1,0.0041,unmatched,,,
Equipment Finance,1,0.0041,unmatched,,,
Equipment Debugging,1,0.0041,unmatched,,,
Equity Research Analysis,1,0.0041,unmatched,,,
Equity Derivative Dealer,1,0.0041,unmatched,,,
Equities,1,0.0041,unmatched,,,
Equipment knowledge,1,0.0041,unmatched,,,
Payment Authority,1,0.0041,unmatched,,,
Payment,1,0.0041,unmatched,,,
Payback Calculation,1,0.0041,unmatched,,,
Payable accounts,1,0.0041,unmatched,,,
Payable Management,1,0.0041,unmatched,,,
Pax,1,0.0041,unmatched,,,
Pavements,1,0.0041,unmatched,,,
Patient guidance,1,0.0041,unmatched,,,
Equest,1,0.0041,unmatched,,,
Eps,1,0.0041,unmatched,,,
Eproducts,1,0.0041,unmatched,,,
Epoxy Sealant,1,0.0041,unmatched,,,
Epo,1,0.0041,unmatched,,,
Epm,1,0.0041,unmatched,,,
Episerver,1,0.0041,unmatched,,,
Epidemiology,1,0.0041,unmatched,,,
Epicenter,1,0.0041,unmatched,,,
Epic Editor,1,0.0041,unmatched,,,
Payment Testing,1,0.0041,unmatched,,,
Payment Gateway Integration,1,0.0041,unmatched,,,
Equipment Testing,1,0.0041,unmatched,,,
Equipment Selection,1,0.0041,unmatched,,,
Equipment Modeling,1,0.0041,unmatched,,,
Equipment Management,1,0.0041,unmatched,,,
Pcg,1,0.0041,unmatched,,,
Pcc Panels,1,0.0041,unmatched,,,
Pcb Testing,1,0.0041,unmatched,,,
Pcb Layout,1,0.0041,unmatched,,,
Pcb Designing,1,0.0041,unmatched,,,
Pc Insurance,1,0.0041,unmatched,,,
Pbx,1,0.0041,unmatched,,,
Payroll Trainer,1,0.0041,unmatched,,,
Payroll Support,1,0.0041,unmatched,,,
Payroll Processes,1,0.0041,unmatched,,,
Payroll Integration,1,0.0041,unmatched,,,
Payroll Compliance,1,0.0041,unmatched,,,
Payroll Analyst,1,0.0041,unmatched,,,
Payroll & Attendance,1,0.0041,unmatched,,,
Payout,1,0.0041,unmatched,,,
Payment posting,1,0.0041,unmatched,,,
Pediatrician,1,0.0041,unmatched,,,
Pedia Senior Resident,1,0.0041,unmatched,,,
Peci,1,0.0041,unmatched,,,
Pdm Link,1,0.0041,unmatched,,,
Pcrf,1,0.0041,unmatched,,,
Pci Dss,1,0.0041,unmatched,,,
Epabx,1,0.0041,unmatched,,,
Enzyme Discovery,1,0.0041,unmatched,,,
Environmental monitoring,1,0.0041,unmatched,,,
Environmental impact assessment,1,0.0041,unmatched,,,
Environmental engineering,1,0.0041,unmatched,,,
Environmental Science,1,0.0041,unmatched,,,
Environmental Management System,1,0.0041,unmatched,,,
Environmental Impact Assessment,1,0.0041,unmatched,,,
Environmental Engineering,1,0.0041,unmatched,,,
Environment Maintenance & Validation,1,0.0041,unmatched,,,
Pega Testing,1,0.0041,unmatched,,,
Pega Rules Process Commander,1,0.0041,unmatched,,,
Pega Lsa,1,0.0041,unmatched,,,
Pega Frameworks,1,0.0041,unmatched,,,
Pega Deployment,1,0.0041,unmatched,,,
Pega Decisioning,1,0.0041,unmatched,,,
Environment Audit,1,0.0041,unmatched,,,
Entry in Tally and GST,1,0.0041,unmatched,,,
Entrepreneurship Development,1,0.0041,unmatched,,,
Entra Id,1,0.0041,unmatched,,,
Entityframe,1,0.0041,unmatched,,,
Entity Framework Core,1,0.0041,unmatched,,,
Enthusiasm & Self-Driven Attitude,1,0.0041,unmatched,,,
Entertainment Law,1,0.0041,unmatched,,,
Pega CSA,1,0.0041,unmatched,,,
Peer Reviews,1,0.0041,unmatched,,,
Enterprises Sales,1,0.0041,unmatched,,,
Enterprises,1,0.0041,unmatched,,,
Enterprise software,1,0.0041,unmatched,,,
Enterprise reporting,1,0.0041,unmatched,,,
Enterprise portal,1,0.0041,unmatched,,,
Enterprise compliance,1,0.0041,unmatched,,,
Enterprise application integration,1,0.0041,unmatched,,,
Enterprise Solutions Presales,1,0.0041,unmatched,,,
Enterprise Solution Sales,1,0.0041,unmatched,,,
Enterprise Software Sales,1,0.0041,unmatched,,,
Pendo,1,0.0041,unmatched,,,
Pen Sale,1,0.0041,unmatched,,,
Peltech,1,0.0041,unmatched,,,
Pellets dosage,1,0.0041,unmatched,,,
Pellets,1,0.0041,unmatched,,,
Pellet Plant,1,0.0041,unmatched,,,
Peoplesoft Admin,1,0.0041,unmatched,,,
PeopleSoft Fscm,1,0.0041,unmatched,,,
Enterprise Risk Frameworks,1,0.0041,unmatched,,,
Enterprise Risk,1,0.0041,unmatched,,,
Enterprise Portal,1,0.0041,unmatched,,,
Enterprise Networking Sales,1,0.0041,unmatched,,,
Enterprise Networking Careers,1,0.0041,unmatched,,,
Enterprise Mobility,1,0.0041,unmatched,,,
Enterprise Management,1,0.0041,unmatched,,,
Enterprise Mainframe Jobs,1,0.0041,unmatched,,,
Enterprise Integration,1,0.0041,unmatched,,,
People Networking,1,0.0041,unmatched,,,
People Analytics,1,0.0041,unmatched,,,
Pentaho,1,0.0041,unmatched,,,
Pension Fund,1,0.0041,unmatched,,,
Penetration tester,1,0.0041,unmatched,,,
Performance Center,1,0.0041,unmatched,,,
Performance Appraisal System,1,0.0041,unmatched,,,
Performance Appraisal Process,1,0.0041,unmatched,,,
Enterprise Cloud,1,0.0041,unmatched,,,
Enterprise Asset Management,1,0.0041,unmatched,,,
Enterprise Architect,1,0.0041,unmatched,,,
Enterprise Application QA,1,0.0041,unmatched,,,
Enterprise Application Integration,1,0.0041,unmatched,,,
Enterprise Application Development,1,0.0041,unmatched,,,
Enterprise & Government Sales,1,0.0041,unmatched,,,
Perfomance testing,1,0.0041,unmatched,,,
Pep,1,0.0041,unmatched,,,
Peopletools Application Designer,1,0.0041,unmatched,,,
Peoplesoft Hcm,1,0.0041,unmatched,,,
Peoplesoft Functional,1,0.0041,unmatched,,,
Peoplesoft Application,1,0.0041,unmatched,,,
English Communication,1,0.0041,unmatched,,,
English & Social Studies teacher,1,0.0041,unmatched,,,
English & Social Studies,1,0.0041,unmatched,,,
Ensuring Timely Supplies & Feedback,1,0.0041,unmatched,,,
Ensuring The Efficient,1,0.0041,unmatched,,,
Ensuring Compliance With Company Policies,1,0.0041,unmatched,,,
Enodeb,1,0.0041,unmatched,,,
Enmop,1,0.0041,unmatched,,,
Enm,1,0.0041,unmatched,,,
Enhanced Due Diligence,1,0.0041,unmatched,,,
English teaching,1,0.0041,unmatched,,,
English language,1,0.0041,unmatched,,,
English communication skill,1,0.0041,unmatched,,,
Performance Marketing Marketing Manager,1,0.0041,unmatched,,,
Performance Management Talent ManagementLeadership Development Talent Development,1,0.0041,unmatched,,,
Performance Enhancement,1,0.0041,unmatched,,,
Performance review,1,0.0041,unmatched,,,
Performance optimization and data accuracy,1,0.0041,unmatched,,,
Engineers,1,0.0041,unmatched,,,
Engineering drawing,1,0.0041,unmatched,,,
Engineering consultancy,1,0.0041,unmatched,,,
Engineering Supervisor,1,0.0041,unmatched,,,
Engineering Standards,1,0.0041,unmatched,,,
Engineering Recruitment,1,0.0041,unmatched,,,
Engineering Project Management,1,0.0041,unmatched,,,
Performance Tuning & Optimisation,1,0.0041,unmatched,,,
Performance Test Simulation,1,0.0041,unmatched,,,
Performance Review,1,0.0041,unmatched,,,
Performance Monitoring & Guarantee Review,1,0.0041,unmatched,,,
Performance Mgmt,1,0.0041,unmatched,,,
English Speaking,1,0.0041,unmatched,,,
English Shorthand,1,0.0041,unmatched,,,
Personal Assistant,1,0.0041,unmatched,,,
Personal Assistance to Management,1,0.0041,unmatched,,,
Personal & Professional Tasks,1,0.0041,unmatched,,,
Permit,1,0.0041,unmatched,,,
Permanent Hiring,1,0.0041,unmatched,,,
Engineering Equipment,1,0.0041,unmatched,,,
Engineering Analysis,1,0.0041,unmatched,,,
Engineering & Operations,1,0.0041,unmatched,,,
Perl Programming,1,0.0041,unmatched,,,
Perl Development,1,0.0041,unmatched,,,
Perl Developer,1,0.0041,unmatched,,,
Peripherals,1,0.0041,unmatched,,,
Periodic Review,1,0.0041,unmatched,,,
Performs Integration And Controls,1,0.0041,unmatched,,,
Performmance Management,1,0.0041,unmatched,,,
Performance/Scalability,1,0.0041,unmatched,,,
Engage Parents,1,0.0041,unmatched,,,
Enform,1,0.0041,unmatched,,,
Energy management,1,0.0041,unmatched,,,
Energy Transition,1,0.0041,unmatched,,,
Energy Management Systems,1,0.0041,unmatched,,,
Energy Management,1,0.0041,unmatched,,,
Endur Development,1,0.0041,unmatched,,,
Engine testing,1,0.0041,unmatched,,,
Engine assembly,1,0.0041,unmatched,,,
Engine Repair,1,0.0041,unmatched,,,
Engine Parts,1,0.0041,unmatched,,,
Engine Maintenance,1,0.0041,unmatched,,,
Engine Assembly & Testing,1,0.0041,unmatched,,,
Engine Assembly,1,0.0041,unmatched,,,
Engeneering,1,0.0041,unmatched,,,
Personal Loan Sales,1,0.0041,unmatched,,,
Pft,1,0.0041,unmatched,,,
Pfmea,1,0.0041,unmatched,,,
Pfizer,1,0.0041,unmatched,,,
Pf,1,0.0041,unmatched,,,
Petty cash,1,0.0041,unmatched,,,
Petty Cash Book,1,0.0041,unmatched,,,
Petroleum Sales,1,0.0041,unmatched,,,
Petroleum,1,0.0041,unmatched,,,
Persuasive skill,1,0.0041,unmatched,,,
Personnel calculation rule,1,0.0041,unmatched,,,
Personnel Management,1,0.0041,unmatched,,,
Personnel Administration,1,0.0041,unmatched,,,
Personal training,1,0.0041,unmatched,,,
Personal assistance,1,0.0041,unmatched,,,
Personal Tax,1,0.0041,unmatched,,,
Engagement Monitoring & Response Handling,1,0.0041,unmatched,,,
Pharma Consulting,1,0.0041,unmatched,,,
PharmD,1,0.0041,unmatched,,,
Pharamcist,1,0.0041,unmatched,,,
Phalcon,1,0.0041,unmatched,,,
Phaco Surgeon,1,0.0041,unmatched,,,
Endowment Plans,1,0.0041,unmatched,,,
Endotracheal Intubation,1,0.0041,unmatched,,,
Endoscopy,1,0.0041,unmatched,,,
Endeca,1,0.0041,unmatched,,,
End-to-end implementation experience,1,0.0041,unmatched,,,
End-to-End Proposal Management,1,0.0041,unmatched,,,
End-To-End Responsibility,1,0.0041,unmatched,,,
End-To-End Recruitment Processes,1,0.0041,unmatched,,,
End to end Website Handling,1,0.0041,unmatched,,,
Pgp Encryption,1,0.0041,unmatched,,,
Pgadmin,1,0.0041,unmatched,,,
Pharmaceutical Quality Assurance,1,0.0041,unmatched,,,
Pharmaceutical Production,1,0.0041,unmatched,,,
Pharmaceutical Manufacturing,1,0.0041,unmatched,,,
Pharmaceutical Machines,1,0.0041,unmatched,,,
End to End corporate actions,1,0.0041,unmatched,,,
End User Computing,1,0.0041,unmatched,,,
End To End Testing,1,0.0041,unmatched,,,
End To End Project Management,1,0.0041,unmatched,,,
End To End Kyc,1,0.0041,unmatched,,,
End To End Accounting,1,0.0041,unmatched,,,
End To End  Denial,1,0.0041,unmatched,,,
Encoding,1,0.0041,unmatched,,,
Pharmaceutical CDMO,1,0.0041,unmatched,,,
Pharma marketing,1,0.0041,unmatched,,,
Pharma OEE,1,0.0041,unmatched,,,
Pharma Intermediates,1,0.0041,unmatched,,,
Phone Etiquette,1,0.0041,unmatched,,,
Phe,1,0.0041,unmatched,,,
Encoder-Decoder Models,1,0.0041,unmatched,,,
Enclosures,1,0.0041,unmatched,,,
Enclosure Design,1,0.0041,unmatched,,,
Enablon Software Platform,1,0.0041,unmatched,,,
EnCE,1,0.0041,unmatched,,,
Emv,1,0.0041,unmatched,,,
Employee retention,1,0.0041,unmatched,,,
Employee relation,1,0.0041,unmatched,,,
Employee management,1,0.0041,unmatched,,,
Employee central,1,0.0041,unmatched,,,
Phase Studies,1,0.0041,unmatched,,,
Pharmacy Chain,1,0.0041,unmatched,,,
Pharmacy Benefit Management,1,0.0041,unmatched,,,
Pharmacognosy,1,0.0041,unmatched,,,
Php Wordpress,1,0.0041,unmatched,,,
Php Web Development,1,0.0041,unmatched,,,
Php Stack,1,0.0041,unmatched,,,
Php Core,1,0.0041,unmatched,,,
Employee Wellbeing,1,0.0041,unmatched,,,
Employee Well-being,1,0.0041,unmatched,,,
Employee Transportation,1,0.0041,unmatched,,,
Employee Training,1,0.0041,unmatched,,,
Employee Satisfaction Survey,1,0.0041,unmatched,,,
Employee Relations & Engagement,1,0.0041,unmatched,,,
Employee Reimbursement,1,0.0041,unmatched,,,
Employee Performance Management,1,0.0041,unmatched,,,
Photometry,1,0.0041,unmatched,,,
Photojournalism,1,0.0041,unmatched,,,
Photo Retouchers,1,0.0041,unmatched,,,
Phone etiquette,1,0.0041,unmatched,,,
Physician Billing,1,0.0041,unmatched,,,
Physician,1,0.0041,unmatched,,,
Physical education,1,0.0041,unmatched,,,
Physical Verification,1,0.0041,unmatched,,,
Physical Therapist,1,0.0041,unmatched,,,
Employee Lifecycle Support,1,0.0041,unmatched,,,
Employee Life Cycle Management,1,0.0041,unmatched,,,
Employee Development,1,0.0041,unmatched,,,
Employee Data Management,1,0.0041,unmatched,,,
Employee Connect & Engagement,1,0.0041,unmatched,,,
Employee Compliance,1,0.0041,unmatched,,,
Physical Inventory,1,0.0041,unmatched,,,
Physical Examination,1,0.0041,unmatched,,,
Physical Design,1,0.0041,unmatched,,,
Phy,1,0.0041,unmatched,,,
Phpunit,1,0.0041,unmatched,,,
Pickling Manager,1,0.0041,unmatched,,,
Pickling Engineer,1,0.0041,unmatched,,,
Pick-Up,1,0.0041,unmatched,,,
Pick And Place,1,0.0041,unmatched,,,
Pick & place,1,0.0041,unmatched,,,
Physiotherapists,1,0.0041,unmatched,,,
Employee Attendance,1,0.0041,unmatched,,,
Emi Collection,1,0.0041,unmatched,,,
Emerson Syncade,1,0.0041,unmatched,,,
Emerging Market,1,0.0041,unmatched,,,
Emerging Corporates,1,0.0041,unmatched,,,
Emergency response,1,0.0041,unmatched,,,
Emergency Services,1,0.0041,unmatched,,,
Emergency Resuscitation,1,0.0041,unmatched,,,
Physiotherapist,1,0.0041,unmatched,,,
Physics teacher,1,0.0041,unmatched,,,
Ping Technologies ping federate ping access ping ID ping risk intelligence ping directory,1,0.0041,unmatched,,,
Ping Access,1,0.0041,unmatched,,,
Pinecone,1,0.0041,unmatched,,,
Piloting,1,0.0041,unmatched,,,
Emergency Medications,1,0.0041,unmatched,,,
Emergency Handling,1,0.0041,unmatched,,,
Emc Vmax,1,0.0041,unmatched,,,
Emc Symmetrix,1,0.0041,unmatched,,,
Emc Storage,1,0.0041,unmatched,,,
Emc Networker,1,0.0041,unmatched,,,
Emc Design,1,0.0041,unmatched,,,
Emc Clariion,1,0.0041,unmatched,,,
Emc,1,0.0041,unmatched,,,
Pillar Iii,1,0.0041,unmatched,,,
Piling,1,0.0041,unmatched,,,
Pickling Plant,1,0.0041,unmatched,,,
Email drafting,1,0.0041,unmatched,,,
Email Marketing Campaign,1,0.0041,unmatched,,,
Ember.Js,1,0.0041,unmatched,,,
Embedded system design,1,0.0041,unmatched,,,
Embedded software,1,0.0041,unmatched,,,
Embedded development,1,0.0041,unmatched,,,
Embedded c,1,0.0041,unmatched,,,
Embedded Systems Development,1,0.0041,unmatched,,,
Embedded System,1,0.0041,unmatched,,,
Embedded Programming,1,0.0041,unmatched,,,
Pipetting skills,1,0.0041,unmatched,,,
Pipetting,1,0.0041,unmatched,,,
Pipelines,1,0.0041,unmatched,,,
Pipeline Tools,1,0.0041,unmatched,,,
Pipedrive,1,0.0041,unmatched,,,
Pipe Design,1,0.0041,unmatched,,,
Placement officer,1,0.0041,unmatched,,,
Placement Officer,1,0.0041,unmatched,,,
Pl Sql Procedures,1,0.0041,unmatched,,,
Pki,1,0.0041,unmatched,,,
Pizza / Burger / Fried Chicken Industry,1,0.0041,unmatched,,,
Email Gateways,1,0.0041,unmatched,,,
Email Drafting,1,0.0041,unmatched,,,
Elt,1,0.0041,unmatched,,,
Pitch Decks,1,0.0041,unmatched,,,
Piping layouts,1,0.0041,unmatched,,,
Piping Systems,1,0.0041,unmatched,,,
Piping Stress Analysis,1,0.0041,unmatched,,,
Piping Stress,1,0.0041,unmatched,,,
Piping Si,1,0.0041,unmatched,,,
Piping Inspection,1,0.0041,unmatched,,,
Email/SMS/Push Campaigns,1,0.0041,unmatched,,,
Planning Lead,1,0.0041,unmatched,,,
Eligibility Benefits,1,0.0041,unmatched,,,
Elevator Installation,1,0.0041,unmatched,,,
Elevator,1,0.0041,unmatched,,,
Elevations,1,0.0041,unmatched,,,
Electrophoresis,1,0.0041,unmatched,,,
Electronics engineering,1,0.0041,unmatched,,,
Electronics Wiring,1,0.0041,unmatched,,,
Electronics Technician,1,0.0041,unmatched,,,
Electronics Production,1,0.0041,unmatched,,,
Electronics Product Design,1,0.0041,unmatched,,,
Electronics Maintenance Engineer,1,0.0041,unmatched,,,
Planning And Analysis,1,0.0041,unmatched,,,
Planning Analyst,1,0.0041,unmatched,,,
Plan and organize travel itineraries for clients. Book flights,1,0.0041,unmatched,,,
Plan Sessions,1,0.0041,unmatched,,,
Electronics Gadgets,1,0.0041,unmatched,,,
Electronics Enclosure Design,1,0.0041,unmatched,,,
Electronics Appliances Sales,1,0.0041,unmatched,,,
Electronics & Electronical,1,0.0041,unmatched,,,
Electronic components,1,0.0041,unmatched,,,
Electronic Security,1,0.0041,unmatched,,,
Electronic Manufacturing Services,1,0.0041,unmatched,,,
Electronic Manufacturing,1,0.0041,unmatched,,,
Electronic Design Automation,1,0.0041,unmatched,,,
Plant Administration,1,0.0041,unmatched,,,
Plans,1,0.0041,unmatched,,,
Planning of daily travel schedule as per route plan o Collection of EMI from the customers,1,0.0041,unmatched,,,
Planning engineering,1,0.0041,unmatched,,,
Planning and Prioritizing,1,0.0041,unmatched,,,
Planning Sales visits and quotations,1,0.0041,unmatched,,,
Planning Modules,1,0.0041,unmatched,,,
Plant Utilities,1,0.0041,unmatched,,,
Electronic Circuit Design,1,0.0041,unmatched,,,
ElectronJS,1,0.0041,unmatched,,,
Electromagnetics,1,0.0041,unmatched,,,
Electroforming,1,0.0041,unmatched,,,
Electrician,1,0.0041,unmatched,,,
Electricals engineering,1,0.0041,unmatched,,,
Electricals Panels,1,0.0041,unmatched,,,
Electrical power system,1,0.0041,unmatched,,,
Plant Simulation,1,0.0041,unmatched,,,
Plant Security,1,0.0041,unmatched,,,
Plant QA Manager,1,0.0041,unmatched,,,
Plant Pathology,1,0.0041,unmatched,,,
Plant Machinery,1,0.0041,unmatched,,,
Plant Finance,1,0.0041,unmatched,,,
Plant Audit,1,0.0041,unmatched,,,
Plastic parts 3D Modelling,1,0.0041,unmatched,,,
Plastic molding or Plastic joining,1,0.0041,unmatched,,,
Plastic Surgery,1,0.0041,unmatched,,,
Plastic Row Material,1,0.0041,unmatched,,,
Plastic Parts,1,0.0041,unmatched,,,
Plastic Part Design,1,0.0041,unmatched,,,
Plastic Packaging,1,0.0041,unmatched,,,
Plastic Moulding Production,1,0.0041,unmatched,,,
Plastic Moulding,1,0.0041,unmatched,,,
Plastic Injection Molding Machine,1,0.0041,unmatched,,,
Plastic Industry,1,0.0041,unmatched,,,
Plastering,1,0.0041,unmatched,,,
Plasma Cutting,1,0.0041,unmatched,,,
Plantation,1,0.0041,unmatched,,,
Plant management,1,0.0041,unmatched,,,
Plant accounting,1,0.0041,unmatched,,,
Platics,1,0.0041,unmatched,,,
Platform and Integrations,1,0.0041,unmatched,,,
Platform Services,1,0.0041,unmatched,,,
Platform Builder,1,0.0041,unmatched,,,
Electrical power distribution,1,0.0041,unmatched,,,
Electrical maintenance,1,0.0041,unmatched,,,
Electrical inspection,1,0.0041,unmatched,,,
Electrical drawing,1,0.0041,unmatched,,,
Electrical design calculation,1,0.0041,unmatched,,,
Electrical consultant,1,0.0041,unmatched,,,
Electrical aggregates,1,0.0041,unmatched,,,
Electrical Utility,1,0.0041,unmatched,,,
Platform As A Service,1,0.0041,unmatched,,,
Platform,1,0.0041,unmatched,,,
Platelet Transfusion,1,0.0041,unmatched,,,
Plastics / Painting and Coating,1,0.0041,unmatched,,,
Plsql Developer,1,0.0041,unmatched,,,
Plotter Printer,1,0.0041,unmatched,,,
Plm Tools,1,0.0041,unmatched,,,
Plm Support,1,0.0041,unmatched,,,
Plm / Cad,1,0.0041,unmatched,,,
Plc Software,1,0.0041,unmatched,,,
Electrical Protection Systems,1,0.0041,unmatched,,,
Electrical Project Coordinator,1,0.0041,unmatched,,,
Electrical Panel,1,0.0041,unmatched,,,
Electrical Motors,1,0.0041,unmatched,,,
Electrical MEP Draftsman,1,0.0041,unmatched,,,
Electrical Load Calculation,1,0.0041,unmatched,,,
Electrical Layouts,1,0.0041,unmatched,,,
Playwright framework Creation,1,0.0041,unmatched,,,
Play Book,1,0.0041,unmatched,,,
Plating Process,1,0.0041,unmatched,,,
Electri,1,0.0041,unmatched,,,
Pms,1,0.0041,unmatched,,,
Pmc,1,0.0041,unmatched,,,
Plywood Sales,1,0.0041,unmatched,,,
Plumbing draftsman,1,0.0041,unmatched,,,
Plugin,1,0.0041,unmatched,,,
Plsql Scripts,1,0.0041,unmatched,,,
Electrical Industrial Conponents,1,0.0041,unmatched,,,
Electrical High Voltage Equipment,1,0.0041,unmatched,,,
Electrical Goods,1,0.0041,unmatched,,,
Electrical Estimation,1,0.0041,unmatched,,,
Electrical Drawings,1,0.0041,unmatched,,,
Electrical Diagram,1,0.0041,unmatched,,,
Electrical Designer,1,0.0041,unmatched,,,
Electrical Design Engineer,1,0.0041,unmatched,,,
Plsql Programming,1,0.0041,unmatched,,,
Point of Sale Device,1,0.0041,unmatched,,,
Po Making,1,0.0041,unmatched,,,
Pneumatic Machines,1,0.0041,unmatched,,,
Pneumatic Conveying System,1,0.0041,unmatched,,,
Pneumatic Circuit,1,0.0041,unmatched,,,
Pms Sales,1,0.0041,unmatched,,,
Electrical Construction,1,0.0041,unmatched,,,
Electrical Commissioning,1,0.0041,unmatched,,,
Electrical Cables,1,0.0041,unmatched,,,
Electrical Bought Out Purchase,1,0.0041,unmatched,,,
Electrical Automation Engineer,1,0.0041,unmatched,,,
Electrical Assembly,1,0.0041,unmatched,,,
Electrical And Control Design,1,0.0041,unmatched,,,
Electrical  Andelectronics,1,0.0041,unmatched,,,
Electric water Pump,1,0.0041,unmatched,,,
Electric Sales,1,0.0041,unmatched,,,
Policy Rating,1,0.0041,unmatched,,,
Policy Center Configuration,1,0.0041,unmatched,,,
Policy Analysis,1,0.0041,unmatched,,,
Elearning,1,0.0041,unmatched,,,
Elasticsearch,1,0.0041,unmatched,,,
ElasticSearch,1,0.0041,unmatched,,,
Elastic Beanstalk,1,0.0041,unmatched,,,
ElastAlert,1,0.0041,unmatched,,,
Ekl,1,0.0041,unmatched,,,
Einstein Analytics,1,0.0041,unmatched,,,
Eibs,1,0.0041,unmatched,,,
Ei,1,0.0041,unmatched,,,
Ehs Management,1,0.0041,unmatched,,,
Police,1,0.0041,unmatched,,,
Polarization index,1,0.0041,unmatched,,,
Point of Sales advisors,1,0.0041,unmatched,,,
Political science,1,0.0041,unmatched,,,
Political Science,1,0.0041,unmatched,,,
Politeness,1,0.0041,unmatched,,,
Policy sales,1,0.0041,unmatched,,,
Egineering Stores,1,0.0041,unmatched,,,
Effort estimation,1,0.0041,unmatched,,,
Effluent treatment,1,0.0041,unmatched,,,
Efficient Business and Communication Skills,1,0.0041,unmatched,,,
Efficiency,1,0.0041,unmatched,,,
Effectively manage the complete school operations in an optimal manner,1,0.0041,unmatched,,,
Effective time management,1,0.0041,unmatched,,,
Effective Communication Skills,1,0.0041,unmatched,,,
Effective Communication,1,0.0041,unmatched,,,
Edwards,1,0.0041,unmatched,,,
Educator,1,0.0041,unmatched,,,
Policy Servicing,1,0.0041,unmatched,,,
Portal Sourcing,1,0.0041,unmatched,,,
Portal,1,0.0041,unmatched,,,
Port Sales,1,0.0041,unmatched,,,
Port Operations,1,0.0041,unmatched,,,
Porfolio,1,0.0041,unmatched,,,
Pom,1,0.0041,unmatched,,,
Polytechnic,1,0.0041,unmatched,,,
Polypropylene,1,0.0041,unmatched,,,
Polymers,1,0.0041,unmatched,,,
Polymer Testing,1,0.0041,unmatched,,,
Polymer Sales,1,0.0041,unmatched,,,
Polymer Raw Material,1,0.0041,unmatched,,,
Polygonal screen,1,0.0041,unmatched,,,
Polycom,1,0.0041,unmatched,,,
Poltting Project,1,0.0041,unmatched,,,
Pollution Control Systems,1,0.0041,unmatched,,,
Portfolio Risk,1,0.0041,unmatched,,,
Portfolio Metrics,1,0.0041,unmatched,,,
Portfolio Mapping,1,0.0041,unmatched,,,
Edm,1,0.0041,unmatched,,,
Editorial Style Guide,1,0.0041,unmatched,,,
Edit reels quickly and effectively using InShot,1,0.0041,unmatched,,,
Edc Programming,1,0.0041,unmatched,,,
Educational sales,1,0.0041,unmatched,,,
Educational institutional loan,1,0.0041,unmatched,,,
Educational Tours,1,0.0041,unmatched,,,
Educational Materials,1,0.0041,unmatched,,,
Educational Institutions,1,0.0041,unmatched,,,
Education Supplies Sales,1,0.0041,unmatched,,,
Education Loan,1,0.0041,unmatched,,,
Education Counselling,1,0.0041,unmatched,,,
Portfolio Accounting,1,0.0041,unmatched,,,
Post Production,1,0.0041,unmatched,,,
Post Merger Integration,1,0.0041,unmatched,,,
Post Matching,1,0.0041,unmatched,,,
Possession Process,1,0.0041,unmatched,,,
Ecosystem,1,0.0041,unmatched,,,
Economist,1,0.0041,unmatched,,,
Economic Analysis,1,0.0041,unmatched,,,
Econometrics,1,0.0041,unmatched,,,
Ecommerce website,1,0.0041,unmatched,,,
Ecommerce platforms,1,0.0041,unmatched,,,
Ecommerce Sales,1,0.0041,unmatched,,,
Ecommerce Operations,1,0.0041,unmatched,,,
Position 7-Manager Thermfire & Sand Reclamnation Location- MFPL,1,0.0041,unmatched,,,
Posdm,1,0.0041,unmatched,,,
Portraits,1,0.0041,unmatched,,,
Portfolio Valuation,1,0.0041,unmatched,,,
Post-op care,1,0.0041,unmatched,,,
Post-Sales Service,1,0.0041,unmatched,,,
Post-Sales Client Servicing,1,0.0041,unmatched,,,
Ecommerce,1,0.0041,unmatched,,,
Eco Bag Making Activity,1,0.0041,unmatched,,,
Eco,1,0.0041,unmatched,,,
Ecm Execution,1,0.0041,unmatched,,,
Eclipse ABAP,1,0.0041,unmatched,,,
Echocardiography,1,0.0041,unmatched,,,
Ece,1,0.0041,unmatched,,,
Ec2,1,0.0041,unmatched,,,
Ec,1,0.0041,unmatched,,,
Post-Production Management,1,0.0041,unmatched,,,
Post-Implementation Support,1,0.0041,unmatched,,,
Post Transplant Coordination,1,0.0041,unmatched,,,
Post Shipment,1,0.0041,unmatched,,,
Postman Tool,1,0.0041,unmatched,,,
Postman Rest Assured Jobs,1,0.0041,unmatched,,,
Posting Schedule,1,0.0041,unmatched,,,
Ebooks,1,0.0041,unmatched,,,
Ebitda,1,0.0041,unmatched,,,
Ebay,1,0.0041,unmatched,,,
Easytrieve,1,0.0041,unmatched,,,
Easy plan,1,0.0041,unmatched,,,
Earthing & Lightning Protection Layouts,1,0.0041,unmatched,,,
Earth moving,1,0.0041,unmatched,,,
Early Interview,1,0.0041,unmatched,,,
PostgresSQL,1,0.0041,unmatched,,,
Postgres Version 12,1,0.0041,unmatched,,,
Postgres,1,0.0041,unmatched,,,
PostgreSQL Server DB,1,0.0041,unmatched,,,
Postgre or Oracle DB,1,0.0041,unmatched,,,
EXCEL,1,0.0041,unmatched,,,
EVENTS,1,0.0041,unmatched,,,
Power Layouts,1,0.0041,unmatched,,,
Power Grid,1,0.0041,unmatched,,,
Power Generation,1,0.0041,unmatched,,,
Power Forecasting Manager,1,0.0041,unmatched,,,
Power Electronic,1,0.0041,unmatched,,,
Power Converters,1,0.0041,unmatched,,,
Power Bi Service,1,0.0041,unmatched,,,
Power Bi Development,1,0.0041,unmatched,,,
Power Bi Dashboards,1,0.0041,unmatched,,,
Power Automate Premium,1,0.0041,unmatched,,,
Powebi,1,0.0041,unmatched,,,
Powder filling lines,1,0.0041,unmatched,,,
Powder coating,1,0.0041,unmatched,,,
Potentiometer,1,0.0041,unmatched,,,
Power Supply Selection,1,0.0041,unmatched,,,
Power Supply Design,1,0.0041,unmatched,,,
Power Query M,1,0.0041,unmatched,,,
Power Projects,1,0.0041,unmatched,,,
Power Project,1,0.0041,unmatched,,,
Power Press,1,0.0041,unmatched,,,
Power Market Dynamics,1,0.0041,unmatched,,,
Eam,1,0.0041,unmatched,,,
Eai,1,0.0041,unmatched,,,
Eagle Pace,1,0.0041,unmatched,,,
Eagle,1,0.0041,unmatched,,,
Ead,1,0.0041,unmatched,,,
EY Tax space,1,0.0041,unmatched,,,
EXTERNAL PLACEMENTS LIASION,1,0.0041,unmatched,,,
EXIM Sales,1,0.0041,unmatched,,,
EXIM Policy,1,0.0041,unmatched,,,
Power Tools,1,0.0041,unmatched,,,
Power T&D Civil,1,0.0041,unmatched,,,
Power System Design,1,0.0041,unmatched,,,
EV architecture,1,0.0041,unmatched,,,
EUROPE,1,0.0041,unmatched,,,
EUREACH,1,0.0041,unmatched,,,
EUC,1,0.0041,unmatched,,,
EU dossier,1,0.0041,unmatched,,,
EU Recruitment,1,0.0041,unmatched,,,
EU GMP,1,0.0041,unmatched,,,
ETP supervisor,1,0.0041,unmatched,,,
ETP operations,1,0.0041,unmatched,,,
ETP operation,1,0.0041,unmatched,,,
ETP Laboratory Chemist,1,0.0041,unmatched,,,
ETOM,1,0.0041,unmatched,,,
ETL/ELT pipeline development,1,0.0041,unmatched,,,
ETL Optimization,1,0.0041,unmatched,,,
Powermill,1,0.0041,unmatched,,,
Powercurve,1,0.0041,unmatched,,,
Powerbuilder,1,0.0041,unmatched,,,
PowerPoint Presentation,1,0.0041,unmatched,,,
PowerCommand Controllers,1,0.0041,unmatched,,,
PowerBI workspace,1,0.0041,unmatched,,,
PowerBI report,1,0.0041,unmatched,,,
PowerApps components,1,0.0041,unmatched,,,
Power sector,1,0.0041,unmatched,,,
Power saving,1,0.0041,unmatched,,,
Power plants,1,0.0041,unmatched,,,
Power plant,1,0.0041,unmatched,,,
Power of Attorney,1,0.0041,unmatched,,,
Power house,1,0.0041,unmatched,,,
Power generation,1,0.0041,unmatched,,,
ESRI GIS,1,0.0041,unmatched,,,
ESP32,1,0.0041,unmatched,,,
ESP AID,1,0.0041,unmatched,,,
ESOP administration,1,0.0041,unmatched,,,
ESOP Operations,1,0.0041,unmatched,,,
ESOP,1,0.0041,unmatched,,,
ESM,1,0.0041,unmatched,,,
ETL/ELT,1,0.0041,unmatched,,,
ETL/DWH/DL,1,0.0041,unmatched,,,
ETL tool,1,0.0041,unmatched,,,
ETL testing,1,0.0041,unmatched,,,
ETL management,1,0.0041,unmatched,,,
ETL Testing with Python Pune,1,0.0041,unmatched,,,
ETL Tester Jobs Chennai,1,0.0041,unmatched,,,
ETL QA Engineer Pune,1,0.0041,unmatched,,,
ETL PIPELINES,1,0.0041,unmatched,,,
ESI Returns,1,0.0041,unmatched,,,
ESG Audits,1,0.0041,unmatched,,,
ESG,1,0.0041,unmatched,,,
ES6+,1,0.0041,unmatched,,,
ERPNext workflows,1,0.0041,unmatched,,,
ERPNext modules,1,0.0041,unmatched,,,
ERPNext Configuration,1,0.0041,unmatched,,,
ERP/WMS systems,1,0.0041,unmatched,,,
Pr Strategy,1,0.0041,unmatched,,,
Pqr,1,0.0041,unmatched,,,
Pps,1,0.0041,unmatched,,,
Ppc Marketing,1,0.0041,unmatched,,,
Pp Module,1,0.0041,unmatched,,,
Pp,1,0.0041,unmatched,,,
ETA,1,0.0041,unmatched,,,
ESX Server,1,0.0041,unmatched,,,
Pre-sales,1,0.0041,unmatched,,,
Pre-primary,1,0.0041,unmatched,,,
Pre-Shipment Documentation,1,0.0041,unmatched,,,
Pre-Sales Support,1,0.0041,unmatched,,,
Pre-Sales,1,0.0041,unmatched,,,
Pre-Production,1,0.0041,unmatched,,,
Pre-Fixture,1,0.0041,unmatched,,,
Pre-Commissioning,1,0.0041,unmatched,,,
Pre primary teacher,1,0.0041,unmatched,,,
Pre Settlement,1,0.0041,unmatched,,,
Pre Sales Executive,1,0.0041,unmatched,,,
Pre Primary Teacher,1,0.0041,unmatched,,,
Pre Matching,1,0.0041,unmatched,,,
Pre Disbursement,1,0.0041,unmatched,,,
Prd,1,0.0041,unmatched,,,
Practical and theoretical knowledge of ETP works,1,0.0041,unmatched,,,
Preferable - Robot Framework,1,0.0041,unmatched,,,
Predictive analytics,1,0.0041,unmatched,,,
Precision Measurement CMM and Micrometers,1,0.0041,unmatched,,,
Precision Machining Parts,1,0.0041,unmatched,,,
ERP modules,1,0.0041,unmatched,,,
ERP knowledge,1,0.0041,unmatched,,,
ERP Solution,1,0.0041,unmatched,,,
ERP Reports,1,0.0041,unmatched,,,
ERP Report searching,1,0.0041,unmatched,,,
ERP Presales,1,0.0041,unmatched,,,
ERP Next,1,0.0041,unmatched,,,
ERP Farvision,1,0.0041,unmatched,,,
ERP Developer,1,0.0041,unmatched,,,
Precision Engineering,1,0.0041,unmatched,,,
Precast product testing,1,0.0041,unmatched,,,
Pre-sales activities,1,0.0041,unmatched,,,
EPM Automate,1,0.0041,unmatched,,,
Preparing Financial Statements,1,0.0041,unmatched,,,
Preparing Balance Sheet Reports,1,0.0041,unmatched,,,
Preparing / reviewing 2D and 3D drawings for WWTP projects,1,0.0041,unmatched,,,
Prepare proposals,1,0.0041,unmatched,,,
Prepare Proposals,1,0.0041,unmatched,,,
Prepare Monthly Project Progress Reports,1,0.0041,unmatched,,,
Preparation of liaison timeline,1,0.0041,unmatched,,,
Preparation of Look ahead schedule,1,0.0041,unmatched,,,
Premium Product,1,0.0041,unmatched,,,
Premier Acquisition Manager-Sales-Sales,1,0.0041,unmatched,,,
Preloading Calculation,1,0.0041,unmatched,,,
Preliminary Analysis,1,0.0041,unmatched,,,
Preferred in Excell Accounting,1,0.0041,unmatched,,,
Preferred Relationship Manager,1,0.0041,unmatched,,,
Preferably Within Manufacturing,1,0.0041,unmatched,,,
EOT Cranes,1,0.0041,unmatched,,,
Presentation Preparation,1,0.0041,unmatched,,,
Presentation Development,1,0.0041,unmatched,,,
Prescription,1,0.0041,unmatched,,,
Presales Specialist,1,0.0041,unmatched,,,
Presales Solutions,1,0.0041,unmatched,,,
Presales Azure Cloud Solution Architect,1,0.0041,unmatched,,,
ERP Consultant,1,0.0041,unmatched,,,
ERP Cloud application,1,0.0041,unmatched,,,
ERP Cloud Finance Functional consultant,1,0.0041,unmatched,,,
ERP Cloud Consultant,1,0.0041,unmatched,,,
ER Model,1,0.0041,unmatched,,,
ER,1,0.0041,unmatched,,,
EQUITY AND DERIVATIVE TRADING,1,0.0041,unmatched,,,
EPM application design,1,0.0041,unmatched,,,
EPM Cloud Applications,1,0.0041,unmatched,,,
EMG,1,0.0041,unmatched,,,
Press Releases & Media Pitches,1,0.0041,unmatched,,,
Press Release,1,0.0041,unmatched,,,
Press Brake Machine,1,0.0041,unmatched,,,
President,1,0.0041,unmatched,,,
Presentations,1,0.0041,unmatched,,,
Presentation skills,1,0.0041,unmatched,,,
EPIC,1,0.0041,unmatched,,,
EPFO,1,0.0041,unmatched,,,
EPC power plant,1,0.0041,unmatched,,,
EPC for product approvals,1,0.0041,unmatched,,,
EPC Sales,1,0.0041,unmatched,,,
EPC Project Management,1,0.0041,unmatched,,,
EPANET / SWMM,1,0.0041,unmatched,,,
EPANET,1,0.0041,unmatched,,,
EOT claims,1,0.0041,unmatched,,,
Pretreatment,1,0.0041,unmatched,,,
Pressure Testing,1,0.0041,unmatched,,,
Pressure Switches,1,0.0041,unmatched,,,
Pressure Part Design,1,0.0041,unmatched,,,
Pressure,1,0.0041,unmatched,,,
EOS,1,0.0041,unmatched,,,
EOB,1,0.0041,unmatched,,,
ENOVIA,1,0.0041,unmatched,,,
ENM IP/OP,1,0.0041,unmatched,,,
ENM Coder,1,0.0041,unmatched,,,
ENGLISH,1,0.0041,unmatched,,,
END TO END PROCUREMENT,1,0.0041,unmatched,,,
EMV,1,0.0041,unmatched,,,
EMS PROTOCOLS,1,0.0041,unmatched,,,
EMPMS,1,0.0041,unmatched,,,
EMP,1,0.0041,unmatched,,,
Pricing strategy & business planning,1,0.0041,unmatched,,,
Pricing of RFPs,1,0.0041,unmatched,,,
Pricing and Valuation,1,0.0041,unmatched,,,
Pricing Analyst,1,0.0041,unmatched,,,
Pricing & Promotions Executive,1,0.0041,unmatched,,,
Prices,1,0.0041,unmatched,,,
Preventive maintenance of Injection molding machine,1,0.0041,unmatched,,,
EMEA Payroll,1,0.0041,unmatched,,,
ELV  design,1,0.0041,unmatched,,,
ELK Stack,1,0.0041,unmatched,,,
EIP,1,0.0041,unmatched,,,
EIGRP,1,0.0041,unmatched,,,
EIB,1,0.0041,unmatched,,,
EHS management,1,0.0041,unmatched,,,
Preventive Care,1,0.0041,unmatched,,,
Preventive & breakdown maintenance,1,0.0041,unmatched,,,
Prime Segment,1,0.0041,unmatched,,,
Prime Lap,1,0.0041,unmatched,,,
Prime,1,0.0041,unmatched,,,
Primary teacher,1,0.0041,unmatched,,,
Primary Market Research,1,0.0041,unmatched,,,
EGS,1,0.0041,unmatched,,,
EGP,1,0.0041,unmatched,,,
EEST,1,0.0041,unmatched,,,
EEG,1,0.0041,unmatched,,,
EDR,1,0.0041,unmatched,,,
EDPMS / IDPMS,1,0.0041,unmatched,,,
EDPMS,1,0.0041,unmatched,,,
EDP management,1,0.0041,unmatched,,,
EDP,1,0.0041,unmatched,,,
Primary,1,0.0041,unmatched,,,
Primarily Planning,1,0.0041,unmatched,,,
Print Advertising,1,0.0041,unmatched,,,
Print Advertisement Design,1,0.0041,unmatched,,,
Print & digital media design,1,0.0041,unmatched,,,
Principal Solution Architect,1,0.0041,unmatched,,,
Principal Analyst,1,0.0041,unmatched,,,
ED pro,1,0.0041,unmatched,,,
ED Professional,1,0.0041,unmatched,,,
ED Coding,1,0.0041,unmatched,,,
ECU troubleshooting,1,0.0041,unmatched,,,
ECU,1,0.0041,unmatched,,,
ECRM,1,0.0041,unmatched,,,
ECR,1,0.0041,unmatched,,,
ECP Payroll,1,0.0041,unmatched,,,
ECP,1,0.0041,unmatched,,,
ECL,1,0.0041,unmatched,,,
Primefaces,1,0.0041,unmatched,,,
Prior authorization,1,0.0041,unmatched,,,
Printronix,1,0.0041,unmatched,,,
Printmaking,1,0.0041,unmatched,,,
Printing Sales,1,0.0041,unmatched,,,
Printing Machine,1,0.0041,unmatched,,,
Printer Solution,1,0.0041,unmatched,,,
EC,1,0.0041,unmatched,,,
EBSILON,1,0.0041,unmatched,,,
EBITDA,1,0.0041,unmatched,,,
EARLY YEARS TEACHER,1,0.0041,unmatched,,,
EAI,1,0.0041,unmatched,,,
EA to CEO,1,0.0041,unmatched,,,
E4H,1,0.0041,unmatched,,,
Printer Repair,1,0.0041,unmatched,,,
Print Media Sales,1,0.0041,unmatched,,,
Print Making,1,0.0041,unmatched,,,
Private Credit,1,0.0041,unmatched,,,
Private Commercial Sales,1,0.0041,unmatched,,,
Private Client,1,0.0041,unmatched,,,
E2e Recruitment,1,0.0041,unmatched,,,
E2e,1,0.0041,unmatched,,,
E2E integration,1,0.0041,unmatched,,,
E2E implementation,1,0.0041,unmatched,,,
E2E Implementations,1,0.0041,unmatched,,,
E/M OP,1,0.0041,unmatched,,,
E/M IP,1,0.0041,unmatched,,,
E-way bills,1,0.0041,unmatched,,,
E-reporting,1,0.0041,unmatched,,,
E-procurement,1,0.0041,unmatched,,,
E-marketing,1,0.0041,unmatched,,,
E-learning Development,1,0.0041,unmatched,,,
Prior experience in customer service/financial services preferred,1,0.0041,unmatched,,,
Probability Of Default,1,0.0041,unmatched,,,
Probability,1,0.0041,unmatched,,,
Proactiveness & Self-Motivation,1,0.0041,unmatched,,,
Proactive approach,1,0.0041,unmatched,,,
Proactive Monitoring,1,0.0041,unmatched,,,
Proactive Bids,1,0.0041,unmatched,,,
Proactive,1,0.0041,unmatched,,,
ProC,1,0.0041,unmatched,,,
Privileged ID Management,1,0.0041,unmatched,,,
Privilege Cloud,1,0.0041,unmatched,,,
Private wealth,1,0.0041,unmatched,,,
Private banking group,1,0.0041,unmatched,,,
Private Wealth manager,1,0.0041,unmatched,,,
Private Wealth Management,1,0.0041,unmatched,,,
Private Sales,1,0.0041,unmatched,,,
Private Equity Fund,1,0.0041,unmatched,,,
Problem-Solving & Innovation Mindset,1,0.0041,unmatched,,,
Problem solving Skills,1,0.0041,unmatched,,,
E-filing,1,0.0041,unmatched,,,
E-commerce Operations,1,0.0041,unmatched,,,
E-commerce Marketing,1,0.0041,unmatched,,,
E-business,1,0.0041,unmatched,,,
E-Way Bill,1,0.0041,unmatched,,,
E-Sanchit,1,0.0041,unmatched,,,
E-STAP,1,0.0041,unmatched,,,
E-Procurement Platforms,1,0.0041,unmatched,,,
E-Plan 5/P8,1,0.0041,unmatched,,,
E-Payments,1,0.0041,unmatched,,,
E-Learning developer,1,0.0041,unmatched,,,
E-Learning Courses,1,0.0041,unmatched,,,
Problem Analysis,1,0.0041,unmatched,,,
Probiotics,1,0.0041,unmatched,,,
E-Commerce Platforms,1,0.0041,unmatched,,,
E-Commerce Platform Maintenance,1,0.0041,unmatched,,,
E-Commerce Executive,1,0.0041,unmatched,,,
E-Commerce,1,0.0041,unmatched,,,
E-Business Suite upgrade,1,0.0041,unmatched,,,
E-Auctions,1,0.0041,unmatched,,,
E- Way Bill,1,0.0041,unmatched,,,
E&I Engineer,1,0.0041,unmatched,,,
E way Bills,1,0.0041,unmatched,,,
E and M,1,0.0041,unmatched,,,
E Way Bills,1,0.0041,unmatched,,,
Process Capability,1,0.0041,unmatched,,,
Process Assessment,1,0.0041,unmatched,,,
Process & Investment cost,1,0.0041,unmatched,,,
Problem-solving and conflict resolution abilities,1,0.0041,unmatched,,,
Problem-solving,1,0.0041,unmatched,,,
E Channel,1,0.0041,unmatched,,,
E Business Suite,1,0.0041,unmatched,,,
E -Invoices,1,0.0041,unmatched,,,
E - Tendering Process,1,0.0041,unmatched,,,
Dynamo,1,0.0041,unmatched,,,
Dynamics Sales,1,0.0041,unmatched,,,
Dynamics CRM,1,0.0041,unmatched,,,
Dynamics Ax X++,1,0.0041,unmatched,,,
Dynamics 365 F&O,1,0.0041,unmatched,,,
Process Execution,1,0.0041,unmatched,,,
Process Efficiency,1,0.0041,unmatched,,,
Process Design of water & wastewater treatment,1,0.0041,unmatched,,,
Process Costing,1,0.0041,unmatched,,,
Process Change,1,0.0041,unmatched,,,
E-Learning,1,0.0041,unmatched,,,
E-Fi,1,0.0041,unmatched,,,
Dvb,1,0.0041,unmatched,,,
Dv 360,1,0.0041,unmatched,,,
Process Trainer,1,0.0041,unmatched,,,
Process Study,1,0.0041,unmatched,,,
Process Streamlining,1,0.0041,unmatched,,,
Process Related Issues Solving,1,0.0041,unmatched,,,
Process Re-Engineering,1,0.0041,unmatched,,,
Process Plant,1,0.0041,unmatched,,,
Process Planing- Selction of machine,1,0.0041,unmatched,,,
Process Oriented,1,0.0041,unmatched,,,
Process Improvment,1,0.0041,unmatched,,,
Process Implementation,1,0.0041,unmatched,,,
Process Flow Charts,1,0.0041,unmatched,,,
Process Flow Chart,1,0.0041,unmatched,,,
E Commerce management,1,0.0041,unmatched,,,
E Commerce Merchandiser,1,0.0041,unmatched,,,
Dust Collectors,1,0.0041,unmatched,,,
Durability Simulation,1,0.0041,unmatched,,,
Durability,1,0.0041,unmatched,,,
Dunning,1,0.0041,unmatched,,,
Due Deligence,1,0.0041,unmatched,,,
Ducting,1,0.0041,unmatched,,,
DuckCreek DMS,1,0.0041,unmatched,,,
Dynamics 365 CRM,1,0.0041,unmatched,,,
Dynamic365,1,0.0041,unmatched,,,
Dynamic 365,1,0.0041,unmatched,,,
Dynamcs solutions architect,1,0.0041,unmatched,,,
Dyes intermediates,1,0.0041,unmatched,,,
Dyes,1,0.0041,unmatched,,,
Dxf,1,0.0041,unmatched,,,
Dwh Testing,1,0.0041,unmatched,,,
Dwh Implementation,1,0.0041,unmatched,,,
Process quality,1,0.0041,unmatched,,,
Process flow,1,0.0041,unmatched,,,
Duck Creek transformation programs,1,0.0041,unmatched,,,
Dspace,1,0.0041,unmatched,,,
Dso,1,0.0041,unmatched,,,
Dry ash,1,0.0041,unmatched,,,
Dry Utilities,1,0.0041,unmatched,,,
Dry Transformer,1,0.0041,unmatched,,,
Dry,1,0.0041,unmatched,,,
Process development,1,0.0041,unmatched,,,
Process compliance,1,0.0041,unmatched,,,
Process and Review,1,0.0041,unmatched,,,
Process adherance,1,0.0041,unmatched,,,
Process Walkthroughs,1,0.0041,unmatched,,,
Duty Drawback,1,0.0041,unmatched,,,
Dusting,1,0.0041,unmatched,,,
Procurement & Sourcing,1,0.0041,unmatched,,,
Procurement & Replenishment,1,0.0041,unmatched,,,
Drupal9,1,0.0041,unmatched,,,
Drupal10,1,0.0041,unmatched,,,
Drupal Architecture,1,0.0041,unmatched,,,
Drug safety,1,0.0041,unmatched,,,
Drug discovery,1,0.0041,unmatched,,,
Drug Safety reports,1,0.0041,unmatched,,,
Drug Discovery,1,0.0041,unmatched,,,
Dropshipping,1,0.0041,unmatched,,,
Drone operator,1,0.0041,unmatched,,,
Procreate,1,0.0041,unmatched,,,
Processor Architecture,1,0.0041,unmatched,,,
Process/Fixture/Tool/Gauge Design,1,0.0041,unmatched,,,
Process training,1,0.0041,unmatched,,,
Process re-engineering,1,0.0041,unmatched,,,
Product Adoption,1,0.0041,unmatched,,,
Product AI,1,0.0041,unmatched,,,
Product & Market Research,1,0.0041,unmatched,,,
Product  owner,1,0.0041,unmatched,,,
Product,1,0.0041,unmatched,,,
Prod,1,0.0041,unmatched,,,
Procurement to Pay,1,0.0041,unmatched,,,
Procurement processes,1,0.0041,unmatched,,,
Procurement management,1,0.0041,unmatched,,,
Procurement lead,1,0.0041,unmatched,,,
Procurement Systems,1,0.0041,unmatched,,,
Procurement Process,1,0.0041,unmatched,,,
Procurement Lead,1,0.0041,unmatched,,,
Procurement Head,1,0.0041,unmatched,,,
Procurement Executive,1,0.0041,unmatched,,,
Procurement Contracts,1,0.0041,unmatched,,,
Product Customization & Industrialization,1,0.0041,unmatched,,,
Product Compliance,1,0.0041,unmatched,,,
Product Categories,1,0.0041,unmatched,,,
Product Catalog,1,0.0041,unmatched,,,
Driving License,1,0.0041,unmatched,,,
Drives Revenue,1,0.0041,unmatched,,,
Drivers,1,0.0041,unmatched,,,
Driver Training,1,0.0041,unmatched,,,
Driver Installations,1,0.0041,unmatched,,,
Drive online growth,1,0.0041,unmatched,,,
Drive Process Improvements,1,0.0041,unmatched,,,
Drc,1,0.0041,unmatched,,,
Product Audit,1,0.0041,unmatched,,,
Product Architecture,1,0.0041,unmatched,,,
Product Approval & Compliance,1,0.0041,unmatched,,,
Product Analytics,1,0.0041,unmatched,,,
Product Head,1,0.0041,unmatched,,,
Product Evaluation,1,0.0041,unmatched,,,
Product Distribution,1,0.0041,unmatched,,,
Product Development Manager,1,0.0041,unmatched,,,
Drawing development,1,0.0041,unmatched,,,
Drawing Standardization,1,0.0041,unmatched,,,
Drawing Readig,1,0.0041,unmatched,,,
Drawing Preparation,1,0.0041,unmatched,,,
Drawing Coordination,1,0.0041,unmatched,,,
Draughtsman Mechanical,1,0.0041,unmatched,,,
Drainage,1,0.0041,unmatched,,,
Draftsman,1,0.0041,unmatched,,,
Drafting Tools,1,0.0041,unmatched,,,
Drafting Notices,1,0.0041,unmatched,,,
Product Development Life Cycle,1,0.0041,unmatched,,,
Product Design Development,1,0.0041,unmatched,,,
Downstream Operations,1,0.0041,unmatched,,,
Dotnet Devlopment,1,0.0041,unmatched,,,
Product Monographs,1,0.0041,unmatched,,,
Product Mix,1,0.0041,unmatched,,,
Product Messaging,1,0.0041,unmatched,,,
Product Marketing & Launches,1,0.0041,unmatched,,,
Product Manager-CREDIT CARD-Marketing HO,1,0.0041,unmatched,,,
Product Manager Savings Account,1,0.0041,unmatched,,,
Product Making,1,0.0041,unmatched,,,
Product Lifecycle Processes,1,0.0041,unmatched,,,
Product Lifecycle Management Plm,1,0.0041,unmatched,,,
Product Lifecycle Management,1,0.0041,unmatched,,,
Product Lead,1,0.0041,unmatched,,,
Product Launches,1,0.0041,unmatched,,,
Product Innovation,1,0.0041,unmatched,,,
Product Information Management,1,0.0041,unmatched,,,
Dossier Submission,1,0.0041,unmatched,,,
Product Selling,1,0.0041,unmatched,,,
Product Profitability,1,0.0041,unmatched,,,
Product Positioning,1,0.0041,unmatched,,,
Product Photography,1,0.0041,unmatched,,,
Product Performance,1,0.0041,unmatched,,,
Product Penetration,1,0.0041,unmatched,,,
Drafting Deeds,1,0.0041,unmatched,,,
Draft Approval,1,0.0041,unmatched,,,
Draft Analysis,1,0.0041,unmatched,,,
Dra Certified,1,0.0041,unmatched,,,
Dr. Reddys,1,0.0041,unmatched,,,
Dr,1,0.0041,unmatched,,,
Downtime Reduction,1,0.0041,unmatched,,,
Downstream Refining,1,0.0041,unmatched,,,
Downstream Processing,1,0.0041,unmatched,,,
Product Stewardship,1,0.0041,unmatched,,,
Product Specialist,1,0.0041,unmatched,,,
Product Service,1,0.0041,unmatched,,,
Door sales,1,0.0041,unmatched,,,
Door Panel,1,0.0041,unmatched,,,
Domestic/international ticketing,1,0.0041,unmatched,,,
Domestic Travel,1,0.0041,unmatched,,,
Dotnet Core,1,0.0041,unmatched,,,
DotNet,1,0.0041,unmatched,,,
Dot net react full stack developer,1,0.0041,unmatched,,,
Dot Net Full Stack,1,0.0041,unmatched,,,
Dot Net Framework,1,0.0041,unmatched,,,
Dot Net Developer,1,0.0041,unmatched,,,
Dot NET,1,0.0041,unmatched,,,
Dot Matrix,1,0.0041,unmatched,,,
Dot,1,0.0041,unmatched,,,
Product strategy,1,0.0041,unmatched,,,
Product related analysis,1,0.0041,unmatched,,,
Product portfolio,1,0.0041,unmatched,,,
Product manager,1,0.0041,unmatched,,,
Product expertise,1,0.0041,unmatched,,,
Domestic Ticketing,1,0.0041,unmatched,,,
Domestic Helper Trainer,1,0.0041,unmatched,,,
Domestic Call Center,1,0.0041,unmatched,,,
Domestic BPO Jobs,1,0.0041,unmatched,,,
Dolomite,1,0.0041,unmatched,,,
Documents Scanning,1,0.0041,unmatched,,,
Documents Review,1,0.0041,unmatched,,,
Product costing,1,0.0041,unmatched,,,
Product Validation,1,0.0041,unmatched,,,
Product Upgrades,1,0.0041,unmatched,,,
Product Stewardship Support related to MOC,1,0.0041,unmatched,,,
Production Drawings,1,0.0041,unmatched,,,
Production Documentation,1,0.0041,unmatched,,,
Production Chemist,1,0.0041,unmatched,,,
Production Assistant,1,0.0041,unmatched,,,
Production Assembly,1,0.0041,unmatched,,,
Documents And Request Processing,1,0.0041,unmatched,,,
Documentation tools,1,0.0041,unmatched,,,
Documentation and Reporting,1,0.0041,unmatched,,,
Documentation and Record Keeping,1,0.0041,unmatched,,,
Documentation And Compliance,1,0.0041,unmatched,,,
Documentation & Reporting,1,0.0041,unmatched,,,
Documentation & Process Control,1,0.0041,unmatched,,,
Documentation & Drafting,1,0.0041,unmatched,,,
Documentatiom,1,0.0041,unmatched,,,
Documentaion,1,0.0041,unmatched,,,
Document review,1,0.0041,unmatched,,,
Production Optimisation,1,0.0041,unmatched,,,
Production Officer,1,0.0041,unmatched,,,
Production Monitoring Of Pipelines,1,0.0041,unmatched,,,
Production Monitoring,1,0.0041,unmatched,,,
Production Line,1,0.0041,unmatched,,,
Production Incharge,1,0.0041,unmatched,,,
Document control of Engineering,1,0.0041,unmatched,,,
Document control,1,0.0041,unmatched,,,
Document and Reporting Compliance,1,0.0041,unmatched,,,
Document Understanding,1,0.0041,unmatched,,,
Document Transformation,1,0.0041,unmatched,,,
Document Specialist,1,0.0041,unmatched,,,
Document Formatting,1,0.0041,unmatched,,,
Production Head,1,0.0041,unmatched,,,
Production Executive,1,0.0041,unmatched,,,
Production Equipment Maintenance,1,0.0041,unmatched,,,
Production Process,1,0.0041,unmatched,,,
Production Planning and control,1,0.0041,unmatched,,,
Production Planning Manager,1,0.0041,unmatched,,,
Document Automation Tools,1,0.0041,unmatched,,,
Doctor hiring,1,0.0041,unmatched,,,
Doctor Referral,1,0.0041,unmatched,,,
Doctor Calls,1,0.0041,unmatched,,,
Docking,1,0.0041,unmatched,,,
Docker/containerization,1,0.0041,unmatched,,,
Docker Desktop,1,0.0041,unmatched,,,
Docker Container,1,0.0041,unmatched,,,
Docker Compose,1,0.0041,unmatched,,,
Production Planning & Scheduling,1,0.0041,unmatched,,,
Production Planning & Inventory Control,1,0.0041,unmatched,,,
Production Packing,1,0.0041,unmatched,,,
Production Oversight,1,0.0041,unmatched,,,
Productivity Analysis,1,0.0041,unmatched,,,
Dnb Biochemistry,1,0.0041,unmatched,,,
Dnb Anatomy,1,0.0041,unmatched,,,
Dmx,1,0.0041,unmatched,,,
Dms implementation,1,0.0041,unmatched,,,
Dme,1,0.0041,unmatched,,,
Dmat,1,0.0041,unmatched,,,
Dma,1,0.0041,unmatched,,,
Dl,1,0.0041,unmatched,,,
Production app development,1,0.0041,unmatched,,,
Production Work,1,0.0041,unmatched,,,
Production Systems,1,0.0041,unmatched,,,
Production Support Mainframe,1,0.0041,unmatched,,,
Production Supervisor,1,0.0041,unmatched,,,
Production Quantity Verification,1,0.0041,unmatched,,,
Production QA,1,0.0041,unmatched,,,
Professor of Practice,1,0.0041,unmatched,,,
Dkim,1,0.0041,unmatched,,,
Django/Flask,1,0.0041,unmatched,,,
Diya Painting,1,0.0041,unmatched,,,
Dividends,1,0.0041,unmatched,,,
Dividend Process,1,0.0041,unmatched,,,
District Sales Manager,1,0.0041,unmatched,,,
Distributor sales,1,0.0041,unmatched,,,
Distributor handling,1,0.0041,unmatched,,,
Distributor Manager,1,0.0041,unmatched,,,
Professional Adaptable,1,0.0041,unmatched,,,
Professional Activities,1,0.0041,unmatched,,,
Professinal Loan,1,0.0041,unmatched,,,
Profeshnalism,1,0.0041,unmatched,,,
Prof,1,0.0041,unmatched,,,
Productivity Improvement,1,0.0041,unmatched,,,
Profitability report,1,0.0041,unmatched,,,
Profitability Management,1,0.0041,unmatched,,,
Profit Centre Operations,1,0.0041,unmatched,,,
Profit Centre,1,0.0041,unmatched,,,
Profit Center Accounting,1,0.0041,unmatched,,,
Distributor Management,1,0.0041,unmatched,,,
Distributor,1,0.0041,unmatched,,,
Distributive Transformer,1,0.0041,unmatched,,,
Distribution Panel,1,0.0041,unmatched,,,
Distribution Efficiency,1,0.0041,unmatched,,,
Distribution Channel Management,1,0.0041,unmatched,,,
Profinet,1,0.0041,unmatched,,,
Profiling,1,0.0041,unmatched,,,
Proficiency in ms office,1,0.0041,unmatched,,,
Proficiency in MS Office and email handling,1,0.0041,unmatched,,,
Proficiency in Inventory Management,1,0.0041,unmatched,,,
Programme Implementation,1,0.0041,unmatched,,,
Programmatic Head,1,0.0041,unmatched,,,
Program management,1,0.0041,unmatched,,,
Distribution Center,1,0.0041,unmatched,,,
Distributed,1,0.0041,unmatched,,,
Distillery,1,0.0041,unmatched,,,
Distillation Column,1,0.0041,unmatched,,,
Dispute management,1,0.0041,unmatched,,,
Dispute,1,0.0041,unmatched,,,
Dispu,1,0.0041,unmatched,,,
Display advertising,1,0.0041,unmatched,,,
Program delivery,1,0.0041,unmatched,,,
Program Governance,1,0.0041,unmatched,,,
Program Development,1,0.0041,unmatched,,,
Program Coordinator,1,0.0041,unmatched,,,
Program Coordination,1,0.0041,unmatched,,,
Project Accounting Systems,1,0.0041,unmatched,,,
Project & Operations Management,1,0.0041,unmatched,,,
Project  Management,1,0.0041,unmatched,,,
Dispensing Medications,1,0.0041,unmatched,,,
Dispatch handling,1,0.0041,unmatched,,,
Dispatch Arrangements,1,0.0041,unmatched,,,
Disinfectant,1,0.0041,unmatched,,,
Discrete Mathematics,1,0.0041,unmatched,,,
Discrete Event Simulation,1,0.0041,unmatched,,,
Discovery patterns,1,0.0041,unmatched,,,
Disciplining,1,0.0041,unmatched,,,
Progressise Web Apps,1,0.0041,unmatched,,,
Progress DB,1,0.0041,unmatched,,,
Programming faculty,1,0.0041,unmatched,,,
Programming In C,1,0.0041,unmatched,,,
Programmer,1,0.0041,unmatched,,,
Diploma Automobile,1,0.0041,unmatched,,,
Digitalization,1,0.0041,unmatched,,,
Digital technology trends,1,0.0041,unmatched,,,
Direct Tax Compliance,1,0.0041,unmatched,,,
Direct Client,1,0.0041,unmatched,,,
Direct Bill,1,0.0041,unmatched,,,
Disciplinary Proceedings,1,0.0041,unmatched,,,
Disaster recovery planning,1,0.0041,unmatched,,,
Disaster Recovery Planning,1,0.0041,unmatched,,,
Disassembling,1,0.0041,unmatched,,,
Disa,1,0.0041,unmatched,,,
Project Commissioning,1,0.0041,unmatched,,,
Project Charter,1,0.0041,unmatched,,,
Project Base sales,1,0.0041,unmatched,,,
Project Audit,1,0.0041,unmatched,,,
Project Appraisal,1,0.0041,unmatched,,,
Digital Twin,1,0.0041,unmatched,,,
Digital Tv,1,0.0041,unmatched,,,
Digital Tools,1,0.0041,unmatched,,,
Digital Tarnsformation,1,0.0041,unmatched,,,
Digital Surface Models,1,0.0041,unmatched,,,
Digital Supply Chain,1,0.0041,unmatched,,,
Digital Strategy & execution,1,0.0041,unmatched,,,
Digital Sourcing,1,0.0041,unmatched,,,
Digital Recruitment,1,0.0041,unmatched,,,
Project Delivery Lead,1,0.0041,unmatched,,,
Project Coordination & Implementation,1,0.0041,unmatched,,,
Project Contracts,1,0.0041,unmatched,,,
Diploma in Special Education,1,0.0041,unmatched,,,
Diploma in Electrical and Electronics engg,1,0.0041,unmatched,,,
Diploma Trainee,1,0.0041,unmatched,,,
Diploma Electrical or Mechanical Engineers,1,0.0041,unmatched,,,
Digital Product Development,1,0.0041,unmatched,,,
Digital Planning,1,0.0041,unmatched,,,
Digital Partnership,1,0.0041,unmatched,,,
Digital Painting,1,0.0041,unmatched,,,
Digital Operations,1,0.0041,unmatched,,,
Digital Media Sales,1,0.0041,unmatched,,,
Digital Marketing Trainer,1,0.0041,unmatched,,,
Digital Marketing Executive,1,0.0041,unmatched,,,
Project Initiation,1,0.0041,unmatched,,,
Project Industry,1,0.0041,unmatched,,,
Project Improvement,1,0.0041,unmatched,,,
Project Funding,1,0.0041,unmatched,,,
Project Finance Manager,1,0.0041,unmatched,,,
Project Feasibility,1,0.0041,unmatched,,,
Project Executive,1,0.0041,unmatched,,,
Digital communication,1,0.0041,unmatched,,,
Digital Marketing Campaign,1,0.0041,unmatched,,,
Digital Marketing Associate,1,0.0041,unmatched,,,
Digital Manufacturing Cloud,1,0.0041,unmatched,,,
Digital Lending,1,0.0041,unmatched,,,
Digital Learning,1,0.0041,unmatched,,,
Digital Lead,1,0.0041,unmatched,,,
Digital Journey,1,0.0041,unmatched,,,
Digital HR,1,0.0041,unmatched,,,
Digital Forensics,1,0.0041,unmatched,,,
Digital Finance,1,0.0041,unmatched,,,
Digital Elevation Models,1,0.0041,unmatched,,,
Digital Dictation,1,0.0041,unmatched,,,
Project Migration,1,0.0041,unmatched,,,
Project Managers,1,0.0041,unmatched,,,
Project Manager It Infrastructure,1,0.0041,unmatched,,,
Project Management Consultancy,1,0.0041,unmatched,,,
Digital Design,1,0.0041,unmatched,,,
Digital Creative Production,1,0.0041,unmatched,,,
Digital Communications,1,0.0041,unmatched,,,
Digital Circuit Design,1,0.0041,unmatched,,,
Digital Channels,1,0.0041,unmatched,,,
Digital Campaign,1,0.0041,unmatched,,,
Digital Automation,1,0.0041,unmatched,,,
Digital Advertising Strategy,1,0.0041,unmatched,,,
Project Supervision,1,0.0041,unmatched,,,
Project Structuring & Cost Planning,1,0.0041,unmatched,,,
Project Staff,1,0.0041,unmatched,,,
Project Scope Planning,1,0.0041,unmatched,,,
Project Scheduling And Tracking,1,0.0041,unmatched,,,
Project Risk Assessment,1,0.0041,unmatched,,,
Digital Marketing Design,1,0.0041,unmatched,,,
Digital Marketing Content,1,0.0041,unmatched,,,
Project operations,1,0.0041,unmatched,,,
Project monitoring,1,0.0041,unmatched,,,
Project life cycle,1,0.0041,unmatched,,,
Digital Ad Sales Manager responsible for selling ad space across OTT,1,0.0041,unmatched,,,
Digital Ad Sales,1,0.0041,unmatched,,,
Digita,1,0.0041,unmatched,,,
Digial Policy,1,0.0041,unmatched,,,
Dietitian,1,0.0041,unmatched,,,
Dietician,1,0.0041,unmatched,,,
Diesel Mechanic,1,0.0041,unmatched,,,
Diesel Generators,1,0.0041,unmatched,,,
Project evaluation,1,0.0041,unmatched,,,
Project accounting,1,0.0041,unmatched,,,
Project Work Experience Only,1,0.0041,unmatched,,,
Project Transition,1,0.0041,unmatched,,,
Project Support,1,0.0041,unmatched,,,
Promotion planning,1,0.0041,unmatched,,,
Promotion Strategy Analyst,1,0.0041,unmatched,,,
Promoter Activities,1,0.0041,unmatched,,,
Promo Planning Executive,1,0.0041,unmatched,,,
Promo Analytics Analyst,1,0.0041,unmatched,,,
Projects Management,1,0.0041,unmatched,,,
Die making,1,0.0041,unmatched,,,
Die grinding & repairs,1,0.0041,unmatched,,,
Die Development,1,0.0041,unmatched,,,
Die Casting Design,1,0.0041,unmatched,,,
Diamonds,1,0.0041,unmatched,,,
Diamond Jewellery,1,0.0041,unmatched,,,
Dialux EVO,1,0.0041,unmatched,,,
Projector Sales,1,0.0041,unmatched,,,
Projection Welding,1,0.0041,unmatched,,,
Project scheduling,1,0.0041,unmatched,,,
Property Law,1,0.0041,unmatched,,,
Property Insurance Sales,1,0.0041,unmatched,,,
PropTech,1,0.0041,unmatched,,,
Dialogue Writing,1,0.0041,unmatched,,,
Dialer,1,0.0041,unmatched,,,
Diagnostic testing,1,0.0041,unmatched,,,
Diagnostic Marketing,1,0.0041,unmatched,,,
Diabetic,1,0.0041,unmatched,,,
Diabetes,1,0.0041,unmatched,,,
Dgps,1,0.0041,unmatched,,,
Dg Sets,1,0.0041,unmatched,,,
Dg,1,0.0041,unmatched,,,
Dfm,1,0.0041,unmatched,,,
Promotional events,1,0.0041,unmatched,,,
Promotional Events,1,0.0041,unmatched,,,
Promotional Activity,1,0.0041,unmatched,,,
Property record management,1,0.0041,unmatched,,,
Property Underwriting,1,0.0041,unmatched,,,
Property Scouting,1,0.0041,unmatched,,,
Property Report,1,0.0041,unmatched,,,
Dfa,1,0.0041,unmatched,,,
Dewesoft,1,0.0041,unmatched,,,
Dewatering Pumps,1,0.0041,unmatched,,,
Dewatering,1,0.0041,unmatched,,,
Devops Tech Lead,1,0.0041,unmatched,,,
Devops Lead,1,0.0041,unmatched,,,
Devops Jenkins,1,0.0041,unmatched,,,
Devops Developer,1,0.0041,unmatched,,,
Devops Ci Cd,1,0.0041,unmatched,,,
Devops  engineer,1,0.0041,unmatched,,,
Device testing,1,0.0041,unmatched,,,
Device drivers,1,0.0041,unmatched,,,
Protein Biochemistry,1,0.0041,unmatched,,,
Protein,1,0.0041,unmatched,,,
Protection Systems,1,0.0041,unmatched,,,
Propulsion Systems,1,0.0041,unmatched,,,
Propulsion,1,0.0041,unmatched,,,
Proposal writer,1,0.0041,unmatched,,,
Proposal management,1,0.0041,unmatched,,,
Device Testing,1,0.0041,unmatched,,,
Device Installation,1,0.0041,unmatched,,,
Device Driver,1,0.0041,unmatched,,,
Deviation analysis,1,0.0041,unmatched,,,
Deviation Analysis,1,0.0041,unmatched,,,
Development Quality Assurance,1,0.0041,unmatched,,,
Development Lead,1,0.0041,unmatched,,,
Development Engineer,1,0.0041,unmatched,,,
Proposal coo,1,0.0041,unmatched,,,
Prototyping Tools,1,0.0041,unmatched,,,
Protools,1,0.0041,unmatched,,,
Development Associate,1,0.0041,unmatched,,,
Developing SAP application,1,0.0041,unmatched,,,
Developer Tools,1,0.0041,unmatched,,,
Developer Loan,1,0.0041,unmatched,,,
Develope&Execution of IT Strategy,1,0.0041,unmatched,,,
Develop and produce trending,1,0.0041,unmatched,,,
Develop and implement firmware,1,0.0041,unmatched,,,
Develop & Implement Sales Strategies,1,0.0041,unmatched,,,
DevSecOps,1,0.0041,unmatched,,,
DevOps workflows,1,0.0041,unmatched,,,
DevOps management,1,0.0041,unmatched,,,
DevOps architecture,1,0.0041,unmatched,,,
Proto Building,1,0.0041,unmatched,,,
Protein Chemistry,1,0.0041,unmatched,,,
Proximate Analysis,1,0.0041,unmatched,,,
Provision,1,0.0041,unmatched,,,
DevOps Lead,1,0.0041,unmatched,,,
DevOps Engineer,1,0.0041,unmatched,,,
DevExpress framework,1,0.0041,unmatched,,,
DetermineComponentFrameRoot,1,0.0041,unmatched,,,
Detailer,1,0.0041,unmatched,,,
Detailed Project Report,1,0.0041,unmatched,,,
Detail-Oriented,1,0.0041,unmatched,,,
Det,1,0.0041,unmatched,,,
Provider Network,1,0.0041,unmatched,,,
Provider Management,1,0.0041,unmatched,,,
Provider Enrollement,1,0.0041,unmatched,,,
Provident fund,1,0.0041,unmatched,,,
Proven Success In Acquiring And Retaining Corporate Clients,1,0.0041,unmatched,,,
Protractor,1,0.0041,unmatched,,,
Desktop Sales,1,0.0041,unmatched,,,
Desktop Publishing,1,0.0041,unmatched,,,
Desktop Operating,1,0.0041,unmatched,,,
Desktop OS Troubleshooting,1,0.0041,unmatched,,,
Desktop Engineer L1,1,0.0041,unmatched,,,
Desktop Engineer,1,0.0041,unmatched,,,
Desktop Applications,1,0.0041,unmatched,,,
Desktop Application Development,1,0.0041,unmatched,,,
Ptc Creo,1,0.0041,unmatched,,,
Ptc,1,0.0041,unmatched,,,
Psychiatry,1,0.0041,unmatched,,,
Psv Sizing,1,0.0041,unmatched,,,
Psql,1,0.0041,unmatched,,,
Ps Query,1,0.0041,unmatched,,,
Prtg,1,0.0041,unmatched,,,
Prpc,1,0.0041,unmatched,,,
Punctuality & discipline,1,0.0041,unmatched,,,
Punctuality,1,0.0041,unmatched,,,
Pumps Etc,1,0.0041,unmatched,,,
Pumping Stations,1,0.0041,unmatched,,,
Pumping,1,0.0041,unmatched,,,
Pump Selection,1,0.0041,unmatched,,,
Pump Maintenance,1,0.0041,unmatched,,,
Pulmonology,1,0.0041,unmatched,,,
Pulmonary,1,0.0041,unmatched,,,
Publication Layout Design,1,0.0041,unmatched,,,
Public Issue,1,0.0041,unmatched,,,
Public Health Supply Chains,1,0.0041,unmatched,,,
Public Health Infrastructure,1,0.0041,unmatched,,,
Public And Transaction Comps,1,0.0041,unmatched,,,
Public Address System,1,0.0041,unmatched,,,
Ptc In,1,0.0041,unmatched,,,
Design Strategy,1,0.0041,unmatched,,,
Purchase Operation,1,0.0041,unmatched,,,
Purchase Manager,1,0.0041,unmatched,,,
Purchase & store,1,0.0041,unmatched,,,
Pune Jobs,1,0.0041,unmatched,,,
Deskjet,1,0.0041,unmatched,,,
Designing SCM Operation Structures,1,0.0041,unmatched,,,
Designer Workflow,1,0.0041,unmatched,,,
Design verification,1,0.0041,unmatched,,,
Design systems,1,0.0041,unmatched,,,
Design support,1,0.0041,unmatched,,,
Design service sales,1,0.0041,unmatched,,,
Design related software applications,1,0.0041,unmatched,,,
Design patterns,1,0.0041,unmatched,,,
Design pattern,1,0.0041,unmatched,,,
Punctuation,1,0.0041,unmatched,,,
Purchasing & Procurement,1,0.0041,unmatched,,,
Purchasing,1,0.0041,unmatched,,,
Purchase to Pay,1,0.0041,unmatched,,,
Purchase operations,1,0.0041,unmatched,,,
Purchase executive,1,0.0041,unmatched,,,
Purchase Order Processing,1,0.0041,unmatched,,,
Design of plastic and Manufacturing Process,1,0.0041,unmatched,,,
Design management,1,0.0041,unmatched,,,
Design inputs,1,0.0041,unmatched,,,
Design engineer,1,0.0041,unmatched,,,
Design and development,1,0.0041,unmatched,,,
Design and Proposal Engineer,1,0.0041,unmatched,,,
Design and Development,1,0.0041,unmatched,,,
Design and Configure,1,0.0041,unmatched,,,
Design Thinking,1,0.0041,unmatched,,,
Design Support,1,0.0041,unmatched,,,
Pycharm,1,0.0041,unmatched,,,
Pvs,1,0.0041,unmatched,,,
Pvd Coating,1,0.0041,unmatched,,,
Purview DLP,1,0.0041,unmatched,,,
Pursuasion,1,0.0041,unmatched,,,
Purified Water,1,0.0041,unmatched,,,
Design Reviews,1,0.0041,unmatched,,,
Design Quality Management,1,0.0041,unmatched,,,
Design Quality,1,0.0041,unmatched,,,
Design Pattern,1,0.0041,unmatched,,,
Design Mockups,1,0.0041,unmatched,,,
Design Lead,1,0.0041,unmatched,,,
Design For Manufacturing,1,0.0041,unmatched,,,
Design Engineer Mechanical,1,0.0041,unmatched,,,
Purification Processes,1,0.0041,unmatched,,,
Purchasing and AGIS modules,1,0.0041,unmatched,,,
Python Automation Tester,1,0.0041,unmatched,,,
Pythn,1,0.0041,unmatched,,,
Pyspark/Python,1,0.0041,unmatched,,,
Pyrophoric Reagents,1,0.0041,unmatched,,,
Design Documentation,1,0.0041,unmatched,,,
Design Customized Training,1,0.0041,unmatched,,,
Design Consultancy,1,0.0041,unmatched,,,
Design Conceptualization,1,0.0041,unmatched,,,
Design Concepts,1,0.0041,unmatched,,,
Design Check,1,0.0041,unmatched,,,
Design Calculation,1,0.0041,unmatched,,,
Design Architecture,1,0.0041,unmatched,,,
Design Architect,1,0.0041,unmatched,,,
Design And Implement,1,0.0041,unmatched,,,
Pyramid,1,0.0041,unmatched,,,
Pyhton,1,0.0041,unmatched,,,
Python Selenium Jobs Chennai,1,0.0041,unmatched,,,
Python SQL Tester Careers,1,0.0041,unmatched,,,
Python Programming,1,0.0041,partial/semantic_match,Python,"Nashik University, University of Mumbai, Savitribai Phule Pune University","MDC401 Multidisciplinary minor 20 20 40 60 2 -- -- 100, Unknown"
Python ML,1,0.0041,unmatched,,,
Design & Development Teams,1,0.0041,unmatched,,,
Design & Development,1,0.0041,unmatched,,,
Des,1,0.0041,unmatched,,,
Derivatives trading,1,0.0041,unmatched,,,
Derivative Products,1,0.0041,unmatched,,,
Derivative Operations,1,0.0041,unmatched,,,
Deputy branch manager,1,0.0041,unmatched,,,
Deputy Manager Operation,1,0.0041,unmatched,,,
Python Flask,1,0.0041,unmatched,,,
Python ETL Test Automation,1,0.0041,unmatched,,,
Python Data,1,0.0041,unmatched,,,
Python Backend,1,0.0041,unmatched,,,
QA Test Engineer,1,0.0041,unmatched,,,
QA Strategy,1,0.0041,unmatched,,,
QA Methodologies,1,0.0041,unmatched,,,
QA Leadership,1,0.0041,unmatched,,,
QA Automation Selenium Java,1,0.0041,unmatched,,,
QA Automation Chennai,1,0.0041,unmatched,,,
QA Automation Careers,1,0.0041,unmatched,,,
QA Automation C# Selenium,1,0.0041,unmatched,,,
QA Associate,1,0.0041,unmatched,,,
QA Analyst,1,0.0041,unmatched,,,
Q-Commerce,1,0.0041,unmatched,,,
Q commerce,1,0.0041,unmatched,,,
Python/Java programming,1,0.0041,unmatched,,,
Python or React,1,0.0041,unmatched,,,
Python automation,1,0.0041,unmatched,,,
Python Web Automation,1,0.0041,unmatched,,,
QA/QC Mechanical,1,0.0041,unmatched,,,
QA/QC Laboratory Management,1,0.0041,unmatched,,,
Demo Call,1,0.0041,unmatched,,,
Demat Account Opening,1,0.0041,unmatched,,,
Demat Account,1,0.0041,unmatched,,,
Demandbase,1,0.0041,unmatched,,,
Demand management,1,0.0041,unmatched,,,
Deposits,1,0.0041,unmatched,,,
Depository Services,1,0.0041,unmatched,,,
Deposit Process Pune,1,0.0041,unmatched,,,
Deployment Automation,1,0.0041,unmatched,,,
Dental Checkup Camp,1,0.0041,unmatched,,,
Dental Billing,1,0.0041,unmatched,,,
QA system audits,1,0.0041,unmatched,,,
QA lead,1,0.0041,unmatched,,,
QA Tester API,1,0.0041,unmatched,,,
QMS audit,1,0.0041,unmatched,,,
QMS MR,1,0.0041,unmatched,,,
QMS Documentations,1,0.0041,unmatched,,,
QMS Documentation,1,0.0041,unmatched,,,
QGIS,1,0.0041,unmatched,,,
QC story,1,0.0041,unmatched,,,
QC management,1,0.0041,unmatched,,,
QC inspection,1,0.0041,unmatched,,,
QC engineering,1,0.0041,unmatched,,,
QC OFFICER CUM MICROBIOLOGIST -FMCG /FOOD /BAKERY /CAKES & CONFECTIONERIS,1,0.0041,unmatched,,,
QC Microbiology,1,0.0041,unmatched,,,
QC Management,1,0.0041,unmatched,,,
QC MANAGER,1,0.0041,unmatched,,,
QC Chemist,1,0.0041,unmatched,,,
QAPs,1,0.0041,unmatched,,,
QA/QC Procedures,1,0.0041,unmatched,,,
QUOTATION,1,0.0041,unmatched,,,
QUALITY CONTROL,1,0.0041,unmatched,,,
QUALITY,1,0.0041,unmatched,,,
QS activity forecast,1,0.0041,unmatched,,,
QRadar,1,0.0041,unmatched,,,
QRA,1,0.0041,unmatched,,,
QPE,1,0.0041,unmatched,,,
Demand Letter,1,0.0041,unmatched,,,
Demand Estimation,1,0.0041,unmatched,,,
Demand Analysis,1,0.0041,unmatched,,,
Deluge scripts,1,0.0041,unmatched,,,
Delta System,1,0.0041,unmatched,,,
Delta Lake,1,0.0041,unmatched,,,
Delphi,1,0.0041,unmatched,,,
Dell Boomi intergration,1,0.0041,unmatched,,,
QMS systems,1,0.0041,unmatched,,,
Qc  Micro,1,0.0041,unmatched,,,
Qbr,1,0.0041,unmatched,,,
Qbd,1,0.0041,unmatched,,,
Qb,1,0.0041,unmatched,,,
Qa Tools,1,0.0041,unmatched,,,
Qa Manual Testing,1,0.0041,unmatched,,,
Qa Life Cycle,1,0.0041,unmatched,,,
Dell Boomi MDH developer,1,0.0041,unmatched,,,
Dell Boomi AtomSphere,1,0.0041,unmatched,,,
Delivery Notes,1,0.0041,unmatched,,,
Delivery Mgmt,1,0.0041,unmatched,,,
Delivery Methodologies,1,0.0041,unmatched,,,
Delivery Excellence,1,0.0041,unmatched,,,
Qa Engineering,1,0.0041,unmatched,,,
Qa Analysis,1,0.0041,unmatched,,,
Qa,1,0.0041,unmatched,,,
Defender Cloud,1,0.0041,unmatched,,,
Defender AV,1,0.0041,unmatched,,,
Deep technical knowledge of finishing materials and market trends,1,0.0041,unmatched,,,
Deep  Learning,1,0.0041,unmatched,,,
Dedupe,1,0.0041,unmatched,,,
Delivers Tailored Ad Solutions,1,0.0041,unmatched,,,
Delivering Medicines,1,0.0041,unmatched,,,
Deliverables,1,0.0041,unmatched,,,
Delegate Assembly,1,0.0041,unmatched,,,
Degree in Mechanical Engineering / Electrical Engineering,1,0.0041,unmatched,,,
Degree in Electrical Engineering,1,0.0041,unmatched,,,
Defined contribution,1,0.0041,unmatched,,,
Deferred Tax,1,0.0041,unmatched,,,
Qemu,1,0.0041,unmatched,,,
Qc Micro Officer,1,0.0041,unmatched,,,
Qc Management,1,0.0041,unmatched,,,
Decision Sciences,1,0.0041,unmatched,,,
Deburring machine,1,0.0041,unmatched,,,
Debugging Software,1,0.0041,unmatched,,,
Debug Subsystem Verification,1,0.0041,unmatched,,,
Debtors Reconciliation,1,0.0041,unmatched,,,
Debtors & Creditors Management,1,0.0041,unmatched,,,
Debt market,1,0.0041,unmatched,,,
Debt Structuring,1,0.0041,unmatched,,,
Qms Compliances,1,0.0041,unmatched,,,
Qmf,1,0.0041,unmatched,,,
Qmc,1,0.0041,unmatched,,,
Qlikscripting,1,0.0041,unmatched,,,
Qlik Sense,1,0.0041,unmatched,,,
Qlik NPrinting,1,0.0041,unmatched,,,
Qgis,1,0.0041,unmatched,,,
Defender XDR,1,0.0041,unmatched,,,
Quality Control & Inspection,1,0.0041,unmatched,,,
Quality Control & Assurance,1,0.0041,unmatched,,,
Quality Checklist,1,0.0041,unmatched,,,
Quality Auditing,1,0.0041,unmatched,,,
Quality Assurance Testing,1,0.0041,unmatched,,,
Quality Assurance Manager,1,0.0041,unmatched,,,
Quality Assurance / ISO Standards,1,0.0041,unmatched,,,
Quality & Service,1,0.0041,unmatched,,,
Quality & Rejection Control,1,0.0041,unmatched,,,
Qualitative research,1,0.0041,unmatched,,,
Qualitative Analysis,1,0.0041,unmatched,,,
Qsr,1,0.0041,unmatched,,,
Qs,1,0.0041,unmatched,,,
QoS,1,0.0041,unmatched,,,
Qms Documentation,1,0.0041,unmatched,,,
Deduction,1,0.0041,unmatched,,,
Quality Inspections,1,0.0041,unmatched,,,
Quality Head,1,0.0041,unmatched,,,
Quality Documentation & Reporting,1,0.0041,unmatched,,,
Quality Control Quality Assurance,1,0.0041,unmatched,,,
Quality Control Executive,1,0.0041,unmatched,,,
Quality Control Documentation,1,0.0041,unmatched,,,
Debt Servicing,1,0.0041,unmatched,,,
Debt Market,1,0.0041,unmatched,,,
Debt Management,1,0.0041,unmatched,,,
Debt Fund Raising,1,0.0041,unmatched,,,
Debt Capital Market,1,0.0041,unmatched,,,
Debit note,1,0.0041,unmatched,,,
Debit Note,1,0.0041,unmatched,,,
Debit Balance Analysis,1,0.0041,unmatched,,,
Debit,1,0.0041,unmatched,,,
Deals tax,1,0.0041,unmatched,,,
Quality Metallurgy,1,0.0041,unmatched,,,
Quality Manager for the Paint Shop is responsible for developing,1,0.0041,unmatched,,,
Quality Management system & Certification,1,0.0041,unmatched,,,
Quality Management Systems,1,0.0041,unmatched,,,
Quality Management System implementation,1,0.0041,unmatched,,,
Quality Management Skills,1,0.0041,unmatched,,,
Dealership Sales,1,0.0041,unmatched,,,
Dealer sales,1,0.0041,unmatched,,,
Dealer management,1,0.0041,unmatched,,,
Dealer Relationship,1,0.0041,unmatched,,,
Dealer Operations,1,0.0041,unmatched,,,
Dealer Marketing,1,0.0041,unmatched,,,
Dealer Development,1,0.0041,unmatched,,,
Dealer Co-ordination,1,0.0041,unmatched,,,
Dealer / Distributor Sales Executive,1,0.0041,unmatched,,,
Quality Lead,1,0.0041,unmatched,,,
Dc Charger,1,0.0041,unmatched,,,
Dba Skills,1,0.0041,unmatched,,,
Db Sql,1,0.0041,unmatched,,,
Db Migration,1,0.0041,unmatched,,,
Dealer,1,0.0041,unmatched,,,
Deal Sourcing,1,0.0041,unmatched,,,
Deal Pricing,1,0.0041,unmatched,,,
Deal Origination,1,0.0041,unmatched,,,
Deal Life Cycle,1,0.0041,unmatched,,,
Deal Execution,1,0.0041,unmatched,,,
Ddl,1,0.0041,unmatched,,,
Quality Safety,1,0.0041,unmatched,,,
Quality Reporting,1,0.0041,unmatched,,,
Quality Process Excellence,1,0.0041,unmatched,,,
Quality Procedures,1,0.0041,unmatched,,,
Quality Planning,1,0.0041,unmatched,,,
Quantexa,1,0.0041,unmatched,,,
Quant,1,0.0041,unmatched,,,
Quality planning,1,0.0041,unmatched,,,
Quality engineer,1,0.0041,unmatched,,,
Day Book,1,0.0041,unmatched,,,
Davinci Resolve,1,0.0041,unmatched,,,
Davinci,1,0.0041,unmatched,,,
Datorama,1,0.0041,unmatched,,,
Datastream,1,0.0041,unmatched,,,
Datastax Cassandra,1,0.0041,unmatched,,,
Datastage developer,1,0.0041,unmatched,,,
Quality documentation,1,0.0041,unmatched,,,
Quality control management,1,0.0041,unmatched,,,
Dcdc Converter,1,0.0041,unmatched,,,
Dcam,1,0.0041,unmatched,,,
Dc-Dc,1,0.0041,unmatched,,,
Database concepts,1,0.0041,unmatched,,,
Database architecture,1,0.0041,unmatched,,,
Database Vault,1,0.0041,unmatched,,,
Database Testing Jobs Pune,1,0.0041,unmatched,,,
Database Queries,1,0.0041,unmatched,,,
Database Optimization,1,0.0041,unmatched,,,
Database Of Thermal Power Plants,1,0.0041,unmatched,,,
Dataset design,1,0.0041,unmatched,,,
Datapump,1,0.0041,unmatched,,,
Datamax,1,0.0041,unmatched,,,
Datalake applications,1,0.0041,unmatched,,,
Datadriven,1,0.0041,unmatched,,,
Datacenter Hiring,1,0.0041,unmatched,,,
Datacenter,1,0.0041,unmatched,,,
Quantisation,1,0.0041,unmatched,,,
Quantexa Developer,1,0.0041,unmatched,,,
Quick Learner,1,0.0041,unmatched,,,
Quick Base App,1,0.0041,unmatched,,,
Queue,1,0.0041,unmatched,,,
Quest,1,0.0041,unmatched,,,
Database Management Administration,1,0.0041,unmatched,,,
Database Implementation,1,0.0041,unmatched,,,
Database Fundamentals,1,0.0041,unmatched,,,
Database Creation And Maintenance,1,0.0041,unmatched,,,
Query Management,1,0.0041,unmatched,,,
Quantum,1,0.0041,unmatched,,,
Quantlib,1,0.0041,unmatched,,,
Quantitative Finance,1,0.0041,unmatched,,,
Quantitative Analytics,1,0.0041,unmatched,,,
Databook Preparation,1,0.0041,unmatched,,,
Database support,1,0.0041,unmatched,,,
Database management,1,0.0041,unmatched,,,
Quotation/Order Process,1,0.0041,unmatched,,,
Quotation Management,1,0.0041,unmatched,,,
Quota-carrying enterprise sales & new logo acquisition  GTM strategy & pipeline development  C-suite engagement & relationship management  CRM,1,0.0041,unmatched,,,
Quota Management,1,0.0041,unmatched,,,
Quickbase,1,0.0041,unmatched,,,
Database Backup,1,0.0041,unmatched,,,
DataRaptor,1,0.0041,unmatched,,,
Data-Driven Strategies,1,0.0041,unmatched,,,
Data verse,1,0.0041,unmatched,,,
Data trends,1,0.0041,unmatched,,,
Data tree,1,0.0041,unmatched,,,
Data sphere,1,0.0041,unmatched,,,
Data secruity,1,0.0041,unmatched,,,
Data science,1,0.0041,unmatched,,,
QuickBooks Online,1,0.0041,unmatched,,,
Quick Service industry,1,0.0041,unmatched,,,
R2R Controllership,1,0.0041,unmatched,,,
R13,1,0.0041,unmatched,,,
R&D Setup,1,0.0041,unmatched,,,
R&D Lab sales,1,0.0041,unmatched,,,
R Script,1,0.0041,unmatched,,,
Data protection,1,0.0041,unmatched,,,
Data pipelines,1,0.0041,unmatched,,,
Data modeller,1,0.0041,unmatched,,,
Data mode,1,0.0041,unmatched,,,
Data lake,1,0.0041,unmatched,,,
Data integrity,1,0.0041,unmatched,,,
Data integration,1,0.0041,unmatched,,,
R Program,1,0.0041,unmatched,,,
R & D,1,0.0041,unmatched,,,
Quoting,1,0.0041,unmatched,,,
Quote To Order,1,0.0041,unmatched,,,
RAID,1,0.0041,unmatched,,,
Data Warehouse Testing Jobs,1,0.0041,unmatched,,,
Data Warehouse QA,1,0.0041,unmatched,,,
Data Warehouse Etl Testing,1,0.0041,unmatched,,,
Data Virtualization,1,0.0041,unmatched,,,
Data Structures And Algorithms,1,0.0041,partial/semantic_match,Data Structures,"Nashik University, Savitribai Phule Pune University",Unknown
Data Stewardship,1,0.0041,unmatched,,,
Data cloud,1,0.0041,unmatched,,,
Data build Tool,1,0.0041,unmatched,,,
Data bricks,1,0.0041,unmatched,,,
Data brick,1,0.0041,unmatched,,,
Data architect,1,0.0041,unmatched,,,
Data Workflows,1,0.0041,unmatched,,,
RACF,1,0.0041,unmatched,,,
RA Executive,1,0.0041,unmatched,,,
R2R Operations,1,0.0041,unmatched,,,
REACTJS,1,0.0041,unmatched,,,
REACT JS,1,0.0041,unmatched,,,
REACH,1,0.0041,unmatched,,,
RE,1,0.0041,unmatched,,,
RDI,1,0.0041,unmatched,,,
RDF sales,1,0.0041,unmatched,,,
RCSA,1,0.0041,unmatched,,,
RCM AR Caller,1,0.0041,unmatched,,,
RCCBs,1,0.0041,unmatched,,,
RC,1,0.0041,unmatched,,,
RBS,1,0.0041,unmatched,,,
RBP,1,0.0041,unmatched,,,
RBI/NBFC,1,0.0041,unmatched,,,
RBI/NABARD compliance knowledge,1,0.0041,unmatched,,,
RBI compliance,1,0.0041,unmatched,,,
RBI Reporting,1,0.0041,unmatched,,,
REST ASSURED Karate,1,0.0041,unmatched,,,
REST ASSURED,1,0.0041,unmatched,,,
REST APIs,1,0.0041,unmatched,,,
REST API Testing Careers,1,0.0041,unmatched,,,
RERA tribunals,1,0.0041,unmatched,,,
REQUIREMENT GATHERING,1,0.0041,unmatched,,,
REPO/TREPS/G-Sec/SDL,1,0.0041,unmatched,,,
Data Sets,1,0.0041,unmatched,,,
Data Services 4.2,1,0.0041,unmatched,,,
Data Science Analyst,1,0.0041,unmatched,,,
Data Research Associate,1,0.0041,unmatched,,,
Data Replication,1,0.0041,unmatched,,,
Data Remediation,1,0.0041,unmatched,,,
RELIABILITY,1,0.0041,unmatched,,,
REGULATORY FRAMEWORK,1,0.0041,unmatched,,,
REGUALTORY REPORT,1,0.0041,unmatched,,,
RF Survey,1,0.0041,unmatched,,,
RF Planning,1,0.0041,unmatched,,,
REVENUE GENERATION,1,0.0041,unmatched,,,
RESTful API development,1,0.0041,unmatched,,,
RESTful API Development,1,0.0041,unmatched,,,
Data Raptors,1,0.0041,unmatched,,,
Data QA,1,0.0041,unmatched,,,
Data Presentation,1,0.0041,unmatched,,,
Data Power,1,0.0041,unmatched,,,
Data Platforms,1,0.0041,unmatched,,,
Data Platform Architecture,1,0.0041,unmatched,,,
Data Platform,1,0.0041,unmatched,,,
RESTFULL APPLICATION,1,0.0041,unmatched,,,
RESTAURANT OPERATIONS,1,0.0041,unmatched,,,
REST integration,1,0.0041,unmatched,,,
REST api,1,0.0041,unmatched,,,
RFOs,1,0.0041,unmatched,,,
RFI lifecycle,1,0.0041,unmatched,,,
Data Manipulation & Analysis,1,0.0041,unmatched,,,
Data Lakes,1,0.0041,unmatched,,,
Data Lake House,1,0.0041,unmatched,,,
Data Intensive,1,0.0041,unmatched,,,
Data Insights,1,0.0041,unmatched,,,
Data Operator,1,0.0041,unmatched,,,
Data Onboarding,1,0.0041,unmatched,,,
Data Modeller,1,0.0041,unmatched,,,
Data Model,1,0.0041,unmatched,,,
Data Metrics,1,0.0041,unmatched,,,
Data Masking,1,0.0041,unmatched,,,
Data Mart,1,0.0041,unmatched,,,
RFI Response,1,0.0041,unmatched,,,
RF framework,1,0.0041,unmatched,,,
RISA,1,0.0041,unmatched,,,
RIP,1,0.0041,unmatched,,,
RIDC,1,0.0041,unmatched,,,
RICEF,1,0.0041,unmatched,,,
RICE components,1,0.0041,unmatched,,,
Data Imports,1,0.0041,unmatched,,,
Data Governanace,1,0.0041,unmatched,,,
Data Gen2,1,0.0041,unmatched,,,
Data Fusion,1,0.0041,unmatched,,,
Data Entry Management,1,0.0041,unmatched,,,
RFx process,1,0.0041,unmatched,,,
RFQs,1,0.0041,unmatched,,,
RFQ Budgeting and costing Time and material FTFP CSAT,1,0.0041,unmatched,,,
RFPS,1,0.0041,unmatched,,,
RFP/RFI,1,0.0041,unmatched,,,
RFP Management,1,0.0041,unmatched,,,
RO system,1,0.0041,unmatched,,,
RO System,1,0.0041,unmatched,,,
Data Enrichment,1,0.0041,unmatched,,,
Data Encryption,1,0.0041,unmatched,,,
Data Documentation,1,0.0041,unmatched,,,
Data Discovery,1,0.0041,unmatched,,,
Data Conversion Specialist,1,0.0041,unmatched,,,
Data Centre,1,0.0041,unmatched,,,
RNN,1,0.0041,unmatched,,,
RMS Integration,1,0.0041,unmatched,,,
RMS,1,0.0041,unmatched,,,
RMO,1,0.0041,unmatched,,,
RMAN,1,0.0041,unmatched,,,
RMA,1,0.0041,unmatched,,,
RM inspection,1,0.0041,unmatched,,,
RM Inspection,1,0.0041,unmatched,,,
RPA platforms,1,0.0041,unmatched,,,
RPA Developer,1,0.0041,unmatched,,,
RPA Automation,1,0.0041,unmatched,,,
Data Center Engineer,1,0.0041,unmatched,,,
Data Catalog Setup,1,0.0041,unmatched,,,
Data Catalog Management,1,0.0041,unmatched,,,
Data Backup,1,0.0041,unmatched,,,
Data Automation,1,0.0041,unmatched,,,
Data Annotation,1,0.0041,unmatched,,,
ROS2,1,0.0041,unmatched,,,
ROLE Intern,1,0.0041,unmatched,,,
ROI Optimization,1,0.0041,unmatched,,,
ROC/MCA filings,1,0.0041,unmatched,,,
ROBOT,1,0.0041,unmatched,,,
ROAS,1,0.0041,unmatched,,,
ROADM,1,0.0041,unmatched,,,
RTL DV,1,0.0041,unmatched,,,
RTC,1,0.0041,unmatched,,,
Data Analysis Data Science,1,0.0041,unmatched,,,
Data Anal,1,0.0041,unmatched,,,
Data Aggregation,1,0.0041,unmatched,,,
Data Acquisition,1,0.0041,unmatched,,,
Data & AI,1,0.0041,unmatched,,,
Dassault,1,0.0041,unmatched,,,
Dashboarding,1,0.0041,unmatched,,,
Darktrace,1,0.0041,unmatched,,,
RSI,1,0.0041,unmatched,,,
RS-232,1,0.0041,unmatched,,,
RPM,1,0.0041,unmatched,,,
RPG400,1,0.0041,unmatched,,,
RPG Free,1,0.0041,unmatched,,,
RPD,1,0.0041,unmatched,,,
Rack Servers,1,0.0041,unmatched,,,
Rac,1,0.0041,unmatched,,,
Dap,1,0.0041,unmatched,,,
Damage Equivalent Spectra,1,0.0041,unmatched,,,
Dairy Technology,1,0.0041,unmatched,,,
Daily production,1,0.0041,unmatched,,,
Daily accounting,1,0.0041,unmatched,,,
Daily Operations,1,0.0041,unmatched,,,
Dagger,1,0.0041,unmatched,,,
Dac,1,0.0041,unmatched,,,
Daas,1,0.0041,unmatched,,,
Rabbitmq,1,0.0041,unmatched,,,
Ra,1,0.0041,unmatched,,,
RTR Process,1,0.0041,unmatched,,,
RTP,1,0.0041,unmatched,,,
RTO,1,0.0041,unmatched,,,
DaVinci Resolve,1,0.0041,unmatched,,,
DXC management,1,0.0041,unmatched,,,
DXC,1,0.0041,unmatched,,,
DWH testing,1,0.0041,unmatched,,,
DWDM components,1,0.0041,unmatched,,,
DVR,1,0.0041,unmatched,,,
DTP Operating,1,0.0041,unmatched,,,
DTP,1,0.0041,unmatched,,,
DSUR,1,0.0041,unmatched,,,
DSR,1,0.0041,unmatched,,,
Radiology typing,1,0.0041,unmatched,,,
Radiologist,1,0.0041,unmatched,,,
Radiographic Testing,1,0.0041,unmatched,,,
Radiation Safety,1,0.0041,unmatched,,,
Racks,1,0.0041,unmatched,,,
Racking,1,0.0041,unmatched,,,
DPRs,1,0.0041,unmatched,,,
DPPM,1,0.0041,unmatched,,,
Raw Material Sourcing,1,0.0041,unmatched,,,
Raw Material Purchase,1,0.0041,unmatched,,,
Raw Material Planning,1,0.0041,unmatched,,,
Raw Material & Packaging Quality Inspection,1,0.0041,unmatched,,,
Rational,1,0.0041,unmatched,,,
Ratio Analysis,1,0.0041,unmatched,,,
Rate analysis,1,0.0041,unmatched,,,
Raspberry Pi,1,0.0041,unmatched,,,
Rancher,1,0.0041,unmatched,,,
Rams,1,0.0041,unmatched,,,
Rally,1,0.0041,unmatched,,,
Rainwater Disposal,1,0.0041,unmatched,,,
Railways Procurement,1,0.0041,unmatched,,,
Railway Signalling,1,0.0041,unmatched,,,
Rcsa,1,0.0041,unmatched,,,
Rcm Trainer,1,0.0041,unmatched,,,
Rcc,1,0.0041,unmatched,,,
Rbi,1,0.0041,unmatched,,,
Raw material inspection,1,0.0041,unmatched,,,
DSOs,1,0.0041,unmatched,,,
DSIR reports,1,0.0041,unmatched,,,
DSF,1,0.0041,unmatched,,,
DRT,1,0.0041,unmatched,,,
DRS,1,0.0041,unmatched,,,
DRHP,1,0.0041,unmatched,,,
DRC analysis & resolution,1,0.0041,unmatched,,,
DRC Consultant,1,0.0041,unmatched,,,
DRA Europe,1,0.0041,unmatched,,,
DRA,1,0.0041,unmatched,,,
DPT,1,0.0041,unmatched,,,
React Js Library,1,0.0041,unmatched,,,
React Js Developer,1,0.0041,unmatched,,,
React Development,1,0.0041,unmatched,,,
React Developer,1,0.0041,unmatched,,,
Rds Postgresql,1,0.0041,unmatched,,,
DPF,1,0.0041,unmatched,,,
DOCUMENTATION,1,0.0041,unmatched,,,
DOCKER,1,0.0041,unmatched,,,
DNS Server,1,0.0041,unmatched,,,
DNN,1,0.0041,unmatched,,,
DNB Surgical Oncology,1,0.0041,unmatched,,,
DNB MICROBIOLOGY,1,0.0041,unmatched,,,
DMU,1,0.0041,unmatched,,,
DMS implementations,1,0.0041,unmatched,,,
DMS & CX technology expertise  Consultative,1,0.0041,unmatched,,,
Rdi,1,0.0041,unmatched,,,
Reaction,1,0.0041,unmatched,,,
React/Angular,1,0.0041,unmatched,,,
DMRD,1,0.0041,unmatched,,,
DME BE,1,0.0041,unmatched,,,
DM/DNB In Medical Gastroentrology,1,0.0041,unmatched,,,
DM Tools,1,0.0041,unmatched,,,
DM Medical Gastroenterologist,1,0.0041,unmatched,,,
DITA,1,0.0041,unmatched,,,
DISPLAYS,1,0.0041,unmatched,,,
DIN Rail,1,0.0041,unmatched,,,
DIETITICS,1,0.0041,unmatched,,,
DGMS Compliance,1,0.0041,unmatched,,,
React.JS Javascript,1,0.0041,unmatched,,,
React.JS,1,0.0041,unmatched,,,
React native bare workflow,1,0.0041,unmatched,,,
React Native Js,1,0.0041,unmatched,,,
Ready to travel,1,0.0041,unmatched,,,
Reader,1,0.0041,unmatched,,,
DFX,1,0.0041,unmatched,,,
DFADFM,1,0.0041,unmatched,,,
DEX,1,0.0041,unmatched,,,
DES,1,0.0041,unmatched,,,
DEPS,1,0.0041,unmatched,,,
DELIVER DESIGNS,1,0.0041,unmatched,,,
DEC,1,0.0041,unmatched,,,
Reacts,1,0.0041,unmatched,,,
Reactive systems,1,0.0041,unmatched,,,
Reactive Programming,1,0.0041,unmatched,,,
Reactive Maintenance,1,0.0041,unmatched,,,
Reactive Forms,1,0.0041,unmatched,,,
Reactive Form,1,0.0041,unmatched,,,
Reactivation Officer,1,0.0041,unmatched,,,
Rear Lamp,1,0.0041,unmatched,,,
Real-time management,1,0.0041,unmatched,,,
Real estate projects,1,0.0041,unmatched,,,
Real estate marketing,1,0.0041,unmatched,,,
Real estate laws and regulations,1,0.0041,unmatched,,,
Real Time Analyst,1,0.0041,unmatched,,,
Real Estate Transactions,1,0.0041,unmatched,,,
Real Estate Law,1,0.0041,unmatched,,,
Real Estate Funding,1,0.0041,unmatched,,,
Real Estate Documentation,1,0.0041,unmatched,,,
Real Estate Customer Sourcing,1,0.0041,unmatched,,,
Real Estate Crm,1,0.0041,unmatched,,,
Real Estate / Land Deals,1,0.0041,unmatched,,,
Readymix,1,0.0041,unmatched,,,
Ready-mix concrete,1,0.0041,unmatched,,,
Ready to travel on bike,1,0.0041,unmatched,,,
Receivables,1,0.0041,unmatched,,,
Receivable & Payable,1,0.0041,unmatched,,,
Rece,1,0.0041,unmatched,,,
Recall,1,0.0041,unmatched,,,
Rebar Sales,1,0.0041,unmatched,,,
Rebar,1,0.0041,unmatched,,,
DDD,1,0.0041,unmatched,,,
DCS integration,1,0.0041,unmatched,,,
DCS SAFETY,1,0.0041,unmatched,,,
DCP,1,0.0041,unmatched,,,
DCI,1,0.0041,unmatched,,,
DCA,1,0.0041,unmatched,,,
DC Policy Delivery,1,0.0041,unmatched,,,
DBTools,1,0.0041,unmatched,,,
DB2/400,1,0.0041,unmatched,,,
DB2 UDB Administration,1,0.0041,unmatched,,,
DAY PROCESS,1,0.0041,unmatched,,,
DAX,1,0.0041,unmatched,,,
DATAWAREHOUSE,1,0.0041,unmatched,,,
DAST Testing,1,0.0041,unmatched,,,
DALLE,1,0.0041,unmatched,,,
DAG,1,0.0041,unmatched,,,
D365 integration architectures,1,0.0041,unmatched,,,
D365 Supply Chain Management,1,0.0041,unmatched,,,
D365 Functional,1,0.0041,unmatched,,,
D365 Finance domain,1,0.0041,unmatched,,,
D365 Finance Functional,1,0.0041,unmatched,,,
D365 Finance,1,0.0041,unmatched,,,
Receivables Management,1,0.0041,unmatched,,,
Receivables Finance,1,0.0041,unmatched,,,
Receivables And Payments,1,0.0041,unmatched,,,
Receivables Accounting,1,0.0041,unmatched,,,
Cybersecurity Trainer,1,0.0041,unmatched,,,
Cybersecurity Sales,1,0.0041,unmatched,,,
Cybersecurity Risk Management,1,0.0041,unmatched,,,
Recruitment Executive,1,0.0041,unmatched,,,
Recruitment & Selection,1,0.0041,unmatched,,,
Recovery Operations,1,0.0041,unmatched,,,
Recovery Matters,1,0.0041,unmatched,,,
Recovery Executive,1,0.0041,unmatched,,,
Recovery Agent,1,0.0041,unmatched,,,
Recording,1,0.0041,unmatched,,,
Record keeping,1,0.0041,unmatched,,,
Reconciliations,1,0.0041,unmatched,,,
Reconciliation Of Payment Gateway,1,0.0041,unmatched,,,
Recipe Development,1,0.0041,unmatched,,,
Reception Handling,1,0.0041,unmatched,,,
DB developer,1,0.0041,unmatched,,,
Red melon juiciness,1,0.0041,unmatched,,,
Red Herring,1,0.0041,unmatched,,,
Red Hat Certification,1,0.0041,unmatched,,,
Recvue,1,0.0041,unmatched,,,
Recruitment Training,1,0.0041,unmatched,,,
Recruitment Operation,1,0.0041,unmatched,,,
Recruitment Manager Finance,1,0.0041,unmatched,,,
D365 CRM,1,0.0041,unmatched,,,
D.pharm,1,0.0041,unmatched,,,
D Pharma,1,0.0041,unmatched,,,
Cystoscopy,1,0.0041,unmatched,,,
Cypress automation tests,1,0.0041,unmatched,,,
Cypress Automation,1,0.0041,unmatched,,,
Cypher,1,0.0041,unmatched,,,
Cycle Time,1,0.0041,unmatched,,,
Cycle Count,1,0.0041,unmatched,,,
Redmine,1,0.0041,unmatched,,,
Redhat Cluster,1,0.0041,unmatched,,,
Cyber-security,1,0.0041,unmatched,,,
Cyber Security Trends,1,0.0041,unmatched,,,
Cyber Security Tools,1,0.0041,unmatched,,,
Cyber Security Solution Sales,1,0.0041,unmatched,,,
Cyber Security Defense Center,1,0.0041,unmatched,,,
Cyber Security Compliance,1,0.0041,unmatched,,,
Cyber Security BD,1,0.0041,unmatched,,,
Cyber Security Audit,1,0.0041,unmatched,,,
Cyber Security Analyst,1,0.0041,unmatched,,,
Cyber Security Analysis Or Administration,1,0.0041,unmatched,,,
Cyber Security Analysis,1,0.0041,unmatched,,,
Redgate,1,0.0041,unmatched,,,
RedHat Enterprise Linux,1,0.0041,unmatched,,,
RedHat Core OS,1,0.0041,unmatched,,,
Referral Marketing,1,0.0041,unmatched,,,
Referencing,1,0.0041,unmatched,,,
Cyber Risk,1,0.0041,unmatched,,,
Cyber Resilience,1,0.0041,unmatched,,,
Cxone implementation,1,0.0041,unmatched,,,
Cxo Hiring,1,0.0041,unmatched,,,
Cutting oil,1,0.0041,unmatched,,,
Cutting Tool,1,0.0041,unmatched,,,
Cutover Management,1,0.0041,unmatched,,,
References,1,0.0041,unmatched,,,
Reference Programs,1,0.0041,unmatched,,,
Reference Data,1,0.0041,unmatched,,,
Ref Cursor,1,0.0041,unmatched,,,
Reel Making,1,0.0041,unmatched,,,
Redundancy Logic,1,0.0041,unmatched,,,
Reduction,1,0.0041,unmatched,,,
Customer support operations,1,0.0041,unmatched,,,
Regulated Market,1,0.0041,unmatched,,,
Regrow Biosciences,1,0.0041,unmatched,,,
Regression,1,0.0041,unmatched,,,
Registered Nurse,1,0.0041,unmatched,,,
Regional Technical Valuation,1,0.0041,unmatched,,,
Regional Sales trainer,1,0.0041,unmatched,,,
Regional Sales Manager,1,0.0041,unmatched,,,
Regional Sales Management,1,0.0041,unmatched,,,
Regional Medical Advisor,1,0.0041,unmatched,,,
Regional Accounts Executive,1,0.0041,unmatched,,,
Refrigerator,1,0.0041,unmatched,,,
Refractory,1,0.0041,unmatched,,,
Refining,1,0.0041,unmatched,,,
Refined Products,1,0.0041,unmatched,,,
Refinance,1,0.0041,unmatched,,,
Regulators,1,0.0041,unmatched,,,
Customer service transformation,1,0.0041,unmatched,,,
Customer service training,1,0.0041,unmatched,,,
Customer service operations,1,0.0041,unmatched,,,
Customer service Representative,1,0.0041,unmatched,,,
Customer loyalty,1,0.0041,unmatched,,,
Customer follow up,1,0.0041,unmatched,,,
Cutover,1,0.0041,unmatched,,,
Cutlery,1,0.0041,unmatched,,,
Customs documentation,1,0.0041,unmatched,,,
Customs Handling,1,0.0041,unmatched,,,
Customs Duty Payments,1,0.0041,unmatched,,,
Customs Compliance,1,0.0041,unmatched,,,
Customization Exp,1,0.0041,unmatched,,,
Customised Cable,1,0.0041,unmatched,,,
Customisation,1,0.0041,unmatched,,,
Reinsurance Accounting,1,0.0041,unmatched,,,
Reinforcement Detailing,1,0.0041,unmatched,,,
Regulatory affairs,1,0.0041,unmatched,,,
Regulatory Risk,1,0.0041,unmatched,,,
Customer audits,1,0.0041,unmatched,,,
Customer Supprt,1,0.0041,unmatched,,,
Customer Support Quality,1,0.0041,unmatched,,,
Customer Support Manager,1,0.0041,unmatched,,,
Customer Support Management,1,0.0041,unmatched,,,
Customer Support Freshers,1,0.0041,unmatched,,,
Customer Support Executive,1,0.0041,unmatched,,,
Regulatory Query,1,0.0041,unmatched,,,
Regulatory Knowledge,1,0.0041,unmatched,,,
Regulatory Filings,1,0.0041,unmatched,,,
Regulatory Documentation,1,0.0041,unmatched,,,
Regulatory Awareness,1,0.0041,unmatched,,,
Rejection control,1,0.0041,unmatched,,,
Customer Service Agent,1,0.0041,unmatched,,,
Customer Segment,1,0.0041,unmatched,,,
Customer Satisfaction Index,1,0.0041,unmatched,,,
Customer Retation,1,0.0041,unmatched,,,
Customer Requ,1,0.0041,unmatched,,,
Customer Relationship Management-Existing & New Business,1,0.0041,unmatched,,,
Customer Success Management,1,0.0041,unmatched,,,
Customer Strategy,1,0.0041,unmatched,,,
Customer Specs,1,0.0041,unmatched,,,
Customer Specifications,1,0.0041,unmatched,,,
Customer Specification,1,0.0041,unmatched,,,
Customer Service Delivery,1,0.0041,unmatched,,,
Customer Service Coordinator,1,0.0041,unmatched,,,
Rejection Analysis,1,0.0041,unmatched,,,
Reissue,1,0.0041,unmatched,,,
Relationship building and client management,1,0.0041,unmatched,,,
Customer Query handling,1,0.0041,unmatched,,,
Customer Profiling,1,0.0041,unmatched,,,
Customer Portals,1,0.0041,unmatched,,,
Customer Outstanding / Collections,1,0.0041,unmatched,,,
Customer Needs,1,0.0041,unmatched,,,
Customer Lifecycle Management,1,0.0041,unmatched,,,
Customer Lifecycle,1,0.0041,unmatched,,,
Customer Journey,1,0.0041,unmatched,,,
Relationship Marketing,1,0.0041,unmatched,,,
Relationship Management for Financial Market products,1,0.0041,unmatched,,,
Relationship Executive,1,0.0041,unmatched,,,
Relationship & Negotiation,1,0.0041,unmatched,,,
Relational Database Management System,1,0.0041,unmatched,,,
Relation Building,1,0.0041,unmatched,,,
Rejection specialist,1,0.0041,unmatched,,,
Customer Convincing Skills,1,0.0041,unmatched,,,
Customer Care Representative,1,0.0041,unmatched,,,
Customer Intelligence,1,0.0041,unmatched,,,
Customer Inspection,1,0.0041,unmatched,,,
Customer Handling Jobs,1,0.0041,unmatched,,,
Customer Feedback,1,0.0041,unmatched,,,
Customer Facing,1,0.0041,unmatched,,,
Customer Experience Manager,1,0.0041,unmatched,,,
Customer Experience Design,1,0.0041,unmatched,,,
Release purchase order,1,0.0041,unmatched,,,
Release planning,1,0.0041,unmatched,,,
Release Notes,1,0.0041,unmatched,,,
Release Manager,1,0.0041,unmatched,,,
Relay Testing,1,0.0041,unmatched,,,
Relative Valuation,1,0.0041,unmatched,,,
Relationship-building,1,0.0041,unmatched,,,
Renewal Agency,1,0.0041,unmatched,,,
Renewal,1,0.0041,unmatched,,,
Renal Transplant,1,0.0041,unmatched,,,
CustomApp Development,1,0.0041,unmatched,,,
Custom clearance,1,0.0041,unmatched,,,
Custom Web Parts,1,0.0041,unmatched,,,
Custom Reports,1,0.0041,unmatched,,,
Custom Report,1,0.0041,unmatched,,,
Custom Objects,1,0.0041,unmatched,,,
Custom Content Creation,1,0.0041,unmatched,,,
Custom App Development,1,0.0041,unmatched,,,
Custody operations,1,0.0041,unmatched,,,
Curtains,1,0.0041,unmatched,,,
Remedy API,1,0.0041,unmatched,,,
Remarketing,1,0.0041,unmatched,,,
Customer Drawing Study,1,0.0041,unmatched,,,
Report Development,1,0.0041,unmatched,,,
Report Building,1,0.0041,unmatched,,,
Report Automation,1,0.0041,unmatched,,,
Report,1,0.0041,unmatched,,,
Replication Strategy Support,1,0.0041,unmatched,,,
Replication Flow,1,0.0041,unmatched,,,
Replenishment,1,0.0041,unmatched,,,
Cursor,1,0.0041,unmatched,,,
Curriculum Strategy,1,0.0041,unmatched,,,
Current account acquisition,1,0.0041,unmatched,,,
Current Accounts,1,0.0041,unmatched,,,
Repair Engineer,1,0.0041,unmatched,,,
Repacking,1,0.0041,unmatched,,,
Rental Sales,1,0.0041,unmatched,,,
Rent,1,0.0041,unmatched,,,
Renewal Insurance,1,0.0041,unmatched,,,
Repository,1,0.0041,unmatched,,,
Repos,1,0.0041,unmatched,,,
Reporting data to Group Finance controller,1,0.0041,unmatched,,,
Reporting and Communication,1,0.0041,unmatched,,,
Reporting Dashboards,1,0.0041,unmatched,,,
Reporting Analyst,1,0.0041,unmatched,,,
Reporting Analysis,1,0.0041,unmatched,,,
Currency Trading,1,0.0041,unmatched,,,
Currency Chest,1,0.0041,unmatched,,,
Curing,1,0.0041,unmatched,,,
Cummins Generators,1,0.0041,unmatched,,,
Culverts,1,0.0041,unmatched,,,
Culture,1,0.0041,unmatched,,,
Culinary Associate,1,0.0041,unmatched,,,
Ctrm,1,0.0041,unmatched,,,
Ctr,1,0.0041,unmatched,,,
Requirement E&I Engineer in Mumbai,1,0.0041,unmatched,,,
Required HR skills include strong communication,1,0.0041,unmatched,,,
Required Basic Knowledge Of All Departments In Manufacturing Industry,1,0.0041,unmatched,,,
Required Basic Computer Knowledge,1,0.0041,unmatched,,,
Requests,1,0.0041,unmatched,,,
Request Management,1,0.0041,unmatched,,,
Reputation Management,1,0.0041,unmatched,,,
Cto,1,0.0041,unmatched,,,
Ctm,1,0.0041,unmatched,,,
Ctet,1,0.0041,unmatched,,,
Csutomer care,1,0.0041,unmatched,,,
Cst,1,0.0041,unmatched,,,
Css3,1,0.0041,unmatched,,,
Cspo,1,0.0041,unmatched,,,
Csp,1,0.0041,unmatched,,,
Representation before Tax Authorities,1,0.0041,unmatched,,,
Requirement planning,1,0.0041,unmatched,,,
Requirement gathering,1,0.0041,unmatched,,,
Csim,1,0.0041,unmatched,,,
Cs Fundamentals,1,0.0041,unmatched,,,
Crystal Reports,1,0.0041,unmatched,,,
Crystal,1,0.0041,unmatched,,,
Crushing,1,0.0041,unmatched,,,
Crude Oil,1,0.0041,unmatched,,,
Crud,1,0.0041,unmatched,,,
Crt,1,0.0041,unmatched,,,
Requirement analysis,1,0.0041,unmatched,,,
Requirement Welding Engineer in Pune,1,0.0041,unmatched,,,
Requirement Site Project Manager in Pune,1,0.0041,unmatched,,,
Requirement Planning,1,0.0041,unmatched,,,
Requirement Gathering & Analysis,1,0.0041,unmatched,,,
Requirement Epeditor ( Mech ) in Mumbai,1,0.0041,unmatched,,,
Residential Buildings,1,0.0041,unmatched,,,
Residential Building,1,0.0041,unmatched,,,
Resharper,1,0.0041,unmatched,,,
Reservations Executive,1,0.0041,unmatched,,,
Reservation Handling,1,0.0041,unmatched,,,
Research and development,1,0.0041,unmatched,,,
Research and Development,1,0.0041,unmatched,,,
Research analysis and interpretation of various tax laws,1,0.0041,unmatched,,,
Research Team,1,0.0041,unmatched,,,
Research Skills,1,0.0041,unmatched,,,
Research Methodology,1,0.0041,unmatched,,,
Research Associate,1,0.0041,unmatched,,,
Research And Deign,1,0.0041,unmatched,,,
Research & Development Executive,1,0.0041,unmatched,,,
Requirements Gathering,1,0.0041,unmatched,,,
Requirements Credit Controller in Mumbai,1,0.0041,unmatched,,,
Residential sales,1,0.0041,unmatched,,,
Residential Property Sales,1,0.0041,unmatched,,,
Residential Property,1,0.0041,unmatched,,,
Residential Leasing,1,0.0041,unmatched,,,
Residential Interior,1,0.0041,unmatched,,,
Cross-functional Coordination,1,0.0041,unmatched,,,
Cross selling,1,0.0041,unmatched,,,
Cross functional coordination,1,0.0041,unmatched,,,
Cross border- Compliance,1,0.0041,unmatched,,,
Cross border transaction,1,0.0041,unmatched,,,
Cross Sell,1,0.0041,unmatched,,,
Cross Platform,1,0.0041,unmatched,,,
Cross Browser Testing,1,0.0041,unmatched,,,
Crosplane,1,0.0041,unmatched,,,
Crop,1,0.0041,unmatched,,,
Residential Drawings,1,0.0041,unmatched,,,
Criminal Matters,1,0.0041,unmatched,,,
Criminal Cases,1,0.0041,unmatched,,,
Cricket,1,0.0041,unmatched,,,
Cribl,1,0.0041,unmatched,,,
CrewAI,1,0.0041,unmatched,,,
Crew AI,1,0.0041,unmatched,,,
Crestron,1,0.0041,unmatched,,,
Crm Sales,1,0.0041,unmatched,,,
Crm Marketing,1,0.0041,unmatched,,,
Crm Integration,1,0.0041,unmatched,,,
Crm Application,1,0.0041,unmatched,,,
Critical Incident Management,1,0.0041,unmatched,,,
Resolving complaints,1,0.0041,unmatched,,,
Resolving Customer Issues,1,0.0041,unmatched,,,
Resolve Customer Issues,1,0.0041,unmatched,,,
Resolution of Queries & Complaints,1,0.0041,unmatched,,,
Responsible Ai,1,0.0041,unmatched,,,
Creo Auto Cad,1,0.0041,unmatched,,,
Credo,1,0.0041,unmatched,,,
Creditors,1,0.0041,unmatched,,,
Credit risk management,1,0.0041,unmatched,,,
Credit research,1,0.0041,unmatched,,,
Credit policy,1,0.0041,unmatched,,,
Credit or Market Risk Models testing,1,0.0041,unmatched,,,
Credit operations,1,0.0041,unmatched,,,
Respon,1,0.0041,unmatched,,,
Resource planning,1,0.0041,unmatched,,,
Resource Source Code Review,1,0.0041,unmatched,,,
Resource Planning & Allocation,1,0.0041,unmatched,,,
Resource Manager,1,0.0041,unmatched,,,
Resource Deployment,1,0.0041,unmatched,,,
Resource Augmentation,1,0.0041,unmatched,,,
Credit Operation,1,0.0041,unmatched,,,
Credit Notes,1,0.0041,unmatched,,,
Credit Note Settlement,1,0.0041,unmatched,,,
Credit Note / Debit Note Processing,1,0.0041,unmatched,,,
Credit card Salesman,1,0.0041,unmatched,,,
Credit administration,1,0.0041,unmatched,,,
Credit Worthiness,1,0.0041,unmatched,,,
Credit Risk/Regulatory risk  domain,1,0.0041,unmatched,,,
Credit Risk Strategy,1,0.0041,unmatched,,,
Credit Risk Analyst,1,0.0041,unmatched,,,
Rest Api Automation,1,0.0041,unmatched,,,
Rest API Testing Jobs India,1,0.0041,unmatched,,,
Rest API Automation Careers,1,0.0041,unmatched,,,
Responsive Web Application,1,0.0041,unmatched,,,
Responsive Ui,1,0.0041,unmatched,,,
Responsible for income and foreign currency throughput target set for the trade forex products for the respective branches/business,1,0.0041,unmatched,,,
Restructuring,1,0.0041,unmatched,,,
Restore,1,0.0041,unmatched,,,
Restoration,1,0.0041,unmatched,,,
Restfui Web Services,1,0.0041,unmatched,,,
Restaurant manager,1,0.0041,unmatched,,,
Restaurant management,1,0.0041,unmatched,,,
Restaurant Staff,1,0.0041,unmatched,,,
Restaurant Sales,1,0.0041,unmatched,,,
Restaurant Captain,1,0.0041,unmatched,,,
RestAPIs,1,0.0041,unmatched,,,
RestAPI,1,0.0041,unmatched,,,
Rest api,1,0.0041,unmatched,,,
Rest Web,1,0.0041,unmatched,,,
Rest Assured Testing Jobs,1,0.0041,unmatched,,,
Rest Assured Automation Tester,1,0.0041,unmatched,,,
Credit Receivable,1,0.0041,unmatched,,,
Retail Analytics,1,0.0041,unmatched,,,
Credit Administration,1,0.0041,unmatched,,,
Credential Lifecycle Management,1,0.0041,unmatched,,,
Creative/Graphic Designer,1,0.0041,unmatched,,,
Creative writing,1,0.0041,unmatched,,,
Creative skills,1,0.0041,unmatched,,,
Credit Documentation,1,0.0041,unmatched,,,
Credit Derivatives,1,0.0041,unmatched,,,
Credit Control Management,1,0.0041,unmatched,,,
Credit Card Testing,1,0.0041,unmatched,,,
Credit Card Processing,1,0.0041,unmatched,,,
Credit Card Operations,1,0.0041,unmatched,,,
Credit Card Disputes,1,0.0041,unmatched,,,
Credit Card Collections,1,0.0041,unmatched,,,
Credit Audit,1,0.0041,unmatched,,,
Resumes Screening,1,0.0041,unmatched,,,
Creative Vision,1,0.0041,unmatched,,,
Creative Problem-Solving,1,0.0041,unmatched,,,
Creative Problem Solving,1,0.0041,unmatched,,,
Creative Director,1,0.0041,unmatched,,,
Creative Designer,1,0.0041,unmatched,,,
Creative Design,1,0.0041,unmatched,,,
Creative Communication,1,0.0041,unmatched,,,
Creative Collaboration,1,0.0041,unmatched,,,
Creating budgeting pricing models  drawings,1,0.0041,unmatched,,,
Retail Li,1,0.0041,unmatched,,,
Retail Lending,1,0.0041,unmatched,,,
Retail Leasing,1,0.0041,unmatched,,,
Retail Forex,1,0.0041,unmatched,,,
Retail Executive,1,0.0041,unmatched,,,
Retail Banking Operations,1,0.0041,unmatched,,,
Retail Assets,1,0.0041,unmatched,,,
Retails Sales Executive,1,0.0041,unmatched,,,
Retail sales officer,1,0.0041,unmatched,,,
Retail recruitment,1,0.0041,unmatched,,,
Retail outlets,1,0.0041,unmatched,,,
Retail management,1,0.0041,unmatched,,,
Retail industry,1,0.0041,unmatched,,,
Retail business,1,0.0041,unmatched,,,
Retail branch banking,1,0.0041,unmatched,,,
Retail asset operations,1,0.0041,unmatched,,,
Retail Training,1,0.0041,unmatched,,,
Retail Trainer,1,0.0041,unmatched,,,
Retail Sales Stationery,1,0.0041,unmatched,,,
Retail Projects,1,0.0041,unmatched,,,
Retail Pricing Analyst,1,0.0041,unmatched,,,
Retail Operations WFM,1,0.0041,unmatched,,,
Retail Manager,1,0.0041,unmatched,,,
Retouching,1,0.0041,unmatched,,,
Retirement and Pension,1,0.0041,unmatched,,,
Retirement Funds Business,1,0.0041,unmatched,,,
Retina,1,0.0041,unmatched,,,
Retention strategies,1,0.0041,unmatched,,,
Retention Strategy,1,0.0041,unmatched,,,
Create User Stories,1,0.0041,unmatched,,,
Create Challan,1,0.0041,unmatched,,,
Crawlability,1,0.0041,unmatched,,,
Crash Dump Analysis,1,0.0041,unmatched,,,
Cransoft,1,0.0041,unmatched,,,
Crams,1,0.0041,unmatched,,,
Craft Sessions,1,0.0041,unmatched,,,
Cqrs,1,0.0041,unmatched,,,
Cq5,1,0.0041,unmatched,,,
Retention Management,1,0.0041,unmatched,,,
Revenue Enhancement,1,0.0041,unmatched,,,
Revenue Audit,1,0.0041,unmatched,,,
Reuters,1,0.0041,unmatched,,,
Cpt Codes,1,0.0041,unmatched,,,
Cps,1,0.0041,unmatched,,,
Cpq Cloud,1,0.0041,unmatched,,,
Cpp,1,0.0041,unmatched,,,
Cpi-Ds,1,0.0041,unmatched,,,
Cpc,1,0.0041,unmatched,,,
Coverage closure,1,0.0041,unmatched,,,
Coustmer  Handling,1,0.0041,unmatched,,,
Courts,1,0.0041,unmatched,,,
Course Planning,1,0.0041,unmatched,,,
Reuse,1,0.0041,unmatched,,,
Return Filling,1,0.0041,unmatched,,,
Retrofit,1,0.0041,unmatched,,,
Costa Coffee,1,0.0041,unmatched,,,
Cost-to-Income Ratio,1,0.0041,unmatched,,,
Cost saving projects,1,0.0041,unmatched,,,
Cost centre,1,0.0041,unmatched,,,
Cost center accounting,1,0.0041,unmatched,,,
Cost analysis,1,0.0041,unmatched,,,
Courier Management,1,0.0041,unmatched,,,
Couplings,1,0.0041,unmatched,,,
Country Sales,1,0.0041,unmatched,,,
Counterparty Credit Risk,1,0.0041,unmatched,,,
Counter sales,1,0.0041,unmatched,,,
Counseling Patients On Safe And Effective Drug Use,1,0.0041,unmatched,,,
Cots Products,1,0.0041,unmatched,,,
Revenue Integrity,1,0.0041,unmatched,,,
Revenue Growth Strategies,1,0.0041,unmatched,,,
Revenue Generation & Business Support,1,0.0041,unmatched,,,
Rewards and Recognition,1,0.0041,unmatched,,,
Rewards & Recognition,1,0.0041,unmatched,,,
Revit Mep,1,0.0041,unmatched,,,
Review of Specification,1,0.0041,unmatched,,,
Review and update technical documents and drawings,1,0.0041,unmatched,,,
Review Process,1,0.0041,unmatched,,,
Review Of Analytical Records,1,0.0041,unmatched,,,
Reverse charge mechanism,1,0.0041,unmatched,,,
Reverse Osmosis,1,0.0041,unmatched,,,
Reverse Logistics,1,0.0041,unmatched,,,
Reverse Engineering,1,0.0041,unmatched,,,
Reverse,1,0.0041,unmatched,,,
Revenue management,1,0.0041,unmatched,,,
Costx,1,0.0041,unmatched,,,
Costing Of Proposals,1,0.0041,unmatched,,,
Costing And Budgeting,1,0.0041,unmatched,,,
Rfq,1,0.0041,unmatched,,,
Rfc,1,0.0041,unmatched,,,
Rf Engineering,1,0.0041,unmatched,,,
Rewriting,1,0.0041,unmatched,,,
Rework,1,0.0041,unmatched,,,
Cost X,1,0.0041,unmatched,,,
Cost Variance Analysis,1,0.0041,unmatched,,,
Cost Sheet,1,0.0041,unmatched,,,
Cost Saving,1,0.0041,unmatched,,,
Cost Reduction Projects,1,0.0041,unmatched,,,
Cost Recognition,1,0.0041,unmatched,,,
Cost Modeling,1,0.0041,unmatched,,,
Cost Impact Analysis,1,0.0041,unmatched,,,
Cost Estimator,1,0.0041,unmatched,,,
Cost Estimations,1,0.0041,unmatched,,,
Cost Estimation Project Management Microsoft Excel AutoCAD SAP Billing Software Data Analysis Communication Problem Solving Time Management,1,0.0041,unmatched,,,
Right Issue,1,0.0041,unmatched,,,
Rigging engineer,1,0.0041,unmatched,,,
Rigging,1,0.0041,unmatched,,,
Ricoh,1,0.0041,unmatched,,,
Ribbon Sbc,1,0.0041,unmatched,,,
Ribbon,1,0.0041,unmatched,,,
Cost Engineering And Cost Control Pertaining To Engineering And Construction Activities,1,0.0041,unmatched,,,
Cost Engineering And Cost Control Pertaining,1,0.0041,unmatched,,,
Cost Efficiency,1,0.0041,unmatched,,,
Cost Control and Budgeting,1,0.0041,unmatched,,,
Cost Conscious,1,0.0041,unmatched,,,
Cost Centre Accounting,1,0.0041,unmatched,,,
Cost Budgeting,1,0.0041,unmatched,,,
Cost Basis,1,0.0041,unmatched,,,
Cost Analysis & Modeling,1,0.0041,unmatched,,,
Rfq Management,1,0.0041,unmatched,,,
Risk Audit,1,0.0041,unmatched,,,
Risk And Compliance,1,0.0041,unmatched,,,
Risk Analyzer,1,0.0041,unmatched,,,
Risk Advisor,1,0.0041,unmatched,,,
Risk & Compliance,1,0.0041,unmatched,,,
Coso Framework,1,0.0041,unmatched,,,
Cosmos DB,1,0.0041,unmatched,,,
Cosmetics Copywriter,1,0.0041,unmatched,,,
Cortex,1,0.0041,unmatched,,,
Corrosion Prevention,1,0.0041,unmatched,,,
Corrosion Detection,1,0.0041,unmatched,,,
Corrective Actions,1,0.0041,unmatched,,,
Risc,1,0.0041,unmatched,,,
Ripv2,1,0.0041,unmatched,,,
Rigid Packaging,1,0.0041,unmatched,,,
Right issue,1,0.0041,unmatched,,,
Risk Containment Unit,1,0.0041,unmatched,,,
Corporate Treasury Payments,1,0.0041,unmatched,,,
Corporate Travel Sales,1,0.0041,unmatched,,,
Corporate Tieups,1,0.0041,unmatched,,,
Corporate Social Responsiblity,1,0.0041,unmatched,,,
Corporate Sales Management,1,0.0041,unmatched,,,
Corproate Banking,1,0.0041,unmatched,,,
Corporates,1,0.0041,unmatched,,,
Corporate-sales,1,0.0041,unmatched,,,
Corporate relationship management,1,0.0041,unmatched,,,
Corporate planning,1,0.0041,unmatched,,,
Corporate law,1,0.0041,unmatched,,,
Corporate finance PE Fund raising and Valuations,1,0.0041,unmatched,,,
Corporate branding,1,0.0041,unmatched,,,
Corporate affairs,1,0.0041,unmatched,,,
Risk Based Internal Audit,1,0.0041,unmatched,,,
River Rejuvenation,1,0.0041,unmatched,,,
Risk related activities,1,0.0041,unmatched,,,
Risk register,1,0.0041,unmatched,,,
Risk and Compliance SAP,1,0.0041,unmatched,,,
Risk analyst,1,0.0041,unmatched,,,
Risk Strategy,1,0.0041,unmatched,,,
Risk Reporting,1,0.0041,unmatched,,,
Risk Policy,1,0.0041,unmatched,,,
Risk Mitigation Strategies,1,0.0041,unmatched,,,
Risk Mgmt,1,0.0041,unmatched,,,
Risk Management System,1,0.0041,unmatched,,,
Risk Management Framework,1,0.0041,unmatched,,,
Risk Factors,1,0.0041,unmatched,,,
Risk Evaluation,1,0.0041,unmatched,,,
Risk Engineering,1,0.0041,unmatched,,,
Risk Control Unit,1,0.0041,unmatched,,,
Road Transport,1,0.0041,unmatched,,,
Road,1,0.0041,unmatched,,,
RoDTEP,1,0.0041,unmatched,,,
Rnd,1,0.0041,unmatched,,,
Rms,1,0.0041,unmatched,,,
Rmbs,1,0.0041,unmatched,,,
Corporate Safety,1,0.0041,unmatched,,,
Corporate Restructuring,1,0.0041,unmatched,,,
Corporate Relationship Management,1,0.0041,unmatched,,,
Corporate Presentations,1,0.0041,unmatched,,,
Corporate Park Activations,1,0.0041,unmatched,,,
Corporate PR,1,0.0041,unmatched,,,
Corporate Litigation,1,0.0041,unmatched,,,
Corporate Lending,1,0.0041,unmatched,,,
Rm Planning,1,0.0041,unmatched,,,
Rivet Nuts,1,0.0041,unmatched,,,
Robotic welding,1,0.0041,unmatched,,,
Robotic Paintshop,1,0.0041,unmatched,,,
Robotic Painting,1,0.0041,unmatched,,,
Robotic Framework,1,0.0041,unmatched,,,
Robot programming,1,0.0041,unmatched,,,
Robot Welding,1,0.0041,unmatched,,,
Corporate Head,1,0.0041,unmatched,,,
Corporate Giifting,1,0.0041,unmatched,,,
Corporate Fundraising,1,0.0041,unmatched,,,
Corporate Functions,1,0.0041,unmatched,,,
Corporate Finance Manager,1,0.0041,unmatched,,,
Corporate FD,1,0.0041,unmatched,,,
Robo Framework,1,0.0041,unmatched,,,
Roaming Testing,1,0.0041,unmatched,,,
Roaming,1,0.0041,unmatched,,,
Roads,1,0.0041,unmatched,,,
Corporate & Tax Laws,1,0.0041,unmatched,,,
Coreweave,1,0.0041,unmatched,,,
Corel Designer,1,0.0041,unmatched,,,
Corel DRAW,1,0.0041,unmatched,,,
Core banking,1,0.0041,unmatched,,,
Core Sales,1,0.0041,unmatched,,,
Corporate Executive,1,0.0041,unmatched,,,
Corporate Events Management,1,0.0041,unmatched,,,
Corporate Events,1,0.0041,unmatched,,,
Corporate Development,1,0.0041,unmatched,,,
Corporate Content Writing,1,0.0041,unmatched,,,
Corporate Collection,1,0.0041,unmatched,,,
Corporate Client Acquisition,1,0.0041,unmatched,,,
Corporate Branding & PR,1,0.0041,unmatched,,,
Robotics Technologies,1,0.0041,unmatched,,,
Robotics Application,1,0.0041,unmatched,,,
Rotary,1,0.0041,unmatched,,,
Root-Cause Analysis,1,0.0041,unmatched,,,
Root cause,1,0.0041,unmatched,,,
Root Cause,1,0.0041,unmatched,,,
Room service,1,0.0041,unmatched,,,
Core Lending,1,0.0041,unmatched,,,
Core Javascript,1,0.0041,unmatched,,,
Core Java Selenium,1,0.0041,unmatched,,,
Core HCM,1,0.0041,unmatched,,,
Core Data Services,1,0.0041,unmatched,,,
Rolling Stock,1,0.0041,unmatched,,,
Rolling Mills,1,0.0041,unmatched,,,
Roi Model,1,0.0041,unmatched,,,
Rockwell Test,1,0.0041,unmatched,,,
Rock behavior,1,0.0041,unmatched,,,
Corporate Acquisition,1,0.0041,unmatched,,,
Routing determination,1,0.0041,unmatched,,,
Routine quality testing,1,0.0041,unmatched,,,
Routine Maintenance and Inspection,1,0.0041,unmatched,,,
Router Maintenance,1,0.0041,unmatched,,,
Route Survey & Soil Investigation,1,0.0041,unmatched,,,
Rotor-bearing behavior,1,0.0041,unmatched,,,
Core B2B Selling Experience,1,0.0041,unmatched,,,
Coraldraw,1,0.0041,unmatched,,,
Copywriting,1,0.0041,unmatched,,,
Copyediting,1,0.0041,unmatched,,,
Copy editing,1,0.0041,unmatched,,,
Copper Cable,1,0.0041,unmatched,,,
Rotor Dynamics,1,0.0041,unmatched,,,
Rotating equipments,1,0.0041,unmatched,,,
Rotating Equipment Design,1,0.0041,unmatched,,,
Rotating Equipment Auxiliaries,1,0.0041,unmatched,,,
Coolants,1,0.0041,unmatched,,,
Coolant,1,0.0041,unmatched,,,
Cookies,1,0.0041,unmatched,,,
Convincing power,1,0.0041,unmatched,,,
Conveyor Lines,1,0.0041,unmatched,,,
Conveyor Automation,1,0.0041,unmatched,,,
Copper,1,0.0041,unmatched,,,
Copilot,1,0.0041,unmatched,,,
Copado,1,0.0041,unmatched,,,
Coordination with Technical Teams,1,0.0041,unmatched,,,
Coordination with Teams,1,0.0041,unmatched,,,
Coordination with Internal Teams,1,0.0041,unmatched,,,
Coordinates,1,0.0041,unmatched,,,
Coordinate Meetings,1,0.0041,unmatched,,,
Cooling Towers,1,0.0041,unmatched,,,
Cooling Tower,1,0.0041,unmatched,,,
Conveyancing,1,0.0041,unmatched,,,
Conveyance,1,0.0041,unmatched,,,
Conversational AI,1,0.0041,unmatched,,,
Convergent Mediation,1,0.0041,unmatched,,,
Convergent Invoicing,1,0.0041,unmatched,,,
Controls ITAC,1,0.0041,unmatched,,,
Controls Assessment,1,0.0041,unmatched,,,
Controls,1,0.0041,unmatched,,,
Rrc,1,0.0041,unmatched,,,
Rpo,1,0.0041,unmatched,,,
Rpm,1,0.0041,unmatched,,,
Rpgle,1,0.0041,unmatched,,,
Rpa Development,1,0.0041,unmatched,,,
Rpa Blue Prism,1,0.0041,unmatched,,,
Cooling,1,0.0041,unmatched,,,
Coolgen,1,0.0041,unmatched,,,
Running data quality rules,1,0.0041,unmatched,,,
Ruckus Switches,1,0.0041,unmatched,,,
Ruby programming,1,0.0041,unmatched,,,
Ruby on Rails,1,0.0041,unmatched,,,
Ruby On Rails,1,0.0041,unmatched,,,
Controller Ship,1,0.0041,unmatched,,,
Control and Automation Sales,1,0.0041,unmatched,,,
Control System Engineer,1,0.0041,unmatched,,,
Control Self-Assessment,1,0.0041,unmatched,,,
Control Panel Wiring,1,0.0041,unmatched,,,
Rubber Compounding,1,0.0041,unmatched,,,
Rtr,1,0.0041,unmatched,,,
Rto,1,0.0041,unmatched,,,
Rtm,1,0.0041,unmatched,,,
Rt,1,0.0041,unmatched,,,
Rstp,1,0.0041,unmatched,,,
S-FRAME,1,0.0041,unmatched,,,
S&T Design,1,0.0041,unmatched,,,
S&G,1,0.0041,unmatched,,,
S 4 HANA,1,0.0041,unmatched,,,
Rxswift,1,0.0041,unmatched,,,
Rxjava,1,0.0041,unmatched,,,
RxJs,1,0.0041,unmatched,,,
Control Panel Industry,1,0.0041,unmatched,,,
Control Engineering,1,0.0041,unmatched,,,
Control Charts,1,0.0041,unmatched,,,
Control Assurance,1,0.0041,unmatched,,,
Control Application,1,0.0041,unmatched,,,
Contracts Planning,1,0.0041,unmatched,,,
Contracts Management,1,0.0041,unmatched,,,
Rwa,1,0.0041,unmatched,,,
Rust Preventive,1,0.0041,unmatched,,,
S2P,1,0.0041,unmatched,,,
Contract Preparation,1,0.0041,unmatched,,,
Contract Lifecycle Management,1,0.0041,unmatched,,,
Contract Labour Act Compliance,1,0.0041,unmatched,,,
Contract Documentation,1,0.0041,unmatched,,,
Contractor Grievances,1,0.0041,unmatched,,,
Contracting & Negotiation,1,0.0041,unmatched,,,
Contract negotiations,1,0.0041,unmatched,,,
Contract law,1,0.0041,unmatched,,,
Contract drafting,1,0.0041,unmatched,,,
Contract and document handling,1,0.0041,unmatched,,,
Contract administration,1,0.0041,unmatched,,,
Contract To Hire,1,0.0041,unmatched,,,
S/W Architecture,1,0.0041,unmatched,,,
S/4HANA migration,1,0.0041,unmatched,,,
S/4 Migration,1,0.0041,unmatched,,,
SALES COORDIN,1,0.0041,unmatched,,,
SAAC,1,0.0041,unmatched,,,
Contract Admin,1,0.0041,unmatched,,,
Continuous Monitoring,1,0.0041,unmatched,,,
Continuous Deployment,1,0.0041,unmatched,,,
Context Api,1,0.0041,unmatched,,,
Contests / Campaign Management,1,0.0041,unmatched,,,
Contentful CMS,1,0.0041,unmatched,,,
S7,1,0.0041,unmatched,,,
S4hana,1,0.0041,unmatched,,,
S4Hana,1,0.0041,unmatched,,,
S4/HANA,1,0.0041,unmatched,,,
S4 HANA Fiori,1,0.0041,unmatched,,,
S4 Fashion,1,0.0041,unmatched,,,
S4,1,0.0041,unmatched,,,
S3D,1,0.0041,unmatched,,,
SAP ABAP / S4 HANA,1,0.0041,unmatched,,,
SAML Authorization,1,0.0041,unmatched,,,
Content Writer,1,0.0041,unmatched,,,
Content Slots,1,0.0041,unmatched,,,
Content Server,1,0.0041,unmatched,,,
Content Sales,1,0.0041,unmatched,,,
Content Research,1,0.0041,unmatched,,,
Content Operations,1,0.0041,unmatched,,,
Content Modeling,1,0.0041,unmatched,,,
SAM Process Owner,1,0.0041,unmatched,,,
SAM Model,1,0.0041,unmatched,,,
SAM Developer,1,0.0041,unmatched,,,
SAM Certification,1,0.0041,unmatched,,,
SAM,1,0.0041,unmatched,,,
SALINE SOLUTIONS,1,0.0041,unmatched,,,
SALES PROFESSIINNAL,1,0.0041,unmatched,,,
SAP BAS,1,0.0041,unmatched,,,
SAP Application Services Delivery Manager,1,0.0041,unmatched,,,
SAP Application Development,1,0.0041,unmatched,,,
SAP Access Control Jobs,1,0.0041,unmatched,,,
SAP ARCHITECT,1,0.0041,unmatched,,,
Content Manager,1,0.0041,unmatched,,,
Content Executive,1,0.0041,unmatched,,,
Content Editor,1,0.0041,unmatched,,,
Content Design,1,0.0041,unmatched,,,
Content Curation,1,0.0041,unmatched,,,
Content & Communication,1,0.0041,unmatched,,,
SAP AD,1,0.0041,unmatched,,,
SAP ABAP Technical Consultant,1,0.0041,unmatched,,,
SAP ABAP Technical,1,0.0041,unmatched,,,
SAP ABAP Hana,1,0.0041,unmatched,,,
SAP ABAP CRM,1,0.0041,unmatched,,,
SAP BTP CAPM,1,0.0041,unmatched,,,
SAP BTP Application Development,1,0.0041,unmatched,,,
SAP BRIM Technical,1,0.0041,unmatched,,,
SAP BRIM,1,0.0041,unmatched,,,
Containers,1,0.0041,unmatched,,,
Container Operations,1,0.0041,unmatched,,,
Container Management,1,0.0041,unmatched,,,
Contact Mapping,1,0.0041,unmatched,,,
Contact Centre operations,1,0.0041,unmatched,,,
Contact Center WFM,1,0.0041,unmatched,,,
Contact Center Transformation,1,0.0041,unmatched,,,
Contact Center Management,1,0.0041,unmatched,,,
Contact Center Agent,1,0.0041,unmatched,,,
SAP BODS,1,0.0041,unmatched,,,
SAP BASIS Technical Consultant,1,0.0041,unmatched,,,
SAP BASIS,1,0.0041,unmatched,,,
SAP Business Intelligence,1,0.0041,unmatched,,,
SAP Business Application Studio BAS,1,0.0041,unmatched,,,
Consumer research,1,0.0041,unmatched,,,
Consumer Tech,1,0.0041,unmatched,,,
Consumer Insights,1,0.0041,unmatched,,,
Consumer Goods,1,0.0041,unmatched,,,
Consumer Durables,1,0.0041,unmatched,,,
Consumer Analytics,1,0.0041,unmatched,,,
Consulting Execution,1,0.0041,unmatched,,,
SAP BW/HANA,1,0.0041,unmatched,,,
SAP BW on HANA,1,0.0041,unmatched,,,
SAP BW implementation,1,0.0041,unmatched,,,
SAP BW InfoObjects,1,0.0041,unmatched,,,
SAP BTP IS CLOUD PLATFORM,1,0.0041,unmatched,,,
SAP BTP INTEGRATION SUITE,1,0.0041,unmatched,,,
SAP BTP CPI,1,0.0041,unmatched,,,
SAP Certified,1,0.0041,unmatched,,,
SAP CX,1,0.0041,unmatched,,,
SAP CS,1,0.0041,unmatched,,,
SAP CRM Technical,1,0.0041,unmatched,,,
SAP CRM FUNCTIONAL,1,0.0041,unmatched,,,
Consultative sales,1,0.0041,unmatched,,,
Consultative Selling,1,0.0041,unmatched,,,
Consultants,1,0.0041,unmatched,,,
Consultant Physiotherapist,1,0.0041,unmatched,,,
Consultant Ophthalmologist,1,0.0041,unmatched,,,
Consultant Network,1,0.0041,unmatched,,,
Consultant Architect,1,0.0041,unmatched,,,
Construction operations,1,0.0041,unmatched,,,
SAP CI,1,0.0041,unmatched,,,
SAP CFIN,1,0.0041,unmatched,,,
SAP CDS,1,0.0041,unmatched,,,
SAP Data archiving,1,0.0041,unmatched,,,
SAP DRC CONSULTANT,1,0.0041,unmatched,,,
SAP DMC,1,0.0041,unmatched,,,
Construction engineering,1,0.0041,unmatched,,,
Construction Supervision,1,0.0041,unmatched,,,
Construction Planning,1,0.0041,unmatched,,,
Construction Methods,1,0.0041,unmatched,,,
Construction Head,1,0.0041,unmatched,,,
Construction Finance,1,0.0041,unmatched,,,
SAP Customer service,1,0.0041,unmatched,,,
SAP Consulting,1,0.0041,unmatched,,,
SAP Concur,1,0.0041,unmatched,,,
SAP Commissions,1,0.0041,unmatched,,,
SAP Commerce Automation,1,0.0041,unmatched,,,
SAP Cloud Platform,1,0.0041,unmatched,,,
SAP Cloud,1,0.0041,unmatched,,,
Connection With Doctors,1,0.0041,unmatched,,,
Conga Cpq,1,0.0041,unmatched,,,
SAP FICO Testing,1,0.0041,unmatched,,,
SAP FICO Support Pune,1,0.0041,unmatched,,,
SAP FICO Jobs Pune,1,0.0041,unmatched,,,
SAP FI modules,1,0.0041,unmatched,,,
SAP FI TAX,1,0.0041,unmatched,,,
SAP FI Module,1,0.0041,unmatched,,,
SAP FI CO Careers,1,0.0041,unmatched,,,
SAP FI CO,1,0.0041,unmatched,,,
SAP Ewm,1,0.0041,unmatched,,,
SAP Enterprise Portal,1,0.0041,unmatched,,,
SAP Enterprise Architect,1,0.0041,unmatched,,,
SAP EWM Archiving,1,0.0041,unmatched,,,
SAP EP,1,0.0041,unmatched,,,
SAP ECC Integration,1,0.0041,unmatched,,,
SAP Fiori S4 HANA Jobs,1,0.0041,unmatched,,,
SAP Fiori Launchpad Consultant,1,0.0041,unmatched,,,
SAP Fiori Jobs Hyderabad,1,0.0041,unmatched,,,
SAP Fiori Consultant Pune,1,0.0041,unmatched,,,
SAP Financial Accounting Jobs,1,0.0041,unmatched,,,
SAP Finance Jobs,1,0.0041,unmatched,,,
Construction Documentation,1,0.0041,unmatched,,,
Construction Contracts,1,0.0041,unmatched,,,
Construction Accounts,1,0.0041,unmatched,,,
Constrn High rise Comml& Residential Buldgs,1,0.0041,unmatched,,,
Consistency,1,0.0041,unmatched,,,
Consignment,1,0.0041,unmatched,,,
Consignee Follow-up,1,0.0041,unmatched,,,
Connectwise,1,0.0041,unmatched,,,
Connectivity Management,1,0.0041,unmatched,,,
Connectivity,1,0.0041,unmatched,,,
SAP HANA DB,1,0.0041,unmatched,,,
SAP Governance Risk Compliance Jobs,1,0.0041,unmatched,,,
SAP GRC Jobs Hyderabad,1,0.0041,unmatched,,,
Conga,1,0.0041,unmatched,,,
Confluent,1,0.0041,unmatched,,,
Confirmation,1,0.0041,unmatched,,,
Configuring LAN,1,0.0041,unmatched,,,
Configure,1,0.0041,unmatched,,,
Configurations Management,1,0.0041,unmatched,,,
Configurations,1,0.0041,unmatched,,,
Configuration of SAP Business One,1,0.0041,unmatched,,,
SAP GRC Consultant Pune,1,0.0041,unmatched,,,
SAP GRC Careers,1,0.0041,unmatched,,,
SAP GR,1,0.0041,unmatched,,,
SAP Fiori UI5 Careers,1,0.0041,unmatched,,,
SAP Fiori UI5,1,0.0041,unmatched,,,
SAP IM,1,0.0041,unmatched,,,
Configuration Functions,1,0.0041,unmatched,,,
Configuration And Troubleshooting,1,0.0041,unmatched,,,
Config,1,0.0041,unmatched,,,
Confidence Building,1,0.0041,unmatched,,,
Cone,1,0.0041,unmatched,,,
Conducting Training,1,0.0041,unmatched,,,
Conducting,1,0.0041,unmatched,,,
Conduct Site Visits,1,0.0041,unmatched,,,
Conditional formatting,1,0.0041,unmatched,,,
SAP IBP Functional Consultant,1,0.0041,unmatched,,,
SAP Hybris,1,0.0041,unmatched,,,
SAP HRMS,1,0.0041,unmatched,,,
SAP HR,1,0.0041,unmatched,,,
SAP HANA Native,1,0.0041,unmatched,,,
SAP HANA Implementation,1,0.0041,unmatched,,,
SAP Material Management,1,0.0041,unmatched,,,
SAP Master Data,1,0.0041,unmatched,,,
SAP Manager,1,0.0041,unmatched,,,
SAP MM/WM,1,0.0041,unmatched,,,
SAP MM Materials Management,1,0.0041,unmatched,,,
SAP MM Consultant,1,0.0041,unmatched,,,
Condition Contract Management,1,0.0041,unmatched,,,
Condenser-Type Heat Exchangers,1,0.0041,unmatched,,,
Condenser Process Engineering,1,0.0041,unmatched,,,
Concur expenses platform,1,0.0041,unmatched,,,
Concrete Structures,1,0.0041,unmatched,,,
SAP LETRA,1,0.0041,unmatched,,,
SAP KRONOS,1,0.0041,unmatched,,,
SAP ISU,1,0.0041,unmatched,,,
SAP IS-Utilities,1,0.0041,unmatched,,,
SAP IS Retail,1,0.0041,unmatched,,,
SAP PO,1,0.0041,unmatched,,,
SAP PLM/PP,1,0.0041,unmatched,,,
SAP PLM,1,0.0041,unmatched,,,
SAP PI/PO,1,0.0041,unmatched,,,
Concept Development,1,0.0041,unmatched,,,
Computer teaching,1,0.0041,unmatched,,,
Computer software like Illustrator,1,0.0041,unmatched,,,
Computer operating,1,0.0041,unmatched,,,
Computer hardware,1,0.0041,unmatched,,,
Computer forensics,1,0.0041,unmatched,,,
Computer Vision Syndrome,1,0.0041,unmatched,,,
SAP OTC Architect,1,0.0041,unmatched,,,
SAP OData Jobs,1,0.0041,unmatched,,,
SAP Netweaver Enterprise Portal,1,0.0041,unmatched,,,
SAP Netweaver,1,0.0041,unmatched,,,
SAP Module,1,0.0041,unmatched,,,
Computer Applications,1,0.0041,unmatched,,,
Compute Engine,1,0.0041,unmatched,,,
Computational Biology,1,0.0041,unmatched,,,
Comptia,1,0.0041,unmatched,,,
Compressor Design,1,0.0041,unmatched,,,
Compressor,1,0.0041,unmatched,,,
Computer Vision Machine Learning,1,0.0041,unmatched,,,
Computer Teacher,1,0.0041,unmatched,,,
Computer System Validation,1,0.0041,unmatched,,,
Computer Savvy,1,0.0041,unmatched,,,
Computer Maintenance,1,0.0041,unmatched,,,
Computer Kn,1,0.0041,unmatched,,,
SAP Portal,1,0.0041,unmatched,,,
SAP Plant Maintenance,1,0.0041,unmatched,,,
SAP PaPM,1,0.0041,unmatched,,,
SAP PP/QM,1,0.0041,unmatched,,,
SAP SD consultant,1,0.0041,unmatched,,,
SAP SD Technical Consultant,1,0.0041,unmatched,,,
SAP SD OTC,1,0.0041,unmatched,,,
SAP SD LE,1,0.0041,unmatched,,,
SAP SD Hana,1,0.0041,unmatched,,,
SAP SD HANA,1,0.0041,unmatched,,,
SAP SD Functional,1,0.0041,unmatched,,,
SAP SD CS,1,0.0041,unmatched,,,
SAP S4 HANA Logistics,1,0.0041,unmatched,,,
SAP S/4 HANA Archiving,1,0.0041,unmatched,,,
SAP Retail,1,0.0041,unmatched,,,
SAP RAP,1,0.0041,unmatched,,,
SAP R3,1,0.0041,unmatched,,,
SAP Public cloud,1,0.0041,unmatched,,,
SAP Project Mgmt,1,0.0041,unmatched,,,
Computer Architecture,1,0.0041,unmatched,,,
Component Interface,1,0.0041,unmatched,,,
Component Handling,1,0.0041,unmatched,,,
Component Engineering,1,0.0041,unmatched,,,
SAP SuccessFactors Variable Pay,1,0.0041,unmatched,,,
SAP SuccessFactors RMK,1,0.0041,unmatched,,,
SAP SuccessFactors RCM,1,0.0041,unmatched,,,
SAP SuccessFactors Compensation,1,0.0041,unmatched,,,
SAP SuccessFactors,1,0.0041,unmatched,,,
SAP Success Factor,1,0.0041,unmatched,,,
SAP Service desk,1,0.0041,unmatched,,,
SAP Security Technical Consultant,1,0.0041,unmatched,,,
SAP Security GRC,1,0.0041,unmatched,,,
SAP SRM,1,0.0041,unmatched,,,
SAP SOM,1,0.0041,unmatched,,,
SAP SF Certified Consultant,1,0.0041,unmatched,,,
SAP SD/MM/PP,1,0.0041,unmatched,,,
SAP Trm,1,0.0041,unmatched,,,
SAP Trainer,1,0.0041,unmatched,,,
SAP Test Manager,1,0.0041,unmatched,,,
SAP TRM functional support L2,1,0.0041,unmatched,,,
SAP TPM,1,0.0041,unmatched,,,
SAP System,1,0.0041,unmatched,,,
Compositing,1,0.0041,unmatched,,,
CompositeProviders,1,0.0041,unmatched,,,
Composite Sales,1,0.0041,unmatched,,,
Composite Materials,1,0.0041,unmatched,,,
Composer,1,0.0041,unmatched,,,
Composable Banking,1,0.0041,unmatched,,,
Component pricing,1,0.0041,unmatched,,,
Component Testing,1,0.0041,unmatched,,,
Component Manufacturing,1,0.0041,unmatched,,,
Component Lifecycle,1,0.0041,unmatched,,,
SAP architecture,1,0.0041,unmatched,,,
SAP Worksoft,1,0.0041,unmatched,,,
Component Design,1,0.0041,unmatched,,,
Compliance for Quality Control,1,0.0041,unmatched,,,
Compliance Testing,1,0.0041,unmatched,,,
Compliance Surveillance,1,0.0041,unmatched,,,
Compliance Officer,1,0.0041,unmatched,,,
Compliance Manager,1,0.0041,unmatched,,,
Compliance Handling,1,0.0041,unmatched,,,
Compliance Executive,1,0.0041,unmatched,,,
Compliance Documentation,1,0.0041,unmatched,,,
SAP Workflow,1,0.0041,unmatched,,,
SAP WMS,1,0.0041,unmatched,,,
SAP UI5 Programmer,1,0.0041,unmatched,,,
SAP UI5 Developer Jobs,1,0.0041,unmatched,,,
SAP UI5,1,0.0041,unmatched,,,
SAS R,1,0.0041,unmatched,,,
SAS Management Console,1,0.0041,unmatched,,,
SAS Data Intergration Studio,1,0.0041,unmatched,,,
SAS Data Integration Studio,1,0.0041,unmatched,,,
SAS Data Integration,1,0.0041,unmatched,,,
SAS Connect,1,0.0041,unmatched,,,
SAS BI,1,0.0041,unmatched,,,
SAS Admin,1,0.0041,unmatched,,,
SAS 9,1,0.0041,unmatched,,,
SAR,1,0.0041,unmatched,,,
SAP2000,1,0.0041,unmatched,,,
SAP workflow,1,0.0041,unmatched,,,
SAP security,1,0.0041,unmatched,,,
SAP fico,1,0.0041,unmatched,,,
SAP certification,1,0.0041,unmatched,,,
SAP automation,1,0.0041,unmatched,,,
Competency Management,1,0.0041,unmatched,,,
Compensation management,1,0.0041,unmatched,,,
Compliance Configuration,1,0.0041,unmatched,,,
Compliance Business Partner,1,0.0041,unmatched,,,
Compliance Auditor,1,0.0041,unmatched,,,
Compliance Assurance,1,0.0041,unmatched,,,
Compliance & Risk Management,1,0.0041,unmatched,,,
Compliance & Governance,1,0.0041,unmatched,,,
Compliance & Documentation,1,0.0041,unmatched,,,
Complex Sql Query,1,0.0041,unmatched,,,
Complete Seat,1,0.0041,unmatched,,,
Complaints Resolution,1,0.0041,unmatched,,,
Complaints Management,1,0.0041,unmatched,,,
Complaint handling,1,0.0041,unmatched,,,
SAS administrator,1,0.0041,unmatched,,,
SAS admin,1,0.0041,unmatched,,,
SCSS,1,0.0041,unmatched,,,
SCSI,1,0.0041,unmatched,,,
Compensation Analyst,1,0.0041,unmatched,,,
Company research,1,0.0041,unmatched,,,
Company law,1,0.0041,unmatched,,,
Company Website,1,0.0041,unmatched,,,
Company Services,1,0.0041,unmatched,,,
Company Secretary Intern,1,0.0041,unmatched,,,
SCP,1,0.0041,unmatched,,,
SCOBOL,1,0.0041,unmatched,,,
SCM KPI,1,0.0041,unmatched,,,
SAfety TRaining,1,0.0041,unmatched,,,
SAST Testing,1,0.0041,unmatched,,,
Competitor Movements,1,0.0041,unmatched,,,
Competitive Market Analysis,1,0.0041,unmatched,,,
Competency mapping,1,0.0041,unmatched,,,
SEBI Compliances,1,0.0041,unmatched,,,
SEBI Compliance,1,0.0041,unmatched,,,
SEBI Circulars,1,0.0041,unmatched,,,
SEA FREIGHT,1,0.0041,unmatched,,,
SDWAN Engineer Careers,1,0.0041,unmatched,,,
Company Research,1,0.0041,unmatched,,,
Company Profiling,1,0.0041,unmatched,,,
Company Analysis,1,0.0041,unmatched,,,
Company Accounts Finalisation,1,0.0041,unmatched,,,
Compaction,1,0.0041,unmatched,,,
Community Outreach,1,0.0041,unmatched,,,
Community Mobilisation,1,0.0041,unmatched,,,
SDLE,1,0.0041,unmatched,,,
SDH,1,0.0041,unmatched,,,
SDA,1,0.0041,unmatched,,,
SD/FICO modules integration,1,0.0041,unmatched,,,
SEP,1,0.0041,unmatched,,,
SEO Executive,1,0.0041,unmatched,,,
Community Cloud,1,0.0041,unmatched,,,
Communications Skills,1,0.0041,unmatched,,,
Communications Executive,1,0.0041,unmatched,,,
Communication skills Edtech Sales Relationship Management Student Counseling B2C Sales Consultative Sales Cold Calling CRM Software,1,0.0041,unmatched,,,
Communication skill,1,0.0041,unmatched,,,
Communication management,1,0.0041,unmatched,,,
Communication and Reporting,1,0.0041,unmatched,,,
Communication and Coordination,1,0.0041,unmatched,,,
Communication Written And Oral Skills,1,0.0041,unmatched,,,
SEO Content Writer,1,0.0041,unmatched,,,
SEMrush/Ahrefs,1,0.0041,unmatched,,,
SEI,1,0.0041,unmatched,,,
SEEJ SOFTWARE,1,0.0041,unmatched,,,
SEBI Regulations,1,0.0041,unmatched,,,
SFMC,1,0.0041,unmatched,,,
SFIDX,1,0.0041,unmatched,,,
Communication Training,1,0.0041,unmatched,,,
Communication Skill,1,0.0041,unmatched,,,
Communication Finance,1,0.0041,unmatched,,,
Communication & Decision-making,1,0.0041,unmatched,,,
Communiation,1,0.0041,unmatched,,,
Common Cybersecurity technologies,1,0.0041,unmatched,,,
Commodities Sales,1,0.0041,unmatched,,,
SFDR,1,0.0041,unmatched,,,
SFCC tester,1,0.0041,unmatched,,,
SFCC,1,0.0041,unmatched,,,
SF,1,0.0041,unmatched,,,
SEW,1,0.0041,unmatched,,,
SERVICE AND MAINTENACE OF CAR AND HEAVY EQUIPMENTS,1,0.0041,unmatched,,,
SERPS,1,0.0041,unmatched,,,
SME banking,1,0.0041,unmatched,,,
SME General Ledger,1,0.0041,unmatched,,,
SME Accounting,1,0.0041,unmatched,,,
SMC,1,0.0041,unmatched,,,
SLO,1,0.0041,unmatched,,,
SLAs,1,0.0041,unmatched,,,
SLA management,1,0.0041,unmatched,,,
SLA compliance,1,0.0041,unmatched,,,
SLA adherence,1,0.0041,unmatched,,,
SIS,1,0.0041,unmatched,,,
SIMS / NFMIMS /PEMS,1,0.0041,unmatched,,,
SIF,1,0.0041,unmatched,,,
SIEMENS NX,1,0.0041,unmatched,,,
SGW,1,0.0041,unmatched,,,
SGSN,1,0.0041,unmatched,,,
SFTC Sub Officer certified,1,0.0041,unmatched,,,
Commercial buildings,1,0.0041,unmatched,,,
Commercial Underwriting,1,0.0041,unmatched,,,
Commercial Refrigeration,1,0.0041,unmatched,,,
Commercial Queries,1,0.0041,unmatched,,,
Commercial Procurement,1,0.0041,unmatched,,,
Commercial Marketing,1,0.0041,unmatched,,,
Commissioning Engineer,1,0.0041,unmatched,,,
Commission payout,1,0.0041,unmatched,,,
Commis Ii,1,0.0041,unmatched,,,
Commie 2,1,0.0041,unmatched,,,
Commercial vehicle loans,1,0.0041,unmatched,,,
Commercial negotiations,1,0.0041,unmatched,,,
Commercial marketing,1,0.0041,unmatched,,,
Commercial interiors,1,0.0041,unmatched,,,
Commercial insurance,1,0.0041,unmatched,,,
Commercial framework,1,0.0041,unmatched,,,
SOLID principals,1,0.0041,unmatched,,,
SOC platform,1,0.0041,unmatched,,,
SOC Analyst,1,0.0041,unmatched,,,
SOC 2,1,0.0041,unmatched,,,
SOAR playbook automation,1,0.0041,unmatched,,,
SOAP/REST APIs,1,0.0041,unmatched,,,
SOAP services,1,0.0041,unmatched,,,
SOAP APIs,1,0.0041,unmatched,,,
SOACS,1,0.0041,unmatched,,,
SOA upgration,1,0.0041,unmatched,,,
SOA installation,1,0.0041,unmatched,,,
SNF,1,0.0041,unmatched,,,
SMT Process Engineering,1,0.0041,unmatched,,,
SMS Marketing,1,0.0041,unmatched,,,
SMPE,1,0.0041,unmatched,,,
SME sales,1,0.0041,unmatched,,,
Commercial Drawings,1,0.0041,unmatched,,,
Commercial Documentation,1,0.0041,unmatched,,,
Commercial Director,1,0.0041,unmatched,,,
Commercial Contracts,1,0.0041,unmatched,,,
SPARK,1,0.0041,unmatched,,,
SP3D,1,0.0041,unmatched,,,
SOX/SOC audit,1,0.0041,unmatched,,,
SOX compliance,1,0.0041,unmatched,,,
SOSL,1,0.0041,unmatched,,,
SOQL,1,0.0041,unmatched,,,
SOPs,1,0.0041,unmatched,,,
SOP Development & Implementation,1,0.0041,unmatched,,,
SONAR,1,0.0041,unmatched,,,
SOM,1,0.0041,unmatched,,,
SOLUTION ARCHITECT,1,0.0041,unmatched,,,
SOLIDWORK,1,0.0041,unmatched,,,
SQL / SQL SSIS,1,0.0041,unmatched,,,
SQL + Python QA Jobs,1,0.0041,unmatched,,,
SPring,1,0.0041,unmatched,,,
SPRINGBOOT,1,0.0041,unmatched,,,
SPR,1,0.0041,unmatched,,,
SPEL,1,0.0041,unmatched,,,
SPC  Planning,1,0.0041,unmatched,,,
Commercial Line,1,0.0041,unmatched,,,
Commercial Laws,1,0.0041,unmatched,,,
Commercial Law mandates,1,0.0041,unmatched,,,
Commercial Interiors,1,0.0041,unmatched,,,
Commercial Insurance,1,0.0041,unmatched,,,
Commercial Functions,1,0.0041,unmatched,,,
Commercial Finance,1,0.0041,unmatched,,,
Commercial Executive,1,0.0041,unmatched,,,
Commercial Execution,1,0.0041,unmatched,,,
SQL ServeMonitoring,1,0.0041,unmatched,,,
SQL Scripting,1,0.0041,unmatched,,,
SQL QUERIES,1,0.0041,partial/semantic_match,Sql,University of Mumbai,MDC401 Multidisciplinary minor 20 20 40 60 2 -- -- 100
SQL Platform,1,0.0041,unmatched,,,
SQL Loader,1,0.0041,unmatched,,,
SQL Coding,1,0.0041,unmatched,,,
Commercial Claims,1,0.0041,unmatched,,,
Commercial Building,1,0.0041,unmatched,,,
Commercial Activities,1,0.0041,unmatched,,,
Commercial Accounting Accounting Credit Control Receivable Management Accounts Receivable,1,0.0041,unmatched,,,
Commercial Accounting,1,0.0041,unmatched,,,
Commercial Account Executive,1,0.0041,unmatched,,,
Comment Writing,1,0.0041,unmatched,,,
Command Over Communication,1,0.0041,unmatched,,,
Command,1,0.0041,unmatched,,,
SQL Automation Tester Pune,1,0.0041,unmatched,,,
Collector,1,0.0041,unmatched,,,
SR.CIVIL ENGINEER,1,0.0041,unmatched,,,
SR.ACCOUNTANT,1,0.0041,unmatched,,,
SR EXECUTIVE -IT - GERMAN MNC MFG CO,1,0.0041,unmatched,,,
SQR,1,0.0041,unmatched,,,
SQLite,1,0.0041,unmatched,,,
SQL/Oracle,1,0.0041,unmatched,,,
SQL/NoSQL,1,0.0041,unmatched,,,
SQL and network fundamentals,1,0.0041,unmatched,,,
SQL Tuning,1,0.0041,unmatched,,,
SQL Tester,1,0.0041,unmatched,,,
SQL Server databases,1,0.0041,unmatched,,,
SQL Server Reporting Services,1,0.0041,unmatched,,,
SQL Server Integration Services,1,0.0041,unmatched,,,
SQL Server Development,1,0.0041,unmatched,,,
SQL Server 2016,1,0.0041,unmatched,,,
SRS,1,0.0041,unmatched,,,
Collections Management,1,0.0041,unmatched,,,
Collection Targets,1,0.0041,unmatched,,,
Collection Manager,1,0.0041,unmatched,,,
Collection Initiatives,1,0.0041,unmatched,,,
Collection & Payment Management,1,0.0041,unmatched,,,
Collateral Data Management,1,0.0041,unmatched,,,
Colour Matching,1,0.0041,unmatched,,,
Colour Doppler,1,0.0041,unmatched,,,
Coloring,1,0.0041,unmatched,,,
Colorimetric Analysis,1,0.0041,unmatched,,,
Color grading,1,0.0041,unmatched,,,
Color correction,1,0.0041,unmatched,,,
Color Cosmetics,1,0.0041,unmatched,,,
Collibra Data Quality,1,0.0041,unmatched,,,
College,1,0.0041,unmatched,,,
STATIONARY /FMCD /CONSUMER DURABLES,1,0.0041,unmatched,,,
STAAD Pro,1,0.0041,unmatched,,,
Collaborate with stakeholders to gather and analyze requirements,1,0.0041,unmatched,,,
Collaborate On Campaigns,1,0.0041,unmatched,,,
Collaborate OEMs,1,0.0041,unmatched,,,
Coll,1,0.0041,unmatched,,,
Cold Kitchen,1,0.0041,unmatched,,,
Cold Framed,1,0.0041,unmatched,,,
Cold Form Steel,1,0.0041,unmatched,,,
Cold Emailing,1,0.0041,unmatched,,,
Cold Chain Management,1,0.0041,unmatched,,,
Cold Chain,1,0.0041,unmatched,,,
SSSRs,1,0.0041,unmatched,,,
SSG,1,0.0041,unmatched,,,
SSCM,1,0.0041,unmatched,,,
SS7,1,0.0041,unmatched,,,
SWIFT,1,0.0041,unmatched,,,
SWAB TEST,1,0.0041,unmatched,,,
SW,1,0.0041,unmatched,,,
SVO,1,0.0041,unmatched,,,
SVN,1,0.0041,unmatched,,,
SVG,1,0.0041,unmatched,,,
SUccessfactor,1,0.0041,unmatched,,,
SUN,1,0.0041,unmatched,,,
SUCCESSFACTORS ONBOARDING,1,0.0041,unmatched,,,
STUL,1,0.0041,unmatched,,,
STROKES,1,0.0041,unmatched,,,
STOCK RECORDS,1,0.0041,unmatched,,,
STLC QA Jobs India,1,0.0041,unmatched,,,
STLC,1,0.0041,unmatched,,,
STL containers,1,0.0041,unmatched,,,
STB,1,0.0041,unmatched,,,
Saas Products,1,0.0041,unmatched,,,
Saas Product Development,1,0.0041,unmatched,,,
Saas Marketing,1,0.0041,unmatched,,,
Cognos Framework Manager,1,0.0041,unmatched,,,
Cognos Bi,1,0.0041,unmatched,,,
Cognos Architecture,1,0.0041,unmatched,,,
Cognix,1,0.0041,unmatched,,,
Cognigy,1,0.0041,unmatched,,,
Coe,1,0.0041,unmatched,,,
Coding Standards,1,0.0041,unmatched,,,
Coding Assistant Manager,1,0.0041,unmatched,,,
SaaS integrations,1,0.0041,unmatched,,,
SaaS applications,1,0.0041,unmatched,,,
SaaS Content,1,0.0041,unmatched,,,
Sa,1,0.0041,unmatched,,,
SWIMMING,1,0.0041,unmatched,,,
Safety Engineering,1,0.0041,unmatched,,,
Coded UI,1,0.0041,unmatched,,,
Codecs,1,0.0041,unmatched,,,
Code/Design Reviews,1,0.0041,unmatched,,,
Code beamer,1,0.0041,unmatched,,,
Code Versioning Tools,1,0.0041,unmatched,,,
Code Reviews,1,0.0041,unmatched,,,
Code Deploy,1,0.0041,unmatched,,,
Code Coverage,1,0.0041,unmatched,,,
Cockpit,1,0.0041,unmatched,,,
Coc,1,0.0041,unmatched,,,
Cobol Programming Language,1,0.0041,unmatched,,,
Safe Certified,1,0.0041,unmatched,,,
Safe,1,0.0041,unmatched,,,
Sac Security,1,0.0041,unmatched,,,
Saas Support,1,0.0041,unmatched,,,
Coal Mill,1,0.0041,unmatched,,,
Coal Handling,1,0.0041,unmatched,,,
Coagulation Assays,1,0.0041,unmatched,,,
Coagulation,1,0.0041,unmatched,,,
Coaching and Mentoring,1,0.0041,unmatched,,,
CoBIT,1,0.0041,unmatched,,,
Co-Pilot,1,0.0041,unmatched,,,
Co-Ordination,1,0.0041,unmatched,,,
Co-Cca,1,0.0041,unmatched,,,
Safety Standards,1,0.0041,unmatched,,,
Safety Signal,1,0.0041,unmatched,,,
Safety Protocols,1,0.0041,unmatched,,,
Safety Plc,1,0.0041,unmatched,,,
Safety Operations,1,0.0041,unmatched,,,
Safety Executive,1,0.0041,unmatched,,,
Safety Equipment Sales,1,0.0041,unmatched,,,
Co ordinate with Production,1,0.0041,unmatched,,,
Cns,1,0.0041,unmatched,,,
Cnc Milling,1,0.0041,unmatched,,,
Cnc Bending,1,0.0041,unmatched,,,
Cmvr,1,0.0041,unmatched,,,
Cms Platforms,1,0.0041,unmatched,,,
Cms Development,1,0.0041,unmatched,,,
Cmm Programming,1,0.0041,unmatched,,,
Salary Account,1,0.0041,unmatched,,,
Salaried Personal Loan,1,0.0041,unmatched,,,
Sail,1,0.0041,unmatched,,,
SageMaker,1,0.0041,unmatched,,,
Sage Erp,1,0.0041,unmatched,,,
Safety management system,1,0.0041,unmatched,,,
Safety engineering,1,0.0041,unmatched,,,
Safety audit,1,0.0041,unmatched,,,
Clover,1,0.0041,unmatched,,,
Cloudwatch,1,0.0041,unmatched,,,
Sales And Textile And Machinery,1,0.0041,unmatched,,,
Sales And Marketing And Textile And Machinery,1,0.0041,unmatched,,,
Sales And Coordination And Textile And Machinery,1,0.0041,unmatched,,,
Sales Agreements,1,0.0041,unmatched,,,
Sales Accounting,1,0.0041,unmatched,,,
Sales Account,1,0.0041,unmatched,,,
Sales & Revenue,1,0.0041,unmatched,,,
Sales & Marketing Leadership,1,0.0041,unmatched,,,
Sales & General Administration,1,0.0041,unmatched,,,
Sales & Fulfillment,1,0.0041,unmatched,,,
Sales & Collection,1,0.0041,unmatched,,,
Sales & Business Development in Gold Loan,1,0.0041,unmatched,,,
Sales & Business Development,1,0.0041,unmatched,,,
Sales & Application,1,0.0041,unmatched,,,
Cloud and Infrastructure,1,0.0041,unmatched,,,
Sales Director,1,0.0041,unmatched,,,
Sales Development Representative,1,0.0041,unmatched,,,
Sales Development Manager,1,0.0041,unmatched,,,
Sales Cycle,1,0.0041,unmatched,,,
Sales Coordination & Scheduling,1,0.0041,unmatched,,,
Sales Bill,1,0.0041,unmatched,,,
Cmm,1,0.0041,unmatched,,,
Cmlt,1,0.0041,unmatched,,,
Cma,1,0.0041,unmatched,,,
Clutch And Breaks,1,0.0041,unmatched,,,
Cluster Sales manager,1,0.0041,unmatched,,,
Cluster Manager  Food & Beverages,1,0.0041,unmatched,,,
Cluster,1,0.0041,unmatched,,,
Club Infrastructure,1,0.0041,unmatched,,,
Clp,1,0.0041,unmatched,,,
Cloud Watch,1,0.0041,unmatched,,,
Cloud Testing,1,0.0041,unmatched,,,
Cloud Supply Chain,1,0.0041,unmatched,,,
Cloud Solutions,1,0.0041,unmatched,,,
Cloud Security Assessment,1,0.0041,unmatched,,,
Cloud SQL,1,0.0041,unmatched,,,
Cloud Presales,1,0.0041,unmatched,,,
Cloudops,1,0.0041,unmatched,,,
Cloudbees Jenkins,1,0.0041,unmatched,,,
CloudWatch,1,0.0041,unmatched,,,
CloudM,1,0.0041,unmatched,,,
Cloud-native AI architecture design,1,0.0041,unmatched,,,
Cloud-Native,1,0.0041,unmatched,,,
Cloud-Based Monitoring,1,0.0041,unmatched,,,
Cloud-Based Infrastructure,1,0.0041,unmatched,,,
Cloud platforms,1,0.0041,unmatched,,,
Sales Lead,1,0.0041,unmatched,,,
Sales HR,1,0.0041,unmatched,,,
Sales Governance,1,0.0041,unmatched,,,
Cloud Penetration Testing,1,0.0041,unmatched,,,
Cloud Networking,1,0.0041,unmatched,,,
Cloud Native Architectures,1,0.0041,unmatched,,,
Cloud Manufacturing,1,0.0041,unmatched,,,
Cloud Kitchen,1,0.0041,unmatched,,,
Cloud Integrations,1,0.0041,unmatched,,,
Cloud Integration Tools,1,0.0041,unmatched,,,
Sales Furnishing,1,0.0041,unmatched,,,
Sales Funnel Management,1,0.0041,unmatched,,,
Sales Forecasting & Reporting,1,0.0041,unmatched,,,
Sales Fo,1,0.0041,unmatched,,,
Sales Expertise,1,0.0041,unmatched,,,
Cloud Web Applications,1,0.0041,unmatched,,,
Cloud Benefits Configuration,1,0.0041,unmatched,,,
Cloud Based,1,0.0041,unmatched,,,
Cloud Architecture & Distributed Environment,1,0.0041,unmatched,,,
Closing Manager,1,0.0041,unmatched,,,
Cloud Infra,1,0.0041,unmatched,,,
Cloud Hcm,1,0.0041,unmatched,,,
Cloud HCM,1,0.0041,unmatched,,,
Cloud Functions,1,0.0041,unmatched,,,
Cloud Engineering,1,0.0041,unmatched,,,
Cloud Data Flow,1,0.0041,unmatched,,,
Cloud Data Catalog,1,0.0041,unmatched,,,
Cloud Data Architect,1,0.0041,unmatched,,,
Cloud Core Hr,1,0.0041,unmatched,,,
Sales Manager - MSME,1,0.0041,unmatched,,,
Sales Lifecycle,1,0.0041,unmatched,,,
Sales Leadership,1,0.0041,unmatched,,,
Sales Plan,1,0.0041,unmatched,,,
Sales Pitching,1,0.0041,unmatched,,,
Close Sales,1,0.0041,unmatched,,,
Close Out Visit,1,0.0041,unmatched,,,
Clinics,1,0.0041,unmatched,,,
Clinical trials,1,0.0041,unmatched,,,
Clinical Workflows,1,0.0041,unmatched,,,
Clinical Trial Manager,1,0.0041,unmatched,,,
Clinical Trial Lead,1,0.0041,unmatched,,,
Sales Performance Metrics,1,0.0041,unmatched,,,
Sales Outreach,1,0.0041,unmatched,,,
Sales Organization,1,0.0041,unmatched,,,
Sales Operations WFM,1,0.0041,unmatched,,,
Sales Operation,1,0.0041,unmatched,,,
Sales Metrics,1,0.0041,unmatched,,,
Cloud Consulting,1,0.0041,unmatched,,,
Sales Targ,1,0.0041,unmatched,,,
Sales Strategy & Revenue Generation,1,0.0041,unmatched,,,
Sales Strategy & Business Development  Marketing Campaign Planning & Execution  Market Research & Competitor Analysis  Customer  Team Leadership  Strong Communication & Networking  Willingness to travel to factory and branch locations,1,0.0041,unmatched,,,
Sales Service Cloud,1,0.0041,unmatched,,,
Clinical Trial,1,0.0041,unmatched,,,
Clinical Study Physician,1,0.0041,unmatched,,,
Clinical Safety management,1,0.0041,unmatched,,,
Clinical Research Coordinator,1,0.0041,unmatched,,,
Clinical QA,1,0.0041,unmatched,,,
Clinical Procedures,1,0.0041,unmatched,,,
Clinical Physiotherapist,1,0.0041,unmatched,,,
Clinical Pharmacology,1,0.0041,unmatched,,,
Sales Quotation,1,0.0041,unmatched,,,
Sales Quality,1,0.0041,unmatched,,,
Sales Process Management,1,0.0041,unmatched,,,
Sales Power Platform,1,0.0041,unmatched,,,
Client solutions,1,0.0041,unmatched,,,
Client retention,1,0.0041,unmatched,,,
Client records,1,0.0041,unmatched,,,
Client facing,1,0.0041,unmatched,,,
Client billing,1,0.0041,unmatched,,,
Clinical Nutrition,1,0.0041,unmatched,,,
Clinical Microbiology,1,0.0041,unmatched,,,
Clinical Management,1,0.0041,unmatched,,,
Clinical Documentation,1,0.0041,unmatched,,,
Clinical Administration,1,0.0041,unmatched,,,
Clinic Operations,1,0.0041,unmatched,,,
Clinic Management,1,0.0041,unmatched,,,
Clients Relationships,1,0.0041,unmatched,,,
Client support,1,0.0041,unmatched,,,
Sales Team Lead,1,0.0041,unmatched,,,
Sales Targets,1,0.0041,unmatched,,,
Client Lifecycle Management,1,0.0041,unmatched,,,
Client Liaison & Communication,1,0.0041,unmatched,,,
Client Interfacing,1,0.0041,unmatched,,,
Client account management,1,0.0041,unmatched,,,
Client Visits,1,0.0041,unmatched,,,
Client Solutions,1,0.0041,unmatched,,,
Client Servicing executive,1,0.0041,unmatched,,,
Client Servicing Manager,1,0.0041,unmatched,,,
Client Service Executive,1,0.0041,unmatched,,,
Client Relationship management,1,0.0041,unmatched,,,
Sales cloud,1,0.0041,unmatched,,,
Sales audit,1,0.0041,unmatched,,,
Sales analysis,1,0.0041,unmatched,,,
Sales accounting,1,0.0041,unmatched,,,
Sales Trainer,1,0.0041,unmatched,,,
Sales Team Mangement,1,0.0041,unmatched,,,
Salesforce Advanced Administrator,1,0.0041,unmatched,,,
Sales-force,1,0.0041,unmatched,,,
Sales training,1,0.0041,unmatched,,,
Client Experience Management,1,0.0041,unmatched,,,
Client Evaluation & Credit Assessment,1,0.0041,unmatched,,,
Client Engagement & Solution Selling,1,0.0041,unmatched,,,
Client Coordinator,1,0.0041,unmatched,,,
Client Communications,1,0.0041,unmatched,,,
Client Acqusition,1,0.0041,unmatched,,,
Sales officer,1,0.0041,unmatched,,,
Sales invoices,1,0.0041,unmatched,,,
Client Relation Management,1,0.0041,unmatched,,,
Client Querry Handling,1,0.0041,unmatched,,,
Client Presentation,1,0.0041,unmatched,,,
Client Negotiation,1,0.0041,unmatched,,,
Client Meetings,1,0.0041,unmatched,,,
Salesforce Core,1,0.0041,unmatched,,,
Clerical Jobs,1,0.0041,unmatched,,,
Cleo,1,0.0041,unmatched,,,
Cleartax,1,0.0041,unmatched,,,
Clearly explain diagnoses,1,0.0041,unmatched,,,
Clearing forwarding,1,0.0041,unmatched,,,
Clearing Operations,1,0.0041,unmatched,,,
Clearing And Forwarding Industry,1,0.0041,unmatched,,,
Clear verbal & written communication,1,0.0041,unmatched,,,
Clear Eye,1,0.0041,unmatched,,,
Cleanliness & Hygiene,1,0.0041,unmatched,,,
Salesforce Commerce Cloud,1,0.0041,unmatched,,,
Salesforce Commerce,1,0.0041,unmatched,,,
Salesforce Certification,1,0.0041,unmatched,,,
Salesforce Business Analysis,1,0.0041,unmatched,,,
Salesforce Application Development,1,0.0041,unmatched,,,
Same Day Surgery,1,0.0041,unmatched,,,
Samco,1,0.0041,unmatched,,,
Salon Manager,1,0.0041,unmatched,,,
Salesforce.com analyst,1,0.0041,unmatched,,,
Salesforce.com,1,0.0041,unmatched,,,
Salesforce configurations,1,0.0041,unmatched,,,
Salesforce commerce Cloud,1,0.0041,unmatched,,,
Salesforce business Analayst,1,0.0041,unmatched,,,
Salesforce Velocity,1,0.0041,unmatched,,,
Salesforce Platform Development,1,0.0041,unmatched,,,
Salesforce Order Management,1,0.0041,unmatched,,,
Salesforce Implementation,1,0.0041,unmatched,,,
Salesforce Ecosystem,1,0.0041,unmatched,,,
Salesforce Developer,1,0.0041,unmatched,,,
Salesforce Data Cloud,1,0.0041,unmatched,,,
Salesforce Core Platform,1,0.0041,unmatched,,,
Sanctions Compliance,1,0.0041,unmatched,,,
San Switch,1,0.0041,unmatched,,,
Samsung,1,0.0041,unmatched,,,
Sample Development,1,0.0041,unmatched,,,
Cleaning and Sanitization,1,0.0041,unmatched,,,
Cleaning Trainer,1,0.0041,unmatched,,,
Cleaning & Sanitation Standards,1,0.0041,unmatched,,,
Clean Room Design,1,0.0041,unmatched,,,
Clean Code,1,0.0041,unmatched,,,
Clean Architecture,1,0.0041,unmatched,,,
Clean,1,0.0041,unmatched,,,
Clay Modelling,1,0.0041,unmatched,,,
Claude,1,0.0041,unmatched,,,
Classroom Teaching,1,0.0041,unmatched,,,
Classroom Observation,1,0.0041,unmatched,,,
Saml,1,0.0041,unmatched,,,
Classical,1,0.0041,unmatched,,,
Classic-to-Lightning migration projects,1,0.0041,unmatched,,,
Class components,1,0.0041,unmatched,,,
Clash Detection,1,0.0041,unmatched,,,
Clarizen,1,0.0041,unmatched,,,
Claims and Settlement,1,0.0041,unmatched,,,
Claims Settlement,1,0.0041,unmatched,,,
Claims Manager,1,0.0041,unmatched,,,
Claims Handling,1,0.0041,unmatched,,,
Sanity Testing,1,0.0041,unmatched,,,
Sanity,1,0.0041,unmatched,,,
Sanitaryware,1,0.0041,unmatched,,,
Sanitary Ware,1,0.0041,unmatched,,,
Sandbox,1,0.0041,unmatched,,,
Sand Blasting,1,0.0041,unmatched,,,
Sand,1,0.0041,unmatched,,,
Sap Bi / Bw,1,0.0041,unmatched,,,
Sap B1,1,0.0041,unmatched,,,
Sap Architecture,1,0.0041,unmatched,,,
Claimcenter,1,0.0041,unmatched,,,
Claim submission,1,0.0041,unmatched,,,
Claim documentation,1,0.0041,unmatched,,,
Claim center configuration,1,0.0041,unmatched,,,
Claim Investigation,1,0.0041,unmatched,,,
ClAss A SurfAcing,1,0.0041,unmatched,,,
Civil and structure design,1,0.0041,unmatched,,,
Sap Apo Ppds,1,0.0041,unmatched,,,
Sap Activate Methodology,1,0.0041,unmatched,,,
Sap Abap Object Oriented,1,0.0041,unmatched,,,
Sap Abap Crm,1,0.0041,unmatched,,,
Sap Abap Cloud,1,0.0041,unmatched,,,
Sap Aba,1,0.0041,unmatched,,,
Civil Cost Estimator,1,0.0041,unmatched,,,
Civil Cases,1,0.0041,unmatched,,,
City Head,1,0.0041,unmatched,,,
Citrix Xendesktop,1,0.0041,unmatched,,,
Cit,1,0.0041,unmatched,,,
Civil airport,1,0.0041,unmatched,,,
Civil Survey,1,0.0041,unmatched,,,
Civil Site Supervision,1,0.0041,unmatched,,,
Civil Site Engineer,1,0.0041,unmatched,,,
Civil Purchase,1,0.0041,unmatched,,,
Civil Matters,1,0.0041,unmatched,,,
Civil Litigation,1,0.0041,unmatched,,,
Civil Engineering Design,1,0.0041,unmatched,,,
Civil Engineer Transmission Line,1,0.0041,unmatched,,,
Civil Engineer Construction,1,0.0041,unmatched,,,
Sap Bobj,1,0.0041,unmatched,,,
Cis,1,0.0041,unmatched,,,
Circuit designing,1,0.0041,unmatched,,,
Circuit Diagrams,1,0.0041,unmatched,,,
Cisco routers,1,0.0041,unmatched,,,
Cisco network core,1,0.0041,unmatched,,,
Cisco devices,1,0.0041,unmatched,,,
Cisco Routing & Switching,1,0.0041,unmatched,,,
Cisco Presales,1,0.0041,unmatched,,,
Cisco Nexus,1,0.0041,unmatched,,,
Cisco Networking Jobs,1,0.0041,unmatched,,,
Cisco Networking,1,0.0041,unmatched,,,
Cisco Meraki,1,0.0041,unmatched,,,
Sap Central Finance,1,0.0041,unmatched,,,
Sap C4C Service,1,0.0041,unmatched,,,
Sap Bw/Bi,1,0.0041,unmatched,,,
Civil Engineeer,1,0.0041,unmatched,,,
Sap Finance,1,0.0041,unmatched,,,
Sap Fico Consultant,1,0.0041,unmatched,,,
Sap Fi-Gl,1,0.0041,unmatched,,,
Circuit Breaker,1,0.0041,unmatched,,,
CircleCI,1,0.0041,unmatched,,,
Cinematic Editing,1,0.0041,unmatched,,,
Cigarette,1,0.0041,unmatched,,,
Cicd,1,0.0041,unmatched,,,
Sap Em,1,0.0041,unmatched,,,
Sap Controlling,1,0.0041,unmatched,,,
Sap Co,1,0.0041,unmatched,,,
Cisco ISE,1,0.0041,unmatched,,,
Cisco IPT,1,0.0041,unmatched,,,
Cisco IPCC,1,0.0041,unmatched,,,
Cisco Certified Network Professional,1,0.0041,unmatched,,,
Cisco Asa,1,0.0041,unmatched,,,
Sap Idoc,1,0.0041,unmatched,,,
Sap Hana Technical Architecture,1,0.0041,unmatched,,,
Sap Hana Cloud Integration,1,0.0041,unmatched,,,
Sap Hana Administration,1,0.0041,unmatched,,,
Sap Grc Access Control,1,0.0041,unmatched,,,
Cic,1,0.0041,unmatched,,,
Ciam,1,0.0041,unmatched,,,
Chrome,1,0.0041,unmatched,,,
Chromatography,1,0.0041,unmatched,,,
Chocolate,1,0.0041,unmatched,,,
Chlorination,1,0.0041,unmatched,,,
Chip design,1,0.0041,unmatched,,,
Chinese Language,1,0.0041,unmatched,,,
Chillers And Oil Coolers,1,0.0041,unmatched,,,
Sap Gl,1,0.0041,unmatched,,,
Sap Fm,1,0.0041,unmatched,,,
Sap Isr,1,0.0041,unmatched,,,
Chemicals Procurement,1,0.0041,unmatched,,,
Chemical industry projects,1,0.0041,unmatched,,,
Chemical Testing,1,0.0041,unmatched,,,
Chemical Research,1,0.0041,unmatched,,,
Chemical Process,1,0.0041,unmatched,,,
Chemical Plant,1,0.0041,unmatched,,,
Chiller Service,1,0.0041,unmatched,,,
Child Protection,1,0.0041,unmatched,,,
Chief of  Neonatology,1,0.0041,unmatched,,,
Chief editor,1,0.0041,unmatched,,,
Chief Operating officer,1,0.0041,unmatched,,,
Chfi,1,0.0041,unmatched,,,
Chest Tube Insertion,1,0.0041,unmatched,,,
Chemotherapy,1,0.0041,unmatched,,,
Sap Inventory Management,1,0.0041,unmatched,,,
Sap Pi Po,1,0.0041,unmatched,,,
Sap Mm Module,1,0.0041,unmatched,,,
Sap Migration,1,0.0041,unmatched,,,
Checking & Monitoring  Equipment Parameters,1,0.0041,unmatched,,,
Check list,1,0.0041,unmatched,,,
Chartered accountant,1,0.0041,unmatched,,,
Chartered Accountants,1,0.0041,unmatched,,,
Chemical Cleaning,1,0.0041,unmatched,,,
Chem-darw,1,0.0041,unmatched,,,
Chef Puppet,1,0.0041,unmatched,,,
Checking Drawing,1,0.0041,unmatched,,,
Checking And Analysis Of Banking,1,0.0041,unmatched,,,
Sap Manufacturing Integration And Intelligence,1,0.0041,unmatched,,,
Sap Le Logistics Execution,1,0.0041,unmatched,,,
Sap Knowledge,1,0.0041,unmatched,,,
Sap Isu Billing,1,0.0041,unmatched,,,
Channel Partner & Customer Relationship Management,1,0.0041,unmatched,,,
Chart of Accounts,1,0.0041,unmatched,,,
Chart Patterns,1,0.0041,unmatched,,,
Chart Of Accounts,1,0.0041,unmatched,,,
Charpy Test,1,0.0041,unmatched,,,
Charles,1,0.0041,unmatched,,,
Charging,1,0.0041,unmatched,,,
Chargeback,1,0.0041,unmatched,,,
Charge Entry,1,0.0041,unmatched,,,
Characterization,1,0.0041,unmatched,,,
Character Development,1,0.0041,unmatched,,,
Character Animation,1,0.0041,unmatched,,,
Character,1,0.0041,unmatched,,,
Channel sales strategies,1,0.0041,unmatched,,,
Sap Plm,1,0.0041,unmatched,,,
Sap Platform,1,0.0041,unmatched,,,
Sap S/4 Hana Enterprise Architect,1,0.0041,unmatched,,,
Channel Loyalty Sales,1,0.0041,unmatched,,,
Channel Finance,1,0.0041,unmatched,,,
Channel Business,1,0.0041,unmatched,,,
Change Managemnet,1,0.0041,unmatched,,,
Change Handler,1,0.0041,unmatched,,,
Change Control And Deviation,1,0.0041,unmatched,,,
Change Control,1,0.0041,unmatched,,,
Sap Qm Consultant,1,0.0041,unmatched,,,
Sap QM,1,0.0041,unmatched,,,
Sap Ps,1,0.0041,unmatched,,,
Sap Procurement,1,0.0041,unmatched,,,
Sap Ppds,1,0.0041,unmatched,,,
Sap Pp Module,1,0.0041,unmatched,,,
Channel development,1,0.0041,unmatched,,,
Channel Strategies,1,0.0041,unmatched,,,
Sap Tosca,1,0.0041,unmatched,,,
Sap Tm X,1,0.0041,unmatched,,,
Sap Successfactors Recruiting,1,0.0041,unmatched,,,
Sap Srm,1,0.0041,unmatched,,,
Sap Software,1,0.0041,unmatched,,,
Challenge,1,0.0041,unmatched,,,
Cfml,1,0.0041,unmatched,,,
Cfd,1,0.0041,unmatched,,,
Cfa Level 1,1,0.0041,unmatched,,,
Cetol,1,0.0041,unmatched,,,
Certifications,1,0.0041,unmatched,,,
Certification Sales,1,0.0041,unmatched,,,
Certification Microsoft Azure,1,0.0041,unmatched,,,
Sap Sd Implementation,1,0.0041,unmatched,,,
Sap S4Hana,1,0.0041,unmatched,,,
Sap S4 Hana,1,0.0041,unmatched,,,
Sap Vim Icc,1,0.0041,unmatched,,,
Sap Vim,1,0.0041,unmatched,,,
Sap Vendor Invoice Management,1,0.0041,unmatched,,,
Sap Vc,1,0.0041,unmatched,,,
Sap Variant Configuration,1,0.0041,unmatched,,,
Certification Author Level,1,0.0041,unmatched,,,
Certification,1,0.0041,unmatched,,,
Certificate Management,1,0.0041,unmatched,,,
Certificate Authority,1,0.0041,unmatched,,,
Ceo,1,0.0041,unmatched,,,
Centrifuge,1,0.0041,unmatched,,,
Centrifugal Pumps,1,0.0041,unmatched,,,
Centralized Underwriting,1,0.0041,unmatched,,,
Center Of Excellence,1,0.0041,unmatched,,,
Center Head,1,0.0041,unmatched,,,
Sap Tpm,1,0.0041,unmatched,,,
Cctv Configuration,1,0.0041,unmatched,,,
Ccsp,1,0.0041,unmatched,,,
Ccpa,1,0.0041,unmatched,,,
Cement Plant,1,0.0041,unmatched,,,
Cell Development,1,0.0041,unmatched,,,
Celebrity Management,1,0.0041,unmatched,,,
Celebrity,1,0.0041,unmatched,,,
Ceipal,1,0.0041,unmatched,,,
Cdsl,1,0.0041,unmatched,,,
Sas Bi Platform,1,0.0041,unmatched,,,
Sas Bi,1,0.0041,unmatched,,,
Sarfaesi Act,1,0.0041,unmatched,,,
Saql,1,0.0041,unmatched,,,
Sap Xi,1,0.0041,unmatched,,,
Sap Workflow,1,0.0041,unmatched,,,
Sap Wm,1,0.0041,unmatched,,,
Saviynt Identity Governance workflows,1,0.0041,unmatched,,,
Saviynt,1,0.0041,unmatched,,,
Cbtc,1,0.0041,unmatched,,,
Cbs,1,0.0041,unmatched,,,
Cbm,1,0.0041,unmatched,,,
Causal Modeling,1,0.0041,unmatched,,,
Catia IMA,1,0.0041,unmatched,,,
Catia Design,1,0.0041,unmatched,,,
Savings Account,1,0.0041,unmatched,,,
Saving account,1,0.0041,unmatched,,,
Saucelabs,1,0.0041,unmatched,,,
Sass Sales,1,0.0041,unmatched,,,
Sass / Less,1,0.0041,unmatched,,,
Sas Visual Analytics,1,0.0041,unmatched,,,
Sas Sql,1,0.0041,unmatched,,,
Sas Graph,1,0.0041,unmatched,,,
Scda Programming,1,0.0041,unmatched,,,
Sccm Infrastructure,1,0.0041,unmatched,,,
Scanning,1,0.0041,unmatched,,,
Catia Caa,1,0.0041,unmatched,,,
Catering Sales Manager,1,0.0041,unmatched,,,
Category management,1,0.0041,unmatched,,,
Category Sourcing,1,0.0041,unmatched,,,
Category Marketing,1,0.0041,unmatched,,,
Categary,1,0.0041,unmatched,,,
Catchpoint,1,0.0041,unmatched,,,
Cataract Surgeon,1,0.0041,unmatched,,,
Catalyst,1,0.0041,unmatched,,,
Scaled Agile Framework,1,0.0041,unmatched,,,
Scada Ignition,1,0.0041,unmatched,,,
Sbu,1,0.0041,unmatched,,,
Sbc,1,0.0041,unmatched,,,
Scheme,1,0.0041,unmatched,,,
Cat Tools,1,0.0041,unmatched,,,
Casting Inspection,1,0.0041,unmatched,,,
Casting Design,1,0.0041,unmatched,,,
Casting Components,1,0.0041,unmatched,,,
Cast Billets,1,0.0041,unmatched,,,
Cassandra Database Administration,1,0.0041,unmatched,,,
Cassandra Administration,1,0.0041,unmatched,,,
Cashless Claims,1,0.0041,unmatched,,,
Cashless,1,0.0041,unmatched,,,
Cashier activities,1,0.0041,unmatched,,,
Scheduling Tools,1,0.0041,unmatched,,,
Scheduling Appointments,1,0.0041,unmatched,,,
Scheduling & Shift Management,1,0.0041,unmatched,,,
Schedule Meetings,1,0.0041,unmatched,,,
Schedule E,1,0.0041,unmatched,,,
School funding,1,0.0041,unmatched,,,
School finance,1,0.0041,unmatched,,,
School Vice Principal,1,0.0041,unmatched,,,
Cashier,1,0.0041,unmatched,,,
Cash management services,1,0.0041,unmatched,,,
Cash flow statement,1,0.0041,unmatched,,,
Cash applications,1,0.0041,unmatched,,,
Cash Transaction,1,0.0041,unmatched,,,
School Teacher,1,0.0041,unmatched,,,
School Principal,1,0.0041,unmatched,,,
School Loan,1,0.0041,unmatched,,,
School Funding,1,0.0041,unmatched,,,
School ERP,1,0.0041,unmatched,,,
School Accountant,1,0.0041,unmatched,,,
Schneider Plc,1,0.0041,unmatched,,,
Scheme Validation,1,0.0041,unmatched,,,
Scisoor lift,1,0.0041,unmatched,,,
Cash Flow Monitoring,1,0.0041,unmatched,,,
Cash Book,1,0.0041,unmatched,,,
Cash Apps,1,0.0041,unmatched,,,
Cash Application,1,0.0041,unmatched,,,
Cash Allocation,1,0.0041,unmatched,,,
Case Packers,1,0.0041,unmatched,,,
Case Management,1,0.0041,unmatched,,,
Case Handling & Documentation,1,0.0041,unmatched,,,
Scipy,1,0.0041,unmatched,,,
Scientist II,1,0.0041,unmatched,,,
Scientist,1,0.0041,unmatched,,,
Scientific Support,1,0.0041,unmatched,,,
Scientific Acumen,1,0.0041,unmatched,,,
Science teaching,1,0.0041,unmatched,,,
School loan,1,0.0041,unmatched,,,
Screw Feeder,1,0.0041,unmatched,,,
Screw,1,0.0041,unmatched,,,
Casandra,1,0.0041,unmatched,,,
Cartoning Machines,1,0.0041,unmatched,,,
Cartoning Machine,1,0.0041,unmatched,,,
Carsim,1,0.0041,unmatched,,,
Carpet,1,0.0041,unmatched,,,
Carpentry,1,0.0041,unmatched,,,
Cargo Sales,1,0.0041,unmatched,,,
Cargo Business Development,1,0.0041,unmatched,,,
Screener,1,0.0041,unmatched,,,
Screen Flow,1,0.0041,unmatched,,,
Screen Design,1,0.0041,unmatched,,,
Scorecard,1,0.0041,unmatched,,,
Scope management,1,0.0041,unmatched,,,
Scobol,1,0.0041,unmatched,,,
Scrum methodologies,1,0.0041,unmatched,,,
Scrum Methodology,1,0.0041,unmatched,,,
Scrum Methodolgies,1,0.0041,unmatched,,,
Scrum Master,1,0.0041,unmatched,,,
Caregiver,1,0.0041,unmatched,,,
Careerbuilder,1,0.0041,unmatched,,,
Career counsellor,1,0.0041,unmatched,,,
Career Site Builder,1,0.0041,unmatched,,,
Career Planning,1,0.0041,unmatched,,,
Career Counsellor,1,0.0041,unmatched,,,
Scrum Development,1,0.0041,unmatched,,,
Scrub Nurse,1,0.0041,unmatched,,,
Scripts,1,0.0041,unmatched,,,
Script writing,1,0.0041,unmatched,,,
Script Formatting,1,0.0041,unmatched,,,
Script Creative,1,0.0041,unmatched,,,
Cara,1,0.0041,unmatched,,,
Car Rentals,1,0.0041,unmatched,,,
Seamless,1,0.0041,unmatched,,,
Seal Oil,1,0.0041,unmatched,,,
Sea Import,1,0.0041,unmatched,,,
Sea Cargo BD,1,0.0041,unmatched,,,
Sea,1,0.0041,unmatched,,,
Sds,1,0.0041,unmatched,,,
Sdms,1,0.0041,unmatched,,,
Sdlc Process,1,0.0041,unmatched,,,
Sdks,1,0.0041,unmatched,,,
Sdk Java,1,0.0041,unmatched,,,
Sdk,1,0.0041,unmatched,,,
Scvmm,1,0.0041,unmatched,,,
Scv,1,0.0041,unmatched,,,
Sculpture,1,0.0041,unmatched,,,
Seceon,1,0.0041,unmatched,,,
Sebi Compliance,1,0.0041,unmatched,,,
Seating System,1,0.0041,unmatched,,,
Search engine optimization,1,0.0041,unmatched,,,
Search engine marketing,1,0.0041,unmatched,,,
Search Engines,1,0.0041,unmatched,,,
Search Engine Marketing,1,0.0041,unmatched,,,
Cardio & Diabetic,1,0.0041,unmatched,,,
Cardio,1,0.0041,unmatched,,,
Cardiac Surgery,1,0.0041,unmatched,,,
Card Testing,1,0.0041,unmatched,,,
Card Operations,1,0.0041,unmatched,,,
Carburizing component inspection,1,0.0041,unmatched,,,
Carbonation Process,1,0.0041,unmatched,,,
Carbon Black,1,0.0041,unmatched,,,
Carbohydrates,1,0.0041,unmatched,,,
Capm,1,0.0041,unmatched,,,
Capital goods,1,0.0041,unmatched,,,
Capital Xc,1,0.0041,unmatched,,,
Capital Purchase,1,0.0041,unmatched,,,
Capital Marketing,1,0.0041,unmatched,,,
Capital Market Recruitment,1,0.0041,unmatched,,,
Capital Market Funding,1,0.0041,unmatched,,,
Car Rental Reservation,1,0.0041,unmatched,,,
Car Rental Manager,1,0.0041,unmatched,,,
Car Rental,1,0.0041,unmatched,,,
Car Parts & Repairs Knowledge,1,0.0041,unmatched,,,
Car Loan Sales,1,0.0041,unmatched,,,
Car,1,0.0041,unmatched,,,
Capture cinematic visuals,1,0.0041,unmatched,,,
Captive Insurance,1,0.0041,unmatched,,,
Second Home,1,0.0041,unmatched,,,
Secured Loans,1,0.0041,unmatched,,,
Secured Lending,1,0.0041,unmatched,,,
Secure Web Gateway,1,0.0041,unmatched,,,
Secure Connectivity in Azure,1,0.0041,unmatched,,,
Secure Coding Practices,1,0.0041,unmatched,,,
Secure Coding,1,0.0041,unmatched,,,
Secure Code Review Analyst,1,0.0041,unmatched,,,
Secure Code Review,1,0.0041,unmatched,,,
Secrets Manager,1,0.0041,unmatched,,,
Secondary research,1,0.0041,unmatched,,,
Secondary compensation,1,0.0041,unmatched,,,
Secondary English,1,0.0041,unmatched,,,
Captions,1,0.0041,unmatched,,,
Capsule Filling,1,0.0041,unmatched,,,
Caps,1,0.0041,unmatched,,,
Capping,1,0.0041,unmatched,,,
Securitization,1,0.0041,unmatched,,,
Capcut,1,0.0041,unmatched,,,
Capacity planning,1,0.0041,unmatched,,,
Capacity,1,0.0041,unmatched,,,
Capital Market Execution,1,0.0041,unmatched,,,
Capital Machinery,1,0.0041,unmatched,,,
Capital Iq,1,0.0041,unmatched,,,
Capital IQ,1,0.0041,unmatched,,,
Capital Goods Sales,1,0.0041,unmatched,,,
Capital Goods Industry,1,0.0041,unmatched,,,
Capital Equipment Procurement,1,0.0041,unmatched,,,
Capital Calls,1,0.0041,unmatched,,,
Capex planning,1,0.0041,unmatched,,,
Capex Planning,1,0.0041,unmatched,,,
Capex And Opex,1,0.0041,unmatched,,,
Securities Market,1,0.0041,unmatched,,,
Security Hardening,1,0.0041,unmatched,,,
Security Guidelines At Large Banks For On-Premise Setups,1,0.0041,unmatched,,,
Security Fundamentals,1,0.0041,unmatched,,,
Canopen,1,0.0041,unmatched,,,
Candlestick Analysis,1,0.0041,unmatched,,,
Candidate Status Set and Recruiting Settings,1,0.0041,unmatched,,,
Candidate Lifecycle Management,1,0.0041,unmatched,,,
CandidShutters Feed,1,0.0041,unmatched,,,
CandidShutters Comments Feed,1,0.0041,unmatched,,,
Cancellation,1,0.0041,unmatched,,,
Canada Payroll,1,0.0041,unmatched,,,
Canada Accounting,1,0.0041,unmatched,,,
Security Awareness Training,1,0.0041,unmatched,,,
Security Assessments,1,0.0041,unmatched,,,
Security Architecture,1,0.0041,unmatched,,,
Security Agent,1,0.0041,unmatched,,,
Security alerts,1,0.0041,unmatched,,,
Security Systems,1,0.0041,unmatched,,,
Security System design,1,0.0041,unmatched,,,
Security Solutions,1,0.0041,unmatched,,,
Security Software,1,0.0041,unmatched,,,
Can,1,0.0041,unmatched,,,
Camunda8,1,0.0041,unmatched,,,
Camunda,1,0.0041,unmatched,,,
Camstar Mes,1,0.0041,unmatched,,,
Camstar,1,0.0041,unmatched,,,
Campus Maintenance,1,0.0041,unmatched,,,
Campus Interviews,1,0.0041,unmatched,,,
Security Sales,1,0.0041,unmatched,,,
Security Policy,1,0.0041,unmatched,,,
Security Officer,1,0.0041,unmatched,,,
Security Information And Event Management,1,0.0041,unmatched,,,
Cameo,1,0.0041,unmatched,,,
Callidus,1,0.0041,unmatched,,,
Callibration of Pipettes,1,0.0041,unmatched,,,
Caller,1,0.0041,unmatched,,,
Call center management,1,0.0041,unmatched,,,
Call center,1,0.0041,unmatched,,,
Campaign Performance,1,0.0041,unmatched,,,
Campaign Coordination,1,0.0041,unmatched,,,
Campaign Conceptualization,1,0.0041,unmatched,,,
Camera Operation,1,0.0041,unmatched,,,
Camera Handling,1,0.0041,unmatched,,,
Camera Based Vision System,1,0.0041,unmatched,,,
Security patching,1,0.0041,unmatched,,,
Security monitoring,1,0.0041,unmatched,,,
Security deposit recovery,1,0.0041,unmatched,,,
Security analysis,1,0.0041,unmatched,,,
Selenium RC,1,0.0041,unmatched,,,
Selenium Java Jobs Chennai,1,0.0041,unmatched,,,
Selenium Java API Testing,1,0.0041,unmatched,,,
Selenium C#,1,0.0041,unmatched,,,
Selenium Automation Tester,1,0.0041,unmatched,,,
Call Centre,1,0.0041,unmatched,,,
Call Center Hiring,1,0.0041,unmatched,,,
Call Center Agent,1,0.0041,unmatched,,,
Calibration Of Instruments,1,0.0041,unmatched,,,
Caliberation records,1,0.0041,unmatched,,,
Selenium Automation Jobs Pune,1,0.0041,unmatched,,,
Selection and sizing of unit operations,1,0.0041,unmatched,,,
Seismic Design,1,0.0041,unmatched,,,
Segregation of Duties SAP,1,0.0041,unmatched,,,
Segmentation,1,0.0041,unmatched,,,
Sedation and Analgesia Management,1,0.0041,unmatched,,,
Sell Side,1,0.0041,unmatched,,,
Selinux,1,0.0041,unmatched,,,
Self Learning,1,0.0041,unmatched,,,
Calendar,1,0.0041,unmatched,,,
Calculation Views,1,0.0041,unmatched,,,
Calculated Fields,1,0.0041,unmatched,,,
Calcite,1,0.0041,unmatched,,,
Cake Designer,1,0.0041,unmatched,,,
Cake Decoration,1,0.0041,unmatched,,,
Cafeteria,1,0.0041,unmatched,,,
Cafe Manager,1,0.0041,unmatched,,,
Selenium WebDriver Tester,1,0.0041,unmatched,,,
Selenium WebDriver Python,1,0.0041,unmatched,,,
Selenium WebDriver Jobs,1,0.0041,unmatched,,,
Selenium WebDriver Automation Careers,1,0.0041,unmatched,,,
Selenium WebDriver Automation,1,0.0041,unmatched,,,
Senior .NET Full Stack Developer,1,0.0041,unmatched,,,
Semiconductor Marketing,1,0.0041,unmatched,,,
Semiconductor Industry,1,0.0041,unmatched,,,
Cafe Maintenance,1,0.0041,unmatched,,,
Cafe Coffe Day,1,0.0041,unmatched,,,
Caesar II,1,0.0041,unmatched,,,
Caesar,1,0.0041,unmatched,,,
Cae Analysis,1,0.0041,unmatched,,,
Cadet Activities,1,0.0041,unmatched,,,
Cad Sales,1,0.0041,unmatched,,,
Semi qualified CA,1,0.0041,unmatched,,,
Semantic modeling,1,0.0041,unmatched,,,
Semantic Web,1,0.0041,unmatched,,,
Semantic Models And Ontologies,1,0.0041,unmatched,,,
Sem / Seo,1,0.0041,unmatched,,,
Selling Techniques,1,0.0041,unmatched,,,
Senior Lead,1,0.0041,unmatched,,,
Senior HR Executive,1,0.0041,unmatched,,,
Senior HR Associate,1,0.0041,unmatched,,,
Senior Executive Operations,1,0.0041,unmatched,,,
Senior Engineer Application Development,1,0.0041,unmatched,,,
Senior Education Counsellor,1,0.0041,unmatched,,,
Senior Design  Manager,1,0.0041,unmatched,,,
Senior Data Scientist,1,0.0041,unmatched,,,
Senior Coordinator,1,0.0041,unmatched,,,
Senior Associate Level 1,1,0.0041,unmatched,,,
Senior Architect,1,0.0041,unmatched,,,
Senior Analyst Compliance,1,0.0041,unmatched,,,
Senior Accounts Executive,1,0.0041,unmatched,,,
Senior Accounts Associate,1,0.0041,unmatched,,,
Senior Accountant,1,0.0041,unmatched,,,
Senior Account Director,1,0.0041,unmatched,,,
Senior Software Engineer,1,0.0041,unmatched,,,
Senior Software Developer,1,0.0041,unmatched,,,
Senior Soc Analyst,1,0.0041,unmatched,,,
Senior SAP SD Functional Consultant,1,0.0041,unmatched,,,
Senior Research Associate,1,0.0041,unmatched,,,
Senior Quality Analyst,1,0.0041,unmatched,,,
Senior QA,1,0.0041,unmatched,,,
Senior Production Officer,1,0.0041,unmatched,,,
Senior Portfolio Management Officer,1,0.0041,unmatched,,,
Senior Ophthalmologist,1,0.0041,unmatched,,,
Senior Medical Coder,1,0.0041,unmatched,,,
Senior Marketing Executive,1,0.0041,unmatched,,,
Senior Manager Commercial,1,0.0041,unmatched,,,
Senior Manager,1,0.0041,unmatched,,,
Senior Management,1,0.0041,unmatched,,,
Senior Level Hiring,1,0.0041,unmatched,,,
Senior stakeholder management,1,0.0041,unmatched,,,
Senior secondary teacher,1,0.0041,unmatched,,,
Senior resident,1,0.0041,unmatched,,,
Senior iOS Developer,1,0.0041,unmatched,,,
Senior branch manager,1,0.0041,unmatched,,,
Senior Vice President,1,0.0041,unmatched,,,
Senior Tax Analyst,1,0.0041,unmatched,,,
Cable sizing,1,0.0041,unmatched,,,
Cable schedule,1,0.0041,unmatched,,,
Cable laying,1,0.0041,unmatched,,,
Cable Trenches,1,0.0041,unmatched,,,
Cable Tray & Routing Layouts,1,0.0041,unmatched,,,
Cable Testing,1,0.0041,unmatched,,,
Cable Harness,1,0.0041,unmatched,,,
Cable Glands,1,0.0041,unmatched,,,
Senior System Administrator,1,0.0041,unmatched,,,
Separator Development,1,0.0041,unmatched,,,
Separation,1,0.0041,unmatched,,,
Cab,1,0.0041,unmatched,,,
Caa,1,0.0041,unmatched,,,
CXone Migration,1,0.0041,unmatched,,,
CXONE,1,0.0041,unmatched,,,
CX Service,1,0.0041,unmatched,,,
CVXPY,1,0.0041,unmatched,,,
CVP,1,0.0041,unmatched,,,
CVI,1,0.0041,unmatched,,,
CV,1,0.0041,unmatched,,,
CUSTOMER DEVELOPMENT,1,0.0041,unmatched,,,
CUSTOMER COMPLAINTS,1,0.0041,unmatched,,,
Seo Content,1,0.0041,unmatched,,,
Sensory Evaluation,1,0.0041,unmatched,,,
Sensor Integration,1,0.0041,unmatched,,,
CTS,1,0.0041,unmatched,,,
CTQ,1,0.0041,unmatched,,,
CTO,1,0.0041,unmatched,,,
CTE,1,0.0041,unmatched,,,
CTCM,1,0.0041,unmatched,,,
CTB,1,0.0041,unmatched,,,
CT fans,1,0.0041,unmatched,,,
CT Scan,1,0.0041,unmatched,,,
CSWIP,1,0.0041,unmatched,,,
CSW,1,0.0041,unmatched,,,
Server Side Development,1,0.0041,unmatched,,,
Server Monitoring,1,0.0041,unmatched,,,
Server Hardware,1,0.0041,unmatched,,,
Server Configuration,1,0.0041,unmatched,,,
Server Automation,1,0.0041,unmatched,,,
Sequelize,1,0.0041,unmatched,,,
CSV,1,0.0041,unmatched,,,
CSSD instruments,1,0.0041,unmatched,,,
CSSD TECHNICIAN CERTIFICATION,1,0.0041,unmatched,,,
CSS and Bootstrap,1,0.0041,unmatched,,,
CSR advisory,1,0.0041,unmatched,,,
CSR Placement Lead,1,0.0041,unmatched,,,
CSR Governance,1,0.0041,unmatched,,,
CSR Audits,1,0.0041,unmatched,,,
CSDM,1,0.0041,unmatched,,,
CSCP,1,0.0041,unmatched,,,
Service Assurance,1,0.0041,unmatched,,,
Service Associate,1,0.0041,unmatched,,,
Serverless,1,0.0041,unmatched,,,
Server optimization,1,0.0041,unmatched,,,
Server Side Programming,1,0.0041,unmatched,,,
CUDA,1,0.0041,unmatched,,,
Service Order Manager,1,0.0041,unmatched,,,
Service Now,1,0.0041,unmatched,,,
Service Marketing,1,0.0041,unmatched,,,
Service Management Processes,1,0.0041,unmatched,,,
Service Maintenance,1,0.0041,unmatched,,,
CSAT Report,1,0.0041,unmatched,,,
CRS,1,0.0041,unmatched,,,
CRM software proficiency,1,0.0041,unmatched,,,
CRM campaigns,1,0.0041,unmatched,,,
Service Excellence,1,0.0041,unmatched,,,
Service Documentation,1,0.0041,unmatched,,,
Service Development,1,0.0041,unmatched,,,
Service Desk tool,1,0.0041,unmatched,,,
Service Desk Manager,1,0.0041,unmatched,,,
Service Desk Analyst,1,0.0041,unmatched,,,
Service Design,1,0.0041,unmatched,,,
Service Supervisor,1,0.0041,unmatched,,,
Service Strategy,1,0.0041,unmatched,,,
CRM Systems,1,0.0041,unmatched,,,
CRM Software,1,0.0041,unmatched,,,
CRM Sales Coordinator,1,0.0041,unmatched,,,
CRM Marketing,1,0.0041,unmatched,,,
CRM Handling,1,0.0041,unmatched,,,
CRM FUNCTIONAL,1,0.0041,unmatched,,,
CRM Executive,1,0.0041,unmatched,,,
CRM Development,1,0.0041,unmatched,,,
CRM & MS Office Proficiency,1,0.0041,unmatched,,,
CRISC,1,0.0041,unmatched,,,
CRF Handling,1,0.0041,unmatched,,,
Service Request Management,1,0.0041,unmatched,,,
Service Portal,1,0.0041,unmatched,,,
Service Planning,1,0.0041,unmatched,,,
Service-now,1,0.0041,unmatched,,,
Service now Developer,1,0.0041,unmatched,,,
Service now,1,0.0041,unmatched,,,
CREATE PRINT MATERIAL,1,0.0041,unmatched,,,
CRA,1,0.0041,unmatched,,,
CQI-9,1,0.0041,unmatched,,,
CQA,1,0.0041,unmatched,,,
CPS,1,0.0041,unmatched,,,
CPR,1,0.0041,unmatched,,,
CPQ,1,0.0041,unmatched,,,
CPL,1,0.0041,unmatched,,,
CPK study,1,0.0041,unmatched,,,
CPCB,1,0.0041,unmatched,,,
Service engineer,1,0.0041,unmatched,,,
Service desk management,1,0.0041,unmatched,,,
Service Support Engineer,1,0.0041,unmatched,,,
ServiceNow H,1,0.0041,unmatched,,,
ServiceNow FSM,1,0.0041,unmatched,,,
CP sanitaryware,1,0.0041,unmatched,,,
CP documentation,1,0.0041,unmatched,,,
COSO,1,0.0041,unmatched,,,
COREP,1,0.0041,unmatched,,,
CORE OFSC functionalities,1,0.0041,unmatched,,,
COO,1,0.0041,unmatched,,,
CONDUENT,1,0.0041,unmatched,,,
CONCUR,1,0.0041,unmatched,,,
COM,1,0.0041,unmatched,,,
ServiceNow Certified Application Developer,1,0.0041,unmatched,,,
ServiceNow CMDB,1,0.0041,unmatched,,,
ServiceNow Architect - ITOM & ITAM,1,0.0041,unmatched,,,
ServiceNow Architect,1,0.0041,unmatched,,,
ServiceCloud,1,0.0041,unmatched,,,
Services,1,0.0041,unmatched,,,
Servicenow portal and integration,1,0.0041,unmatched,,,
Servicenow Platform,1,0.0041,unmatched,,,
Servicenow It Service Management,1,0.0041,unmatched,,,
Servicenow Integration,1,0.0041,unmatched,,,
Servicenow IT Products,1,0.0041,unmatched,,,
ServiceNow modules,1,0.0041,unmatched,,,
ServiceNow development,1,0.0041,unmatched,,,
ServiceNow applications development,1,0.0041,unmatched,,,
ServiceNow SAM,1,0.0041,unmatched,,,
ServiceNow Platform,1,0.0041,unmatched,,,
ServiceNow Lead,1,0.0041,unmatched,,,
ServiceNow ITSM Developer,1,0.0041,unmatched,,,
ServiceNow HRSD,1,0.0041,unmatched,,,
ServiceNow HAM/SAM Developer,1,0.0041,unmatched,,,
ServiceNow HAM,1,0.0041,unmatched,,,
Ses,1,0.0041,unmatched,,,
Servo Drives,1,0.0041,unmatched,,,
Servlet,1,0.0041,unmatched,,,
Serving Tea/Coffee,1,0.0041,unmatched,,,
COBOL Programmer Pune,1,0.0041,unmatched,,,
COBOL Developer Pune,1,0.0041,unmatched,,,
CO ORDINATION,1,0.0041,unmatched,,,
CO,1,0.0041,unmatched,,,
CNC/VMC Knowledge,1,0.0041,unmatched,,,
CNC machines,1,0.0041,unmatched,,,
CNC Supervisor,1,0.0041,unmatched,,,
CNC Operator,1,0.0041,unmatched,,,
CNC Operation,1,0.0041,unmatched,,,
CNC Machining,1,0.0041,unmatched,,,
Serving Customers,1,0.0041,unmatched,,,
Services Marketing,1,0.0041,unmatched,,,
Sf Ec,1,0.0041,unmatched,,,
Sewerage,1,0.0041,unmatched,,,
Sewage,1,0.0041,unmatched,,,
Seu,1,0.0041,unmatched,,,
Settlement Operations,1,0.0041,unmatched,,,
CNC Hyundai,1,0.0041,unmatched,,,
CNC Grinding,1,0.0041,unmatched,,,
CNC / VMC Supervisor,1,0.0041,unmatched,,,
CMT,1,0.0041,unmatched,,,
CMS 1500,1,0.0041,unmatched,,,
CMMS,1,0.0041,unmatched,,,
CMM Engineer,1,0.0041,unmatched,,,
Settlement Management,1,0.0041,unmatched,,,
Set Timelines,1,0.0041,unmatched,,,
Set Design,1,0.0041,unmatched,,,
Set Analysis,1,0.0041,unmatched,,,
CI/CD Selenium Automation,1,0.0041,unmatched,,,
Sharepoint online,1,0.0041,unmatched,,,
Sharepoint development,1,0.0041,unmatched,,,
Sharepoint Framework,1,0.0041,unmatched,,,
SharePoint deployment,1,0.0041,unmatched,,,
CMDB data integrity,1,0.0041,unmatched,,,
CLS,1,0.0041,unmatched,,,
CLLE,1,0.0041,unmatched,,,
CLINICAL PROJECT MANGER,1,0.0041,unmatched,,,
CLI,1,0.0041,unmatched,,,
CLAIMCENTER INTEGRATION,1,0.0041,unmatched,,,
CLAIMCENTER,1,0.0041,unmatched,,,
CLAIM CENTER INTEGRATION,1,0.0041,unmatched,,,
Sfe,1,0.0041,unmatched,,,
Sfdc Development,1,0.0041,unmatched,,,
Sfb,1,0.0041,unmatched,,,
Sheet Metal Stamping,1,0.0041,unmatched,,,
Sheet Metal Punching,1,0.0041,unmatched,,,
Sheet Metal Programming,1,0.0041,unmatched,,,
Sheet Metal Fabrication Equipment Servicing,1,0.0041,unmatched,,,
Sheet Metal Fabrication,1,0.0041,unmatched,,,
She,1,0.0041,unmatched,,,
Sharing,1,0.0041,unmatched,,,
CISS,1,0.0041,unmatched,,,
CISCO SECURITY,1,0.0041,unmatched,,,
CISCO,1,0.0041,unmatched,,,
CIS Controls,1,0.0041,unmatched,,,
CIBIL reporting,1,0.0041,unmatched,,,
CI/CD workflow,1,0.0041,unmatched,,,
CI/CD technologies,1,0.0041,unmatched,,,
CI/CD pipelines,1,0.0041,unmatched,,,
CI/CD implementation,1,0.0041,unmatched,,,
Shell,1,0.0041,unmatched,,,
Sheetmetal And Fabrication,1,0.0041,unmatched,,,
Sheet metal parts,1,0.0041,unmatched,,,
CI/CD Pipeline,1,0.0041,unmatched,,,
CI/CD Automation Testing,1,0.0041,unmatched,,,
CI/CD Automation Jobs,1,0.0041,unmatched,,,
CI Cd Pipeline,1,0.0041,unmatched,,,
CI,1,0.0041,unmatched,,,
CHS,1,0.0041,unmatched,,,
CHINA,1,0.0041,unmatched,,,
CHENNAI,1,0.0041,unmatched,,,
CHA coordination,1,0.0041,unmatched,,,
CGMP,1,0.0041,unmatched,,,
CGHS,1,0.0041,unmatched,,,
CFX,1,0.0041,unmatched,,,
Sheet metal design,1,0.0041,unmatched,,,
Shipment Planning,1,0.0041,unmatched,,,
Shipment Booking & Documentation,1,0.0041,unmatched,,,
CFS Operations,1,0.0041,unmatched,,,
CFS Operation,1,0.0041,unmatched,,,
CFM,1,0.0041,unmatched,,,
CFIN,1,0.0041,unmatched,,,
CFD Analysis,1,0.0041,unmatched,,,
CFA,1,0.0041,unmatched,,,
CETP,1,0.0041,unmatched,,,
CERT,1,0.0041,unmatched,,,
Shift supervisor,1,0.0041,unmatched,,,
Shift handling,1,0.0041,unmatched,,,
Shift Supervisor,1,0.0041,unmatched,,,
Shift Incharge,1,0.0041,unmatched,,,
Shift Electrical,1,0.0041,unmatched,,,
Shell Plan,1,0.0041,unmatched,,,
CDC,1,0.0041,unmatched,,,
CCU,1,0.0041,unmatched,,,
Shorthand,1,0.0041,unmatched,,,
Shortfall Analysis And Catch Up Schedules,1,0.0041,unmatched,,,
Short Form Content,1,0.0041,unmatched,,,
Shopping Mall,1,0.0041,unmatched,,,
Shopper Marketing,1,0.0041,unmatched,,,
Shopify Liquid,1,0.0041,unmatched,,,
Shopify Development,1,0.0041,unmatched,,,
Shopify CLI,1,0.0041,unmatched,,,
Shop Floor Teams,1,0.0041,unmatched,,,
Shop Establishment,1,0.0041,unmatched,,,
Shop,1,0.0041,unmatched,,,
Shock Absorber,1,0.0041,unmatched,,,
Shirinkage,1,0.0041,unmatched,,,
Shipping Sales,1,0.0041,unmatched,,,
CCSP,1,0.0041,unmatched,,,
CCSK,1,0.0041,unmatched,,,
CCNP/JNCIP,1,0.0041,unmatched,,,
CCNP Routing,1,0.0041,unmatched,,,
CCAAS,1,0.0041,unmatched,,,
CAinter,1,0.0041,unmatched,,,
CASB,1,0.0041,unmatched,,,
CEA,1,0.0041,unmatched,,,
CE-Ready script,1,0.0041,unmatched,,,
CE Portal,1,0.0041,unmatched,,,
CDSL,1,0.0041,unmatched,,,
CDL,1,0.0041,unmatched,,,
CDISC,1,0.0041,unmatched,,,
CDH,1,0.0041,unmatched,,,
CDE,1,0.0041,unmatched,,,
CDCPR,1,0.0041,unmatched,,,
CAKES & CONFECTIONERY,1,0.0041,unmatched,,,
Siemens Nx,1,0.0041,unmatched,,,
Siemens NX,1,0.0041,unmatched,,,
Siemens Drives,1,0.0041,unmatched,,,
Siebel Tools,1,0.0041,unmatched,,,
Siebel Open Ui,1,0.0041,unmatched,,,
Siebel Eai,1,0.0041,unmatched,,,
Siebel EIM,1,0.0041,unmatched,,,
Siebel EAI,1,0.0041,unmatched,,,
Siebel Development,1,0.0041,unmatched,,,
Showroom sales,1,0.0041,unmatched,,,
Showroom Layout,1,0.0041,unmatched,,,
Showroom Cleaning,1,0.0041,unmatched,,,
Should be able to make 3D rendering A+ videos,1,0.0041,unmatched,,,
Should Have A Good & Friendly Personality,1,0.0041,unmatched,,,
Shot Blasting,1,0.0041,unmatched,,,
Silent Engine,1,0.0041,unmatched,,,
Sil,1,0.0041,unmatched,,,
Signal Integrity,1,0.0041,unmatched,,,
Signal Detection,1,0.0041,unmatched,,,
Signage Operations,1,0.0041,unmatched,,,
Signage Installation,1,0.0041,unmatched,,,
Signage Drawings,1,0.0041,unmatched,,,
CAR 66,1,0.0041,unmatched,,,
CAR,1,0.0041,unmatched,,,
CAQH,1,0.0041,unmatched,,,
CAPL,1,0.0041,unmatched,,,
CAPITA,1,0.0041,unmatched,,,
CAPGEMINI,1,0.0041,unmatched,,,
CANTEEN PROVIDED,1,0.0041,unmatched,,,
CAN,1,0.0041,unmatched,,,
CALIBRATION,1,0.0041,unmatched,,,
Singapore,1,0.0041,unmatched,,,
Simulation Software,1,0.0041,unmatched,,,
Similar,1,0.0041,unmatched,,,
Simens,1,0.0041,unmatched,,,
Silver,1,0.0041,unmatched,,,
CAIIB,1,0.0041,unmatched,,,
CAI,1,0.0041,unmatched,,,
CAE tools,1,0.0041,unmatched,,,
CADS RC,1,0.0041,unmatched,,,
CAD tools,1,0.0041,unmatched,,,
CAD Modelling,1,0.0041,unmatched,,,
CAD Drafting,1,0.0041,unmatched,,,
CAD Design,1,0.0041,unmatched,,,
CAD Customization,1,0.0041,unmatched,,,
CAD CAE,1,0.0041,unmatched,,,
CA TDM,1,0.0041,unmatched,,,
Site Acquisition,1,0.0041,unmatched,,,
Site Accounts,1,0.0041,unmatched,,,
Sisense,1,0.0041,unmatched,,,
Sipoc,1,0.0041,unmatched,,,
CA Inter,1,0.0041,unmatched,,,
CA Freshers only,1,0.0041,unmatched,,,
C/C++,1,0.0041,unmatched,,,
C++Python,1,0.0041,unmatched,,,
C++11,1,0.0041,unmatched,,,
C++/Java,1,0.0041,unmatched,,,
C++ QT,1,0.0041,unmatched,,,
C++ Developer,1,0.0041,unmatched,,,
C++ 11.0,1,0.0041,unmatched,,,
Sip Trunking,1,0.0041,unmatched,,,
Sip Protocol,1,0.0041,unmatched,,,
Sinhagad Road Pune,1,0.0041,unmatched,,,
Site Operation,1,0.0041,unmatched,,,
Site Lead,1,0.0041,unmatched,,,
C&B,1,0.0041,unmatched,,,
C#.Net,1,0.0041,unmatched,,,
C# selenium,1,0.0041,unmatched,,,
C# Selenium Jobs Pune,1,0.0041,unmatched,,,
C# .NET,1,0.0041,unmatched,,,
C Sharp,1,0.0041,unmatched,,,
C Plus Plus,1,0.0041,unmatched,,,
C Insurance,1,0.0041,unmatched,,,
C Coding,1,0.0041,unmatched,,,
C & I,1,0.0041,unmatched,,,
C #,1,0.0041,unmatched,,,
Site Inspections,1,0.0041,unmatched,,,
Site Initiation,1,0.0041,unmatched,,,
Site Administration,1,0.0041,unmatched,,,
Business process analysis,1,0.0041,unmatched,,,
Business partnering,1,0.0041,unmatched,,,
Business partner,1,0.0041,unmatched,,,
Buying And Merchandising,1,0.0041,unmatched,,,
Buyer Identification,1,0.0041,unmatched,,,
Buyer Activities,1,0.0041,unmatched,,,
Buyer,1,0.0041,unmatched,,,
Butterfly Valve,1,0.0041,unmatched,,,
Butterfly,1,0.0041,unmatched,,,
Butler,1,0.0041,unmatched,,,
Busway,1,0.0041,unmatched,,,
Business writing,1,0.0041,unmatched,,,
Business valuation,1,0.0041,unmatched,,,
Site Transfer,1,0.0041,unmatched,,,
Site Service,1,0.0041,unmatched,,,
Site Preparation,1,0.0041,unmatched,,,
Business Works,1,0.0041,unmatched,,,
Business Unit Head / Strategy,1,0.0041,unmatched,,,
Business leadership,1,0.0041,unmatched,,,
Business forecasting,1,0.0041,unmatched,,,
Business development officer,1,0.0041,unmatched,,,
Business development manager,1,0.0041,unmatched,,,
Business development associate,1,0.0041,unmatched,,,
Business correspondence,1,0.0041,unmatched,,,
Sitefinity,1,0.0041,unmatched,,,
Sitecore architect,1,0.0041,unmatched,,,
Sitecore Helix,1,0.0041,unmatched,,,
Site supervisor,1,0.0041,unmatched,,,
Site material management,1,0.0041,unmatched,,,
Site experience,1,0.0041,unmatched,,,
Site engineer,1,0.0041,unmatched,,,
Business research,1,0.0041,unmatched,,,
Skincare Content Writer,1,0.0041,unmatched,,,
Skill Gap Analysis,1,0.0041,unmatched,,,
Business Training,1,0.0041,unmatched,,,
Business Tax,1,0.0041,unmatched,,,
Business Systems Analyst,1,0.0041,unmatched,,,
Business Support Operations,1,0.0041,unmatched,,,
Business Support,1,0.0041,unmatched,,,
Business Solutions Architect,1,0.0041,unmatched,,,
Business Rule Engine,1,0.0041,unmatched,,,
Skid Design,1,0.0041,unmatched,,,
Sketchup Pro,1,0.0041,unmatched,,,
Sketch,1,0.0041,unmatched,,,
Six sigma projects,1,0.0041,unmatched,,,
Six Sigma Green or Black Belt,1,0.0041,unmatched,,,
Sitescope,1,0.0041,unmatched,,,
Business central,1,0.0041,unmatched,,,
Smart Cities,1,0.0041,unmatched,,,
Smallworld,1,0.0041,unmatched,,,
Small Ticket unsecured loan,1,0.0041,unmatched,,,
Small Business Banking,1,0.0041,unmatched,,,
Small Business,1,0.0041,unmatched,,,
Sm,1,0.0041,unmatched,,,
Business Requirements Gathering,1,0.0041,unmatched,,,
Business Relationship,1,0.0041,unmatched,,,
Business Promotion,1,0.0041,unmatched,,,
Business Processes,1,0.0041,unmatched,,,
Business Process Re-Engineering,1,0.0041,unmatched,,,
Slt,1,0.0041,unmatched,,,
Sling Models,1,0.0041,unmatched,,,
Sleep Study,1,0.0041,unmatched,,,
Slae,1,0.0041,unmatched,,,
Skype,1,0.0041,unmatched,,,
Smo,1,0.0041,unmatched,,,
Smm,1,0.0041,unmatched,,,
Sme Underwriting,1,0.0041,unmatched,,,
Sme Sales,1,0.0041,unmatched,,,
Sme Loan,1,0.0041,unmatched,,,
Sme Lending,1,0.0041,unmatched,,,
Sme Business,1,0.0041,unmatched,,,
Smb,1,0.0041,unmatched,,,
Smartcomm,1,0.0041,unmatched,,,
SmartDeviceBERT,1,0.0041,unmatched,,,
Smart Worker,1,0.0041,unmatched,,,
Smart Plant Instrumentation,1,0.0041,unmatched,,,
Smart Metering Systems,1,0.0041,unmatched,,,
Smart Metering,1,0.0041,unmatched,,,
Smart Form,1,0.0041,unmatched,,,
Smart Contracts,1,0.0041,unmatched,,,
Snowflake AWS,1,0.0041,unmatched,,,
SnowPro Core,1,0.0041,unmatched,,,
Snaplogic,1,0.0041,unmatched,,,
Snagging,1,0.0041,unmatched,,,
Smt Process,1,0.0041,unmatched,,,
Business Process Consulting,1,0.0041,unmatched,,,
Business Process Configuration,1,0.0041,unmatched,,,
Business Process Automation Tools,1,0.0041,unmatched,,,
Business Process Automation,1,0.0041,unmatched,,,
Business Process Architect,1,0.0041,unmatched,,,
Business Presentations,1,0.0041,unmatched,,,
Business Park,1,0.0041,unmatched,,,
Business Objects Data Integrator,1,0.0041,unmatched,,,
Business Objects,1,0.0041,unmatched,,,
Smoke testing,1,0.0041,unmatched,,,
Smoke Detectors,1,0.0041,unmatched,,,
Snowflake automation,1,0.0041,unmatched,,,
Snowflake Scripting & Automation,1,0.0041,unmatched,,,
Snowflake Environment Management,1,0.0041,unmatched,,,
Snowflake Developer,1,0.0041,unmatched,,,
Business Negotiations,1,0.0041,unmatched,,,
Business Manager Staffing,1,0.0041,unmatched,,,
Business Manager,1,0.0041,unmatched,,,
Business Management Skills,1,0.0041,unmatched,,,
Business Loans,1,0.0041,unmatched,,,
Business Loan Sales,1,0.0041,unmatched,,,
Business Legal,1,0.0041,unmatched,,,
Business Intelligence Analyst,1,0.0041,unmatched,,,
Snowflake DBA,1,0.0041,unmatched,,,
Snowflake Cortex,1,0.0041,unmatched,,,
Snowflake Architect,1,0.0041,unmatched,,,
Snowflake Admin,1,0.0041,unmatched,,,
Social Listing,1,0.0041,unmatched,,,
Social Listening,1,0.0041,unmatched,,,
Social Audit,1,0.0041,unmatched,,,
Social,1,0.0041,unmatched,,,
Soc Verification,1,0.0041,unmatched,,,
Business Improvement,1,0.0041,unmatched,,,
Business Implementation,1,0.0041,unmatched,,,
Business Hygiene,1,0.0041,unmatched,,,
Business Growth & Performance,1,0.0041,unmatched,,,
Business Forecasting,1,0.0041,unmatched,,,
Business Development management,1,0.0041,unmatched,,,
Business Development executive,1,0.0041,unmatched,,,
Business Development Officer,1,0.0041,unmatched,,,
SoC,1,0.0041,unmatched,,,
Sns,1,0.0041,unmatched,,,
Snowflake core,1,0.0041,unmatched,,,
Social Media Escalation,1,0.0041,unmatched,,,
Business Communication Skills,1,0.0041,unmatched,,,
Business Blue Print,1,0.0041,unmatched,,,
Business Banking Working Capital,1,0.0041,unmatched,,,
Business Analyst Certified,1,0.0041,unmatched,,,
Business Analysis & Decision Support,1,0.0041,unmatched,,,
Business Development MAnager,1,0.0041,unmatched,,,
Business Development & Market Research,1,0.0041,unmatched,,,
Business Developer,1,0.0041,unmatched,,,
Business Developement,1,0.0041,unmatched,,,
Business Develope,1,0.0041,unmatched,,,
Business Data Analysis,1,0.0041,unmatched,,,
Business DEvelopment,1,0.0041,unmatched,,,
Business Coordination,1,0.0041,unmatched,,,
Social Media Editor,1,0.0041,unmatched,,,
Social Media Content Marketing,1,0.0041,unmatched,,,
Social Worker,1,0.0041,unmatched,,,
Social Studies Teacher,1,0.0041,unmatched,,,
Business & Tech Alignment,1,0.0041,unmatched,,,
Business & Finance Communication,1,0.0041,unmatched,,,
Bus Body Design,1,0.0041,unmatched,,,
Bus Body,1,0.0041,unmatched,,,
Burgundy,1,0.0041,unmatched,,,
Bunglow Project,1,0.0041,unmatched,,,
Bungalow Management,1,0.0041,unmatched,,,
Social Research,1,0.0041,unmatched,,,
Social Media management,1,0.0041,unmatched,,,
Social Media analytics,1,0.0041,unmatched,,,
Social Media Tools,1,0.0041,unmatched,,,
Social Media Strategy,1,0.0041,unmatched,,,
Social Media Posts,1,0.0041,unmatched,,,
Social Media Paid Advertising,1,0.0041,unmatched,,,
Soft Spoken,1,0.0041,unmatched,,,
Soft Skills training,1,0.0041,unmatched,,,
Socket programming,1,0.0041,unmatched,,,
Bulk hiring,1,0.0041,unmatched,,,
Bulk Api,1,0.0041,unmatched,,,
Buildings Codes,1,0.0041,unmatched,,,
Building material sales,1,0.0041,unmatched,,,
Building construction,1,0.0041,unmatched,,,
Building Structure,1,0.0041,unmatched,,,
Building Segment,1,0.0041,unmatched,,,
Building Relationship,1,0.0041,unmatched,,,
Sociology,1,0.0041,unmatched,,,
Social service,1,0.0041,unmatched,,,
Social platforms,1,0.0041,unmatched,,,
Social media escalations,1,0.0041,unmatched,,,
Social marketing,1,0.0041,unmatched,,,
Budgeting & Quality Assurance,1,0.0041,unmatched,,,
Budgetary,1,0.0041,unmatched,,,
Budget preparation,1,0.0041,unmatched,,,
Budget Oversight,1,0.0041,unmatched,,,
Budget Control,1,0.0041,unmatched,,,
Building Maintenance,1,0.0041,unmatched,,,
Building Electrical Design,1,0.0041,unmatched,,,
Builder channel,1,0.0041,unmatched,,,
Builder,1,0.0041,unmatched,,,
Build And Maintain Strong Relayionship,1,0.0041,unmatched,,,
Bug Tracking Tool,1,0.0041,unmatched,,,
Bug Tracking,1,0.0041,unmatched,,,
Bug Fixing,1,0.0041,unmatched,,,
Software Architect,1,0.0041,unmatched,,,
Software Analysis,1,0.0041,unmatched,,,
Softskill,1,0.0041,unmatched,,,
Software Manager,1,0.0041,unmatched,,,
Software Evaluation,1,0.0041,unmatched,,,
Software Engineering Manager,1,0.0041,unmatched,,,
Software Engineer III,1,0.0041,unmatched,,,
Software Engineer II,1,0.0041,unmatched,,,
Budget Compliance,1,0.0041,unmatched,,,
Budget & Vendor Management,1,0.0041,unmatched,,,
Budget & Financial Management,1,0.0041,unmatched,,,
Bts,1,0.0041,unmatched,,,
Bteq,1,0.0041,unmatched,,,
Bsp,1,0.0041,unmatched,,,
Software Development Manager,1,0.0041,unmatched,,,
Software Development Lifecycle,1,0.0041,unmatched,,,
Software Associate,1,0.0041,unmatched,,,
Software As A Service Saas,1,0.0041,unmatched,,,
Buffer Hoppers,1,0.0041,unmatched,,,
Software Skills,1,0.0041,unmatched,,,
Software QA Tester,1,0.0041,unmatched,,,
Software Programming,1,0.0041,unmatched,,,
Bse,1,0.0041,unmatched,,,
Bsc chemistry,1,0.0041,unmatched,,,
Bsc,1,0.0041,unmatched,,,
Browserstack,1,0.0041,unmatched,,,
Browser Extension,1,0.0041,unmatched,,,
Broking Firm,1,0.0041,unmatched,,,
Broking Compliance,1,0.0041,unmatched,,,
Broking Company Compliance,1,0.0041,unmatched,,,
Broking Business,1,0.0041,unmatched,,,
Brokerage Calculation,1,0.0041,unmatched,,,
Software Product Sales,1,0.0041,unmatched,,,
Software Product Management,1,0.0041,unmatched,,,
Software Product Development,1,0.0041,unmatched,,,
Bridge Engineering,1,0.0041,unmatched,,,
Bridge Calls,1,0.0041,unmatched,,,
Brfplus,1,0.0041,unmatched,,,
Brf,1,0.0041,unmatched,,,
Breaker selection,1,0.0041,unmatched,,,
Breakdown of Injection moulding,1,0.0041,unmatched,,,
Brc,1,0.0041,unmatched,,,
Broker Relationship,1,0.0041,unmatched,,,
Broker & Analyst Reports,1,0.0041,unmatched,,,
Brocade San,1,0.0041,unmatched,,,
Broadcasting,1,0.0041,unmatched,,,
Broaching Machines,1,0.0041,unmatched,,,
Broaching,1,0.0041,unmatched,,,
Brm Architecture,1,0.0041,unmatched,,,
Software Test Engineer,1,0.0041,unmatched,,,
Software Test Development,1,0.0041,unmatched,,,
Soil,1,0.0041,unmatched,,,
Softwares,1,0.0041,unmatched,,,
Software project,1,0.0041,unmatched,,,
Brass plating,1,0.0041,unmatched,,,
Branding Management,1,0.0041,unmatched,,,
Branding Consulting,1,0.0041,unmatched,,,
Branding & Visual Identity,1,0.0041,unmatched,,,
Branded Content,1,0.0041,unmatched,,,
Brand promotion,1,0.0041,unmatched,,,
Brand campaigns,1,0.0041,unmatched,,,
Brand Visibility,1,0.0041,unmatched,,,
Software product development,1,0.0041,unmatched,,,
Software packages,1,0.0041,unmatched,,,
Software Testing Python,1,0.0041,unmatched,,,
Software Testing Automation Careers,1,0.0041,unmatched,,,
Software Test Engineer II,1,0.0041,unmatched,,,
Solar Plant,1,0.0041,unmatched,,,
Solar PV System Design,1,0.0041,unmatched,,,
Solar PV,1,0.0041,unmatched,,,
Solar O&M,1,0.0041,unmatched,,,
Solar Module,1,0.0041,unmatched,,,
Solar Installation,1,0.0041,unmatched,,,
Brand Sales,1,0.0041,unmatched,,,
Brand Representation,1,0.0041,unmatched,,,
Brand Pormotion,1,0.0041,unmatched,,,
Brand Manager,1,0.0041,unmatched,,,
Brand Launch,1,0.0041,unmatched,,,
Solar EPC,1,0.0041,unmatched,,,
Solace,1,0.0041,unmatched,,,
Soil behavior,1,0.0041,unmatched,,,
Soil Stabilization,1,0.0041,unmatched,,,
Soil Science,1,0.0041,unmatched,,,
Solar ROI,1,0.0041,unmatched,,,
Solar Pv,1,0.0041,unmatched,,,
Branch Coordination,1,0.0041,unmatched,,,
Brakes,1,0.0041,unmatched,,,
Brake Design,1,0.0041,unmatched,,,
Brain Games,1,0.0041,unmatched,,,
Brand Ambassador,1,0.0041,unmatched,,,
Brand Alliances,1,0.0041,unmatched,,,
Brand Activation,1,0.0041,unmatched,,,
Brand & Marketing Support,1,0.0041,unmatched,,,
Brand  Product Campaign,1,0.0041,unmatched,,,
Branch manager,1,0.0041,unmatched,,,
Branch administration,1,0.0041,unmatched,,,
Branch Performance Monitoring,1,0.0041,unmatched,,,
Branch Operations Head,1,0.0041,unmatched,,,
Solar Power,1,0.0041,unmatched,,,
Solidworks Design,1,0.0041,unmatched,,,
Solidity,1,0.0041,unmatched,,,
Solid waste management,1,0.0041,unmatched,,,
Solid mechanics,1,0.0041,unmatched,,,
Solid Works Design,1,0.0041,unmatched,,,
Bpr Review,1,0.0041,unmatched,,,
Bpo voice,1,0.0041,unmatched,,,
Bpo Voice process,1,0.0041,unmatched,,,
Bpo Voice Process,1,0.0041,unmatched,,,
Bpo Process,1,0.0041,unmatched,,,
Bpo Operations Management,1,0.0041,unmatched,,,
Bpo Non Voice process,1,0.0041,unmatched,,,
Solid Principle,1,0.0041,unmatched,,,
Solenoid Valves,1,0.0041,unmatched,,,
Solar thermal,1,0.0041,unmatched,,,
Solar Sales,1,0.0041,unmatched,,,
Bop,1,0.0041,unmatched,,,
Bootstrpes,1,0.0041,unmatched,,,
Booth Designing,1,0.0041,unmatched,,,
Booststrap,1,0.0041,unmatched,,,
Boomi integration,1,0.0041,unmatched,,,
Bookkeeping,1,0.0041,unmatched,,,
Book-keeping,1,0.0041,unmatched,,,
Bpml,1,0.0041,unmatched,,,
Bpm Business Process Management,1,0.0041,unmatched,,,
Bpel,1,0.0041,unmatched,,,
Bpc Planning,1,0.0041,unmatched,,,
Bought-Out Parts,1,0.0041,unmatched,,,
Bottling Line Operations,1,0.0041,unmatched,,,
Solr,1,0.0041,unmatched,,,
Solidworks Pdm,1,0.0041,unmatched,,,
Solidworks Electrical,1,0.0041,unmatched,,,
Solvent,1,0.0041,unmatched,,,
Solutions Team Collaboration,1,0.0041,unmatched,,,
Solution selling,1,0.0041,unmatched,,,
Solution management,1,0.0041,unmatched,,,
Solution development,1,0.0041,unmatched,,,
Book Selling,1,0.0041,unmatched,,,
Book Publishing,1,0.0041,unmatched,,,
Bond,1,0.0041,unmatched,,,
Bolt,1,0.0041,unmatched,,,
Boiler Structural Design,1,0.0041,unmatched,,,
Solution Expert,1,0.0041,unmatched,,,
Solution Engineer,1,0.0041,unmatched,,,
Solution Artech,1,0.0041,unmatched,,,
Solution,1,0.0041,unmatched,,,
Botany,1,0.0041,unmatched,,,
Bopp,1,0.0041,unmatched,,,
Bo,1,0.0041,unmatched,,,
Bmr Review,1,0.0041,unmatched,,,
Bmc Discovery,1,0.0041,unmatched,,,
Bmc Developer,1,0.0041,unmatched,,,
Bluetooth Communication,1,0.0041,unmatched,,,
Boiler Design,1,0.0041,unmatched,,,
Bodyshop Advisor,1,0.0041,unmatched,,,
Body shop,1,0.0041,unmatched,,,
Body Repair,1,0.0041,unmatched,,,
Body Massage,1,0.0041,unmatched,,,
Body Engineering,1,0.0041,unmatched,,,
Bodies,1,0.0041,unmatched,,,
Bobj,1,0.0041,unmatched,,,
Board Meetings,1,0.0041,unmatched,,,
Some Experience In Gold Jewellery Industry,1,0.0041,unmatched,,,
Solvent Recovery,1,0.0041,unmatched,,,
Sourcing Business,1,0.0041,unmatched,,,
Sourcing / Procurement,1,0.0041,unmatched,,,
Source To Pay,1,0.0041,unmatched,,,
Bluetooth Classic,1,0.0041,unmatched,,,
Blueprinting,1,0.0041,unmatched,,,
Blueprint Reading,1,0.0041,unmatched,,,
Blueprint,1,0.0041,unmatched,,,
Blue Yonder,1,0.0041,unmatched,,,
Blue Collar Hiring,1,0.0041,unmatched,,,
Bls,1,0.0041,unmatched,,,
Blow Moulding,1,0.0041,unmatched,,,
Source Data Verification,1,0.0041,unmatched,,,
Sopify D2C Site mgt,1,0.0041,unmatched,,,
Sop Development,1,0.0041,unmatched,,,
Sonology,1,0.0041,unmatched,,,
Sonicwall,1,0.0041,unmatched,,,
Blood Transfusion,1,0.0041,unmatched,,,
Blood Pressure,1,0.0041,unmatched,,,
Blood Bank,1,0.0041,unmatched,,,
Block Pattern,1,0.0041,unmatched,,,
Block Diagram,1,0.0041,unmatched,,,
Block Credit,1,0.0041,unmatched,,,
Block Chain Development,1,0.0041,unmatched,,,
Blob Analysis,1,0.0041,unmatched,,,
Blister packaging,1,0.0041,unmatched,,,
Blinkit/Zepto Operations,1,0.0041,unmatched,,,
South Indian Breakfast,1,0.0041,unmatched,,,
Sous Chef,1,0.0041,unmatched,,,
Souring,1,0.0041,unmatched,,,
Souricing,1,0.0041,unmatched,,,
Sourcing new suppliers,1,0.0041,unmatched,,,
Sourcing manager,1,0.0041,unmatched,,,
Sparta Colt,1,0.0041,unmatched,,,
Spark/Kafka,1,0.0041,unmatched,,,
Spares And Valves,1,0.0041,unmatched,,,
Blinkit,1,0.0041,unmatched,,,
Ble,1,0.0041,unmatched,,,
Blaze Advisor,1,0.0041,unmatched,,,
Blade manufacturing,1,0.0041,unmatched,,,
Black Box,1,0.0041,unmatched,,,
Spare Parts Management,1,0.0041,unmatched,,,
Spanish translator,1,0.0041,unmatched,,,
Spanish Translation,1,0.0041,unmatched,,,
Spanish Language,1,0.0041,unmatched,,,
Space selling,1,0.0041,unmatched,,,
Space Planning,1,0.0041,unmatched,,,
Sp.ed,1,0.0041,unmatched,,,
Sox Controls,1,0.0041,unmatched,,,
Specialized Fasteners Manufacturing,1,0.0041,unmatched,,,
Special purpose machines,1,0.0041,unmatched,,,
Special needs,1,0.0041,unmatched,,,
Special Processes Function,1,0.0041,unmatched,,,
Special Equipment,1,0.0041,unmatched,,,
Special Educator Grade 5 & 6,1,0.0041,unmatched,,,
Biw Sheet Metal,1,0.0041,unmatched,,,
Bitlocker,1,0.0041,unmatched,,,
BitBucket,1,0.0041,unmatched,,,
Bisiness Development,1,0.0041,unmatched,,,
Biscuits,1,0.0041,unmatched,,,
Birt,1,0.0041,unmatched,,,
Special Cable,1,0.0041,unmatched,,,
Spec Flow,1,0.0041,unmatched,,,
Speaking Skills,1,0.0041,unmatched,,,
Spartacus,1,0.0041,unmatched,,,
Spice,1,0.0041,unmatched,,,
Sphera,1,0.0041,unmatched,,,
Spf,1,0.0041,unmatched,,,
Spellings,1,0.0041,unmatched,,,
Spectroscopy,1,0.0041,unmatched,,,
Spectrophotometry,1,0.0041,unmatched,,,
Biotech,1,0.0041,unmatched,,,
Biomedical Waste Management,1,0.0041,unmatched,,,
Biomedical Engineer,1,0.0041,unmatched,,,
Biomedical Devices,1,0.0041,unmatched,,,
Biomass,1,0.0041,unmatched,,,
Biogas Upgradation Plant,1,0.0041,unmatched,,,
Biofuels,1,0.0041,unmatched,,,
Biocides,1,0.0041,unmatched,,,
Spectrophotometer,1,0.0041,unmatched,,,
Specimen preparation,1,0.0041,unmatched,,,
Splunk Development,1,0.0041,unmatched,,,
Splunk Architecture,1,0.0041,unmatched,,,
Splunk Administrator,1,0.0041,unmatched,,,
Splunk Admin,1,0.0041,unmatched,,,
Bioanalytical,1,0.0041,unmatched,,,
Bio Medical,1,0.0041,unmatched,,,
Binocular Vision,1,0.0041,unmatched,,,
Bing Ads,1,0.0041,unmatched,,,
Bim Integration,1,0.0041,unmatched,,,
Bim 360,1,0.0041,unmatched,,,
Billing/Invoicing,1,0.0041,unmatched,,,
Billing modules,1,0.0041,unmatched,,,
Billing Software,1,0.0041,unmatched,,,
Billing Operations,1,0.0041,unmatched,,,
Spirits,1,0.0041,unmatched,,,
Spindle,1,0.0041,unmatched,,,
Sports teacher,1,0.0041,unmatched,,,
Sports Management,1,0.0041,unmatched,,,
Sports Entertainment Content Editor,1,0.0041,unmatched,,,
Sports Editor,1,0.0041,unmatched,,,
Sports Coordinator,1,0.0041,unmatched,,,
Billing Integration,1,0.0041,unmatched,,,
Billing Estimation,1,0.0041,unmatched,,,
Billing & Payment Processing,1,0.0041,unmatched,,,
Billing & Invoicing,1,0.0041,unmatched,,,
Bill booking,1,0.0041,unmatched,,,
Bill Of Material Creation,1,0.0041,unmatched,,,
Bill Of Lading,1,0.0041,unmatched,,,
Splunk Poweruser,1,0.0041,unmatched,,,
Splunk ITSI,1,0.0041,unmatched,,,
Splunk Es,1,0.0041,unmatched,,,
Splunk ES,1,0.0041,unmatched,,,
Big Data Analytics,1,0.0041,unmatched,,,
Big 4,1,0.0041,unmatched,,,
Bid Support,1,0.0041,unmatched,,,
Bid Coordination,1,0.0041,unmatched,,,
Bicycle,1,0.0041,unmatched,,,
Bill Management,1,0.0041,unmatched,,,
Bill Discounting,1,0.0041,unmatched,,,
Bill Checking,1,0.0041,unmatched,,,
Bill Certification,1,0.0041,unmatched,,,
Biker,1,0.0041,unmatched,,,
Bike,1,0.0041,unmatched,,,
Bigfix,1,0.0041,unmatched,,,
Bigdata Frameworks,1,0.0041,unmatched,,,
Bigdata,1,0.0041,unmatched,,,
Spray Painting,1,0.0041,unmatched,,,
Spotlight Celebrating,1,0.0041,unmatched,,,
Spring webflux,1,0.0041,unmatched,,,
Spring boot 3,1,0.0041,unmatched,,,
Bicep,1,0.0041,unmatched,,,
Bi Development,1,0.0041,unmatched,,,
Bhms,1,0.0041,unmatched,,,
Bfsi Projects,1,0.0041,unmatched,,,
Beyondtrust,1,0.0041,unmatched,,,
Bex Reporting,1,0.0041,unmatched,,,
Spring Frameworks with micro Services and Web Services,1,0.0041,unmatched,,,
Spring Ecosystem,1,0.0041,unmatched,,,
Spring Batch,1,0.0041,unmatched,,,
Spring Application Framework,1,0.0041,unmatched,,,
Spray booth & oven maintenance,1,0.0041,unmatched,,,
Spray Painting Equipment,1,0.0041,unmatched,,,
Big Data Engineer,1,0.0041,unmatched,,,
Big Data Developer,1,0.0041,unmatched,,,
Sql Query Writing,1,0.0041,unmatched,,,
Sql Profiler,1,0.0041,unmatched,,,
Sql Plsql,1,0.0041,unmatched,,,
Sql Performance Tuning,1,0.0041,unmatched,,,
Sql Optimization,1,0.0041,unmatched,,,
Sql Joins,1,0.0041,unmatched,,,
Sql Developer,1,0.0041,unmatched,,,
Beverage Knowledge,1,0.0041,unmatched,,,
Benefits and Payroll,1,0.0041,unmatched,,,
Benefits Management,1,0.0041,unmatched,,,
Benefit Analysis,1,0.0041,unmatched,,,
Bend Test,1,0.0041,unmatched,,,
Bell Desk,1,0.0041,unmatched,,,
Sql Dba,1,0.0041,unmatched,,,
Spss,1,0.0041,unmatched,,,
Sprinkler,1,0.0041,unmatched,,,
Sr Account Executive,1,0.0041,unmatched,,,
Squish,1,0.0041,unmatched,,,
Sqoop,1,0.0041,unmatched,,,
Sqls,1,0.0041,partial/semantic_match,Sql,University of Mumbai,MDC401 Multidisciplinary minor 20 20 40 60 2 -- -- 100
Sqlrpgle,1,0.0041,unmatched,,,
Sqlalchemy,1,0.0041,unmatched,,,
Sql Server Integration Services,1,0.0041,unmatched,,,
Bell Captain,1,0.0041,unmatched,,,
Behavioral Data,1,0.0041,unmatched,,,
Beer,1,0.0041,unmatched,,,
Bed Sheet Sales,1,0.0041,unmatched,,,
Bed Management,1,0.0041,unmatched,,,
Beckhoff,1,0.0041,unmatched,,,
Beauty Copywriter,1,0.0041,unmatched,,,
Sql Server Development,1,0.0041,unmatched,,,
Sql Server Analysis Services,1,0.0041,unmatched,,,
Ssr,1,0.0041,unmatched,,,
Ssm,1,0.0041,unmatched,,,
Ssi,1,0.0041,unmatched,,,
Sr. NPD Engg,1,0.0041,unmatched,,,
Beanshell,1,0.0041,unmatched,,,
Bds,1,0.0041,unmatched,,,
Bcp,1,0.0041,unmatched,,,
Bcom Fresher,1,0.0041,unmatched,,,
Bcm,1,0.0041,unmatched,,,
Sr. Manufacturing Engineer,1,0.0041,unmatched,,,
Sr. Development Engineer,1,0.0041,unmatched,,,
Sr. Cataract Surgeon,1,0.0041,unmatched,,,
Sr sales Manager,1,0.0041,unmatched,,,
Sr relationship Manager,1,0.0041,unmatched,,,
Sr Analyst,1,0.0041,unmatched,,,
Sr Accountant,1,0.0041,unmatched,,,
Staff Scheduling,1,0.0041,unmatched,,,
Staff Schedules,1,0.0041,unmatched,,,
Staff Development,1,0.0041,unmatched,,,
Stackup,1,0.0041,unmatched,,,
Stacking,1,0.0041,unmatched,,,
Stacker,1,0.0041,unmatched,,,
Stability Studies,1,0.0041,unmatched,,,
Bba Fresher,1,0.0041,unmatched,,,
Bayesian,1,0.0041,unmatched,,,
Bau Support,1,0.0041,unmatched,,,
Battery Storage,1,0.0041,unmatched,,,
Battery Pack,1,0.0041,unmatched,,,
Battery Development,1,0.0041,unmatched,,,
Battery Cooling,1,0.0041,unmatched,,,
Battery Bank,1,0.0041,unmatched,,,
Sta,1,0.0041,unmatched,,,
Stakeholder Coordination,1,0.0041,unmatched,,,
Stakeholder,1,0.0041,unmatched,,,
Stairs,1,0.0041,unmatched,,,
Staining,1,0.0041,unmatched,,,
Batteries,1,0.0041,unmatched,,,
Bathware,1,0.0041,unmatched,,,
Bathroom Fittings,1,0.0041,unmatched,,,
Bathroom,1,0.0041,unmatched,,,
Batch Script,1,0.0041,unmatched,,,
Batch Preparation,1,0.0041,unmatched,,,
Batch Management,1,0.0041,unmatched,,,
Batch Jobs,1,0.0041,unmatched,,,
Batch Job & Test Data Monitoring,1,0.0041,unmatched,,,
Basic understanding of surveying concepts,1,0.0041,unmatched,,,
Basic understanding of procurement,1,0.0041,unmatched,,,
Staff Training & Development,1,0.0041,unmatched,,,
Stamping Presses,1,0.0041,unmatched,,,
Stamping Machine Operation,1,0.0041,unmatched,,,
Basic tools of designing,1,0.0041,unmatched,,,
Basic knowledge of quantity calculations,1,0.0041,unmatched,,,
Basic knowledge of financial products,1,0.0041,unmatched,,,
Basic excel,1,0.0041,unmatched,,,
Basic engineering calculations,1,0.0041,unmatched,,,
Basic Scripting,1,0.0041,unmatched,,,
Basic Computer,1,0.0041,unmatched,,,
Basel Reporting,1,0.0041,unmatched,,,
Basel Iii,1,0.0041,unmatched,,,
Stamping Engineer,1,0.0041,unmatched,,,
Stamping Dies,1,0.0041,unmatched,,,
Stall Design,1,0.0041,unmatched,,,
Stakeholder Mgmt,1,0.0041,unmatched,,,
Stakeholder Interviews,1,0.0041,unmatched,,,
Static Code Analyzer,1,0.0041,unmatched,,,
Static,1,0.0041,unmatched,,,
Stateflow,1,0.0041,unmatched,,,
State Management,1,0.0041,unmatched,,,
Stata,1,0.0041,unmatched,,,
Barter,1,0.0041,unmatched,,,
Bar Executive,1,0.0041,unmatched,,,
Bapis,1,0.0041,unmatched,,,
Banks,1,0.0041,unmatched,,,
Banking training,1,0.0041,unmatched,,,
Startegy,1,0.0041,unmatched,,,
StardPro,1,0.0041,unmatched,,,
Star Hotels,1,0.0041,unmatched,,,
Standard Recipes,1,0.0041,unmatched,,,
Stampings,1,0.0041,unmatched,,,
Stamping or Sheet metal tooling,1,0.0041,unmatched,,,
Statistical Analysis,1,0.0041,unmatched,,,
Banking Law,1,0.0041,unmatched,,,
Banking Data Models,1,0.0041,unmatched,,,
Banking Compliance,1,0.0041,unmatched,,,
Bank branch,1,0.0041,unmatched,,,
Banking domain,1,0.0041,unmatched,,,
Banking Transformation,1,0.0041,unmatched,,,
Banking Software Sales,1,0.0041,unmatched,,,
Banking Software,1,0.0041,unmatched,,,
Banking Projects,1,0.0041,unmatched,,,
Banking Product,1,0.0041,unmatched,,,
Banking Management,1,0.0041,unmatched,,,
Statistical Analyses,1,0.0041,unmatched,,,
Stationery sale,1,0.0041,unmatched,,,
Static Equipment Design,1,0.0041,unmatched,,,
Static Design,1,0.0041,unmatched,,,
Steam Engineering Products,1,0.0041,unmatched,,,
Steam Boilers,1,0.0041,unmatched,,,
Steam,1,0.0041,unmatched,,,
Statutory reporting,1,0.0041,unmatched,,,
Statutory Payment,1,0.0041,unmatched,,,
Bank Compliance,1,0.0041,unmatched,,,
Bank Communication Management,1,0.0041,unmatched,,,
Bank Account,1,0.0041,unmatched,,,
Bangking,1,0.0041,unmatched,,,
Bams Doctor,1,0.0041,unmatched,,,
Statutory Compliances,1,0.0041,unmatched,,,
Statutory Compliance & Audit,1,0.0041,unmatched,,,
Statutory Audits,1,0.0041,unmatched,,,
Statistical process control,1,0.0041,unmatched,,,
Statistical modeling,1,0.0041,unmatched,,,
Statistical analysis,1,0.0041,unmatched,,,
Backend Testing with SQL,1,0.0041,unmatched,,,
Steering,1,0.0041,unmatched,,,
Steel logistics,1,0.0041,unmatched,,,
Steel Plants,1,0.0041,unmatched,,,
Steel Plant,1,0.0041,unmatched,,,
Steel Manufacturing,1,0.0041,unmatched,,,
Ballscrew,1,0.0041,unmatched,,,
Balance sheet reconciliation,1,0.0041,unmatched,,,
Balance sheet,1,0.0041,unmatched,,,
Balance Sheet analysis,1,0.0041,unmatched,,,
Balance Sheet Review,1,0.0041,unmatched,,,
Balance Sheet Preparation,1,0.0041,unmatched,,,
Bajaj Capital,1,0.0041,unmatched,,,
Steel Inspection,1,0.0041,unmatched,,,
Steel Fabrication Include Plate Metal,1,0.0041,unmatched,,,
Steam turbine auxiliaries,1,0.0041,unmatched,,,
Backend Developer,1,0.0041,unmatched,,,
Backend Architecture,1,0.0041,unmatched,,,
BackOffice Planning,1,0.0041,unmatched,,,
Back-Office Operations,1,0.0041,unmatched,,,
Back-End Technologies,1,0.0041,unmatched,,,
Back office support,1,0.0041,unmatched,,,
Back Office Systems,1,0.0041,unmatched,,,
Baggage Handling,1,0.0041,unmatched,,,
Bag Filters,1,0.0041,unmatched,,,
Bad Debt,1,0.0041,unmatched,,,
Backup and Recovery,1,0.0041,unmatched,,,
Backup Strategy Validation,1,0.0041,unmatched,,,
Backup Software,1,0.0041,unmatched,,,
Backoffice,1,0.0041,unmatched,,,
Backlink Generation,1,0.0041,unmatched,,,
Backend/Frontend,1,0.0041,unmatched,,,
Stock Register,1,0.0041,unmatched,,,
Back Office Documentation,1,0.0041,unmatched,,,
Back Office Activities,1,0.0041,unmatched,,,
Back,1,0.0041,unmatched,,,
Bachelor in arts,1,0.0041,unmatched,,,
Bachelor in Education,1,0.0041,unmatched,,,
Baby Warmer,1,0.0041,unmatched,,,
Baby Care,1,0.0041,unmatched,,,
Stock Monitoring,1,0.0041,unmatched,,,
Stock Market Support,1,0.0041,unmatched,,,
Stock Maintenance,1,0.0041,unmatched,,,
Stock Level,1,0.0041,unmatched,,,
Stl,1,0.0041,unmatched,,,
Stibo Step,1,0.0041,unmatched,,,
Backend Testing,1,0.0041,unmatched,,,
Backend Programming Language,1,0.0041,unmatched,,,
Store Inventory,1,0.0041,unmatched,,,
Store Hiring,1,0.0041,unmatched,,,
Store Handling,1,0.0041,unmatched,,,
Store Executive,1,0.0041,unmatched,,,
Store Audit,1,0.0041,unmatched,,,
Storage Administration,1,0.0041,unmatched,,,
Stoichiometry balance,1,0.0041,unmatched,,,
Stocking,1,0.0041,unmatched,,,
Stockholder,1,0.0041,unmatched,,,
Stock replenishment,1,0.0041,unmatched,,,
Stock management,1,0.0041,unmatched,,,
Stock audit,1,0.0041,unmatched,,,
Stock Verification & Control,1,0.0041,unmatched,,,
Stock Verification,1,0.0041,unmatched,,,
Stock Statement,1,0.0041,unmatched,,,
Stock Replenishment,1,0.0041,unmatched,,,
Store Systems,1,0.0041,unmatched,,,
Store Setup,1,0.0041,unmatched,,,
Store Sales,1,0.0041,unmatched,,,
Store Operations QSR,1,0.0041,unmatched,,,
Store Merchandising,1,0.0041,unmatched,,,
Baan Erp,1,0.0041,unmatched,,,
BW4HANA,1,0.0041,unmatched,,,
BW On Hana,1,0.0041,unmatched,,,
BW 4hana,1,0.0041,unmatched,,,
BUSINESS ASSOCIATE,1,0.0041,unmatched,,,
BUSINESS,1,0.0041,unmatched,,,
BULIDING PROJECT,1,0.0041,unmatched,,,
BTL Marketing,1,0.0041,unmatched,,,
BTL & On ground activations,1,0.0041,unmatched,,,
BTECH,1,0.0041,unmatched,,,
BSc nursing,1,0.0041,unmatched,,,
Stores In-charge,1,0.0041,unmatched,,,
Stores  executive,1,0.0041,unmatched,,,
Storekeeper,1,0.0041,unmatched,,,
BSE Star,1,0.0041,unmatched,,,
BSE Compliance,1,0.0041,unmatched,,,
BSC ,1,0.0041,unmatched,,,
BSC,1,0.0041,unmatched,,,
BS-VI technologyfuel injection,1,0.0041,unmatched,,,
BROCHURES,1,0.0041,unmatched,,,
BRIM process,1,0.0041,unmatched,,,
BRF+,1,0.0041,unmatched,,,
BRDs,1,0.0041,unmatched,,,
BPO back office,1,0.0041,unmatched,,,
BPO Trainer,1,0.0041,unmatched,,,
BPO Telecaller,1,0.0041,unmatched,,,
Store planning,1,0.0041,unmatched,,,
Strategic,1,0.0041,unmatched,,,
Straight Ducts,1,0.0041,unmatched,,,
BPO Manager,1,0.0041,unmatched,,,
BPO Jobs in Hyderabad,1,0.0041,unmatched,,,
BPO Jobs Pune,1,0.0041,unmatched,,,
BPO Jobs Bangalore,1,0.0041,unmatched,,,
BPO Jobs,1,0.0041,unmatched,,,
BPO Inside Sales,1,0.0041,unmatched,,,
BPM/BRM,1,0.0041,unmatched,,,
BPM,1,0.0041,unmatched,,,
BPDs,1,0.0041,unmatched,,,
BPC,1,0.0041,unmatched,,,
Storytelling Ability,1,0.0041,unmatched,,,
Stores management,1,0.0041,unmatched,,,
Stores Warehouse,1,0.0041,unmatched,,,
Stores Management,1,0.0041,unmatched,,,
Strategic Projects,1,0.0041,unmatched,,,
Strategic Program Delivery,1,0.0041,unmatched,,,
Strategic Procurement,1,0.0041,unmatched,,,
Strategic Planning and Execution,1,0.0041,unmatched,,,
Strategic Outreach,1,0.0041,unmatched,,,
Strategic Marketing Leadership,1,0.0041,unmatched,,,
Strategic Leadership,1,0.0041,unmatched,,,
Strategic Initiatives & Growth,1,0.0041,unmatched,,,
Strategic Initiatives,1,0.0041,unmatched,,,
Strategic Hiring,1,0.0041,unmatched,,,
Strategic HRM,1,0.0041,unmatched,,,
Strategic Financial Support,1,0.0041,unmatched,,,
Strategic Business Planning,1,0.0041,unmatched,,,
Strategic Busiess Partnership,1,0.0041,unmatched,,,
Strategic Brand Management,1,0.0041,unmatched,,,
Strategic Account,1,0.0041,unmatched,,,
Strategy Deployment,1,0.0041,unmatched,,,
Strategic sales planning,1,0.0041,unmatched,,,
Strategic account management,1,0.0041,unmatched,,,
Strategic Talent Acquisition,1,0.0041,unmatched,,,
Strategic Support & CEO Assistance,1,0.0041,unmatched,,,
BP,1,0.0041,unmatched,,,
BOQ Preparation,1,0.0041,unmatched,,,
BOQ & Drawing Study,1,0.0041,unmatched,,,
BOP,1,0.0041,unmatched,,,
BODS,1,0.0041,unmatched,,,
BNAC,1,0.0041,unmatched,,,
BNA System,1,0.0041,unmatched,,,
BMS Commissioning,1,0.0041,unmatched,,,
BMS Applicaitons,1,0.0041,unmatched,,,
BMIDE,1,0.0041,unmatched,,,
BMC Control M,1,0.0041,unmatched,,,
Strategy Planning,1,0.0041,unmatched,,,
Strategy Management,1,0.0041,unmatched,,,
Strategy Formulation,1,0.0041,unmatched,,,
Strategy Execution,1,0.0041,unmatched,,,
BLE,1,0.0041,unmatched,,,
BIW Simulation process,1,0.0041,unmatched,,,
BIW Simulation,1,0.0041,unmatched,,,
BIW,1,0.0041,unmatched,,,
BIP,1,0.0041,unmatched,,,
BIM360,1,0.0041,unmatched,,,
BIM models,1,0.0041,unmatched,,,
BIM modeling,1,0.0041,unmatched,,,
BIM 360,1,0.0041,unmatched,,,
BILL BOOKING,1,0.0041,unmatched,,,
BIGQUERY,1,0.0041,unmatched,,,
BIG DATA,1,0.0041,unmatched,,,
Strong Interpersonal And Communication Skills,1,0.0041,unmatched,,,
Strong Design Sense,1,0.0041,unmatched,,,
Strong Communication & Presentation,1,0.0041,unmatched,,,
Strings,1,0.0041,unmatched,,,
Stress management,1,0.0041,unmatched,,,
Stress analysis,1,0.0041,unmatched,,,
Stress Management,1,0.0041,unmatched,,,
Strength and training,1,0.0041,unmatched,,,
Street Lighting,1,0.0041,unmatched,,,
Streamlining document exchange with clients & supply chains,1,0.0041,unmatched,,,
Streamline submission and review of DPR,1,0.0041,unmatched,,,
Streaming Workflow,1,0.0041,unmatched,,,
Streaming Kafka,1,0.0041,unmatched,,,
Streaming Framework,1,0.0041,unmatched,,,
Stream Analytics,1,0.0041,unmatched,,,
Strategy development,1,0.0041,unmatched,,,
BFS recruitmemnt,1,0.0041,unmatched,,,
BFS digital transformation,1,0.0041,unmatched,,,
Strong understanding of dynamic loads,1,0.0041,unmatched,,,
Strong oral,1,0.0041,unmatched,,,
Strong leadership,1,0.0041,unmatched,,,
Strong knowledge sales,1,0.0041,unmatched,,,
Strong knowledge of the HoReCa industry and customer base.  Excellent negotiation and relationship management skills.  Strong business acumen with data-driven decision-making,1,0.0041,unmatched,,,
Strong knowledge of recruitment for facility management roles,1,0.0041,unmatched,,,
Strong english communication,1,0.0041,unmatched,,,
Strong communication and presentation skills. Ability to work independently with a solution-selling mindset. Understanding of lubricants and their industrial applications. Willingness to travel extensively within the assigned territory,1,0.0041,unmatched,,,
Strong communication and negotiation skills,1,0.0041,unmatched,,,
Strong communication & negotiation skills,1,0.0041,unmatched,,,
Strong attention to detail,1,0.0041,unmatched,,,
Strong Sales Qualities,1,0.0041,unmatched,,,
Strong Network with Thermal Power Plants,1,0.0041,unmatched,,,
Strong Negotiation Skills,1,0.0041,unmatched,,,
Structural inspection,1,0.0041,unmatched,,,
Structural Steel Design,1,0.0041,unmatched,,,
Structural Engineer,1,0.0041,unmatched,,,
Structural Draftsman,1,0.0041,unmatched,,,
Structural Detailing,1,0.0041,unmatched,,,
StruCAD,1,0.0041,unmatched,,,
Strong understanding of labor laws and statutory compliance,1,0.0041,unmatched,,,
BI strategy,1,0.0041,unmatched,,,
BI dashboards,1,0.0041,unmatched,,,
BI Testing,1,0.0041,unmatched,,,
BI Reporting,1,0.0041,unmatched,,,
BHM Fresher,1,0.0041,unmatched,,,
BGP/OSPF,1,0.0041,unmatched,,,
BGP,1,0.0041,unmatched,,,
BFSI Compliance,1,0.0041,unmatched,,,
BFSI Audit & Assurance,1,0.0041,unmatched,,,
Student,1,0.0041,unmatched,,,
Structured Finance Rating,1,0.0041,unmatched,,,
Structured Finance Credit,1,0.0041,unmatched,,,
Structure inspection,1,0.0041,unmatched,,,
Structure design engineer,1,0.0041,unmatched,,,
Structure Test Method,1,0.0041,unmatched,,,
BFS Solutions,1,0.0041,unmatched,,,
BFS Hiring,1,0.0041,unmatched,,,
BFP CEP Drive,1,0.0041,unmatched,,,
BEVERAGE,1,0.0041,unmatched,,,
BESS,1,0.0041,unmatched,,,
BED,1,0.0041,unmatched,,,
BE/B.Tech,1,0.0041,unmatched,,,
BDS,1,0.0041,unmatched,,,
BDD Cucumber Automation Tester,1,0.0041,unmatched,,,
Structure,1,0.0041,unmatched,,,
Student Progress,1,0.0041,unmatched,,,
Student Handling,1,0.0041,unmatched,,,
Student Enrollment,1,0.0041,unmatched,,,
BD experience in the ash handling domain,1,0.0041,unmatched,,,
BD CRM,1,0.0041,unmatched,,,
BCMS,1,0.0041,unmatched,,,
BCA Fresher,1,0.0041,unmatched,,,
BCA,1,0.0041,unmatched,,,
BC developer,1,0.0041,unmatched,,,
BBA Jobs Pune,1,0.0041,unmatched,,,
BBA Fresher,1,0.0041,unmatched,,,
BBA FRESHER,1,0.0041,unmatched,,,
BASIC MNC BENEFITS,1,0.0041,unmatched,,,
BARC,1,0.0041,unmatched,,,
BAPIs,1,0.0041,unmatched,,,
BAPI,1,0.0041,unmatched,,,
Subscription Management,1,0.0041,unmatched,,,
Subscribers,1,0.0041,unmatched,,,
Submission Information Packages,1,0.0041,unmatched,,,
Subject Matter,1,0.0041,unmatched,,,
Subcontractor Insurance,1,0.0041,unmatched,,,
Sub-Contractors,1,0.0041,unmatched,,,
BALLOONING DRAWING,1,0.0041,unmatched,,,
BAISC COMPUTER KNOWLEDGE WITH EXCEL WORD PHOTOSHOP STOCK MAINTAINANCE IN EXCEL AND KNOWLEDGE OF TALLY,1,0.0041,unmatched,,,
BADI,1,0.0041,unmatched,,,
BA,1,0.0041,unmatched,,,
B2F,1,0.0041,unmatched,,,
B2C Holiday Sales,1,0.0041,unmatched,,,
B2C Digital Products,1,0.0041,unmatched,,,
Sub editing,1,0.0041,unmatched,,,
Sub,1,0.0041,unmatched,,,
Student counseling,1,0.0041,unmatched,,,
SuccessFactors Implementation,1,0.0041,unmatched,,,
SuccessFactors,1,0.0041,unmatched,,,
Success factor trainer,1,0.0041,unmatched,,,
Substation Design,1,0.0041,unmatched,,,
B2B portals,1,0.0041,unmatched,,,
B2B marketing,1,0.0041,unmatched,,,
B2B field sales,1,0.0041,unmatched,,,
B2B and B2C Sales Expertise,1,0.0041,unmatched,,,
B2B Sales Strategy,1,0.0041,unmatched,,,
B2B Sales & Marketing,1,0.0041,unmatched,,,
B2B Research,1,0.0041,unmatched,,,
B2B Experience,1,0.0041,unmatched,,,
B2B Engineering Support,1,0.0041,unmatched,,,
B2B Direct Sales,1,0.0041,unmatched,,,
Substance Painter,1,0.0041,unmatched,,,
Subscription Sales,1,0.0041,unmatched,,,
Supabase,1,0.0041,unmatched,,,
Sunday Funday,1,0.0041,unmatched,,,
Sun Solaris,1,0.0041,unmatched,,,
Sun,1,0.0041,unmatched,,,
Sumo Logic,1,0.0041,unmatched,,,
Summit,1,0.0041,unmatched,,,
Sumif,1,0.0041,unmatched,,,
Suitescript,1,0.0041,unmatched,,,
Suiteflow,1,0.0041,unmatched,,,
SuiteTalk,1,0.0041,unmatched,,,
SuiteScripts,1,0.0041,unmatched,,,
SuiteBuilder,1,0.0041,unmatched,,,
Suggestive Selling,1,0.0041,unmatched,,,
Sugar,1,0.0041,unmatched,,,
Successfactors Compensation,1,0.0041,unmatched,,,
SuccessFactors RCM,1,0.0041,unmatched,,,
Supervision of entire accounts departments,1,0.0041,unmatched,,,
B1if,1,0.0041,unmatched,,,
B.pharmacy,1,0.0041,unmatched,,,
B.ed in Special Education,1,0.0041,unmatched,,,
B.Tech,1,0.0041,unmatched,,,
B.Pharmacy,1,0.0041,unmatched,,,
B.Pharm,1,0.0041,unmatched,,,
B.E,1,0.0041,unmatched,,,
B.Com Jobs Pune,1,0.0041,unmatched,,,
B.Com,1,0.0041,unmatched,,,
Superspeciality,1,0.0041,unmatched,,,
Supermax Vessels,1,0.0041,unmatched,,,
Superheater/Reheater headers and piping design,1,0.0041,unmatched,,,
Supercritical Boiler,1,0.0041,unmatched,,,
Superannuation,1,0.0041,unmatched,,,
Super Speciality,1,0.0041,unmatched,,,
B.COM,1,0.0041,unmatched,,,
Azure synapse,1,0.0041,unmatched,,,
Azure support engineer,1,0.0041,unmatched,,,
Azure solutions,1,0.0041,unmatched,,,
Azure solution architect,1,0.0041,unmatched,,,
Azure services,1,0.0041,unmatched,,,
Azure integrations,1,0.0041,unmatched,,,
Azure fabrics,1,0.0041,unmatched,,,
Azure devops,1,0.0041,unmatched,,,
Azure development,1,0.0041,unmatched,,,
Azure data engineer,1,0.0041,unmatched,,,
Azure architect,1,0.0041,unmatched,,,
Supplier Interaction,1,0.0041,unmatched,,,
Supplier Improvement,1,0.0041,unmatched,,,
Supplier Identification & Management,1,0.0041,unmatched,,,
Supervisory Controllers,1,0.0041,unmatched,,,
Supply Chain Software,1,0.0041,unmatched,,,
Supply Chain Plan,1,0.0041,unmatched,,,
Supply Chain Logistics,1,0.0041,unmatched,,,
Supply Chain Know how,1,0.0041,unmatched,,,
Supply Chain Fuctions,1,0.0041,unmatched,,,
Supply Chain Finance & Accounting,1,0.0041,unmatched,,,
Supply Chain Development,1,0.0041,unmatched,,,
Supply Chain Coordination,1,0.0041,unmatched,,,
Supplier selection,1,0.0041,unmatched,,,
Supplier relationship management,1,0.0041,unmatched,,,
Supplier quality management,1,0.0041,unmatched,,,
Supplier audit,1,0.0041,unmatched,,,
Supplier Risk Management,1,0.0041,unmatched,,,
Supplier Relations,1,0.0041,unmatched,,,
Supplier Quality Engineering,1,0.0041,unmatched,,,
Supplier Quality Control,1,0.0041,unmatched,,,
Supply Planning Consultant,1,0.0041,unmatched,,,
Supply Management,1,0.0041,unmatched,,,
Supply Chain management,1,0.0041,unmatched,,,
Supply Chain Sustainability,1,0.0041,unmatched,,,
Supply Chain Supply Planning,1,0.0041,unmatched,,,
Supply Chain Strategy,1,0.0041,unmatched,,,
Azure Virtual Desktop environments,1,0.0041,unmatched,,,
Azure Virtual Desktop,1,0.0041,unmatched,,,
Azure Support,1,0.0041,unmatched,,,
Azure Sql Dw,1,0.0041,unmatched,,,
Azure Solutions Architect,1,0.0041,unmatched,,,
Azure Site Recovery,1,0.0041,unmatched,,,
Azure Services,1,0.0041,unmatched,,,
Azure Sales,1,0.0041,unmatched,,,
Azure Policy,1,0.0041,unmatched,,,
Azure OpenAI APIs,1,0.0041,unmatched,,,
Support Project,1,0.0041,unmatched,,,
Support Executive,1,0.0041,unmatched,,,
Support Associate,1,0.0041,unmatched,,,
Support & Resistance,1,0.0041,unmatched,,,
Supply planning,1,0.0041,unmatched,,,
Azure Monitor,1,0.0041,unmatched,,,
Azure Migration,1,0.0041,unmatched,,,
Azure ML,1,0.0041,unmatched,,,
Azure Logic Apps/Functions,1,0.0041,unmatched,,,
Azure Kubernetes services,1,0.0041,unmatched,,,
Azure IoT frameworks,1,0.0041,unmatched,,,
Azure Iaas,1,0.0041,unmatched,,,
Supply chain coordination,1,0.0041,unmatched,,,
Supply chain consulting,1,0.0041,unmatched,,,
Supply chain Management,1,0.0041,unmatched,,,
Supply Planning Tool,1,0.0041,unmatched,,,
Survey Design,1,0.0041,unmatched,,,
Surgical Oncology,1,0.0041,unmatched,,,
Surfing,1,0.0041,unmatched,,,
Surfactants,1,0.0041,unmatched,,,
Surfacing,1,0.0041,unmatched,,,
Azure Hdinsight,1,0.0041,unmatched,,,
Azure Function Apps,1,0.0041,unmatched,,,
Azure Data Integration,1,0.0041,unmatched,,,
Azure Data,1,0.0041,unmatched,,,
Azure Cosmosdb,1,0.0041,unmatched,,,
Azure Copilot Studio,1,0.0041,unmatched,,,
Surface Treatment,1,0.0041,unmatched,,,
Surface Mount Technology,1,0.0041,unmatched,,,
Surface Embellishment,1,0.0041,unmatched,,,
Support and Enhancements,1,0.0041,unmatched,,,
Support Volunteer,1,0.0041,unmatched,,,
Sustainability Strategy,1,0.0041,unmatched,,,
Sustainability Reporting,1,0.0041,unmatched,,,
Sustainability Audits,1,0.0041,unmatched,,,
Sustainability Assurance,1,0.0041,unmatched,,,
Sustainability Analysis,1,0.0041,unmatched,,,
Azure Cognitive Services,1,0.0041,unmatched,,,
Azure Cognitive Search,1,0.0041,unmatched,,,
Azure Cloud Solution Architect,1,0.0041,unmatched,,,
Azure Cloud Infrastructure,1,0.0041,unmatched,,,
Azure Bot Framework,1,0.0041,unmatched,,,
Azure Aws,1,0.0041,unmatched,,,
Azure Automation,1,0.0041,unmatched,,,
Suspicious Transaction Monitoring,1,0.0041,unmatched,,,
Suspicious Activity Monitoring,1,0.0041,unmatched,,,
Surveying and Site Analysis,1,0.0041,unmatched,,,
Surveying,1,0.0041,unmatched,,,
Swift Messaging,1,0.0041,unmatched,,,
Sweeping,1,0.0041,unmatched,,,
Azure Analysis Services,1,0.0041,unmatched,,,
Azure Ad Connect,1,0.0041,unmatched,,,
Azure Ad,1,0.0041,unmatched,,,
Azure API Management Service,1,0.0041,unmatched,,,
Azure AI/ML services,1,0.0041,unmatched,,,
Azure ADLS,1,0.0041,unmatched,,,
Azure ADF,1,0.0041,unmatched,,,
Azure  Blob Storage,1,0.0041,unmatched,,,
Swatches,1,0.0041,unmatched,,,
Swagger Api,1,0.0041,unmatched,,,
Svn,1,0.0041,unmatched,,,
Sutherlamd,1,0.0041,unmatched,,,
Sustainable change,1,0.0041,unmatched,,,
Sustainable Finance,1,0.0041,unmatched,,,
Ayurvedic physician treating,1,0.0041,unmatched,,,
Ayurvedic herbal formulations,1,0.0041,unmatched,,,
Ayurvedic Practices,1,0.0041,unmatched,,,
Ayurvedic Medicine,1,0.0041,unmatched,,,
Ayurveda Therapy,1,0.0041,unmatched,,,
Ayurveda Therapist,1,0.0041,unmatched,,,
Ayurveda Content writing,1,0.0041,unmatched,,,
Axios,1,0.0041,unmatched,,,
Switchgears,1,0.0041,unmatched,,,
Switchgear industry,1,0.0041,unmatched,,,
Switchgear & Electrical material,1,0.0041,unmatched,,,
Switches,1,0.0041,unmatched,,,
Switch analysis,1,0.0041,unmatched,,,
Switch NXT,1,0.0041,unmatched,,,
Swing,1,0.0041,unmatched,,,
SwiftUI,1,0.0041,unmatched,,,
System Architect,1,0.0041,unmatched,,,
System Administration & Operations,1,0.0041,unmatched,,,
Sysprep,1,0.0041,unmatched,,,
Sysml,1,0.0041,unmatched,,,
Syringe Pumps,1,0.0041,unmatched,,,
Synpase,1,0.0041,unmatched,,,
Synopsys,1,0.0041,unmatched,,,
Synon 2E,1,0.0041,unmatched,,,
Synon,1,0.0041,unmatched,,,
Symphony,1,0.0041,unmatched,,,
Symcli,1,0.0041,unmatched,,,
Symantec Secure Web Gateway,1,0.0041,unmatched,,,
Symantec Backup,1,0.0041,unmatched,,,
Symantec,1,0.0041,unmatched,,,
Switchyard,1,0.0041,unmatched,,,
Ayurvedic treatment,1,0.0041,unmatched,,,
System Copy,1,0.0041,unmatched,,,
System Calibration,1,0.0041,unmatched,,,
Aws Iot,1,0.0041,unmatched,,,
Aws Deployment,1,0.0041,unmatched,,,
Aws Bedrock,1,0.0041,unmatched,,,
Awr Report Analysis,1,0.0041,unmatched,,,
Awareness,1,0.0041,unmatched,,,
Axial-flow steam turbine design,1,0.0041,unmatched,,,
Ax Development,1,0.0041,unmatched,,,
Awt,1,0.0041,unmatched,,,
Awsazure,1,0.0041,unmatched,,,
Aws Serverless,1,0.0041,unmatched,,,
Aws Migration,1,0.0041,unmatched,,,
Aws Lambda Function,1,0.0041,unmatched,,,
Aws Kinesis,1,0.0041,unmatched,,,
Aws Iot Core,1,0.0041,unmatched,,,
Avepoint,1,0.0041,unmatched,,,
Avamar,1,0.0041,unmatched,,,
System Validation,1,0.0041,unmatched,,,
System Support,1,0.0041,unmatched,,,
System Programming,1,0.0041,unmatched,,,
System Migration,1,0.0041,unmatched,,,
System Maintenance,1,0.0041,unmatched,,,
System Integrator,1,0.0041,unmatched,,,
System Integration sales,1,0.0041,unmatched,,,
System Integration Testing,1,0.0041,unmatched,,,
System Installation,1,0.0041,unmatched,,,
System Hardening,1,0.0041,unmatched,,,
System Documentation,1,0.0041,unmatched,,,
System Development Methodologies,1,0.0041,unmatched,,,
System Development Lifecycle,1,0.0041,unmatched,,,
System Development Life Cycle,1,0.0041,unmatched,,,
Auxiliary System,1,0.0041,unmatched,,,
Autp cad,1,0.0041,unmatched,,,
Autonomous Vehicle,1,0.0041,unmatched,,,
Automotive tooling,1,0.0041,unmatched,,,
Automotive Testing,1,0.0041,unmatched,,,
Automotive Seating,1,0.0041,unmatched,,,
Automotive Product Development,1,0.0041,unmatched,,,
Avionics Design,1,0.0041,unmatched,,,
Avionics,1,0.0041,unmatched,,,
Aviation Security,1,0.0041,unmatched,,,
Aviation Regulations,1,0.0041,unmatched,,,
Aviation Operations Management,1,0.0041,unmatched,,,
Aviation Operations,1,0.0041,unmatched,,,
Aviation Management,1,0.0041,unmatched,,,
Aviation Industry,1,0.0041,unmatched,,,
Average English,1,0.0041,unmatched,,,
Systemc,1,0.0041,unmatched,,,
System support,1,0.0041,unmatched,,,
Automotive Infotainment,1,0.0041,unmatched,,,
Automotive Ethernet,1,0.0041,unmatched,,,
Automotive Embedded Systems,1,0.0041,unmatched,,,
Automotive Electronics,1,0.0041,unmatched,,,
Automotive Domain,1,0.0041,unmatched,,,
Automotive Coolants,1,0.0041,unmatched,,,
Automobile Production,1,0.0041,unmatched,,,
Automobile Parts,1,0.0041,unmatched,,,
System software,1,0.0041,unmatched,,,
System security,1,0.0041,unmatched,,,
System programming,1,0.0041,unmatched,,,
System development,1,0.0041,unmatched,,,
System audit,1,0.0041,unmatched,,,
System Verilog  UVM,1,0.0041,unmatched,,,
TAP,1,0.0041,unmatched,,,
TAO,1,0.0041,unmatched,,,
TAM,1,0.0041,unmatched,,,
TALLY,1,0.0041,unmatched,,,
TAL,1,0.0041,unmatched,,,
TA and Ops,1,0.0041,unmatched,,,
TA Operation,1,0.0041,unmatched,,,
TA Onboarding,1,0.0041,unmatched,,,
TA Enablement,1,0.0041,unmatched,,,
T24 modules,1,0.0041,unmatched,,,
T1,1,0.0041,unmatched,,,
Systems management,1,0.0041,unmatched,,,
Systems Engr I,1,0.0041,unmatched,,,
Systems Engineer,1,0.0041,unmatched,,,
Systems Administration,1,0.0041,unmatched,,,
Systems & Reporting,1,0.0041,unmatched,,,
TAX Compliance,1,0.0041,unmatched,,,
TAX CONTROLLERSHIP,1,0.0041,unmatched,,,
TAX COMPLIANCE,1,0.0041,unmatched,,,
Autombobile,1,0.0041,unmatched,,,
Automative,1,0.0041,unmatched,,,
Automation tester,1,0.0041,unmatched,,,
Automation systems,1,0.0041,unmatched,,,
Automation engineering,1,0.0041,unmatched,,,
Automation and Scripting,1,0.0041,unmatched,,,
Automation Testing Jobs India,1,0.0041,unmatched,,,
Automation Tester Pune,1,0.0041,unmatched,,,
Automation Tester Java,1,0.0041,unmatched,,,
TAX,1,0.0041,unmatched,,,
TAS,1,0.0041,unmatched,,,
TARA,1,0.0041,unmatched,,,
TAP Architecture,1,0.0041,unmatched,,,
TESTING,1,0.0041,unmatched,,,
TEMA,1,0.0041,unmatched,,,
TEDDS,1,0.0041,unmatched,,,
TECNOMATIX,1,0.0041,unmatched,,,
TEACHER,1,0.0041,unmatched,,,
TDS calculations,1,0.0041,unmatched,,,
Automation Tester C# Pune,1,0.0041,unmatched,,,
Automation Test Engineer Chennai,1,0.0041,unmatched,,,
Automation Test,1,0.0041,unmatched,,,
Automation System Design,1,0.0041,unmatched,,,
Automation Solutions,1,0.0041,unmatched,,,
Automation Framework Jobs Pune,1,0.0041,unmatched,,,
TDS & Advance Tax,1,0.0041,unmatched,,,
TCO,1,0.0041,unmatched,,,
TCF,1,0.0041,unmatched,,,
TBM,1,0.0041,unmatched,,,
TIG,1,0.0041,unmatched,,,
TIBCO EMS,1,0.0041,unmatched,,,
Automation Framework Development,1,0.0041,unmatched,,,
Automation Engineer,1,0.0041,unmatched,,,
Automation And Manual Testing,1,0.0041,unmatched,,,
Automatic Bagging System,1,0.0041,unmatched,,,
Automated Tested,1,0.0041,unmatched,,,
Automated Security Testing,1,0.0041,unmatched,,,
Automated Painting Lines,1,0.0041,unmatched,,,
Automated,1,0.0041,unmatched,,,
Autodesk AutoCAD Plant 3D and AutoCAD drafting,1,0.0041,unmatched,,,
Autodesk 3ds Max,1,0.0041,unmatched,,,
THE CANDIDATE SHOULD BE AN APPROVED DOCTOR BY THE DIRECTORATE GENERAL OF SHIPPING,1,0.0041,unmatched,,,
TGT English Teacher,1,0.0041,unmatched,,,
TGT English,1,0.0041,unmatched,,,
TFS,1,0.0041,unmatched,,,
TOSCA Test Specialist,1,0.0041,unmatched,,,
TOSCA QA Jobs,1,0.0041,unmatched,,,
TOSCA DEVELOPER,1,0.0041,unmatched,,,
TOSCA Automation Tester Chennai,1,0.0041,unmatched,,,
Autocad Mep,1,0.0041,unmatched,,,
Autocad Design,1,0.0041,unmatched,,,
Autocad 2D,1,0.0041,unmatched,,,
AutoSys,1,0.0041,unmatched,,,
AutoGen,1,0.0041,unmatched,,,
AutoCad,1,0.0041,unmatched,,,
AutoCAD Civil,1,0.0041,unmatched,,,
TOEFL,1,0.0041,unmatched,,,
TO TEACH MATHEMATICS,1,0.0041,unmatched,,,
TM1,1,0.0041,unmatched,,,
TLM,1,0.0041,unmatched,,,
TIS,1,0.0041,unmatched,,,
Tableau / Power Bi,1,0.0041,unmatched,,,
Ta,1,0.0041,unmatched,,,
TW,1,0.0041,unmatched,,,
TV Sales,1,0.0041,unmatched,,,
TSQL,1,0.0041,unmatched,,,
TSM,1,0.0041,unmatched,,,
TSD,1,0.0041,unmatched,,,
TSC,1,0.0041,unmatched,,,
TSA - MH,1,0.0041,unmatched,,,
TROUBLESHOOTING IN INJECTION MOULDING MACHIN,1,0.0041,unmatched,,,
TRIUMPH,1,0.0041,unmatched,,,
TPT,1,0.0041,unmatched,,,
TPRM,1,0.0041,unmatched,,,
TP Support,1,0.0041,unmatched,,,
TP LAW IN INDIA,1,0.0041,unmatched,,,
TP Claims,1,0.0041,unmatched,,,
Tahsildar,1,0.0041,unmatched,,,
Tafj,1,0.0041,unmatched,,,
Tabular Model,1,0.0041,unmatched,,,
Tablewares,1,0.0041,unmatched,,,
Tablet Coating,1,0.0041,unmatched,,,
Tableau/Power BI,1,0.0041,unmatched,,,
AutoCAD & Billing tools,1,0.0041,unmatched,,,
Auto-component,1,0.0041,unmatched,,,
Auto tests,1,0.0041,unmatched,,,
Auto Scaling,1,0.0041,unmatched,,,
Auto Sales,1,0.0041,unmatched,,,
Auto Loan,1,0.0041,unmatched,,,
Auto Electricians,1,0.0041,unmatched,,,
Auto Electrician,1,0.0041,unmatched,,,
Auto Components,1,0.0041,unmatched,,,
Tableau Administration,1,0.0041,unmatched,,,
Talent,1,0.0041,unmatched,,,
Talend Testing Careers,1,0.0041,unmatched,,,
Talend Etl,1,0.0041,unmatched,,,
Talend Development,1,0.0041,unmatched,,,
Talen Acquisition,1,0.0041,unmatched,,,
Talc,1,0.0041,unmatched,,,
Takla,1,0.0041,unmatched,,,
Auto Cad,1,0.0041,unmatched,,,
Auto Ancillary Industry,1,0.0041,unmatched,,,
Authy,1,0.0041,unmatched,,,
Authorizer,1,0.0041,unmatched,,,
Authorised Service Centre Coordination,1,0.0041,unmatched,,,
Authentication Protocols,1,0.0041,unmatched,,,
Authentic Dish Preparation,1,0.0041,unmatched,,,
Auth0,1,0.0041,unmatched,,,
Aurora Db,1,0.0041,unmatched,,,
Tally ERP 9,1,0.0041,unmatched,,,
Taleo reporting tools,1,0.0041,unmatched,,,
Taleo Recruitment,1,0.0041,unmatched,,,
Taleo,1,0.0041,unmatched,,,
Talent sourcing,1,0.0041,unmatched,,,
Talent Supply Chain Management,1,0.0041,unmatched,,,
Audocad,1,0.0041,unmatched,,,
Audit& Correspondence,1,0.0041,unmatched,,,
Audit support,1,0.0041,unmatched,,,
Audit process,1,0.0041,unmatched,,,
Audit procedures and reporting,1,0.0041,unmatched,,,
Audit presentation,1,0.0041,unmatched,,,
Audit planning,1,0.0041,unmatched,,,
Talent Optimization,1,0.0041,unmatched,,,
Talent Branding,1,0.0041,unmatched,,,
Talent Acquisition Executive,1,0.0041,unmatched,,,
Target Achievement & Revenue Growth,1,0.0041,unmatched,,,
Tapping,1,0.0041,unmatched,,,
Tape Management,1,0.0041,unmatched,,,
Tape Libraries,1,0.0041,unmatched,,,
Tank,1,0.0041,unmatched,,,
Audit Vault,1,0.0041,unmatched,,,
Audit Trail,1,0.0041,unmatched,,,
Audit Services,1,0.0041,unmatched,,,
Audit Reports,1,0.0041,unmatched,,,
Audit Reporting,1,0.0041,unmatched,,,
Audit Report Drafting,1,0.0041,unmatched,,,
Audit Program Design,1,0.0041,unmatched,,,
Audit Procedures,1,0.0041,unmatched,,,
Audit Planning & Execution,1,0.0041,unmatched,,,
Audit Facilitation,1,0.0041,unmatched,,,
Audit Executive,1,0.0041,unmatched,,,
Tat Management,1,0.0041,unmatched,,,
Task Delegation,1,0.0041,unmatched,,,
Tasc,1,0.0041,unmatched,,,
Tariffs,1,0.0041,unmatched,,,
Tariff,1,0.0041,unmatched,,,
Audit Cross Functional,1,0.0041,unmatched,,,
Audit Coordination,1,0.0041,unmatched,,,
Audit Associate,1,0.0041,unmatched,,,
Audit & Compliance,1,0.0041,unmatched,,,
Audio editing,1,0.0041,unmatched,,,
Audio Recording,1,0.0041,unmatched,,,
Audio Post-Production,1,0.0041,unmatched,,,
Audio Editing,1,0.0041,unmatched,,,
Targetlink,1,0.0041,unmatched,,,
Target Oriented,1,0.0041,unmatched,,,
Target Collection,1,0.0041,unmatched,,,
Tax Reports,1,0.0041,unmatched,,,
Tax Reclaims,1,0.0041,unmatched,,,
Tax Impact Assessment,1,0.0041,unmatched,,,
Tax Engine,1,0.0041,unmatched,,,
Audio,1,0.0041,unmatched,,,
Audience Manager,1,0.0041,unmatched,,,
Auction,1,0.0041,unmatched,,,
Au,1,0.0041,unmatched,,,
Attendance Tracking,1,0.0041,unmatched,,,
Attendance System,1,0.0041,unmatched,,,
Attendance,1,0.0041,unmatched,,,
Attack Vectors,1,0.0041,unmatched,,,
Ats Systems,1,0.0041,unmatched,,,
Tax Associate,1,0.0041,unmatched,,,
Tax Assessment,1,0.0041,unmatched,,,
Tax Analysis,1,0.0041,unmatched,,,
Associate Team Leader,1,0.0041,unmatched,,,
Associate Program Manager,1,0.0041,unmatched,,,
Associate II,1,0.0041,unmatched,,,
Associate Director Sales,1,0.0041,unmatched,,,
Associate Architect,1,0.0041,unmatched,,,
Associate Advocate,1,0.0041,unmatched,,,
Atrium Integrator,1,0.0041,unmatched,,,
Atpg,1,0.0041,unmatched,,,
Atlassian Jira,1,0.0041,unmatched,,,
Atlassian,1,0.0041,unmatched,,,
Atl Com,1,0.0041,unmatched,,,
Atg Commerce,1,0.0041,unmatched,,,
Atex,1,0.0041,unmatched,,,
Asynchronous,1,0.0041,unmatched,,,
Async Programming,1,0.0041,unmatched,,,
Tax computation,1,0.0041,unmatched,,,
Assistant Manager Quality,1,0.0041,unmatched,,,
Assistant Manager Process Engineering,1,0.0041,unmatched,,,
Teaching Computer,1,0.0041,unmatched,,,
Teacher Job Opening for Primary Level and Middle School at Ahmednagar,1,0.0041,unmatched,,,
Tea,1,0.0041,unmatched,,,
Te,1,0.0041,unmatched,,,
Tds Return,1,0.0041,unmatched,,,
Tds 2B,1,0.0041,unmatched,,,
Tcpdump,1,0.0041,unmatched,,,
Tcl Scripting,1,0.0041,unmatched,,,
Tax regulations,1,0.0041,unmatched,,,
Tax planning,1,0.0041,unmatched,,,
Tax management,1,0.0041,unmatched,,,
Tax determination,1,0.0041,unmatched,,,
Associate project manger,1,0.0041,unmatched,,,
Associate director,1,0.0041,unmatched,,,
Team Building ability,1,0.0041,unmatched,,,
Tealeaf,1,0.0041,unmatched,,,
Teal Leader,1,0.0041,unmatched,,,
Teaching mathematics,1,0.0041,unmatched,,,
Teaching Science,1,0.0041,unmatched,,,
Assistant manager,1,0.0041,unmatched,,,
Assistant Teacher,1,0.0041,unmatched,,,
Assistant Store Manager,1,0.0041,unmatched,,,
Assistant Store Manageer,1,0.0041,unmatched,,,
Assistant Sales Executive,1,0.0041,unmatched,,,
Assistant Professor,1,0.0041,unmatched,,,
Assistant Manager Warehouse,1,0.0041,unmatched,,,
Assistant Manager Taxation,1,0.0041,unmatched,,,
Assistant Manager Talent Acquisition,1,0.0041,unmatched,,,
Assistant Manager SCM,1,0.0041,unmatched,,,
Assistant Manager Recruitment,1,0.0041,unmatched,,,
Team Leader Customer Service,1,0.0041,unmatched,,,
Team Lead quality,1,0.0041,unmatched,,,
Team Handling Skills,1,0.0041,unmatched,,,
Assistant Manager Maintenance,1,0.0041,unmatched,,,
Assistant Manager Housekeeping,1,0.0041,unmatched,,,
Assistant Manager HSE,1,0.0041,unmatched,,,
Assistant Manager Business Analyst,1,0.0041,unmatched,,,
Assistant Manager - QA,1,0.0041,unmatched,,,
Assistant Front Desk Manager,1,0.0041,unmatched,,,
Assistant Executive,1,0.0041,unmatched,,,
Assistant Director,1,0.0041,unmatched,,,
Assistant  Production Manager,1,0.0041,unmatched,,,
Assistant,1,0.0041,unmatched,,,
Assist in periodic internal audits,1,0.0041,unmatched,,,
Team Coordination & Problem Solving,1,0.0041,unmatched,,,
Team Centre,1,0.0041,unmatched,,,
Asset accounting,1,0.0041,unmatched,,,
Asset Under Management,1,0.0041,unmatched,,,
Asset Tracking,1,0.0041,unmatched,,,
Asset Safeguarding,1,0.0041,unmatched,,,
Asset Reconciliations,1,0.0041,unmatched,,,
Asset Protection,1,0.0041,unmatched,,,
Asset Operations,1,0.0041,unmatched,,,
Asset Management Firms,1,0.0041,unmatched,,,
Asset Maintenance,1,0.0041,unmatched,,,
Asset Finance,1,0.0041,unmatched,,,
Asset Analytics,1,0.0041,unmatched,,,
Team Leadership & Staff Mentoring,1,0.0041,unmatched,,,
Team Leadership & People Management,1,0.0041,unmatched,,,
Team Leadership & Mentoring,1,0.0041,unmatched,,,
Team Leader Operations,1,0.0041,unmatched,,,
Team Leader Customer Support,1,0.0041,unmatched,,,
Team leadership,1,0.0041,unmatched,,,
Team handl,1,0.0041,unmatched,,,
Assesmbly,1,0.0041,unmatched,,,
Assembly line,1,0.0041,unmatched,,,
Assembly Trainee,1,0.0041,unmatched,,,
Assembly Technician,1,0.0041,unmatched,,,
Assembly Shop,1,0.0041,unmatched,,,
Assembly Setup,1,0.0041,unmatched,,,
Assembly Production,1,0.0041,unmatched,,,
Assembly Processes,1,0.0041,unmatched,,,
Team hand,1,0.0041,unmatched,,,
Team Target,1,0.0041,unmatched,,,
Team Support,1,0.0041,unmatched,,,
Team Player,1,0.0041,unmatched,,,
Team Mangement,1,0.0041,unmatched,,,
Asset liability management,1,0.0041,unmatched,,,
Technical Assistance,1,0.0041,unmatched,,,
Technical Assessment,1,0.0041,unmatched,,,
Technical Analyst,1,0.0041,unmatched,,,
Technical Advisor,1,0.0041,unmatched,,,
Technical Account Management,1,0.0041,unmatched,,,
Techinical skills in billing software,1,0.0041,unmatched,,,
Tech Sales,1,0.0041,unmatched,,,
Tech Lead Devops,1,0.0041,unmatched,,,
Tech Content,1,0.0041,unmatched,,,
Teat Manager,1,0.0041,unmatched,,,
Teamwork and collaboration,1,0.0041,unmatched,,,
Teaming,1,0.0041,unmatched,,,
Teamcity,1,0.0041,unmatched,,,
Teamcenter engineering,1,0.0041,unmatched,,,
Team work,1,0.0041,unmatched,,,
Team skills,1,0.0041,unmatched,,,
Asp.Netcore,1,0.0041,unmatched,,,
Asp.Net Web Api,1,0.0041,unmatched,,,
Asp.Net MVC,1,0.0041,unmatched,,,
Asp.Net Ajax,1,0.0041,unmatched,,,
Aso,1,0.0041,unmatched,,,
Asic Verification,1,0.0041,unmatched,,,
Asic,1,0.0041,unmatched,,,
Assembly Fixtures,1,0.0041,unmatched,,,
Assembly Engineer,1,0.0041,unmatched,,,
Assembly Design,1,0.0041,unmatched,,,
Assembly Automation,1,0.0041,unmatched,,,
Assemblies,1,0.0041,unmatched,,,
Assembler programming,1,0.0041,unmatched,,,
Aspnet Programming Languages,1,0.0041,unmatched,,,
Aspnet Framework,1,0.0041,unmatched,,,
Aspen,1,0.0041,unmatched,,,
Ash Disposal,1,0.0041,unmatched,,,
Ash Bids,1,0.0041,unmatched,,,
Ash Bid Participation,1,0.0041,unmatched,,,
Ascp,1,0.0041,unmatched,,,
Asce,1,0.0041,unmatched,,,
Technical Manager-Product-Support-Housing Technical Department,1,0.0041,unmatched,,,
Technical Knowledge,1,0.0041,unmatched,,,
Technical Implementation,1,0.0041,unmatched,,,
Technical Feasibility Study,1,0.0041,unmatched,,,
Technical Expertise,1,0.0041,unmatched,,,
Technical Engineer,1,0.0041,unmatched,,,
Technical Editing,1,0.0041,unmatched,,,
Technical Content Developer/ Reviewer,1,0.0041,unmatched,,,
Technical Bid Analysis,1,0.0041,unmatched,,,
Technical Assurance,1,0.0041,unmatched,,,
Asp.net core 8,1,0.0041,unmatched,,,
Technical Report Writing,1,0.0041,unmatched,,,
Technical Recruitmentm,1,0.0041,unmatched,,,
Technical Proposal,1,0.0041,unmatched,,,
Technical Project Manager,1,0.0041,unmatched,,,
Technical Program Management,1,0.0041,unmatched,,,
Technical Product Owner,1,0.0041,unmatched,,,
Technical Prod,1,0.0041,unmatched,,,
Ashsales,1,0.0041,unmatched,,,
Ash logistics,1,0.0041,unmatched,,,
Ash disposal,1,0.0041,unmatched,,,
Ash Utilisation,1,0.0041,unmatched,,,
Ash Sourcing,1,0.0041,unmatched,,,
Ash Sales,1,0.0041,unmatched,,,
Ash Procurmenet,1,0.0041,unmatched,,,
Ash Exports,1,0.0041,unmatched,,,
Ash Dyke,1,0.0041,unmatched,,,
Technical Supervisor,1,0.0041,unmatched,,,
Technical SkillsContent Skills creativity Communication & collaboration project management,1,0.0041,unmatched,,,
Technical Sales Presentations,1,0.0041,unmatched,,,
Asc 606,1,0.0041,unmatched,,,
As9100D,1,0.0041,unmatched,,,
As400 Admin,1,0.0041,unmatched,,,
As-Built Drawings,1,0.0041,unmatched,,,
As Built Drawings,1,0.0041,unmatched,,,
As Built Drawing,1,0.0041,unmatched,,,
Aruba Wireless,1,0.0041,unmatched,,,
Artshala,1,0.0041,unmatched,,,
Arts teacher,1,0.0041,unmatched,,,
Artist management,1,0.0041,unmatched,,,
Technical Sales Executive,1,0.0041,unmatched,,,
Technical Risk,1,0.0041,unmatched,,,
Technical Research & Report Writing,1,0.0041,unmatched,,,
Technical excellence,1,0.0041,unmatched,,,
Technical evaluation,1,0.0041,unmatched,,,
Technical drawings,1,0.0041,unmatched,,,
Artisan activities,1,0.0041,unmatched,,,
Artioscad,1,0.0041,unmatched,,,
Artios CAD,1,0.0041,unmatched,,,
Artifacts,1,0.0041,unmatched,,,
Articulate Studio,1,0.0041,unmatched,,,
Articulate Rise,1,0.0041,unmatched,,,
Articleship,1,0.0041,unmatched,,,
Arterial Line Insertion,1,0.0041,unmatched,,,
Art And Craft Teacher,1,0.0041,unmatched,,,
Technical Testing,1,0.0041,unmatched,,,
Technical Support Voice,1,0.0041,unmatched,,,
Technical Support Representative,1,0.0041,unmatched,,,
Technical Support Freshers,1,0.0041,unmatched,,,
Technical specification,1,0.0041,unmatched,,,
Technical recruitment,1,0.0041,unmatched,,,
Ars,1,0.0041,unmatched,,,
Arrive On Timely,1,0.0041,unmatched,,,
Arrivals,1,0.0041,unmatched,,,
Arrange the tooling,1,0.0041,unmatched,,,
Aroma Chemicals,1,0.0041,unmatched,,,
Army Retired,1,0.0041,unmatched,,,
Arm,1,0.0041,unmatched,,,
Aris,1,0.0041,unmatched,,,
Arima,1,0.0041,unmatched,,,
Ariba functional consultant,1,0.0041,unmatched,,,
Ariba consultant,1,0.0041,unmatched,,,
Ariba Cloud,1,0.0041,unmatched,,,
Technical operations,1,0.0041,unmatched,,,
Technical head,1,0.0041,unmatched,,,
Technology Recruitment,1,0.0041,unmatched,,,
Technology Capacity Planning,1,0.0041,unmatched,,,
Technology Audit,1,0.0041,unmatched,,,
Techno-commercial Sales,1,0.0041,unmatched,,,
Techno-Functional Solution,1,0.0041,unmatched,,,
Techno-Commercial Functions,1,0.0041,unmatched,,,
Argus,1,0.0041,unmatched,,,
ArgoCD,1,0.0041,unmatched,,,
Area Sales manager,1,0.0041,unmatched,,,
Area Operations Manager,1,0.0041,unmatched,,,
Area Operations,1,0.0041,unmatched,,,
Area Credit Manager,1,0.0041,unmatched,,,
Techno-Commercial,1,0.0041,unmatched,,,
Techno Economic Viability,1,0.0041,unmatched,,,
Techno Commerical Manager,1,0.0041,unmatched,,,
Technical specifications,1,0.0041,unmatched,,,
Architectural Desktop,1,0.0041,unmatched,,,
Architecting And Designing,1,0.0041,unmatched,,,
Archieve gateway,1,0.0041,unmatched,,,
ArcGIS Server,1,0.0041,unmatched,,,
ArcGIS Online,1,0.0041,unmatched,,,
ArcGIS Desktop,1,0.0041,unmatched,,,
Area,1,0.0041,unmatched,,,
Arcore,1,0.0041,unmatched,,,
Arcon,1,0.0041,unmatched,,,
Archive Info Archive shell,1,0.0041,unmatched,,,
Architecture Styles,1,0.0041,unmatched,,,
Architecture Design,1,0.0041,unmatched,,,
Architectural work,1,0.0041,unmatched,,,
Architectural Modeling Tools,1,0.0041,unmatched,,,
Architectural Experiance,1,0.0041,unmatched,,,
Technology Sales,1,0.0041,unmatched,,,
Tele Marketing Executive,1,0.0041,unmatched,,,
Tele Calling,1,0.0041,unmatched,,,
Arc Map,1,0.0041,unmatched,,,
Arc,1,0.0041,unmatched,,,
Arbor,1,0.0041,unmatched,,,
Arbitration Law,1,0.0041,unmatched,,,
Ar calling,1,0.0041,unmatched,,,
Ar Reports,1,0.0041,unmatched,,,
Ar Followups,1,0.0041,unmatched,,,
Ar Collection,1,0.0041,unmatched,,,
Telco infrastructure,1,0.0041,unmatched,,,
Tekla modeler,1,0.0041,unmatched,,,
Tekla Checker,1,0.0041,unmatched,,,
Tehnical Sales Engineer,1,0.0041,unmatched,,,
Tedds,1,0.0041,unmatched,,,
Technology head,1,0.0041,unmatched,,,
Telecom domain,1,0.0041,unmatched,,,
Apr,1,0.0041,unmatched,,,
Appstore,1,0.0041,unmatched,,,
Appscan,1,0.0041,unmatched,,,
Apps Script,1,0.0041,unmatched,,,
Approvals,1,0.0041,unmatched,,,
Apprentice Trainee,1,0.0041,unmatched,,,
Apprentice,1,0.0041,unmatched,,,
Appointment Scheduling,1,0.0041,unmatched,,,
Telecom Networking,1,0.0041,unmatched,,,
Telecom Engineering,1,0.0041,unmatched,,,
Telecom Bss,1,0.0041,unmatched,,,
Tele-sales Executive,1,0.0041,unmatched,,,
Tele selling,1,0.0041,unmatched,,,
Tele calling,1,0.0041,unmatched,,,
Tele Sales Executive,1,0.0041,unmatched,,,
Telerik,1,0.0041,unmatched,,,
Telephony,1,0.0041,unmatched,,,
Appoint New Trade Partner,1,0.0041,unmatched,,,
Applications in Mendix,1,0.0041,unmatched,,,
Applications Support,1,0.0041,unmatched,,,
Application testing,1,0.0041,unmatched,,,
Application server,1,0.0041,unmatched,,,
Application onboarding,1,0.0041,unmatched,,,
Application management,1,0.0041,unmatched,,,
Application logs,1,0.0041,unmatched,,,
Application integration,1,0.0041,unmatched,,,
Telephone operating,1,0.0041,unmatched,,,
Teleperormance,1,0.0041,unmatched,,,
Telemedicine,1,0.0041,unmatched,,,
Teleconsulting,1,0.0041,unmatched,,,
Telecommunication Engineering,1,0.0041,unmatched,,,
Tenant Relations,1,0.0041,unmatched,,,
Tems,1,0.0041,unmatched,,,
Tempo Interface,1,0.0041,unmatched,,,
Template Creation,1,0.0041,unmatched,,,
Template,1,0.0041,unmatched,,,
Temperature Gauge,1,0.0041,unmatched,,,
Application Testing,1,0.0041,unmatched,,,
Application Software Testing,1,0.0041,unmatched,,,
Application Server,1,0.0041,unmatched,,,
Application Security Framework ASF,1,0.0041,unmatched,,,
Application Security Framework,1,0.0041,unmatched,,,
Temp,1,0.0041,unmatched,,,
Temenos T24 core banking system,1,0.0041,unmatched,,,
Temenos T24,1,0.0041,unmatched,,,
Teller Activities,1,0.0041,unmatched,,,
Teller,1,0.0041,unmatched,,,
TensorFlow Serving,1,0.0041,unmatched,,,
Tender preparation,1,0.0041,unmatched,,,
Tender Preparation & Submission,1,0.0041,unmatched,,,
Application Analyst,1,0.0041,unmatched,,,
Appliances Sales,1,0.0041,unmatched,,,
Apple,1,0.0041,unmatched,,,
Appian development,1,0.0041,unmatched,,,
Application Management,1,0.0041,unmatched,,,
Application Maintenance,1,0.0041,unmatched,,,
Application Level DB performance support,1,0.0041,unmatched,,,
Application Interface Development,1,0.0041,unmatched,,,
Application Expert,1,0.0041,unmatched,,,
Application Engineer,1,0.0041,unmatched,,,
Application Development Methodologies,1,0.0041,unmatched,,,
Tender Filling,1,0.0041,unmatched,,,
Tender Business,1,0.0041,unmatched,,,
Term loan,1,0.0041,unmatched,,,
Appian Smart Services,1,0.0041,unmatched,,,
Appian Designer,1,0.0041,unmatched,,,
Appian Bpm,1,0.0041,unmatched,,,
Appian Analyst,1,0.0041,unmatched,,,
Appendectomy,1,0.0041,unmatched,,,
Apparel Recruitment,1,0.0041,unmatched,,,
Apparel Production,1,0.0041,unmatched,,,
Apparel Manufacturing,1,0.0041,unmatched,,,
Apparel Designing,1,0.0041,unmatched,,,
Term Loans,1,0.0041,unmatched,,,
Term Life Insurance,1,0.0041,unmatched,,,
Term Deposits,1,0.0041,unmatched,,,
Teradata Utilities,1,0.0041,unmatched,,,
Teradata SQL,1,0.0041,unmatched,,,
Teradata Bi,1,0.0041,unmatched,,,
App Campaigns,1,0.0041,unmatched,,,
Test Automation TOSCA,1,0.0041,unmatched,,,
Test Automation Playwright,1,0.0041,unmatched,,,
Test Automation Frameworks,1,0.0041,unmatched,,,
Test Automation Careers,1,0.0041,unmatched,,,
Test Architecture,1,0.0041,unmatched,,,
Tesseract,1,0.0041,unmatched,,,
Terry Towel,1,0.0041,unmatched,,,
Territory management,1,0.0041,unmatched,,,
Territory Sales Representative,1,0.0041,unmatched,,,
Territory Manager Retail Sales,1,0.0041,unmatched,,,
Territory Manager,1,0.0041,unmatched,,,
Termination,1,0.0041,unmatched,,,
Terminal services,1,0.0041,unmatched,,,
Terminal Sales,1,0.0041,unmatched,,,
Terminal Handling,1,0.0041,unmatched,,,
Test Case Development,1,0.0041,unmatched,,,
Test Bed,1,0.0041,unmatched,,,
Apm Tools,1,0.0041,unmatched,,,
Apic,1,0.0041,unmatched,,,
Api Web Services,1,0.0041,unmatched,,,
Api Sales,1,0.0041,unmatched,,,
Api Production,1,0.0041,unmatched,,,
App store,1,0.0041,unmatched,,,
App dynamics,1,0.0041,unmatched,,,
App Store Optimization,1,0.0041,unmatched,,,
App Store,1,0.0041,unmatched,,,
App Security,1,0.0041,unmatched,,,
App Marketing,1,0.0041,unmatched,,,
App Exchange,1,0.0041,unmatched,,,
App Engine,1,0.0041,unmatched,,,
App Config,1,0.0041,unmatched,,,
Apache Flink,1,0.0041,unmatched,,,
Apache Felix,1,0.0041,unmatched,,,
Apache Derby,1,0.0041,unmatched,,,
Apache Beam,1,0.0041,unmatched,,,
Ap Accounting,1,0.0041,unmatched,,,
Api Connect,1,0.0041,unmatched,,,
Apc Channel,1,0.0041,unmatched,,,
Apb,1,0.0041,unmatched,,,
Apache Tomcat Cloud Technology,1,0.0041,unmatched,,,
Apache Tomcat Administration,1,0.0041,unmatched,,,
Apache Superset,1,0.0041,unmatched,,,
Test Environment Incident Management,1,0.0041,unmatched,,,
Test Documentation & SOPs,1,0.0041,unmatched,,,
Test Documentation,1,0.0041,unmatched,,,
Test Data,1,0.0041,unmatched,,,
Test Case Preparation,1,0.0041,unmatched,,,
Any Graduate,1,0.0041,unmatched,,,
Any Diploma,1,0.0041,unmatched,,,
Any Development,1,0.0041,unmatched,,,
Antivirus Management,1,0.0041,unmatched,,,
Antimicrobial Testing,1,0.0041,unmatched,,,
Anticoagulation Therapy,1,0.0041,unmatched,,,
Antibody Engineering,1,0.0041,unmatched,,,
Anti Spam Laws,1,0.0041,unmatched,,,
Test Script Development,1,0.0041,unmatched,,,
Test Records,1,0.0041,unmatched,,,
Test Manager,1,0.0041,unmatched,,,
Test Management tools,1,0.0041,unmatched,,,
Test Management Tool,1,0.0041,unmatched,,,
Test Execution Troubleshooting,1,0.0041,unmatched,,,
Apache Sling,1,0.0041,unmatched,,,
Apache Ranger,1,0.0041,unmatched,,,
TestNG,1,0.0041,unmatched,,,
Test scripts for NodeJS,1,0.0041,unmatched,,,
Test scripting,1,0.0041,unmatched,,,
Anti Financial Crime,1,0.0041,unmatched,,,
Ant,1,0.0041,unmatched,,,
Ansys Workbench,1,0.0041,unmatched,,,
Ansible Tower,1,0.0041,unmatched,,,
Ansi,1,0.0041,unmatched,,,
Animator,1,0.0041,unmatched,,,
Test data,1,0.0041,unmatched,,,
Test case review,1,0.0041,unmatched,,,
Test case preparation,1,0.0041,unmatched,,,
Test case creation,1,0.0041,unmatched,,,
Test automation framework,1,0.0041,unmatched,,,
Aoi,1,0.0041,unmatched,,,
Any Graduate Appear or Diploma Candidate can apply,1,0.0041,unmatched,,,
Testing fresher,1,0.0041,unmatched,,,
Testing Manual And Automation,1,0.0041,unmatched,,,
Testing Etl,1,0.0041,unmatched,,,
Animal Welfare,1,0.0041,unmatched,,,
Animal Nutrition,1,0.0041,unmatched,,,
Angular V8,1,0.0041,unmatched,,,
Angular Material,1,0.0041,unmatched,,,
Angular 19,1,0.0041,unmatched,,,
Angular 17,1,0.0041,unmatched,,,
Testing And Validation,1,0.0041,unmatched,,,
Testing And Deployment,1,0.0041,unmatched,,,
Testing And Debugging,1,0.0041,unmatched,,,
Testing & CI/CD,1,0.0041,unmatched,,,
Tester,1,0.0041,unmatched,,,
TestRail,1,0.0041,unmatched,,,
TestNG Automation Jobs,1,0.0041,unmatched,,,
The Changemakers,1,0.0041,unmatched,,,
Thai language,1,0.0041,unmatched,,,
Thai Translator,1,0.0041,unmatched,,,
Textile Testing,1,0.0041,unmatched,,,
Angular 15,1,0.0041,unmatched,,,
Angular 14+ applications,1,0.0041,unmatched,,,
Angular 13,1,0.0041,unmatched,,,
Angular 11+,1,0.0041,unmatched,,,
Angular .NET,1,0.0041,unmatched,,,
Anesthesiology,1,0.0041,unmatched,,,
Anesthesia Coding,1,0.0041,unmatched,,,
Andromeda,1,0.0041,unmatched,,,
Andrology,1,0.0041,unmatched,,,
Textile Printing,1,0.0041,unmatched,,,
Text mining,1,0.0041,unmatched,,,
Teststand,1,0.0041,unmatched,,,
Thermal Growth,1,0.0041,unmatched,,,
Thermal Equipment,1,0.0041,unmatched,,,
Thermal Design Evaluation,1,0.0041,unmatched,,,
Android framework,1,0.0041,unmatched,,,
Android development,1,0.0041,unmatched,,,
Android developer,1,0.0041,unmatched,,,
Android build systems,1,0.0041,unmatched,,,
Android Testing,1,0.0041,unmatched,,,
Android Os,1,0.0041,unmatched,,,
Android Native,1,0.0041,unmatched,,,
Android Malware Analysis,1,0.0041,unmatched,,,
Android Developer,1,0.0041,unmatched,,,
Andriod Support,1,0.0041,unmatched,,,
Thermal Calculations,1,0.0041,unmatched,,,
Therapies,1,0.0041,unmatched,,,
The Human Resource Executive will be Responsible for supporting day-to-day HR functions,1,0.0041,unmatched,,,
And Cabinets,1,0.0041,unmatched,,,
Threat Detection,1,0.0041,unmatched,,,
Thread Ring & Plug Gauges,1,0.0041,unmatched,,,
Third-party System Integration,1,0.0041,unmatched,,,
Third Party Transaction,1,0.0041,unmatched,,,
Third Party Manufacturing,1,0.0041,unmatched,,,
Third Party Integration,1,0.0041,unmatched,,,
Third Party Collections,1,0.0041,unmatched,,,
Thermodynamic Modeling Tools,1,0.0041,unmatched,,,
Thermocouple sales,1,0.0041,unmatched,,,
Thermocouple,1,0.0041,unmatched,,,
Thermal power,1,0.0041,unmatched,,,
Thermal plant,1,0.0041,unmatched,,,
Thermal analysis,1,0.0041,unmatched,,,
Thermal Simulation,1,0.0041,unmatched,,,
Thermal Power Knowledge,1,0.0041,unmatched,,,
Threathunting,1,0.0041,unmatched,,,
And Validate Data From Various Internal And External Sources,1,0.0041,unmatched,,,
And Supervises All Transportation Activities For An Organization,1,0.0041,unmatched,,,
And Stays Updated On Digital Media Trends,1,0.0041,unmatched,,,
And Resource Planning,1,0.0041,unmatched,,,
And Preparing Scope/Electrical/Bought-Out Lists,1,0.0041,unmatched,,,
And Negotiation Skills,1,0.0041,unmatched,,,
And Monitoring Operational Budgets And Goals,1,0.0041,unmatched,,,
And Maintaining Quality Assurance And Quality Control Protocols To Ensure All Painted Products Meet Or Exceed Internal Standards,1,0.0041,unmatched,,,
And Maintaining Motorcycles,1,0.0041,unmatched,,,
And Maintain Custom Applications,1,0.0041,unmatched,,,
And Hardware Simulation,1,0.0041,unmatched,,,
And Executing Test Cases,1,0.0041,unmatched,,,
And Ensuring Safe Working Conditions,1,0.0041,unmatched,,,
And Data Models To Segment Customers  And Design Differentiated Treatment Strategies,1,0.0041,unmatched,,,
And Creative Skills,1,0.0041,unmatched,,,
Ticketing Management,1,0.0041,unmatched,,,
Analytical instruments,1,0.0041,unmatched,,,
Analytical chemistry,1,0.0041,unmatched,,,
Analytical and problem-solving abilities,1,0.0041,unmatched,,,
Analytical and Reporting Skills,1,0.0041,unmatched,,,
Analytical Rigor,1,0.0041,unmatched,,,
Analytical Reasoning,1,0.0041,unmatched,,,
And Adaptable To Diverse Industries,1,0.0041,unmatched,,,
And Achieve Sales Target,1,0.0041,unmatched,,,
And Ability To Work Under Deadlines,1,0.0041,unmatched,,,
Anchoring,1,0.0041,unmatched,,,
Anatomy Assistant Professor,1,0.0041,unmatched,,,
Analyzer,1,0.0041,unmatched,,,
Analyze Business,1,0.0041,unmatched,,,
Analytics Lead,1,0.0041,unmatched,,,
Thulium,1,0.0041,unmatched,,,
Time Office Management,1,0.0041,unmatched,,,
Time Office Administration,1,0.0041,unmatched,,,
Time And Motion Study,1,0.0041,unmatched,,,
Analytical & Problem-Solving Ability,1,0.0041,unmatched,,,
Analytical & Problem-Solving,1,0.0041,unmatched,,,
Analytical & Data Modeling Skills,1,0.0041,unmatched,,,
Analyst Relations,1,0.0041,unmatched,,,
Analyst Executive,1,0.0041,unmatched,,,
Analysing Website Downtime,1,0.0041,unmatched,,,
Analog Design,1,0.0041,unmatched,,,
Analog Circuit Design,1,0.0041,unmatched,,,
TikTok Ads,1,0.0041,unmatched,,,
Tig,1,0.0041,unmatched,,,
Tier 2,1,0.0041,unmatched,,,
Tie Ups,1,0.0041,unmatched,,,
Tidal,1,0.0041,unmatched,,,
Timing Analysis,1,0.0041,unmatched,,,
AnaCredit,1,0.0041,unmatched,,,
Ams Leadership Role,1,0.0041,unmatched,,,
Amqp,1,0.0041,unmatched,,,
Amplifiers,1,0.0041,unmatched,,,
Amp,1,0.0041,unmatched,,,
Amonia,1,0.0041,unmatched,,,
Amisp,1,0.0041,unmatched,,,
Ami,1,0.0041,unmatched,,,
Amfi Certified,1,0.0041,unmatched,,,
Amfi,1,0.0041,unmatched,,,
Timers,1,0.0041,unmatched,,,
Timeline Management,1,0.0041,unmatched,,,
Time Tracking,1,0.0041,unmatched,,,
Time Tabling,1,0.0041,unmatched,,,
Time Series,1,0.0041,unmatched,,,
Tool Design And Development,1,0.0041,unmatched,,,
Tool & die,1,0.0041,unmatched,,,
Tool & Die maker,1,0.0041,unmatched,,,
Tomcat Server,1,0.0041,unmatched,,,
Toll manufacturing,1,0.0041,unmatched,,,
Tolerance Stackup Analysis,1,0.0041,unmatched,,,
Tolerance Stackup,1,0.0041,unmatched,,,
Tolerance,1,0.0041,unmatched,,,
Token Optimization,1,0.0041,unmatched,,,
Tocsa,1,0.0041,unmatched,,,
Tlf,1,0.0041,unmatched,,,
Tivoli Workload Scheduler,1,0.0041,unmatched,,,
Title Insurance,1,0.0041,unmatched,,,
Tire Curing,1,0.0041,unmatched,,,
Tire Building,1,0.0041,unmatched,,,
Tippers,1,0.0041,unmatched,,,
Tool maintenance,1,0.0041,unmatched,,,
Tool engineering,1,0.0041,unmatched,,,
Tool Room Operator,1,0.0041,unmatched,,,
Tool Repair,1,0.0041,unmatched,,,
American Sports Writing,1,0.0041,unmatched,,,
American Motorsports Jurnalism,1,0.0041,unmatched,,,
American Motorsports Content Writing,1,0.0041,unmatched,,,
American,1,0.0041,unmatched,,,
Amendments,1,0.0041,unmatched,,,
Amendment In Work Order,1,0.0041,unmatched,,,
Amdocs SOM,1,0.0041,unmatched,,,
Amdocs CES,1,0.0041,unmatched,,,
Amdocs Billing,1,0.0041,unmatched,,,
Amdocs AUA,1,0.0041,unmatched,,,
Amba,1,0.0041,unmatched,,,
Amazon Vpc,1,0.0041,unmatched,,,
Total Productive Maintenance,1,0.0041,unmatched,,,
Torque Tool,1,0.0041,unmatched,,,
Torque Tester,1,0.0041,unmatched,,,
Tornado,1,0.0041,unmatched,,,
Topographic surveys,1,0.0041,unmatched,,,
Tools & Reporting,1,0.0041,unmatched,,,
Toolkits,1,0.0041,unmatched,,,
Amazon Sns,1,0.0041,unmatched,,,
Amazon S3,1,0.0041,unmatched,,,
Amazon PPC,1,0.0041,unmatched,,,
Amazon Marketplace,1,0.0041,unmatched,,,
Amazon Lex,1,0.0041,unmatched,,,
Amazon Cloud,1,0.0041,unmatched,,,
Amazon Advertising Campaigns,1,0.0041,unmatched,,,
Amazon Advertising,1,0.0041,unmatched,,,
Tool room,1,0.0041,unmatched,,,
Allen Bradley,1,0.0041,unmatched,,,
All conventional machine knowledge,1,0.0041,unmatched,,,
All Asset Class Knowledge,1,0.0041,unmatched,,,
Alignment Procedures Of Pumps And Turbine Drive Sets,1,0.0041,unmatched,,,
Alignment,1,0.0041,unmatched,,,
Algorithmic Trading,1,0.0041,unmatched,,,
Algorithm Spot,1,0.0041,unmatched,,,
Amada  Programmer,1,0.0041,unmatched,,,
Alv Reports,1,0.0041,unmatched,,,
Aluminum,1,0.0041,unmatched,,,
Aluform,1,0.0041,unmatched,,,
Altryx,1,0.0041,unmatched,,,
Alternative Investments,1,0.0041,unmatched,,,
Alternative Investment Fund,1,0.0041,unmatched,,,
Alternate sourcing,1,0.0041,unmatched,,,
Alternate Vendor development,1,0.0041,unmatched,,,
Trade And Logistics,1,0.0041,unmatched,,,
Trade Accounting,1,0.0041,unmatched,,,
Tractor Finance,1,0.0041,unmatched,,,
Tractor,1,0.0041,unmatched,,,
Track And Trace,1,0.0041,unmatched,,,
Track Accounts Receivable,1,0.0041,unmatched,,,
Traceability Software,1,0.0041,unmatched,,,
Tr,1,0.0041,unmatched,,,
Tp Reports,1,0.0041,unmatched,,,
Tower Foundation Design,1,0.0041,unmatched,,,
Tour Plan,1,0.0041,unmatched,,,
Tour Package Sales,1,0.0041,unmatched,,,
Tour Operator,1,0.0041,unmatched,,,
Total Station Operation,1,0.0041,unmatched,,,
Alm Application Lifecycle Management,1,0.0041,unmatched,,,
Alliance management,1,0.0041,unmatched,,,
Airport stores,1,0.0041,unmatched,,,
Airport Ground Handling,1,0.0041,unmatched,,,
Airport Design,1,0.0041,unmatched,,,
Airport Building,1,0.0041,unmatched,,,
Airline Ticketing,1,0.0041,unmatched,,,
Airline Relationship Management,1,0.0041,unmatched,,,
Airframe Maintenance,1,0.0041,unmatched,,,
Algorithm Design,1,0.0041,unmatched,,,
Algorithm,1,0.0041,partial/semantic_match,Algorithms,"Nashik University, University of Mumbai, Savitribai Phule Pune University","MDC401 Multidisciplinary minor 20 20 40 60 2 -- -- 100, Unknown"
Album Designers,1,0.0041,unmatched,,,
Alarm Monitoring,1,0.0041,unmatched,,,
Akka,1,0.0041,unmatched,,,
Ajax Jquery,1,0.0041,unmatched,,,
Aix Operating Systems,1,0.0041,unmatched,,,
Aix Environment,1,0.0041,unmatched,,,
Trade Business,1,0.0041,unmatched,,,
Aircraft Maintenance Engineer,1,0.0041,unmatched,,,
Aircraft Maintenance,1,0.0041,unmatched,,,
Air compressor,1,0.0041,unmatched,,,
Air cargo,1,0.0041,unmatched,,,
Air Pollution Control,1,0.0041,unmatched,,,
Air Import,1,0.0041,unmatched,,,
Air Hostess Activities,1,0.0041,unmatched,,,
Air Gauges,1,0.0041,unmatched,,,
Trade Promotion Management,1,0.0041,unmatched,,,
Trade Products,1,0.0041,unmatched,,,
Trade Planning,1,0.0041,unmatched,,,
Trade Management,1,0.0041,unmatched,,,
Trade Lifecycle,1,0.0041,unmatched,,,
Trade Finance Operations,1,0.0041,unmatched,,,
Trade Finance MIS,1,0.0041,unmatched,,,
Trade Execution,1,0.0041,unmatched,,,
Traffic Engineering,1,0.0041,unmatched,,,
Tradtional Plan,1,0.0041,unmatched,,,
Traditional videographer,1,0.0041,unmatched,,,
Traditional photographer,1,0.0041,unmatched,,,
Traditional Plan,1,0.0041,unmatched,,,
Trading Strategies,1,0.0041,unmatched,,,
Trading Networks,1,0.0041,unmatched,,,
Trading Compliance,1,0.0041,unmatched,,,
Trading Applications,1,0.0041,unmatched,,,
Trademark,1,0.0041,unmatched,,,
Trade union,1,0.0041,unmatched,,,
Trade support,1,0.0041,unmatched,,,
Trade finance operations,1,0.0041,unmatched,,,
Trade Systems,1,0.0041,unmatched,,,
Trade Surveillance,1,0.0041,unmatched,,,
Aircraft Maintenance License,1,0.0041,unmatched,,,
Ai Algorithms,1,0.0041,unmatched,,,
Ahrefs,1,0.0041,unmatched,,,
Agronomic Expertise,1,0.0041,unmatched,,,
Agro Industry,1,0.0041,unmatched,,,
Agro Commodities,1,0.0041,unmatched,,,
Agro,1,0.0041,unmatched,,,
Agricultural output sourcing,1,0.0041,unmatched,,,
Air Compressor Sales,1,0.0041,unmatched,,,
Air Cargo Security Protocols,1,0.0041,unmatched,,,
Air Cargo BD,1,0.0041,unmatched,,,
Air Brakes,1,0.0041,unmatched,,,
Aiops,1,0.0041,unmatched,,,
Ai/ml,1,0.0041,unmatched,,,
Ai Prompting,1,0.0041,unmatched,,,
Ai Platform,1,0.0041,unmatched,,,
Trainee Engineer,1,0.0041,unmatched,,,
Trams,1,0.0041,unmatched,,,
Training delivery,1,0.0041,unmatched,,,
Training Program Coordinator,1,0.0041,unmatched,,,
Training Program,1,0.0041,unmatched,,,
Training Modules,1,0.0041,unmatched,,,
Agri supplier identification,1,0.0041,unmatched,,,
Agri Finance,1,0.0041,unmatched,,,
Agreement For Sale,1,0.0041,unmatched,,,
Agitators,1,0.0041,unmatched,,,
Agility,1,0.0041,unmatched,,,
Agile Software Development,1,0.0041,unmatched,,,
Agile Scrum,1,0.0041,unmatched,,,
Training Logistics,1,0.0041,unmatched,,,
Training Facilitation,1,0.0041,unmatched,,,
Training Executive,1,0.0041,unmatched,,,
Training & Quality Management,1,0.0041,unmatched,,,
Transaction Documentation,1,0.0041,unmatched,,,
Transaction Banking,1,0.0041,unmatched,,,
Transaction Analysis,1,0.0041,unmatched,,,
Agile Process,1,0.0041,unmatched,,,
Agile Lead,1,0.0041,unmatched,,,
Agile Engineering,1,0.0041,unmatched,,,
Agile Delivery,1,0.0041,unmatched,,,
Agile And Waterfall Methodologies,1,0.0041,unmatched,,,
Aggregate,1,0.0041,unmatched,,,
Agents,1,0.0041,unmatched,,,
AgenticAI,1,0.0041,unmatched,,,
Agentic ai,1,0.0041,unmatched,,,
Transaction Advisory Services,1,0.0041,unmatched,,,
Transaction Advisory Consulting,1,0.0041,unmatched,,,
Transaction,1,0.0041,unmatched,,,
Tranfer Pricing Audit,1,0.0041,unmatched,,,
Agency Manager,1,0.0041,unmatched,,,
Agency Coordination,1,0.0041,unmatched,,,
Agency Billing,1,0.0041,unmatched,,,
Ageing,1,0.0041,unmatched,,,
Aftermarket service management,1,0.0041,unmatched,,,
AfterEffects,1,0.0041,unmatched,,,
Agentic Automation,1,0.0041,unmatched,,,
Agentic - AI,1,0.0041,unmatched,,,
Agent workflow orchestration,1,0.0041,unmatched,,,
Agenetic AI,1,0.0041,unmatched,,,
Agency channel management,1,0.0041,unmatched,,,
Agency Training Manager,1,0.0041,unmatched,,,
Transactional Analysis,1,0.0041,unmatched,,,
Transaction monitoring,1,0.0041,unmatched,,,
Transaction Services,1,0.0041,unmatched,,,
Transaction Operations,1,0.0041,unmatched,,,
Transition Planning,1,0.0041,unmatched,,,
Transition Pieces,1,0.0041,unmatched,,,
After Market Sales,1,0.0041,unmatched,,,
Afs,1,0.0041,unmatched,,,
Africa,1,0.0041,unmatched,,,
Affordable Housing Loan,1,0.0041,unmatched,,,
Afforable,1,0.0041,unmatched,,,
Affluent,1,0.0041,unmatched,,,
Aerospace Structure,1,0.0041,unmatched,,,
Transition Manager,1,0.0041,unmatched,,,
Transfusion Medicine,1,0.0041,unmatched,,,
Transformer Industry,1,0.0041,unmatched,,,
Transformer Design,1,0.0041,unmatched,,,
Transformer,1,0.0041,unmatched,,,
Transformation Projects,1,0.0041,unmatched,,,
Agency Partner Channel,1,0.0041,unmatched,,,
Transport Manager,1,0.0041,unmatched,,,
Aeronautics,1,0.0041,unmatched,,,
Aeronautical Engineering,1,0.0041,unmatched,,,
Aerodynamics,1,0.0041,unmatched,,,
Aem Architect,1,0.0041,unmatched,,,
Aegis,1,0.0041,unmatched,,,
Ae,1,0.0041,unmatched,,,
Advertising Sales,1,0.0041,unmatched,,,
Transport Liaison,1,0.0041,unmatched,,,
Transport Industry,1,0.0041,unmatched,,,
Transmissions,1,0.0041,unmatched,,,
Transmission Line Design,1,0.0041,unmatched,,,
Transmission Line Construction,1,0.0041,unmatched,,,
Transmission Line,1,0.0041,unmatched,,,
Translation tools,1,0.0041,unmatched,,,
Translate Needs Into Specs,1,0.0041,unmatched,,,
Advertising Campaigns,1,0.0041,unmatched,,,
Adverse Event Management,1,0.0041,unmatched,,,
Advanced web features,1,0.0041,unmatched,,,
Advanced Steel,1,0.0041,unmatched,,,
Advanced Shipping Notice,1,0.0041,unmatched,,,
Advanced Product Quality Planning,1,0.0041,unmatched,,,
Advanced Hardware,1,0.0041,unmatched,,,
Advanced Global Intercompany System,1,0.0041,unmatched,,,
Trauma surgery,1,0.0041,unmatched,,,
Transshipment,1,0.0041,unmatched,,,
Transporters,1,0.0041,unmatched,,,
Transportation Safety,1,0.0041,unmatched,,,
Transportation Management,1,0.0041,unmatched,,,
Transport management system,1,0.0041,unmatched,,,
Transport Planning,1,0.0041,unmatched,,,
Transport Modeling Software,1,0.0041,unmatched,,,
Treasury Back Office,1,0.0041,unmatched,,,
Tream Management,1,0.0041,unmatched,,,
Travelling And Meeting Clients,1,0.0041,unmatched,,,
Travelling,1,0.0041,unmatched,,,
Travel management,1,0.0041,unmatched,,,
Travel insurance,1,0.0041,unmatched,,,
Travel desk,1,0.0041,unmatched,,,
Travel alliance,1,0.0041,unmatched,,,
Travel accommodation,1,0.0041,unmatched,,,
Travel Readiness,1,0.0041,unmatched,,,
Travel Package Promotion,1,0.0041,unmatched,,,
Travel Insurance,1,0.0041,unmatched,,,
Travel Expenses,1,0.0041,unmatched,,,
Travel Domain,1,0.0041,unmatched,,,
Travel Desk Management,1,0.0041,unmatched,,,
Travel Cards,1,0.0041,unmatched,,,
Treatment Plant,1,0.0041,unmatched,,,
Treatment Planning,1,0.0041,unmatched,,,
Treating Joint pains,1,0.0041,unmatched,,,
Treasury Head,1,0.0041,unmatched,,,
Treasury Functions,1,0.0041,unmatched,,,
Advanced Financial Control,1,0.0041,unmatched,,,
Advanced Calculus,1,0.0041,unmatched,,,
Advance tax,1,0.0041,unmatched,,,
Advance licence,1,0.0041,unmatched,,,
Advance excel,1,0.0041,unmatched,,,
Advance SQL,1,0.0041,unmatched,,,
Advance License,1,0.0041,unmatched,,,
Advance Job Schedulers,1,0.0041,unmatched,,,
Advance Java Script,1,0.0041,unmatched,,,
Advance Java,1,0.0041,unmatched,,,
Advance Anaklytic,1,0.0041,unmatched,,,
Trend Identification,1,0.0041,unmatched,,,
Adobe Experience Manager AEM,1,0.0041,unmatched,,,
Adobe Captivate,1,0.0041,unmatched,,,
Adobe Campaign Classic,1,0.0041,unmatched,,,
Ado,1,0.0041,unmatched,,,
Adult learning,1,0.0041,unmatched,,,
Adtech,1,0.0041,unmatched,,,
Adsales,1,0.0041,unmatched,,,
Adobe commerce,1,0.0041,unmatched,,,
Adobe XD,1,0.0041,unmatched,,,
Adobe Workfront,1,0.0041,unmatched,,,
Adobe Target,1,0.0041,unmatched,,,
Adobe Illustrator,1,0.0041,unmatched,,,
Trend Based Forecasting,1,0.0041,unmatched,,,
Trend Analysis,1,0.0041,unmatched,,,
Treatment Protocols,1,0.0041,unmatched,,,
Truck driving,1,0.0041,unmatched,,,
Truck Sales,1,0.0041,unmatched,,,
Truck Maintenance,1,0.0041,unmatched,,,
Troubleshooting skills,1,0.0041,unmatched,,,
Troubleshooting Network Problems,1,0.0041,unmatched,,,
Troubleshootig,1,0.0041,unmatched,,,
Trouble,1,0.0041,unmatched,,,
Triton,1,0.0041,unmatched,,,
Tririga,1,0.0041,unmatched,,,
Triple A plus,1,0.0041,unmatched,,,
Triple A,1,0.0041,unmatched,,,
Trip Sheets,1,0.0041,unmatched,,,
Trip Planning,1,0.0041,unmatched,,,
Trip Logic,1,0.0041,unmatched,,,
Trimos,1,0.0041,unmatched,,,
Trial Balance Analysis,1,0.0041,unmatched,,,
Tube Bending,1,0.0041,unmatched,,,
Tsql Queries,1,0.0041,unmatched,,,
Tso,1,0.0041,unmatched,,,
Tsa,1,0.0041,unmatched,,,
Ts,1,0.0041,unmatched,,,
Trustee Handling,1,0.0041,unmatched,,,
Trust Building,1,0.0041,unmatched,,,
Admission Process,1,0.0041,unmatched,,,
Admission Head,1,0.0041,unmatched,,,
Administrator Support,1,0.0041,unmatched,,,
Administrator,1,0.0041,unmatched,,,
Administrative support,1,0.0041,unmatched,,,
Administrative Tasks,1,0.0041,unmatched,,,
Administrative Affairs Management,1,0.0041,unmatched,,,
Trust Accounting,1,0.0041,unmatched,,,
Trust,1,0.0041,unmatched,,,
Tw Loan,1,0.0041,unmatched,,,
Tuv,1,0.0041,unmatched,,,
Turnmill Machine,1,0.0041,unmatched,,,
Turnkey Sales,1,0.0041,unmatched,,,
Turnkey Projects,1,0.0041,unmatched,,,
Turning Center,1,0.0041,unmatched,,,
Turbo Integrator,1,0.0041,unmatched,,,
Turbine,1,0.0041,unmatched,,,
Tunneling,1,0.0041,unmatched,,,
Tunnel,1,0.0041,unmatched,,,
Tuning And Optimization,1,0.0041,unmatched,,,
Tuning,1,0.0041,unmatched,,,
Tunee,1,0.0041,unmatched,,,
Tulip,1,0.0041,unmatched,,,
Tube Mill Operations,1,0.0041,unmatched,,,
Tube Forming,1,0.0041,unmatched,,,
TypeScript/JavaScript,1,0.0041,unmatched,,,
Type Script,1,0.0041,unmatched,,,
Tws,1,0.0041,unmatched,,,
Twincat,1,0.0041,unmatched,,,
Twilio API,1,0.0041,unmatched,,,
Twilio,1,0.0041,unmatched,,,
Administrative & Technical Skills,1,0.0041,unmatched,,,
Administration support,1,0.0041,unmatched,,,
Administration Secretary,1,0.0041,unmatched,,,
Administration Manager,1,0.0041,unmatched,,,
Administer SaaS applications,1,0.0041,unmatched,,,
Admin dispatch,1,0.0041,unmatched,,,
Admin Operations,1,0.0041,unmatched,,,
Admin Management,1,0.0041,unmatched,,,
Admin Executive,1,0.0041,unmatched,,,
Admin Console,1,0.0041,unmatched,,,
Adaptive Insight,1,0.0041,unmatched,,,
Ada,1,0.0041,unmatched,,,
Ad server,1,0.0041,unmatched,,,
Ad hoc tools,1,0.0041,unmatched,,,
Ad hoc scripts,1,0.0041,unmatched,,,
Ad Tech,1,0.0041,unmatched,,,
Ad Creation,1,0.0041,unmatched,,,
Adjudication,1,0.0041,unmatched,,,
Adf,1,0.0041,unmatched,,,
Additive,1,0.0041,unmatched,,,
Additional Strength,1,0.0041,unmatched,,,
Adb,1,0.0041,unmatched,,,
Adaptive Insight FP&A,1,0.0041,unmatched,,,
Typewriting Backoffice,1,0.0041,unmatched,,,
Typescript and JavaScript,1,0.0041,unmatched,,,
Typescript Application development,1,0.0041,unmatched,,,
UI /UX,1,0.0041,unmatched,,,
UHNi,1,0.0041,unmatched,,,
UGNX,1,0.0041,unmatched,,,
UF,1,0.0041,unmatched,,,
UDDI,1,0.0041,unmatched,,,
UDCPR,1,0.0041,unmatched,,,
UDB,1,0.0041,unmatched,,,
UCIC creation process,1,0.0041,unmatched,,,
UCD,1,0.0041,unmatched,,,
UBR,1,0.0041,unmatched,,,
U-Boot,1,0.0041,unmatched,,,
U Stamp,1,0.0041,unmatched,,,
Tyres,1,0.0041,unmatched,,,
Typography and Layout Skills,1,0.0041,unmatched,,,
Typing speed,1,0.0041,unmatched,,,
Typing Jobs,1,0.0041,unmatched,,,
Active directory administration,1,0.0041,unmatched,,,
Active Workspace,1,0.0041,unmatched,,,
UIPath,1,0.0041,unmatched,,,
UIM Cartridge Development,1,0.0041,unmatched,,,
UI5 freestyle programming,1,0.0041,unmatched,,,
UI/UX Designer,1,0.0041,unmatched,,,
UI/UX Design,1,0.0041,unmatched,,,
UI/UX,1,0.0041,unmatched,,,
UI&UX DEVELOPMENT,1,0.0041,unmatched,,,
UI configuration,1,0.0041,unmatched,,,
UI and UX design,1,0.0041,unmatched,,,
UI UX,1,0.0041,unmatched,,,
UI Path,1,0.0041,unmatched,,,
UI Modeling,1,0.0041,unmatched,,,
UI Lead,1,0.0041,unmatched,,,
UI Automation,1,0.0041,unmatched,,,
UK employment legislation,1,0.0041,unmatched,,,
UK client,1,0.0041,unmatched,,,
UK chat process,1,0.0041,unmatched,,,
UK VAT returns,1,0.0041,unmatched,,,
UK Logicstics,1,0.0041,unmatched,,,
UK GAAP,1,0.0041,unmatched,,,
UK,1,0.0041,unmatched,,,
Ad Agency,1,0.0041,unmatched,,,
Acunetix,1,0.0041,unmatched,,,
Acumulus,1,0.0041,unmatched,,,
Actuarial Reporting,1,0.0041,unmatched,,,
Actuarial Manager,1,0.0041,unmatched,,,
Actuarial Analyst,1,0.0041,unmatched,,,
Activity Scheduling and Quota,1,0.0041,unmatched,,,
Activity,1,0.0041,unmatched,,,
Activiti,1,0.0041,unmatched,,,
UPS technologies and configurations,1,0.0041,unmatched,,,
UPS sizing,1,0.0041,unmatched,,,
UPS System,1,0.0041,unmatched,,,
UPI Framework,1,0.0041,unmatched,,,
Active Directory Support,1,0.0041,unmatched,,,
Active Directory Administration,1,0.0041,unmatched,,,
Active Data guard,1,0.0041,unmatched,,,
Action Plan,1,0.0041,unmatched,,,
Actimize watch,1,0.0041,unmatched,,,
Actimize SAM9,1,0.0041,unmatched,,,
Actimize SAM Consultant,1,0.0041,unmatched,,,
ActOne,1,0.0041,unmatched,,,
UNANI MEDICINE,1,0.0041,unmatched,,,
ULD management,1,0.0041,unmatched,,,
UL 857,1,0.0041,unmatched,,,
UK immigration policy,1,0.0041,unmatched,,,
Acquisition Software,1,0.0041,unmatched,,,
Acquisition Manager,1,0.0041,unmatched,,,
Acp,1,0.0041,unmatched,,,
Acoustic,1,0.0041,unmatched,,,
Acocunts Finalisation,1,0.0041,unmatched,,,
Acm,1,0.0041,unmatched,,,
Achieving Sales Targets,1,0.0041,unmatched,,,
Acf2,1,0.0041,unmatched,,,
Acetylene Plant operator,1,0.0041,unmatched,,,
Ace,1,0.0041,unmatched,,,
Acdc Converters,1,0.0041,unmatched,,,
US Deposit,1,0.0041,unmatched,,,
US Customer Care,1,0.0041,unmatched,,,
US Codes,1,0.0041,unmatched,,,
UROLOGIST,1,0.0041,unmatched,,,
URL structure,1,0.0041,unmatched,,,
Accounts Head,1,0.0041,unmatched,,,
Accounts Finance,1,0.0041,unmatched,,,
Accounts Associate,1,0.0041,unmatched,,,
Accounts & Finance Manger,1,0.0041,unmatched,,,
Acd,1,0.0041,unmatched,,,
Accurate Documentation & Record Maintenance,1,0.0041,unmatched,,,
Accrual Profiles,1,0.0041,unmatched,,,
Accrual Entries,1,0.0041,unmatched,,,
Accounts team,1,0.0041,unmatched,,,
Accounts receivable & payable,1,0.0041,unmatched,,,
Accounts Supervisor,1,0.0041,unmatched,,,
Accounts Receivable Executive,1,0.0041,unmatched,,,
Accounts Payable Executive,1,0.0041,unmatched,,,
US Residential Underwriting,1,0.0041,unmatched,,,
US International,1,0.0041,unmatched,,,
Acquisition Strategy,1,0.0041,unmatched,,,
Ubr,1,0.0041,unmatched,,,
Ubo4,1,0.0041,unmatched,,,
Uan,1,0.0041,unmatched,,,
Accounting transactions,1,0.0041,unmatched,,,
Accounting system,1,0.0041,unmatched,,,
Accounting knowlegde,1,0.0041,unmatched,,,
Accounting in Tally,1,0.0041,unmatched,,,
Accounting System,1,0.0041,unmatched,,,
Accounting Standard,1,0.0041,unmatched,,,
Accounting Process,1,0.0041,unmatched,,,
Accounting Principles,1,0.0041,unmatched,,,
Uae Accounting,1,0.0041,unmatched,,,
USB chargers,1,0.0041,unmatched,,,
USA ACCOUNTING,1,0.0041,unmatched,,,
US recruitment,1,0.0041,unmatched,,,
Accounts Payable & Receivable Management,1,0.0041,unmatched,,,
Ui Automation Testing,1,0.0041,unmatched,,,
Accounting Closure,1,0.0041,unmatched,,,
Accounting Automations,1,0.0041,unmatched,,,
Accounting Advisory,1,0.0041,unmatched,,,
Accounting & Management Reporting Role,1,0.0041,unmatched,,,
Accountants management,1,0.0041,unmatched,,,
Accountability,1,0.0041,unmatched,,,
Account relationship management,1,0.0041,unmatched,,,
Account reconciliation Spectrum Software proficiency,1,0.0041,unmatched,,,
Account receivables,1,0.0041,unmatched,,,
Account receivable,1,0.0041,unmatched,,,
Account planning,1,0.0041,unmatched,,,
Uft Testing,1,0.0041,unmatched,,,
Ueba,1,0.0041,unmatched,,,
Udf,1,0.0041,unmatched,,,
Ucs,1,0.0041,unmatched,,,
Account Receivables And Payables,1,0.0041,unmatched,,,
Account Receivable Billing,1,0.0041,unmatched,,,
Account Prospecting,1,0.0041,unmatched,,,
Account Planning,1,0.0041,unmatched,,,
Account Payables,1,0.0041,unmatched,,,
Account Payable,1,0.0041,unmatched,,,
Account Opening,1,0.0041,unmatched,,,
Account Mapping,1,0.0041,unmatched,,,
Account Manager Client Servicing,1,0.0041,unmatched,,,
UiPath,1,0.0041,unmatched,,,
Ui Ux Development,1,0.0041,unmatched,,,
Ui Tools,1,0.0041,unmatched,,,
Ui Theme Designer,1,0.0041,unmatched,,,
Ui Technologies,1,0.0041,unmatched,,,
Ui Framework,1,0.0041,unmatched,,,
Ui Developer,1,0.0041,unmatched,,,
Underground,1,0.0041,unmatched,,,
Undergraduate Freshers,1,0.0041,unmatched,,,
Undergraduate,1,0.0041,unmatched,,,
Under Body,1,0.0041,unmatched,,,
Unbilled,1,0.0041,unmatched,,,
Unani medicine,1,0.0041,unmatched,,,
Ultra viewer,1,0.0041,unmatched,,,
Ultra hni,1,0.0041,unmatched,,,
Ultra HNI Sales,1,0.0041,unmatched,,,
Ulip,1,0.0041,unmatched,,,
Ul,1,0.0041,unmatched,,,
Uk Sales,1,0.0041,unmatched,,,
Uk Collection,1,0.0041,unmatched,,,
Account opening,1,0.0041,unmatched,,,
Account manager,1,0.0041,unmatched,,,
Account Statements,1,0.0041,unmatched,,,
Access system,1,0.0041,unmatched,,,
Unit Test Cases,1,0.0041,unmatched,,,
Unit Sales Manager,1,0.0041,unmatched,,,
Unit Operations,1,0.0041,unmatched,,,
Unit Head,1,0.0041,unmatched,,,
Unisys Mainframe,1,0.0041,unmatched,,,
Unigraphics,1,0.0041,unmatched,,,
Uniform Sales,1,0.0041,unmatched,,,
Unified Inventory Management,1,0.0041,unmatched,,,
Unified Functional Testing,1,0.0041,unmatched,,,
Unified Communications,1,0.0041,unmatched,,,
Underwriting Policies,1,0.0041,unmatched,,,
Understanding of Machine Shop,1,0.0041,unmatched,,,
Understanding of LLMs & GenAI Concepts,1,0.0041,unmatched,,,
Understand mechanical drawing,1,0.0041,unmatched,,,
Underground Metro,1,0.0041,unmatched,,,
Unix Commands,1,0.0041,unmatched,,,
Unix Admin,1,0.0041,unmatched,,,
University,1,0.0041,unmatched,,,
Universe Designer,1,0.0041,unmatched,,,
Unity3d,1,0.0041,unmatched,,,
Unity Catalog,1,0.0041,unmatched,,,
Unity,1,0.0041,unmatched,,,
Account Executive,1,0.0041,unmatched,,,
Account Delivery,1,0.0041,unmatched,,,
Account & Finance Graduate / Post Graduate,1,0.0041,unmatched,,,
Account & Finance,1,0.0041,unmatched,,,
Account,1,0.0041,unmatched,,,
Accommodation,1,0.0041,unmatched,,,
Accident,1,0.0041,unmatched,,,
Accessories Design,1,0.0041,unmatched,,,
Accessibility Testing,1,0.0041,unmatched,,,
Up-Selling,1,0.0041,unmatched,,,
Unsecured Personal Loan,1,0.0041,unmatched,,,
Unsecured Lending,1,0.0041,unmatched,,,
Unloading,1,0.0041,unmatched,,,
Unix administration,1,0.0041,unmatched,,,
Access Points  System Security,1,0.0041,unmatched,,,
Access Points,1,0.0041,unmatched,,,
Access Lists,1,0.0041,unmatched,,,
Access Control Systems,1,0.0041,unmatched,,,
Access Control & Data Security,1,0.0041,unmatched,,,
Access Administration,1,0.0041,unmatched,,,
Acceptance testing,1,0.0041,unmatched,,,
Accenture,1,0.0041,unmatched,,,
Accent Training,1,0.0041,unmatched,,,
Academy Operations,1,0.0041,unmatched,,,
Unix Shell,1,0.0041,unmatched,,,
Urdu language,1,0.0041,unmatched,,,
Urban planning,1,0.0041,unmatched,,,
Urban Money,1,0.0041,unmatched,,,
Urban Economics,1,0.0041,unmatched,,,
Upstream Segment,1,0.0041,unmatched,,,
Upselling Process,1,0.0041,unmatched,,,
Academic Support,1,0.0041,unmatched,,,
Academic Excellence,1,0.0041,unmatched,,,
Academic Counsellor,1,0.0041,unmatched,,,
Academic Coordination,1,0.0041,unmatched,,,
Academic Content Writing,1,0.0041,unmatched,,,
Academic Administration,1,0.0041,unmatched,,,
Acad,1,0.0041,unmatched,,,
Ac,1,0.0041,unmatched,,,
Abstracting,1,0.0041,unmatched,,,
Ups,1,0.0041,unmatched,,,
Abap-Hr,1,0.0041,unmatched,,,
Abap Proxy,1,0.0041,unmatched,,,
Abap Cloud,1,0.0041,unmatched,,,
Ab Initio Developer,1,0.0041,unmatched,,,
Absence management,1,0.0041,unmatched,,,
Abinitio support,1,0.0041,unmatched,,,
Abinitio Graphs,1,0.0041,unmatched,,,
Ability to work under pressure,1,0.0041,unmatched,,,
Ability to read and comprehend,1,0.0041,unmatched,,,
Ability to handle technical  discussions with customers &  consultants l,1,0.0041,unmatched,,,
Ability to handle multiple tasks and prioritize it effectively,1,0.0041,unmatched,,,
Ability to ensure cleanliness & hygiene ,1,0.0041,unmatched,,,
Ability to coordinate,1,0.0041,unmatched,,,
Ability To Multitask,1,0.0041,unmatched,,,
Abbott,1,0.0041,unmatched,,,
Ureteroscopy,1,0.0041,unmatched,,,
Aatp,1,0.0041,unmatched,,,
Aas,1,0.0041,unmatched,,,
Aadconnect,1,0.0041,unmatched,,,
AWS serverless,1,0.0041,unmatched,,,
AWS glue,1,0.0041,unmatched,,,
AWS cloud platform,1,0.0041,unmatched,,,
AWS cloud engineer,1,0.0041,unmatched,,,
AWS Security,1,0.0041,unmatched,,,
AWS RDS,1,0.0041,unmatched,,,
Usability,1,0.0041,unmatched,,,
Us process,1,0.0041,unmatched,,,
Us Shift,1,0.0041,unmatched,,,
Us Payroll,1,0.0041,unmatched,,,
Us Onboarding,1,0.0041,unmatched,,,
Us It Recruitment,1,0.0041,unmatched,,,
Us Client,1,0.0041,unmatched,,,
AWS Data Engineer,1,0.0041,unmatched,,,
AWS CloudWatch,1,0.0041,unmatched,,,
AWS CloudTrail,1,0.0041,unmatched,,,
AWC Configuration,1,0.0041,unmatched,,,
AVS,1,0.0041,unmatched,,,
AVC,1,0.0041,unmatched,,,
AV Technician,1,0.0041,unmatched,,,
AV Editor,1,0.0041,unmatched,,,
User Account Management,1,0.0041,unmatched,,,
Used Vehicle,1,0.0041,unmatched,,,
Used Commercial Vehicle,1,0.0041,unmatched,,,
Used Car Sales,1,0.0041,unmatched,,,
Used Car Finance,1,0.0041,unmatched,,,
Used Car,1,0.0041,unmatched,,,
Use cases,1,0.0041,unmatched,,,
Usability testing,1,0.0041,unmatched,,,
AUS Voice Process,1,0.0041,unmatched,,,
ATU,1,0.0041,unmatched,,,
ATPG,1,0.0041,unmatched,,,
ATP,1,0.0041,unmatched,,,
ATM Implementation,1,0.0041,unmatched,,,
ATL/BTL Activity,1,0.0041,unmatched,,,
ATL,1,0.0041,unmatched,,,
ATCI-R1-S1867756,1,0.0041,unmatched,,,
User Story Testing,1,0.0041,unmatched,,,
User Reactivation,1,0.0041,unmatched,,,
User Provisioning,1,0.0041,unmatched,,,
User Personas,1,0.0041,unmatched,,,
User Interface Ui,1,0.0041,unmatched,,,
AWS IOT,1,0.0041,unmatched,,,
AWS EKS,1,0.0041,unmatched,,,
AWS Developer,1,0.0041,unmatched,,,
ATCI-4914157-S1852205,1,0.0041,unmatched,,,
ATCI-4836903-S1873575,1,0.0041,unmatched,,,
VAT Audit,1,0.0041,unmatched,,,
VAM,1,0.0041,unmatched,,,
VALIDATION,1,0.0041,unmatched,,,
V-Ray,1,0.0041,unmatched,,,
Ux researcher,1,0.0041,unmatched,,,
Ux Software,1,0.0041,unmatched,,,
Utility System Sizing,1,0.0041,unmatched,,,
Utility Shifting,1,0.0041,unmatched,,,
Utility Equipment Design,1,0.0041,unmatched,,,
User-Centric Design,1,0.0041,unmatched,,,
User support,1,0.0041,unmatched,,,
User management,1,0.0041,unmatched,,,
User interface,1,0.0041,unmatched,,,
AUm,1,0.0041,unmatched,,,
VAT return,1,0.0041,unmatched,,,
VAT Reporting,1,0.0041,unmatched,,,
ATCI-5102320-S1887454,1,0.0041,unmatched,,,
ATCI-5057379-S1873335,1,0.0041,unmatched,,,
ATCI-5057346-S1873355,1,0.0041,unmatched,,,
ATCI-5057264-S1873366,1,0.0041,unmatched,,,
ATCI-5053230-S1873873,1,0.0041,unmatched,,,
ATCI-5045050-S1869425,1,0.0041,unmatched,,,
ATCI-5045029-S1869177,1,0.0041,unmatched,,,
ATCI-5028963-S1871653,1,0.0041,unmatched,,,
ATCI-5026368-S1873890,1,0.0041,unmatched,,,
ATCI-5016021-S1871644,1,0.0041,unmatched,,,
ATCI-5015974-S1867789,1,0.0041,unmatched,,,
ATCI-5012798-S1871633,1,0.0041,unmatched,,,
ATCI-5012793-S1871629,1,0.0041,unmatched,,,
ATCI-5008922-S1874526,1,0.0041,unmatched,,,
ASP.NET MVC,1,0.0041,unmatched,,,
ASP.NET Core,1,0.0041,unmatched,,,
VMC Operating,1,0.0041,unmatched,,,
VM,1,0.0041,unmatched,,,
VLSI Design,1,0.0041,unmatched,,,
VISUAL I,1,0.0041,unmatched,,,
VISIO,1,0.0041,unmatched,,,
VISA,1,0.0041,unmatched,,,
VIP Support Engineer,1,0.0041,unmatched,,,
VIO,1,0.0041,unmatched,,,
VCB,1,0.0041,unmatched,,,
VC++,1,0.0041,unmatched,,,
VC Support,1,0.0041,unmatched,,,
VB.NET,1,0.0041,unmatched,,,
VB SCRIPT,1,0.0041,unmatched,,,
VAT returns,1,0.0041,unmatched,,,
VMware Server Admin,1,0.0041,unmatched,,,
VMware Server,1,0.0041,unmatched,,,
VMware Esx Server,1,0.0041,unmatched,,,
VMware Cloud Foundation,1,0.0041,unmatched,,,
VMS,1,0.0041,unmatched,,,
VMC workshop,1,0.0041,unmatched,,,
VMC machine,1,0.0041,unmatched,,,
ATCI-4825291-S1850409,1,0.0041,unmatched,,,
ATCI-4793854-S1873214,1,0.0041,unmatched,,,
ASST MANAGER -STORES & DISPATCH,1,0.0041,unmatched,,,
ASSOCIATE pro,1,0.0041,unmatched,,,
ASPEN,1,0.0041,unmatched,,,
ASP.net core,1,0.0041,unmatched,,,
ASP.net,1,0.0041,unmatched,,,
ASP.NET Web API,1,0.0041,unmatched,,,
ASP.NET Mvc,1,0.0041,unmatched,,,
VQN NCR issues,1,0.0041,unmatched,,,
VPNs,1,0.0041,unmatched,,,
VPN concentrator,1,0.0041,unmatched,,,
VPN Technologies,1,0.0041,unmatched,,,
ASP,1,0.0041,unmatched,,,
ASIC Verification / SoC Verification / IP Verification,1,0.0041,unmatched,,,
ASIC Verification,1,0.0041,unmatched,,,
ASH sales,1,0.0041,unmatched,,,
ASH,1,0.0041,unmatched,,,
ASCA Application Security Risk Classification,1,0.0041,unmatched,,,
ASCA Analys,1,0.0041,unmatched,,,
ASC 606,1,0.0041,unmatched,,,
ASAP methodology,1,0.0041,unmatched,,,
VOICE,1,0.0041,unmatched,,,
VOC,1,0.0041,unmatched,,,
VNA,1,0.0041,unmatched,,,
Value Analysis,1,0.0041,unmatched,,,
Valuation analysis,1,0.0041,unmatched,,,
Valuation Techniques,1,0.0041,unmatched,,,
Valuation Models,1,0.0041,unmatched,,,
Validation Testing,1,0.0041,unmatched,,,
Validation Rules,1,0.0041,unmatched,,,
Vacuum systems,1,0.0041,unmatched,,,
Vacuum Pumps,1,0.0041,unmatched,,,
Vacuum Furnaces,1,0.0041,unmatched,,,
Vacuum Furnace Sales,1,0.0041,unmatched,,,
Vacuum Distillation,1,0.0041,unmatched,,,
VaR,1,0.0041,unmatched,,,
VTL,1,0.0041,unmatched,,,
VSM,1,0.0041,unmatched,,,
VSAT,1,0.0041,unmatched,,,
VRA/VRO,1,0.0041,unmatched,,,
Vanilla,1,0.0041,unmatched,,,
Vanguard,1,0.0041,unmatched,,,
Vande Bharat,1,0.0041,unmatched,,,
Valve Design,1,0.0041,unmatched,,,
Value-Based Selling,1,0.0041,unmatched,,,
AS9100 / ISO 9001 quality systems,1,0.0041,unmatched,,,
AS2,1,0.0041,unmatched,,,
AS/400,1,0.0041,unmatched,,,
ARM Coresight Debug Architecture,1,0.0041,unmatched,,,
ARM Architecture,1,0.0041,unmatched,,,
ARIMA,1,0.0041,unmatched,,,
ARC rate,1,0.0041,unmatched,,,
AR/AP/GL,1,0.0041,unmatched,,,
AR/AP,1,0.0041,unmatched,,,
AR VOICE,1,0.0041,unmatched,,,
AR System,1,0.0041,unmatched,,,
Vdi,1,0.0041,unmatched,,,
Vcpp,1,0.0041,unmatched,,,
Vascular Surgery,1,0.0041,unmatched,,,
Varicent,1,0.0041,unmatched,,,
Variant Configuration,1,0.0041,unmatched,,,
APl-first architecture,1,0.0041,unmatched,,,
APRM,1,0.0041,unmatched,,,
APQP & PPAP certification,1,0.0041,unmatched,,,
APO,1,0.0041,unmatched,,,
APM Tools Dynatrace,1,0.0041,unmatched,,,
APLD,1,0.0041,unmatched,,,
APIs & event-driven microservices,1,0.0041,unmatched,,,
APIM Terraform pipelines,1,0.0041,unmatched,,,
API testing automation,1,0.0041,unmatched,,,
Variable Pay Configuration,1,0.0041,unmatched,,,
Variable Frequency Drives,1,0.0041,unmatched,,,
Vehicle Architecture,1,0.0041,unmatched,,,
Veeam,1,0.0041,unmatched,,,
Vectorcast,1,0.0041,unmatched,,,
API testing,1,0.0041,unmatched,,,
API pharma,1,0.0041,unmatched,,,
API key management,1,0.0041,unmatched,,,
API inter,1,0.0041,unmatched,,,
API integration AWS cloud,1,0.0041,unmatched,,,
API integration,1,0.0041,unmatched,,,
API framework,1,0.0041,unmatched,,,
API and UI Automation,1,0.0041,unmatched,,,
API Testing Jobs Chennai,1,0.0041,unmatched,,,
API QMS,1,0.0041,unmatched,,,
API Penetration Testing,1,0.0041,unmatched,,,
Vector Database,1,0.0041,unmatched,,,
Ve,1,0.0041,unmatched,,,
Vending Machine,1,0.0041,unmatched,,,
Velocity,1,0.0041,unmatched,,,
Vehicle assembly,1,0.0041,unmatched,,,
Vehicle Thermal,1,0.0041,unmatched,,,
Vehicle Spy,1,0.0041,unmatched,,,
Vehicle Repair Cost Estimation,1,0.0041,unmatched,,,
Vehicle Quality,1,0.0041,unmatched,,,
Vehicle Planner,1,0.0041,unmatched,,,
Vehicle Performance,1,0.0041,unmatched,,,
Vehicle Packaging,1,0.0041,unmatched,,,
Vehicle Movement,1,0.0041,unmatched,,,
Vehicle Maintenance,1,0.0041,unmatched,,,
Vehicle Integration,1,0.0041,unmatched,,,
Vehicle Handling,1,0.0041,unmatched,,,
Vehicle Drawings,1,0.0041,unmatched,,,
Vehicle Assembly,1,0.0041,unmatched,,,
Vendor Invoice Management,1,0.0041,unmatched,,,
Vendor Documentation,1,0.0041,unmatched,,,
Vendor Billing,1,0.0041,unmatched,,,
Vendor And Contractor Management,1,0.0041,unmatched,,,
Vendor & Supplier Management,1,0.0041,unmatched,,,
API HUB,1,0.0041,unmatched,,,
API GW,1,0.0041,unmatched,,,
API Development,1,0.0041,unmatched,,,
API Design,1,0.0041,unmatched,,,
API Automation Tools,1,0.0041,unmatched,,,
API Automation Rest Assured Pune,1,0.0041,unmatched,,,
API Automation Katalon Studio,1,0.0041,unmatched,,,
API Automation Jobs Pune,1,0.0041,unmatched,,,
API Audit,1,0.0041,unmatched,,,
API 571,1,0.0041,unmatched,,,
Vendor & Garage Coordination,1,0.0041,unmatched,,,
Vendor development,1,0.0041,unmatched,,,
Vendor audit,1,0.0041,unmatched,,,
Vendor assessment,1,0.0041,unmatched,,,
Vendor Selection,1,0.0041,unmatched,,,
Vendor Registration,1,0.0041,unmatched,,,
API  Development,1,0.0041,unmatched,,,
AP MODULE,1,0.0041,unmatched,,,
ANZ,1,0.0041,unmatched,,,
ANAESTHESIA,1,0.0041,unmatched,,,
AMR,1,0.0041,unmatched,,,
AMPscript,1,0.0041,unmatched,,,
AMFI certification,1,0.0041,unmatched,,,
AMEX payment processing,1,0.0041,unmatched,,,
AME,1,0.0041,unmatched,,,
Vendor Management & Onboarding,1,0.0041,unmatched,,,
Vendor Invoices,1,0.0041,unmatched,,,
Vendors & Office Operations,1,0.0041,unmatched,,,
Vendor relationship management,1,0.0041,unmatched,,,
AMD,1,0.0041,unmatched,,,
AMC Multi Gauges,1,0.0041,unmatched,,,
AMAZON,1,0.0041,unmatched,,,
AMA Style,1,0.0041,unmatched,,,
AMA,1,0.0041,unmatched,,,
AM Accounts,1,0.0041,unmatched,,,
AM,1,0.0041,unmatched,,,
ALT,1,0.0041,unmatched,,,
ALL DEGREE,1,0.0041,unmatched,,,
ALCO,1,0.0041,unmatched,,,
AIX Administrator,1,0.0041,unmatched,,,
AIX Administration,1,0.0041,unmatched,,,
Vendor finalization,1,0.0041,unmatched,,,
Vendor evaluation,1,0.0041,unmatched,,,
AIOC-S01599774,1,0.0041,unmatched,,,
AIOC-S01599772,1,0.0041,unmatched,,,
AIOC-S01599769,1,0.0041,unmatched,,,
AIOC-S01599764,1,0.0041,unmatched,,,
AIOC-S01599761,1,0.0041,unmatched,,,
Vertica,1,0.0041,unmatched,,,
VertexAI,1,0.0041,unmatched,,,
Version Contro,1,0.0041,unmatched,,,
Veritas Netbackup,1,0.0041,unmatched,,,
Veritas Backup,1,0.0041,unmatched,,,
Verilog,1,0.0041,unmatched,,,
Verification and Validation,1,0.0041,unmatched,,,
Veracode,1,0.0041,unmatched,,,
Venture capital,1,0.0041,unmatched,,,
Ventilator Management,1,0.0041,unmatched,,,
Ventilation Management,1,0.0041,unmatched,,,
Vfd Panel,1,0.0041,unmatched,,,
Vfd Drives,1,0.0041,unmatched,,,
Veterinary Medicine,1,0.0041,unmatched,,,
Veterinary,1,0.0041,unmatched,,,
Veterinarian,1,0.0041,unmatched,,,
Vessel Management,1,0.0041,unmatched,,,
AIX Admin,1,0.0041,unmatched,,,
AISC,1,0.0041,unmatched,,,
AIS,1,0.0041,unmatched,,,
AIRFLOW,1,0.0041,unmatched,,,
AIOps Architect,1,0.0041,unmatched,,,
AIOps,1,0.0041,unmatched,,,
AIOC-S01600130,1,0.0041,unmatched,,,
AIOC-S01599959,1,0.0041,unmatched,,,
AIOC-S01599948,1,0.0041,unmatched,,,
AIOC-S01599775,1,0.0041,unmatched,,,
AIOC-S01599729,1,0.0041,unmatched,,,
AIOC-S01599726,1,0.0041,unmatched,,,
AIOC-S01599724,1,0.0041,unmatched,,,
Videographer,1,0.0041,unmatched,,,
Video conferencing,1,0.0041,unmatched,,,
Video Processing,1,0.0041,unmatched,,,
Video Kyc,1,0.0041,unmatched,,,
Video Know Your Customer,1,0.0041,unmatched,,,
Video Conference,1,0.0041,unmatched,,,
Vice Principal,1,0.0041,unmatched,,,
Vice President Marketing,1,0.0041,unmatched,,,
Vibro Feeder,1,0.0041,unmatched,,,
Vibratory Feeder,1,0.0041,unmatched,,,
Vibration And Alignment Standards,1,0.0041,unmatched,,,
Vial Washing,1,0.0041,unmatched,,,
Vfds,1,0.0041,unmatched,,,
Violin,1,0.0041,unmatched,,,
Vio,1,0.0041,unmatched,,,
Videos Creation,1,0.0041,unmatched,,,
AIOC-S01599758,1,0.0041,unmatched,,,
AIOC-S01599751,1,0.0041,unmatched,,,
AIOC-S01599750,1,0.0041,unmatched,,,
AIOC-S01599747,1,0.0041,unmatched,,,
AIOC-S01599746,1,0.0041,unmatched,,,
AIOC-S01599745,1,0.0041,unmatched,,,
AIOC-S01599742,1,0.0041,unmatched,,,
AIOC-S01599740,1,0.0041,unmatched,,,
AIOC-S01599738,1,0.0041,unmatched,,,
AIOC-S01599736,1,0.0041,unmatched,,,
AIOC-S01599735,1,0.0041,unmatched,,,
AIOC-S01599734,1,0.0041,unmatched,,,
AIOC-S01599731,1,0.0041,unmatched,,,
AIOC-S01599698,1,0.0041,unmatched,,,
AIOC-S01599697,1,0.0041,unmatched,,,
AIOC-S01599696,1,0.0041,unmatched,,,
AIOC-S01599685,1,0.0041,unmatched,,,
AIOC-S01599684,1,0.0041,unmatched,,,
Visa booking,1,0.0041,unmatched,,,
Visa Extension,1,0.0041,unmatched,,,
Visa,1,0.0041,unmatched,,,
Virtual Sales,1,0.0041,unmatched,,,
Virtual Machines,1,0.0041,unmatched,,,
Virtual Domains,1,0.0041,unmatched,,,
Virtual Commissioning,1,0.0041,unmatched,,,
Virtual Care officer,1,0.0041,unmatched,,,
Viral Makeup Reels,1,0.0041,unmatched,,,
Viptela,1,0.0041,unmatched,,,
Viper,1,0.0041,unmatched,,,
Vision System,1,0.0041,unmatched,,,
Vision Equipment,1,0.0041,unmatched,,,
Visibility,1,0.0041,unmatched,,,
Visi,1,0.0041,unmatched,,,
Visa processing,1,0.0041,unmatched,,,
AIOC-S01599719,1,0.0041,unmatched,,,
AIOC-S01599717,1,0.0041,unmatched,,,
AIOC-S01599715,1,0.0041,unmatched,,,
AIOC-S01599714,1,0.0041,unmatched,,,
AIOC-S01599713,1,0.0041,unmatched,,,
AIOC-S01599712,1,0.0041,unmatched,,,
AIOC-S01599709,1,0.0041,unmatched,,,
AIOC-S01599708,1,0.0041,unmatched,,,
AIOC-S01599706,1,0.0041,unmatched,,,
AIOC-S01599704,1,0.0041,unmatched,,,
AIOC-S01599701,1,0.0041,unmatched,,,
AIOC-S01599639,1,0.0041,unmatched,,,
AIOC-S01599637,1,0.0041,unmatched,,,
AIOC-S01599636,1,0.0041,unmatched,,,
AIOC-S01599631,1,0.0041,unmatched,,,
AIOC-S01599630,1,0.0041,unmatched,,,
Visual Paradigm,1,0.0041,unmatched,,,
Visual Equipment Systems,1,0.0041,unmatched,,,
Visual Debugging Engineering,1,0.0041,unmatched,,,
Visual Debugging Engineer,1,0.0041,unmatched,,,
Visual Communication,1,0.0041,unmatched,,,
Visual Basic-VB,1,0.0041,unmatched,,,
Visitor Handling,1,0.0041,unmatched,,,
Visiting faculty,1,0.0041,unmatched,,,
Visionplus,1,0.0041,unmatched,,,
VisionPLUS,1,0.0041,unmatched,,,
VisionAI,1,0.0041,unmatched,,,
Vlan,1,0.0041,unmatched,,,
Vkyc Or Tele Banking,1,0.0041,unmatched,,,
Visualizing,1,0.0041,unmatched,,,
Visualization Technologies,1,0.0041,unmatched,,,
Visualization,1,0.0041,unmatched,,,
AIOC-S01599679,1,0.0041,unmatched,,,
AIOC-S01599676,1,0.0041,unmatched,,,
AIOC-S01599675,1,0.0041,unmatched,,,
AIOC-S01599674,1,0.0041,unmatched,,,
AIOC-S01599673,1,0.0041,unmatched,,,
AIOC-S01599663,1,0.0041,unmatched,,,
AIOC-S01599662,1,0.0041,unmatched,,,
AIOC-S01599659,1,0.0041,unmatched,,,
AIOC-S01599654,1,0.0041,unmatched,,,
AIOC-S01599651,1,0.0041,unmatched,,,
AIOC-S01599648,1,0.0041,unmatched,,,
AIOC-S01599617,1,0.0041,unmatched,,,
AIOC-S01599614,1,0.0041,unmatched,,,
AIOC-S01599613,1,0.0041,unmatched,,,
AIOC-S01599610,1,0.0041,unmatched,,,
AIOC-S01599608,1,0.0041,unmatched,,,
AIOC-S01599602,1,0.0041,unmatched,,,
AIOC-S01599587,1,0.0041,unmatched,,,
AIOC-S01599576,1,0.0041,unmatched,,,
AIOC-S01599574,1,0.0041,unmatched,,,
AIOC-S01599569,1,0.0041,unmatched,,,
AIOC-S01599563,1,0.0041,unmatched,,,
AIOC-S01599553,1,0.0041,unmatched,,,
AIOC-S01599547,1,0.0041,unmatched,,,
AIOC-S01599541,1,0.0041,unmatched,,,
AIOC-S01599536,1,0.0041,unmatched,,,
Vlsi Design,1,0.0041,unmatched,,,
AIOC-S01591776,1,0.0041,unmatched,,,
Volume Analysis,1,0.0041,unmatched,,,
Volte,1,0.0041,unmatched,,,
Voltage Drop Calculation,1,0.0041,unmatched,,,
Voip,1,0.0041,unmatched,,,
Voice Sales,1,0.0041,unmatched,,,
Voice Process Jobs,1,0.0041,unmatched,,,
Voice Gateways,1,0.0041,unmatched,,,
Voice Based Process,1,0.0041,unmatched,,,
Vod,1,0.0041,unmatched,,,
Vocational Training,1,0.0041,unmatched,,,
Vocal Music,1,0.0041,unmatched,,,
Vmware Vcenter,1,0.0041,unmatched,,,
Vmware Esxi,1,0.0041,unmatched,,,
Vmware Administration,1,0.0041,unmatched,,,
AIOC-S01599621,1,0.0041,unmatched,,,
Volunteer Activities,1,0.0041,unmatched,,,
AIOC-S01599533,1,0.0041,unmatched,,,
AIOC-S01599531,1,0.0041,unmatched,,,
AIOC-S01599526,1,0.0041,unmatched,,,
AIOC-S01599521,1,0.0041,unmatched,,,
AIOC-S01599518,1,0.0041,unmatched,,,
AIOC-S01599516,1,0.0041,unmatched,,,
AIOC-S01599509,1,0.0041,unmatched,,,
AIOC-S01599506,1,0.0041,unmatched,,,
AIOC-S01599475,1,0.0041,unmatched,,,
AIOC-S01599454,1,0.0041,unmatched,,,
AIOC-S01599443,1,0.0041,unmatched,,,
AIOC-S01592767,1,0.0041,unmatched,,,
AIOC-S01592712,1,0.0041,unmatched,,,
AIOC-S01592413,1,0.0041,unmatched,,,
AIOC-S01592334,1,0.0041,unmatched,,,
AIOC-S01590756,1,0.0041,unmatched,,,
AIOC-S01590682,1,0.0041,unmatched,,,
Vulnerability Assessmen,1,0.0041,unmatched,,,
Vulnerabilities Management,1,0.0041,unmatched,,,
Vugen,1,0.0041,unmatched,,,
Vuex or Pinia,1,0.0041,unmatched,,,
Vuetify,1,0.0041,unmatched,,,
Vue.js,1,0.0041,unmatched,,,
Vsphere,1,0.0041,unmatched,,,
Vrm,1,0.0041,unmatched,,,
Vrf,1,0.0041,unmatched,,,
Vrealize Orchestrator,1,0.0041,unmatched,,,
Vpn Troubleshooting,1,0.0041,unmatched,,,
Voulnteer,1,0.0041,unmatched,,,
Vortex,1,0.0041,unmatched,,,
Volvo,1,0.0041,unmatched,,,
Vxrail,1,0.0041,unmatched,,,
Vulnerability Scanning,1,0.0041,unmatched,,,
AIOC-S01591770,1,0.0041,unmatched,,,
AIOC-S01591766,1,0.0041,unmatched,,,
AIOC-S01591765,1,0.0041,unmatched,,,
AIOC-S01591661,1,0.0041,unmatched,,,
AIOC-S01591623,1,0.0041,unmatched,,,
AIOC-S01591622,1,0.0041,unmatched,,,
AIOC-S01591573,1,0.0041,unmatched,,,
AIOC-S01591571,1,0.0041,unmatched,,,
AIOC-S01591055,1,0.0041,unmatched,,,
AIOC-S01591053,1,0.0041,unmatched,,,
AIOC-S01590776,1,0.0041,unmatched,,,
AIOC-S01590775,1,0.0041,unmatched,,,
AIOC-S01590765,1,0.0041,unmatched,,,
AIOC-S01590763,1,0.0041,unmatched,,,
WIN32,1,0.0041,unmatched,,,
WFD,1,0.0041,unmatched,,,
WEP,1,0.0041,unmatched,,,
WCF Services,1,0.0041,unmatched,,,
WC,1,0.0041,unmatched,,,
WBS,1,0.0041,unmatched,,,
WASTE WATER,1,0.0041,unmatched,,,
WAS administration,1,0.0041,unmatched,,,
WAS Administration,1,0.0041,unmatched,,,
WAS Admin,1,0.0041,unmatched,,,
WAP,1,0.0041,unmatched,,,
WANOWRIE PUNE LOCATION,1,0.0041,unmatched,,,
WAN connectivity,1,0.0041,unmatched,,,
WAN Optimization,1,0.0041,unmatched,,,
W3C,1,0.0041,unmatched,,,
Vyond,1,0.0041,unmatched,,,
AIOC-S01590585,1,0.0041,unmatched,,,
AIOC-S01590583,1,0.0041,unmatched,,,
AIOC-S01590571,1,0.0041,unmatched,,,
AIOC-S01590412,1,0.0041,unmatched,,,
AIOC-S01590404,1,0.0041,unmatched,,,
AIOC-S01590393,1,0.0041,unmatched,,,
AIOC-S01590385,1,0.0041,unmatched,,,
AIOC-S01590384,1,0.0041,unmatched,,,
AIOC-S01590367,1,0.0041,unmatched,,,
AIOC-S01590174,1,0.0041,unmatched,,,
AIOC-S01590093,1,0.0041,unmatched,,,
AIOC-S01590086,1,0.0041,unmatched,,,
AIOC-S01590085,1,0.0041,unmatched,,,
AIOC-S01590083,1,0.0041,unmatched,,,
AIOC-S01590071,1,0.0041,unmatched,,,
WIRING,1,0.0041,unmatched,,,
Warehouse operations,1,0.0041,unmatched,,,
Warehouse cordination,1,0.0041,unmatched,,,
Warehouse Project,1,0.0041,unmatched,,,
Warehouse Officer,1,0.0041,unmatched,,,
Warehouse Incharge,1,0.0041,unmatched,,,
Warehouse Executive,1,0.0041,unmatched,,,
Warehouse Construction,1,0.0041,unmatched,,,
Warehouse Configuration,1,0.0041,unmatched,,,
Warden Activities,1,0.0041,unmatched,,,
Wages Disbursments,1,0.0041,unmatched,,,
WTX,1,0.0041,unmatched,,,
WPR and MPR and highlight escalation issues,1,0.0041,unmatched,,,
WMS systems,1,0.0041,unmatched,,,
WMS Test,1,0.0041,unmatched,,,
WM integration,1,0.0041,unmatched,,,
AIOC-S01590597,1,0.0041,unmatched,,,
AIOC-S01590064,1,0.0041,unmatched,,,
AIOC-S01590062,1,0.0041,unmatched,,,
AIOC-S01590061,1,0.0041,unmatched,,,
AIOC-S01590060,1,0.0041,unmatched,,,
AIOC-S01590059,1,0.0041,unmatched,,,
AIOC-S01590058,1,0.0041,unmatched,,,
AIOC-S01590055,1,0.0041,unmatched,,,
AIOC-S01590054,1,0.0041,unmatched,,,
AIOC-S01590053,1,0.0041,unmatched,,,
AIOC-S01590052,1,0.0041,unmatched,,,
AIOC-S01590051,1,0.0041,unmatched,,,
AIOC-S01590049,1,0.0041,unmatched,,,
AIOC-S01590048,1,0.0041,unmatched,,,
AIOC-S01590047,1,0.0041,unmatched,,,
AIOC-S01590044,1,0.0041,unmatched,,,
Warehouse structure,1,0.0041,unmatched,,,
AIOC-S01590026,1,0.0041,unmatched,,,
AIOC-S01590025,1,0.0041,unmatched,,,
Water Treatment Field Or Industrial Technical Sales Preferred,1,0.0041,unmatched,,,
Water Treatment Chemicals,1,0.0041,unmatched,,,
Water Testing,1,0.0041,unmatched,,,
Water Pumps,1,0.0041,unmatched,,,
Water Industry,1,0.0041,unmatched,,,
Water Audit,1,0.0041,unmatched,,,
Waste water technologies like MBR,1,0.0041,unmatched,,,
Waste Water,1,0.0041,unmatched,,,
Waste,1,0.0041,unmatched,,,
Was Administration,1,0.0041,unmatched,,,
Warranty Claims,1,0.0041,unmatched,,,
Warehousing Sales,1,0.0041,unmatched,,,
Warehousing Operations,1,0.0041,unmatched,,,
AIOC-S01590069,1,0.0041,unmatched,,,
Wave Soldering,1,0.0041,unmatched,,,
WaterCAD,1,0.0041,unmatched,,,
AIOC-S01590043,1,0.0041,unmatched,,,
AIOC-S01590042,1,0.0041,unmatched,,,
AIOC-S01590041,1,0.0041,unmatched,,,
AIOC-S01590040,1,0.0041,unmatched,,,
AIOC-S01590039,1,0.0041,unmatched,,,
AIOC-S01590038,1,0.0041,unmatched,,,
AIOC-S01590037,1,0.0041,unmatched,,,
AIOC-S01590036,1,0.0041,unmatched,,,
AIOC-S01590033,1,0.0041,unmatched,,,
AIOC-S01590032,1,0.0041,unmatched,,,
AIOC-S01590031,1,0.0041,unmatched,,,
AIOC-S01590030,1,0.0041,unmatched,,,
AIOC-S01590029,1,0.0041,unmatched,,,
AIOC-S01590028,1,0.0041,unmatched,,,
AIOC-S01589692,1,0.0041,unmatched,,,
AIOC-S01589683,1,0.0041,unmatched,,,
AIOC-S01589682,1,0.0041,unmatched,,,
Web APIs,1,0.0041,unmatched,,,
Web API Services,1,0.0041,unmatched,,,
Web & API QA,1,0.0041,unmatched,,,
Web,1,0.0041,unmatched,,,
Weaving,1,0.0041,unmatched,,,
Weather Sensors,1,0.0041,unmatched,,,
Weather Sensor,1,0.0041,unmatched,,,
Weath management,1,0.0041,unmatched,,,
Wealth Mngr,1,0.0041,unmatched,,,
Wealth Management Services,1,0.0041,unmatched,,,
Wealth Management Content,1,0.0041,unmatched,,,
We are seeking a dynamic and customer-focused Customer Relations Executive to join our retail outlet specializing in wines,1,0.0041,unmatched,,,
Wave management,1,0.0041,unmatched,,,
Web Applications Testing,1,0.0041,unmatched,,,
Web Application Security Testing,1,0.0041,unmatched,,,
Web Application Architectures,1,0.0041,unmatched,,,
AIOC-S01590022,1,0.0041,unmatched,,,
AIOC-S01590021,1,0.0041,unmatched,,,
AIOC-S01590020,1,0.0041,unmatched,,,
AIOC-S01590019,1,0.0041,unmatched,,,
AIOC-S01590018,1,0.0041,unmatched,,,
AIOC-S01590017,1,0.0041,unmatched,,,
AIOC-S01590015,1,0.0041,unmatched,,,
AIOC-S01590014,1,0.0041,unmatched,,,
AIOC-S01590011,1,0.0041,unmatched,,,
AIOC-S01590008,1,0.0041,unmatched,,,
AIOC-S01590007,1,0.0041,unmatched,,,
AIOC-S01590004,1,0.0041,unmatched,,,
AIOC-S01589893,1,0.0041,unmatched,,,
AIOC-S01580910,1,0.0041,unmatched,,,
AIOC-S01580877,1,0.0041,unmatched,,,
AIOC-S01580818,1,0.0041,unmatched,,,
Web Server,1,0.0041,unmatched,,,
Web Scraping,1,0.0041,unmatched,,,
Web Reporting,1,0.0041,unmatched,,,
Web Programming,1,0.0041,unmatched,,,
Web Parts,1,0.0041,unmatched,,,
Web Maintenance,1,0.0041,unmatched,,,
Web Intelligence,1,0.0041,unmatched,,,
Web Graphics,1,0.0041,unmatched,,,
Web Design,1,0.0041,unmatched,,,
Web Chat,1,0.0041,unmatched,,,
Web Campaigns,1,0.0041,unmatched,,,
Web Based Application,1,0.0041,unmatched,,,
Web Apps,1,0.0041,unmatched,,,
Web Systems Architecture,1,0.0041,unmatched,,,
Web Socket,1,0.0041,unmatched,,,
Web Services Testing,1,0.0041,unmatched,,,
AIOC-S01589260,1,0.0041,unmatched,,,
AIOC-S01586791,1,0.0041,unmatched,,,
AIOC-S01586593,1,0.0041,unmatched,,,
AIOC-S01583192,1,0.0041,unmatched,,,
AIOC-S01583183,1,0.0041,unmatched,,,
AIOC-S01583182,1,0.0041,unmatched,,,
AIOC-S01583180,1,0.0041,unmatched,,,
AIOC-S01580917,1,0.0041,unmatched,,,
AIOC-S01580916,1,0.0041,unmatched,,,
AIOC-S01580915,1,0.0041,unmatched,,,
AIOC-S01580914,1,0.0041,unmatched,,,
AIOC-S01580913,1,0.0041,unmatched,,,
AIOC-S01580912,1,0.0041,unmatched,,,
WebLogic,1,0.0041,unmatched,,,
WebI,1,0.0041,unmatched,,,
WebGL,1,0.0041,unmatched,,,
WebEngage,1,0.0041,unmatched,,,
WebDynPro JAVA,1,0.0041,unmatched,,,
WebAssembly,1,0.0041,unmatched,,,
Web/REST API,1,0.0041,unmatched,,,
Web sockets,1,0.0041,unmatched,,,
Web server,1,0.0041,unmatched,,,
Web s,1,0.0041,unmatched,,,
Web research,1,0.0041,unmatched,,,
Web application,1,0.0041,unmatched,,,
Web api,1,0.0041,unmatched,,,
Web administration,1,0.0041,unmatched,,,
Web Ui,1,0.0041,unmatched,,,
Web Testing,1,0.0041,unmatched,,,
AIOC-S01580817,1,0.0041,unmatched,,,
AIOC-S01580816,1,0.0041,unmatched,,,
AIOC-S01576505,1,0.0041,unmatched,,,
AIOC-S01576496,1,0.0041,unmatched,,,
AIOC-S01576468,1,0.0041,unmatched,,,
AIOC-S01576463,1,0.0041,unmatched,,,
AIOC-S01576459,1,0.0041,unmatched,,,
AIOC-S01576458,1,0.0041,unmatched,,,
AIOC-S01576457,1,0.0041,unmatched,,,
AIOC-S01576447,1,0.0041,unmatched,,,
AIOC-S01576437,1,0.0041,unmatched,,,
AIOC-S01576436,1,0.0041,unmatched,,,
AIOC-S01576435,1,0.0041,unmatched,,,
AIOC-S01575705,1,0.0041,unmatched,,,
AIOC-S01575702,1,0.0041,unmatched,,,
AIOC-S01575700,1,0.0041,unmatched,,,
Websphere Application Server,1,0.0041,unmatched,,,
Website development,1,0.0041,unmatched,,,
Website Related Content,1,0.0041,unmatched,,,
Website Promotion,1,0.0041,unmatched,,,
Website Management & Troubleshooting,1,0.0041,unmatched,,,
Website & Ad Copy Specialist,1,0.0041,unmatched,,,
Webservice,1,0.0041,unmatched,,,
Webservers,1,0.0041,unmatched,,,
Websense,1,0.0041,unmatched,,,
Webinars/Podcasts,1,0.0041,unmatched,,,
Webi reporting tool,1,0.0041,unmatched,,,
Webforms,1,0.0041,unmatched,,,
Webflux,1,0.0041,unmatched,,,
Webdynpro Abap,1,0.0041,unmatched,,,
Webcenter,1,0.0041,unmatched,,,
WebSphere Application Server,1,0.0041,unmatched,,,
AIOC-S01572269,1,0.0041,unmatched,,,
AIOC-S01570896,1,0.0041,unmatched,,,
AIOC-S01570877,1,0.0041,unmatched,,,
AIOC-S01570873,1,0.0041,unmatched,,,
AIOC-S01570843,1,0.0041,unmatched,,,
AIOC-S01569379,1,0.0041,unmatched,,,
Welded Assemblies,1,0.0041,unmatched,,,
Weld Shop,1,0.0041,unmatched,,,
Weld Nuts Production,1,0.0041,unmatched,,,
Welcome Desk,1,0.0041,unmatched,,,
Weigh Bridge,1,0.0041,unmatched,,,
Weibull++,1,0.0041,unmatched,,,
Weibull analysis,1,0.0041,unmatched,,,
Wedding photographer,1,0.0041,unmatched,,,
Wedding Planning,1,0.0041,unmatched,,,
Websphere Transformation Extender,1,0.0041,unmatched,,,
Welding Techniques,1,0.0041,unmatched,,,
Welding Metallurgy,1,0.0041,unmatched,,,
Welding Inspection,1,0.0041,unmatched,,,
Welding Frame,1,0.0041,unmatched,,,
Welding Engineering,1,0.0041,unmatched,,,
Welding Automation,1,0.0041,unmatched,,,
AIOC-S01575696,1,0.0041,unmatched,,,
AIOC-S01573472,1,0.0041,unmatched,,,
AIOC-S01573459,1,0.0041,unmatched,,,
AIOC-S01573455,1,0.0041,unmatched,,,
AIOC-S01573424,1,0.0041,unmatched,,,
AIOC-S01573417,1,0.0041,unmatched,,,
AIOC-S01573403,1,0.0041,unmatched,,,
AIOC-S01573387,1,0.0041,unmatched,,,
AIOC-S01573141,1,0.0041,unmatched,,,
AIOC-S01573139,1,0.0041,unmatched,,,
Whatfix,1,0.0041,unmatched,,,
Wet Utilities,1,0.0041,unmatched,,,
Wet Ground Calcium Carbonat,1,0.0041,unmatched,,,
Wet Analysis,1,0.0041,unmatched,,,
Westlaw,1,0.0041,unmatched,,,
West India,1,0.0041,unmatched,,,
Werum Pasx,1,0.0041,unmatched,,,
Wep Api,1,0.0041,unmatched,,,
Wells Data,1,0.0041,unmatched,,,
Wells Construction,1,0.0041,unmatched,,,
Wellness Content,1,0.0041,unmatched,,,
Well-versed in basic accounting principles,1,0.0041,unmatched,,,
Well Production,1,0.0041,unmatched,,,
Well Drilling,1,0.0041,unmatched,,,
Weldments,1,0.0041,unmatched,,,
Welding engineering,1,0.0041,unmatched,,,
AI works,1,0.0041,unmatched,,,
AI transformation,1,0.0041,unmatched,,,
AI models,1,0.0041,unmatched,,,
Willingness to travel,1,0.0041,unmatched,,,
Willingness to Learn,1,0.0041,unmatched,,,
Willing Travel all over,1,0.0041,unmatched,,,
Wildfly,1,0.0041,unmatched,,,
Wifi,1,0.0041,unmatched,,,
Wi-Fi,1,0.0041,unmatched,,,
Wholesale credit,1,0.0041,unmatched,,,
White labelling,1,0.0041,unmatched,,,
White Label,1,0.0041,unmatched,,,
White Goods,1,0.0041,unmatched,,,
White Box,1,0.0041,unmatched,,,
Wherescape,1,0.0041,unmatched,,,
WhatsApp Marketing,1,0.0041,unmatched,,,
WindBG,1,0.0041,unmatched,,,
Wind Energy,1,0.0041,unmatched,,,
Wind Analysis,1,0.0041,unmatched,,,
Wind,1,0.0041,unmatched,,,
WinForms,1,0.0041,unmatched,,,
Win32 API,1,0.0041,unmatched,,,
AIOC-S01569369,1,0.0041,unmatched,,,
AIGP,1,0.0041,unmatched,,,
AIF 3,1,0.0041,unmatched,,,
AIF,1,0.0041,unmatched,,,
AIDL,1,0.0041,unmatched,,,
AI/UI Product Engineering,1,0.0041,unmatched,,,
AI/ML frameworks,1,0.0041,unmatched,,,
AI/ML Tools,1,0.0041,unmatched,,,
AI/ML Deployment,1,0.0041,unmatched,,,
AI-GenAI,1,0.0041,unmatched,,,
AI Data Quality,1,0.0041,unmatched,,,
AI DRIVEN SYSTEMS,1,0.0041,unmatched,,,
AI Automation,1,0.0041,unmatched,,,
AI Architect,1,0.0041,unmatched,,,
Windows Presentation Foundation,1,0.0041,unmatched,,,
Windows Platform,1,0.0041,unmatched,,,
Windows Internals,1,0.0041,unmatched,,,
Windows Forms,1,0.0041,unmatched,,,
Windows Azure Migration,1,0.0041,unmatched,,,
Windows And Linux,1,0.0041,unmatched,,,
Windows Administrator,1,0.0041,unmatched,,,
Windows Administration,1,0.0041,unmatched,,,
Windows 10,1,0.0041,unmatched,,,
Window  Sales,1,0.0041,unmatched,,,
Windchill PLM,1,0.0041,unmatched,,,
Windchill Customisation,1,0.0041,unmatched,,,
Windows System Administration,1,0.0041,unmatched,,,
Windows Server platforms,1,0.0041,unmatched,,,
Windows Scripting,1,0.0041,unmatched,,,
Windows Programming,1,0.0041,unmatched,,,
AI governance,1,0.0041,unmatched,,,
AI frame works,1,0.0041,unmatched,,,
AI engineers,1,0.0041,unmatched,,,
AI architecture patterns,1,0.0041,unmatched,,,
AI architecture,1,0.0041,unmatched,,,
AI Video Editor,1,0.0041,unmatched,,,
AI Use cases,1,0.0041,unmatched,,,
AI Tools,1,0.0041,unmatched,,,
AI ML,1,0.0041,unmatched,,,
AI Framework,1,0.0041,unmatched,,,
AI Engineer,1,0.0041,unmatched,,,
AI Development,1,0.0041,unmatched,,,
AEP,1,0.0041,unmatched,,,
AEM Development,1,0.0041,unmatched,,,
AEM Design,1,0.0041,unmatched,,,
Wiring Diagram,1,0.0041,unmatched,,,
Wiring & Circuit Management,1,0.0041,unmatched,,,
Wireless Networking,1,0.0041,unmatched,,,
Wireless Lan,1,0.0041,unmatched,,,
Wire Harnesses,1,0.0041,unmatched,,,
Wire Cut,1,0.0041,unmatched,,,
Wintel,1,0.0041,unmatched,,,
Winscp,1,0.0041,unmatched,,,
Wine Sales,1,0.0041,unmatched,,,
Wine Knowledge,1,0.0041,unmatched,,,
Windows/Linux Server Admin,1,0.0041,unmatched,,,
Windows kernel,1,0.0041,unmatched,,,
Windows applications,1,0.0041,unmatched,,,
Wollastonite,1,0.0041,unmatched,,,
Wlc,1,0.0041,unmatched,,,
Wlan Protocols,1,0.0041,unmatched,,,
Wlan Device Drivers,1,0.0041,unmatched,,,
Wiz,1,0.0041,unmatched,,,
Wiring harness,1,0.0041,unmatched,,,
AI Agent workflow,1,0.0041,unmatched,,,
AI APIs,1,0.0041,unmatched,,,
AHU control panel,1,0.0041,unmatched,,,
AHP system sales,1,0.0041,unmatched,,,
AGV,1,0.0041,unmatched,,,
AGM,1,0.0041,unmatched,,,
AGIS,1,0.0041,unmatched,,,
AGENCY MANAGER,1,0.0041,unmatched,,,
AFO,1,0.0041,unmatched,,,
AEP Design,1,0.0041,unmatched,,,
Wordpress Development,1,0.0041,unmatched,,,
Wordpress Cms,1,0.0041,unmatched,,,
Wordpress CMS,1,0.0041,unmatched,,,
WordPress Development HTML CSS JavaScript PHP Website Maintenance Troubleshooting SEO On Page Optimization Wix GoDaddy Shopify Client Coordination Communication,1,0.0041,unmatched,,,
ADMIN,1,0.0041,unmatched,,,
ADM,1,0.0041,unmatched,,,
ADLS,1,0.0041,unmatched,,,
ACS,1,0.0041,unmatched,,,
ACH payments,1,0.0041,unmatched,,,
ACE,1,0.0041,unmatched,,,
ACD logic flow,1,0.0041,unmatched,,,
ACCOUNTS,1,0.0041,unmatched,,,
Wooden Flooring,1,0.0041,unmatched,,,
Wood,1,0.0041,unmatched,,,
Wonderware,1,0.0041,unmatched,,,
Women Returnee,1,0.0041,unmatched,,,
A2O,1,0.0041,unmatched,,,
Workday Extend Consultant,1,0.0041,unmatched,,,
Workday Extend,1,0.0041,unmatched,,,
Workday Core HR,1,0.0041,unmatched,,,
Workday Benefit & Compensation,1,0.0041,unmatched,,,
Workday Absence Management,1,0.0041,unmatched,,,
Workbench,1,0.0041,unmatched,,,
WorkDay,1,0.0041,unmatched,,,
Work with hotel,1,0.0041,unmatched,,,
Work permit system,1,0.0041,unmatched,,,
Work Planning,1,0.0041,unmatched,,,
Work Order Preparation,1,0.0041,unmatched,,,
Work Measurement,1,0.0041,unmatched,,,
Work Management,1,0.0041,unmatched,,,
Work Breakdown Structure,1,0.0041,unmatched,,,
Work Accuracy,1,0.0041,unmatched,,,
Workday Payroll,1,0.0041,unmatched,,,
Workday Implementation,1,0.0041,unmatched,,,
Workday HCM Functional,1,0.0041,unmatched,,,
Workday Extent,1,0.0041,unmatched,,,
Workday Extend apps,1,0.0041,unmatched,,,
ACC blocks,1,0.0041,unmatched,,,
AC/DC drives,1,0.0041,unmatched,,,
AC systems,1,0.0041,unmatched,,,
AC operations,1,0.0041,unmatched,,,
ABS,1,0.0041,unmatched,,,
ABB robots,1,0.0041,unmatched,,,
AB,1,0.0041,unmatched,,,
AATP,1,0.0041,unmatched,,,
AAOS,1,0.0041,unmatched,,,
AAC,1,0.0041,unmatched,,,
AAA,1,0.0041,unmatched,,,
Workday Studio Integration,1,0.0041,unmatched,,,
A2DP,1,0.0041,unmatched,,,
A2A,1,0.0041,unmatched,,,
A/B Testing,1,0.0041,unmatched,,,
A+ Content Creation,1,0.0041,unmatched,,,
A+ Content,1,0.0041,unmatched,,,
90269,1,0.0041,unmatched,,,
90156,1,0.0041,unmatched,,,
90145,1,0.0041,unmatched,,,
90143,1,0.0041,unmatched,,,
9.X,1,0.0041,unmatched,,,
8D Report,1,0.0041,unmatched,,,
8D Analysis,1,0.0041,unmatched,,,
89483,1,0.0041,unmatched,,,
Workday Recruitment,1,0.0041,unmatched,,,
Workday Prism,1,0.0041,unmatched,,,
66462,1,0.0041,unmatched,,,
Working knowledge of TQRDCM,1,0.0041,unmatched,,,
Working capital,1,0.0041,unmatched,,,
Working Knowledge of Income Tax Act 1961,1,0.0041,unmatched,,,
Working Capital Limits,1,0.0041,unmatched,,,
Workfront Fusion,1,0.0041,unmatched,,,
Workforce Metrics,1,0.0041,unmatched,,,
Workforce Analytics,1,0.0041,unmatched,,,
Workflow management,1,0.0041,unmatched,,,
Workflow based Applications,1,0.0041,unmatched,,,
Workflow Configuration,1,0.0041,unmatched,,,
Workflow Analysis,1,0.0041,unmatched,,,
Workers Compensation,1,0.0041,unmatched,,,
Workday technical,1,0.0041,unmatched,,,
Workday Time & Attendance,1,0.0041,unmatched,,,
Workday Testing,1,0.0041,unmatched,,,
Worksoft Certify,1,0.0041,unmatched,,,
Worksoft CTM,1,0.0041,unmatched,,,
Workshop Facilitation,1,0.0041,unmatched,,,
Workshare,1,0.0041,unmatched,,,
Workplace,1,0.0041,unmatched,,,
Workload Automation,1,0.0041,unmatched,,,
89481,1,0.0041,unmatched,,,
89125,1,0.0041,unmatched,,,
86006,1,0.0041,unmatched,,,
802.11,1,0.0041,unmatched,,,
8.8X,1,0.0041,unmatched,,,
8+yrs specifically in ELEVATOR segment,1,0.0041,unmatched,,,
8+,1,0.0041,unmatched,,,
78909,1,0.0041,unmatched,,,
765Kv,1,0.0041,unmatched,,,
6A,1,0.0041,unmatched,,,
Write engaging captions,1,0.0041,unmatched,,,
Write compelling,1,0.0041,unmatched,,,
5Pasia,1,0.0041,unmatched,,,
5CT,1,0.0041,unmatched,,,
50 i/Os,1,0.0041,unmatched,,,
5-Axis Painting Systems,1,0.0041,unmatched,,,
5 Star Hotel,1,0.0041,unmatched,,,
4C,1,0.0041,unmatched,,,
401K Plans,1,0.0041,unmatched,,,
401K,1,0.0041,unmatched,,,
4  yrs of proven track record of selling Tiles/Cement/Ply wood/Building Materials/Adhesives,1,0.0041,unmatched,,,
Wrike,1,0.0041,unmatched,,,
Woven,1,0.0041,unmatched,,,
World soft,1,0.0041,unmatched,,,
World Class Manufacturing,1,0.0041,unmatched,,,
Worksoft automation,1,0.0041,unmatched,,,
XML Publisher,1,0.0041,unmatched,,,
XLOOKUP,1,0.0041,unmatched,,,
XHTML,1,0.0041,unmatched,,,
XDR,1,0.0041,unmatched,,,
XAI,1,0.0041,unmatched,,,
X-Steel,1,0.0041,unmatched,,,
X-PACT Controller,1,0.0041,unmatched,,,
X Ray,1,0.0041,unmatched,,,
X,1,0.0041,unmatched,,,
Wwtp,1,0.0041,unmatched,,,
Wtg Foundation,1,0.0041,unmatched,,,
Wsadmin,1,0.0041,unmatched,,,
Written Communications Skills,1,0.0041,unmatched,,,
Written,1,0.0041,unmatched,,,
Writing Test Cases,1,0.0041,unmatched,,,
Writing Content,1,0.0041,unmatched,,,
XRM Toolbox,1,0.0041,unmatched,,,
XRD,1,0.0041,unmatched,,,
XQuery,1,0.0041,unmatched,,,
XQUERY,1,0.0041,unmatched,,,
XPATH,1,0.0041,unmatched,,,
3ds Max,1,0.0041,unmatched,,,
3Rd Party Collection,1,0.0041,unmatched,,,
3DS max,1,0.0041,unmatched,,,
3D models,1,0.0041,unmatched,,,
3D modeler,1,0.0041,unmatched,,,
3D model review for layout verification,1,0.0041,unmatched,,,
3D layouts,1,0.0041,unmatched,,,
3D animation,1,0.0041,unmatched,,,
3D Visualizer,1,0.0041,unmatched,,,
XML web services,1,0.0041,unmatched,,,
XML Reports,1,0.0041,unmatched,,,
Xml Conversion,1,0.0041,unmatched,,,
Xilinx,1,0.0041,unmatched,,,
3D Texturing,1,0.0041,unmatched,,,
3D Scanning,1,0.0041,unmatched,,,
3D Printing,1,0.0041,unmatched,,,
3D Modeler,1,0.0041,unmatched,,,
3D Meshing,1,0.0041,unmatched,,,
3D Geometry,1,0.0041,unmatched,,,
3D ECHO,1,0.0041,unmatched,,,
3D Designer,1,0.0041,unmatched,,,
3D Design,1,0.0041,unmatched,,,
Xen,1,0.0041,unmatched,,,
Xd,1,0.0041,unmatched,,,
Xchanging,1,0.0041,unmatched,,,
Xbrl,1,0.0041,unmatched,,,
XSD,1,0.0041,unmatched,,,
Yum,1,0.0041,unmatched,,,
Yugabyte,1,0.0041,unmatched,,,
Youtube Marketing,1,0.0041,unmatched,,,
Yoga Trainer,1,0.0041,unmatched,,,
Yii,1,0.0041,unmatched,,,
Yield management,1,0.0041,unmatched,,,
Yield Optimization,1,0.0041,unmatched,,,
Year End Closing,1,0.0041,unmatched,,,
Yaskawa,1,0.0041,unmatched,,,
Yarn,1,0.0041,unmatched,,,
Yard Management,1,0.0041,unmatched,,,
Yahoo,1,0.0041,unmatched,,,
YOCTO,1,0.0041,unmatched,,,
YAML-based pipelines,1,0.0041,unmatched,,,
Xslt Mapping,1,0.0041,unmatched,,,
Xs Advanced,1,0.0041,unmatched,,,
Zebra,1,0.0041,unmatched,,,
Zearn,1,0.0041,unmatched,,,
Zapier,1,0.0041,unmatched,,,
3D CAD modelling,1,0.0041,unmatched,,,
3D CAD,1,0.0041,unmatched,,,
3D AOI Programming,1,0.0041,unmatched,,,
3CEB,1,0.0041,unmatched,,,
3B,1,0.0041,unmatched,,,
38184,1,0.0041,unmatched,,,
360 Degree Marketing,1,0.0041,unmatched,,,
33Kv,1,0.0041,unmatched,,,
32 Bit Microcontrollers,1,0.0041,unmatched,,,
3 to 6 Years Exp. in Mfg Industry,1,0.0041,unmatched,,,
3 to 5  years of HR experience .  Strong knowledge of labor laws and HR practices.  Excellent communication and interpersonal skills.  Proficiency in MS Office and HR software .  Good organizational and multitasking abilities,1,0.0041,unmatched,,,
ZWcad,1,0.0041,unmatched,,,
ZLD,1,0.0041,unmatched,,,
3 To 5 Years  In Secretarial Admin Role,1,0.0041,unmatched,,,
3 Implementation,1,0.0041,unmatched,,,
3 Axis,1,0.0041,unmatched,,,
2W Battery,1,0.0041,unmatched,,,
2D Meshing,1,0.0041,unmatched,,,
2D Echo,1,0.0041,unmatched,,,
2D Draughtsman,1,0.0041,unmatched,,,
2D CAD drawings,1,0.0041,unmatched,,,
282824,1,0.0041,unmatched,,,
Zoho Campaigns,1,0.0041,unmatched,,,
Zld,1,0.0041,unmatched,,,
Zinc Plating,1,0.0041,unmatched,,,
Zero Liquid Discharge,1,0.0041,unmatched,,,
Zepto,1,0.0041,unmatched,,,
Zendesk,1,0.0041,unmatched,,,
Zeiss,1,0.0041,unmatched,,,
and campaign management.  Proficiency in MS Office,1,0.0041,unmatched,,,
and beers. The ideal candidate should have prior experience in a liquor/beverage retail environment,1,0.0041,unmatched,,,
and LP Feedwater,1,0.0041,unmatched,,,
and Engagement,1,0.0041,unmatched,,,
and Business Analytics,1,0.0041,unmatched,,,
agentic AI,1,0.0041,unmatched,,,
agency Partners management,1,0.0041,unmatched,,,
aZURE,1,0.0041,unmatched,,,
Zuora Workflows,1,0.0041,unmatched,,,
Zuora Billing,1,0.0041,unmatched,,,
Zscaler ZPA/ZTCA,1,0.0041,unmatched,,,
Zscaler Proxy,1,0.0041,unmatched,,,
Zonal Technical Valuation,1,0.0041,unmatched,,,
Zoho/ERP Systems,1,0.0041,unmatched,,,
Zoho books,1,0.0041,unmatched,,,
Zoho Payroll,1,0.0041,unmatched,,,
basic English understanding,1,0.0041,unmatched,,,
automating Campaign execution,1,0.0041,unmatched,,,
audit Management,1,0.0041,unmatched,,,
assistant Professor biochemistry,1,0.0041,unmatched,,,
ash Transportation,1,0.0041,unmatched,,,
appointment Handling,1,0.0041,unmatched,,,
and problem solving skills are required in Chinese and English.  Computer literacy is required,1,0.0041,unmatched,,,
and preventive maintenance Knowledge of AMC management and customer support,1,0.0041,unmatched,,,
and negotiation skills.     - Strong organizational and time management skills.     - Ability to work in a fast-paced environment.     - Proficient in CRM software and sales tools,1,0.0041,unmatched,,,
and inventory operations.   Familiarity with machine operation or willingness to learn.   Knowledge of inward/outward logistics processes.   Strong communication,1,0.0041,unmatched,,,
and integrity.  Excellent communication,1,0.0041,unmatched,,,
and ensure delivery using Agile methods,1,0.0041,unmatched,,,
and digital platforms. Builds client relationships,1,0.0041,unmatched,,,
and digital marketing tools.  Strong communication,1,0.0041,unmatched,,,
and coordinate with vendors/consultants for smooth ERP operations,1,0.0041,unmatched,,,
and conflict resolution for managing people. Strategic thinking,1,0.0041,unmatched,,,
cyber security Trainer,1,0.0041,unmatched,,,
coordination with CAMs and Kfintech,1,0.0041,unmatched,,,
content Management,1,0.0041,unmatched,,,
consumables services and necessary for daily operations and production at Machine Shop,1,0.0041,unmatched,,,
confidential administrative and executive support to the CEO,1,0.0041,unmatched,,,
collection Modelling,1,0.0041,unmatched,,,
clinical Services,1,0.0041,unmatched,,,
checking 2D drawings,1,0.0041,unmatched,,,
chartered Accountant,1,0.0041,unmatched,,,
casting quality Inspection,1,0.0041,unmatched,,,
capital - H,1,0.0041,unmatched,,,
cafe Attendant,1,0.0041,unmatched,,,
cGMP compliant Plant,1,0.0041,unmatched,,,
buyoff Activities,1,0.0041,unmatched,,,
business Planning,1,0.0041,unmatched,,,
budget for the Glass technology,1,0.0041,unmatched,,,
fetal Medicine,1,0.0041,unmatched,,,
f VPN,1,0.0041,unmatched,,,
experience in institutional Sales like pipe fittings,1,0.0041,unmatched,,,
executive  Assistant,1,0.0041,unmatched,,,
end-to-end delivery of Duck Creek transformation programs,1,0.0041,unmatched,,,
electro-optical systems OR electro-mechanical systems,1,0.0041,unmatched,,,
electrical & Electronic,1,0.0041,unmatched,,,
eLearning,1,0.0041,unmatched,,,
eClerx,1,0.0041,unmatched,,,
eCRM,1,0.0041,unmatched,,,
e-FRRO,1,0.0041,unmatched,,,
e-FORCE application,1,0.0041,unmatched,,,
digital QA systems,1,0.0041,unmatched,,,
design Calculation,1,0.0041,unmatched,,,
design & creativity.  Proficiency in CoralDRAW,1,0.0041,unmatched,,,
data Centre manager,1,0.0041,unmatched,,,
machining processes VMC & HMC,1,0.0041,unmatched,,,
knowledge of SAC/BPC planning,1,0.0041,unmatched,,,
java full stack Devoleper,1,0.0041,unmatched,,,
integration with APIs,1,0.0041,unmatched,,,
integration of charging solutions with BMS,1,0.0041,unmatched,,,
insurance BA,1,0.0041,unmatched,,,
inside Sales,1,0.0041,unmatched,,,
iOS mobile app development,1,0.0041,unmatched,,,
iOS SDK,1,0.0041,unmatched,,,
iLoads,1,0.0041,unmatched,,,
hotel Management,1,0.0041,unmatched,,,
hospital Audit,1,0.0041,unmatched,,,
handling QA/QC department,1,0.0041,unmatched,,,
handling GST,1,0.0041,unmatched,,,
fusion SCM,1,0.0041,unmatched,,,
fixed income Products,1,0.0041,unmatched,,,
or Looker to monitor KPIs such as sales performance,1,0.0041,unmatched,,,
or CRISC,1,0.0041,unmatched,,,
operate DSLR/ Mirrorless cameras,1,0.0041,unmatched,,,
on-premise OpenShift environments,1,0.0041,unmatched,,,
ompany Incorporation & Setup,1,0.0041,unmatched,,,
oAuth,1,0.0041,unmatched,,,
non IT staffing,1,0.0041,unmatched,,,
nism vA,1,0.0041,unmatched,,,
net Core,1,0.0041,unmatched,,,
n-BuLi,1,0.0041,unmatched,,,
mongo DB,1,0.0041,unmatched,,,
mobile UI/UX principles,1,0.0041,unmatched,,,
manage marketplaces/D2C,1,0.0041,unmatched,,,
manage BD interns,1,0.0041,unmatched,,,
maintenance Supervisor,1,0.0041,unmatched,,,
maintain CRM,1,0.0041,unmatched,,,
1St Line Manager,1,0.0041,unmatched,,,
1LoD,1,0.0041,unmatched,,,
17025,1,0.0041,unmatched,,,
16949,1,0.0041,unmatched,,,
promotion Client Management,1,0.0041,unmatched,,,
prior experience as implant in Food Factory,1,0.0041,unmatched,,,
power Bi,1,0.0041,unmatched,,,
power BI,1,0.0041,unmatched,,,
pitch decks & IM preparation,1,0.0041,unmatched,,,
payroll Management,1,0.0041,unmatched,,,
paid Marketing,1,0.0041,unmatched,,,
packaging Helper,1,0.0041,unmatched,,,
own P&L,1,0.0041,unmatched,,,
overseas OEM,1,0.0041,unmatched,,,
or related B2B sales  Prior experience selling to cosmetic manufacturers and understanding of formulation processes,1,0.0041,unmatched,,,
or power backup industry Strong leadership skills with the ability to manage service teams and field engineers Experience in handling installation,1,0.0041,unmatched,,,
xSTP,1,0.0041,unmatched,,,
worked for Global ciient,1,0.0041,unmatched,,,
workday Extend,1,0.0041,unmatched,,,
workday API,1,0.0041,unmatched,,,
with proven negotiation skills. Excellent interpersonal and customer service skills. Excellent organizational skills. Excellent time management skills with a proven ability to meet deadlines,1,0.0041,unmatched,,,
with practical experience in recording and managing entries for Sales,1,0.0041,unmatched,,,
windows application Developer,1,0.0041,unmatched,,,
wet Ash,1,0.0041,unmatched,,,
south Africa,1,0.0041,unmatched,,,
solar PV systems,1,0.0041,unmatched,,,
service Engineer,1,0.0041,unmatched,,,
senior Survey Engineer,1,0.0041,unmatched,,,
sat & Sun off,1,0.0041,unmatched,,,
sales Head,1,0.0041,unmatched,,,
sailpoint IIQ,1,0.0041,unmatched,,,
s4 Hana,1,0.0041,unmatched,,,
supplier Quality Inspection,1,0.0041,unmatched,,,
structures of Boiler Auxiliaries,1,0.0041,unmatched,,,
storage silo/Bunkers,1,0.0041,unmatched,,,
stakeholder management Certifications,1,0.0041,unmatched,,,
spaCy,1,0.0041,unmatched,,,
15,1,0.0041,unmatched,,,
14,1,0.0041,unmatched,,,
132Kv,1,0.0041,unmatched,,,
13,1,0.0041,unmatched,,,
1099 Recruitment,1,0.0041,unmatched,,,
10.0,1,0.0041,unmatched,,,
1.Site supervision  2.Project coordination  3.Quality & safety management  4.Material & resource handling  5. Team leadership  6. Problem-solving  7. Knowledge of drawings & finishes,1,0.0041,unmatched,,,
1. Strong communication and negotiation skills 2. Lead generation and business development 3. Good command of communication and presentation 4. Market research and competitor analysis 5. Strong knowledge of industrial fasteners and hardware products,1,0.0041,unmatched,,,
1 Year Banking Experience,1,0.0041,unmatched,,,
000 To 25,1,0.0041,unmatched,,,
0-30 Bucket,1,0.0041,unmatched,,,
